[
  {
    "rowid": 72030,
    "id": 19017,
    "source": "OA",
    "source_id": "075a701c3bdb2c2e",
    "housenumber": 39,
    "lat": 52.4994523,
    "lon": 13.324482,
    "parity": "R",
    "proj_lat": 52.49942946908573,
    "proj_lon": 13.324759018137442,
    "marker-color": "#ff0000",
    "marker-symbol": "o"
  },
  {
    "rowid": 72030,
    "id": 19017,
    "source": "OA",
    "source_id": "075a701c3bdb2c2e",
    "housenumber": 39,
    "lat": 52.4994523,
    "lon": 13.324482,
    "parity": "R",
    "proj_lat": 52.49942946908573,
    "proj_lon": 13.324759018137442,
    "marker-color": "#ff0000",
    "marker-symbol": "o"
  },
  {
    "rowid": 72031,
    "id": 19017,
    "source": "OA",
    "source_id": "28d24b7217d693de",
    "housenumber": 41,
    "lat": 52.4991941,
    "lon": 13.324423,
    "parity": "R",
    "proj_lat": 52.49917114097918,
    "proj_lon": 13.324701569242027,
    "marker-color": "#ff0000",
    "marker-symbol": "o"
  },
  {
    "rowid": 72031,
    "id": 19017,
    "source": "OA",
    "source_id": "28d24b7217d693de",
    "housenumber": 41,
    "lat": 52.4991941,
    "lon": 13.324423,
    "parity": "R",
    "proj_lat": 52.49917114097918,
    "proj_lon": 13.324701569242027,
    "marker-color": "#ff0000",
    "marker-symbol": "o"
  },
  {
    "rowid": 72032,
    "id": 19017,
    "source": "OA",
    "source_id": "edfc5aaa7dba4df2",
    "housenumber": 42,
    "lat": 52.4989056,
    "lon": 13.3243586,
    "parity": "R",
    "proj_lat": 52.49888262115701,
    "proj_lon": 13.324637406091878,
    "marker-color": "#ff0000",
    "marker-symbol": "e"
  },
  {
    "rowid": 72032,
    "id": 19017,
    "source": "OA",
    "source_id": "edfc5aaa7dba4df2",
    "housenumber": 42,
    "lat": 52.4989056,
    "lon": 13.3243586,
    "parity": "R",
    "proj_lat": 52.49888262115701,
    "proj_lon": 13.324637406091878,
    "marker-color": "#ff0000",
    "marker-symbol": "e"
  },
  {
    "rowid": 72033,
    "id": 19017,
    "source": "OA",
    "source_id": "87e86b1e93a22388",
    "housenumber": 43,
    "lat": 52.4987055,
    "lon": 13.3243131,
    "parity": "R",
    "proj_lat": 52.49868243999156,
    "proj_lon": 13.324592888338888,
    "marker-color": "#ff0000",
    "marker-symbol": "o"
  },
  {
    "rowid": 72033,
    "id": 19017,
    "source": "OA",
    "source_id": "87e86b1e93a22388",
    "housenumber": 43,
    "lat": 52.4987055,
    "lon": 13.3243131,
    "parity": "R",
    "proj_lat": 52.49868243999156,
    "proj_lon": 13.324592888338888,
    "marker-color": "#ff0000",
    "marker-symbol": "o"
  },
  {
    "rowid": 72034,
    "id": 19017,
    "source": "OA",
    "source_id": "be7212086eef2d5a",
    "housenumber": 44,
    "lat": 52.4985595,
    "lon": 13.3242789,
    "parity": "R",
    "proj_lat": 52.498536299703524,
    "proj_lon": 13.32456038859182,
    "marker-color": "#ff0000",
    "marker-symbol": "e"
  },
  {
    "rowid": 72034,
    "id": 19017,
    "source": "OA",
    "source_id": "be7212086eef2d5a",
    "housenumber": 44,
    "lat": 52.4985595,
    "lon": 13.3242789,
    "parity": "R",
    "proj_lat": 52.498536299703524,
    "proj_lon": 13.32456038859182,
    "marker-color": "#ff0000",
    "marker-symbol": "e"
  },
  {
    "rowid": 72035,
    "id": 19017,
    "source": "OA",
    "source_id": "0fcf098859764d76",
    "housenumber": 45,
    "lat": 52.4983585,
    "lon": 13.3242579,
    "parity": "R",
    "proj_lat": 52.498337217696054,
    "proj_lon": 13.324516115277627,
    "marker-color": "#ff0000",
    "marker-symbol": "o"
  },
  {
    "rowid": 72035,
    "id": 19017,
    "source": "OA",
    "source_id": "0fcf098859764d76",
    "housenumber": 45,
    "lat": 52.4983585,
    "lon": 13.3242579,
    "parity": "R",
    "proj_lat": 52.498337217696054,
    "proj_lon": 13.324516115277627,
    "marker-color": "#ff0000",
    "marker-symbol": "o"
  },
  {
    "rowid": 72036,
    "id": 19017,
    "source": "OA",
    "source_id": "c2821ed2ac5336fe",
    "housenumber": 46,
    "lat": 52.4981469,
    "lon": 13.3242097,
    "parity": "R",
    "proj_lat": 52.498125524995444,
    "proj_lon": 13.32446903750518,
    "marker-color": "#ff0000",
    "marker-symbol": "e"
  },
  {
    "rowid": 72036,
    "id": 19017,
    "source": "OA",
    "source_id": "c2821ed2ac5336fe",
    "housenumber": 46,
    "lat": 52.4981469,
    "lon": 13.3242097,
    "parity": "R",
    "proj_lat": 52.498125524995444,
    "proj_lon": 13.32446903750518,
    "marker-color": "#ff0000",
    "marker-symbol": "e"
  },
  {
    "rowid": 72037,
    "id": 19017,
    "source": "OA",
    "source_id": "f3bb52fdafeecdf2",
    "housenumber": 47,
    "lat": 52.4976033,
    "lon": 13.3240871,
    "parity": "R",
    "proj_lat": 52.49758142169725,
    "proj_lon": 13.324346097202536,
    "marker-color": "#ff0000",
    "marker-symbol": "o"
  },
  {
    "rowid": 72037,
    "id": 19017,
    "source": "OA",
    "source_id": "f3bb52fdafeecdf2",
    "housenumber": 47,
    "lat": 52.4976033,
    "lon": 13.3240871,
    "parity": "R",
    "proj_lat": 52.49758142169725,
    "proj_lon": 13.324346097202536,
    "marker-color": "#ff0000",
    "marker-symbol": "o"
  },
  {
    "rowid": 154540,
    "id": 19017,
    "source": "OA",
    "source_id": "1b3f779205628452",
    "housenumber": 48,
    "lat": 52.4972298,
    "lon": 13.3239587,
    "parity": "R",
    "proj_lat": 52.49720433491869,
    "proj_lon": 13.324260152669583,
    "marker-color": "#ff0000",
    "marker-symbol": "e"
  },
  {
    "rowid": 154540,
    "id": 19017,
    "source": "OA",
    "source_id": "1b3f779205628452",
    "housenumber": 48,
    "lat": 52.4972298,
    "lon": 13.3239587,
    "parity": "R",
    "proj_lat": 52.49720433491869,
    "proj_lon": 13.324260152669583,
    "marker-color": "#ff0000",
    "marker-symbol": "e"
  },
  {
    "rowid": 72038,
    "id": 19017,
    "source": "OA",
    "source_id": "e5ec785d86b1b9c7",
    "housenumber": 49,
    "lat": 52.4968198,
    "lon": 13.3239221,
    "parity": "R",
    "proj_lat": 52.496802323562086,
    "proj_lon": 13.324177778840768,
    "marker-color": "#ff0000",
    "marker-symbol": "o"
  },
  {
    "rowid": 72038,
    "id": 19017,
    "source": "OA",
    "source_id": "e5ec785d86b1b9c7",
    "housenumber": 49,
    "lat": 52.4968198,
    "lon": 13.3239221,
    "parity": "R",
    "proj_lat": 52.496802323562086,
    "proj_lon": 13.324177778840768,
    "marker-color": "#ff0000",
    "marker-symbol": "o"
  },
  {
    "rowid": 72039,
    "id": 19017,
    "source": "OA",
    "source_id": "aa3cec1b3c95cf91",
    "housenumber": 50,
    "lat": 52.4966392,
    "lon": 13.3238888,
    "parity": "R",
    "proj_lat": 52.49662172380626,
    "proj_lon": 13.324144473168307,
    "marker-color": "#ff0000",
    "marker-symbol": "e"
  },
  {
    "rowid": 72039,
    "id": 19017,
    "source": "OA",
    "source_id": "aa3cec1b3c95cf91",
    "housenumber": 50,
    "lat": 52.4966392,
    "lon": 13.3238888,
    "parity": "R",
    "proj_lat": 52.49662172380626,
    "proj_lon": 13.324144473168307,
    "marker-color": "#ff0000",
    "marker-symbol": "e"
  },
  {
    "rowid": 72040,
    "id": 19017,
    "source": "OA",
    "source_id": "2f31bd3ef3ee53dc",
    "housenumber": 51,
    "lat": 52.4964808,
    "lon": 13.3238603,
    "parity": "R",
    "proj_lat": 52.4964633717212,
    "proj_lon": 13.324115270345446,
    "marker-color": "#ff0000",
    "marker-symbol": "o"
  },
  {
    "rowid": 72040,
    "id": 19017,
    "source": "OA",
    "source_id": "2f31bd3ef3ee53dc",
    "housenumber": 51,
    "lat": 52.4964808,
    "lon": 13.3238603,
    "parity": "R",
    "proj_lat": 52.4964633717212,
    "proj_lon": 13.324115270345446,
    "marker-color": "#ff0000",
    "marker-symbol": "o"
  },
  {
    "rowid": 72041,
    "id": 19017,
    "source": "OA",
    "source_id": "f7e8ccc248c92ede",
    "housenumber": 52,
    "lat": 52.4963016,
    "lon": 13.323828,
    "parity": "R",
    "proj_lat": 52.49628422204224,
    "proj_lon": 13.324082232091872,
    "marker-color": "#ff0000",
    "marker-symbol": "e"
  },
  {
    "rowid": 72041,
    "id": 19017,
    "source": "OA",
    "source_id": "f7e8ccc248c92ede",
    "housenumber": 52,
    "lat": 52.4963016,
    "lon": 13.323828,
    "parity": "R",
    "proj_lat": 52.49628422204224,
    "proj_lon": 13.324082232091872,
    "marker-color": "#ff0000",
    "marker-symbol": "e"
  },
  {
    "rowid": 72042,
    "id": 19017,
    "source": "OA",
    "source_id": "579c89fab042130f",
    "housenumber": 53,
    "lat": 52.4961711,
    "lon": 13.3238045,
    "parity": "R",
    "proj_lat": 52.49615376017633,
    "proj_lon": 13.324058172700681,
    "marker-color": "#ff0000",
    "marker-symbol": "o"
  },
  {
    "rowid": 72042,
    "id": 19017,
    "source": "OA",
    "source_id": "579c89fab042130f",
    "housenumber": 53,
    "lat": 52.4961711,
    "lon": 13.3238045,
    "parity": "R",
    "proj_lat": 52.49615376017633,
    "proj_lon": 13.324058172700681,
    "marker-color": "#ff0000",
    "marker-symbol": "o"
  },
  {
    "rowid": 72043,
    "id": 19017,
    "source": "OA",
    "source_id": "d4f1dc97baadd734",
    "housenumber": 54,
    "lat": 52.495971,
    "lon": 13.3237685,
    "parity": "R",
    "proj_lat": 52.49595372089963,
    "proj_lon": 13.324021282049316,
    "marker-color": "#ff0000",
    "marker-symbol": "e"
  },
  {
    "rowid": 72043,
    "id": 19017,
    "source": "OA",
    "source_id": "d4f1dc97baadd734",
    "housenumber": 54,
    "lat": 52.495971,
    "lon": 13.3237685,
    "parity": "R",
    "proj_lat": 52.49595372089963,
    "proj_lon": 13.324021282049316,
    "marker-color": "#ff0000",
    "marker-symbol": "e"
  },
  {
    "rowid": 72044,
    "id": 19017,
    "source": "OA",
    "source_id": "3d371bba33f58a63",
    "housenumber": 55,
    "lat": 52.4958452,
    "lon": 13.3237459,
    "parity": "R",
    "proj_lat": 52.49582796128237,
    "proj_lon": 13.323998089832905,
    "marker-color": "#ff0000",
    "marker-symbol": "o"
  },
  {
    "rowid": 72044,
    "id": 19017,
    "source": "OA",
    "source_id": "3d371bba33f58a63",
    "housenumber": 55,
    "lat": 52.4958452,
    "lon": 13.3237459,
    "parity": "R",
    "proj_lat": 52.49582796128237,
    "proj_lon": 13.323998089832905,
    "marker-color": "#ff0000",
    "marker-symbol": "o"
  },
  {
    "rowid": 72045,
    "id": 19017,
    "source": "OA",
    "source_id": "e110978d5429e012",
    "housenumber": 56,
    "lat": 52.4957203,
    "lon": 13.3237234,
    "parity": "R",
    "proj_lat": 52.495703097212576,
    "proj_lon": 13.323975062770705,
    "marker-color": "#ff0000",
    "marker-symbol": "e"
  },
  {
    "rowid": 72045,
    "id": 19017,
    "source": "OA",
    "source_id": "e110978d5429e012",
    "housenumber": 56,
    "lat": 52.4957203,
    "lon": 13.3237234,
    "parity": "R",
    "proj_lat": 52.495703097212576,
    "proj_lon": 13.323975062770705,
    "marker-color": "#ff0000",
    "marker-symbol": "e"
  },
  {
    "rowid": 72046,
    "id": 19017,
    "source": "OA",
    "source_id": "81c85f9a2cf0f8cf",
    "housenumber": 57,
    "lat": 52.4955655,
    "lon": 13.3236956,
    "parity": "R",
    "proj_lat": 52.49554834757109,
    "proj_lon": 13.323946524299826,
    "marker-color": "#ff0000",
    "marker-symbol": "o"
  },
  {
    "rowid": 72046,
    "id": 19017,
    "source": "OA",
    "source_id": "81c85f9a2cf0f8cf",
    "housenumber": 57,
    "lat": 52.4955655,
    "lon": 13.3236956,
    "parity": "R",
    "proj_lat": 52.49554834757109,
    "proj_lon": 13.323946524299826,
    "marker-color": "#ff0000",
    "marker-symbol": "o"
  },
  {
    "rowid": 72047,
    "id": 19017,
    "source": "OA",
    "source_id": "16b98a9d25ef274a",
    "housenumber": 58,
    "lat": 52.4950237,
    "lon": 13.3235922,
    "parity": "R",
    "proj_lat": 52.49500839491647,
    "proj_lon": 13.323852719194308,
    "marker-color": "#ff0000",
    "marker-symbol": "e"
  },
  {
    "rowid": 72047,
    "id": 19017,
    "source": "OA",
    "source_id": "16b98a9d25ef274a",
    "housenumber": 58,
    "lat": 52.4950237,
    "lon": 13.3235922,
    "parity": "R",
    "proj_lat": 52.49500839491647,
    "proj_lon": 13.323852719194308,
    "marker-color": "#ff0000",
    "marker-symbol": "e"
  },
  {
    "rowid": 72048,
    "id": 19017,
    "source": "OA",
    "source_id": "4f76bc764fc4b289",
    "housenumber": 59,
    "lat": 52.4949381,
    "lon": 13.3235763,
    "parity": "R",
    "proj_lat": 52.49492265904923,
    "proj_lon": 13.32383913086818,
    "marker-color": "#ff0000",
    "marker-symbol": "o"
  },
  {
    "rowid": 72048,
    "id": 19017,
    "source": "OA",
    "source_id": "4f76bc764fc4b289",
    "housenumber": 59,
    "lat": 52.4949381,
    "lon": 13.3235763,
    "parity": "R",
    "proj_lat": 52.49492265904923,
    "proj_lon": 13.32383913086818,
    "marker-color": "#ff0000",
    "marker-symbol": "o"
  },
  {
    "rowid": 72049,
    "id": 19017,
    "source": "OA",
    "source_id": "4002afe344bd35fe",
    "housenumber": 60,
    "lat": 52.4948027,
    "lon": 13.3235571,
    "parity": "R",
    "proj_lat": 52.49478739048089,
    "proj_lon": 13.323817692076217,
    "marker-color": "#ff0000",
    "marker-symbol": "e"
  },
  {
    "rowid": 72049,
    "id": 19017,
    "source": "OA",
    "source_id": "4002afe344bd35fe",
    "housenumber": 60,
    "lat": 52.4948027,
    "lon": 13.3235571,
    "parity": "R",
    "proj_lat": 52.49478739048089,
    "proj_lon": 13.323817692076217,
    "marker-color": "#ff0000",
    "marker-symbol": "e"
  },
  {
    "rowid": 72050,
    "id": 19017,
    "source": "OA",
    "source_id": "893a2338930b1086",
    "housenumber": 61,
    "lat": 52.4945554,
    "lon": 13.3235122,
    "parity": "R",
    "proj_lat": 52.49453975821913,
    "proj_lon": 13.323778444698881,
    "marker-color": "#ff0000",
    "marker-symbol": "o"
  },
  {
    "rowid": 72050,
    "id": 19017,
    "source": "OA",
    "source_id": "893a2338930b1086",
    "housenumber": 61,
    "lat": 52.4945554,
    "lon": 13.3235122,
    "parity": "R",
    "proj_lat": 52.49453975821913,
    "proj_lon": 13.323778444698881,
    "marker-color": "#ff0000",
    "marker-symbol": "o"
  },
  {
    "rowid": 72051,
    "id": 19017,
    "source": "OA",
    "source_id": "70fa188176a915c5",
    "housenumber": 62,
    "lat": 52.4943256,
    "lon": 13.3234668,
    "parity": "R",
    "proj_lat": 52.494281716716785,
    "proj_lon": 13.323673738842484,
    "marker-color": "#ff0000",
    "marker-symbol": "e"
  },
  {
    "rowid": 72051,
    "id": 19017,
    "source": "OA",
    "source_id": "70fa188176a915c5",
    "housenumber": 62,
    "lat": 52.4943256,
    "lon": 13.3234668,
    "parity": "R",
    "proj_lat": 52.494281716716785,
    "proj_lon": 13.323673738842484,
    "marker-color": "#ff0000",
    "marker-symbol": "e"
  },
  {
    "rowid": 72052,
    "id": 19017,
    "source": "OA",
    "source_id": "0834042f65383d2f",
    "housenumber": 63,
    "lat": 52.4940785,
    "lon": 13.323381,
    "parity": "R",
    "proj_lat": 52.49405989732492,
    "proj_lon": 13.32359962713047,
    "marker-color": "#ff0000",
    "marker-symbol": "o"
  },
  {
    "rowid": 72052,
    "id": 19017,
    "source": "OA",
    "source_id": "0834042f65383d2f",
    "housenumber": 63,
    "lat": 52.4940785,
    "lon": 13.323381,
    "parity": "R",
    "proj_lat": 52.49405989732492,
    "proj_lon": 13.32359962713047,
    "marker-color": "#ff0000",
    "marker-symbol": "o"
  },
  {
    "rowid": 72053,
    "id": 19017,
    "source": "OA",
    "source_id": "a0265ae7b1330c6f",
    "housenumber": 64,
    "lat": 52.4938929,
    "lon": 13.3233924,
    "parity": "R",
    "proj_lat": 52.493878804202524,
    "proj_lon": 13.323558058848882,
    "marker-color": "#ff0000",
    "marker-symbol": "e"
  },
  {
    "rowid": 72053,
    "id": 19017,
    "source": "OA",
    "source_id": "a0265ae7b1330c6f",
    "housenumber": 64,
    "lat": 52.4938929,
    "lon": 13.3233924,
    "parity": "R",
    "proj_lat": 52.493878804202524,
    "proj_lon": 13.323558058848882,
    "marker-color": "#ff0000",
    "marker-symbol": "e"
  },
  {
    "rowid": 72054,
    "id": 19017,
    "source": "OA",
    "source_id": "2d0b59c2a8632901",
    "housenumber": 65,
    "lat": 52.4931371,
    "lon": 13.3232565,
    "parity": "R",
    "proj_lat": 52.493153643552226,
    "proj_lon": 13.323498011517522,
    "marker-color": "#ff0000",
    "marker-symbol": "o"
  },
  {
    "rowid": 72054,
    "id": 19017,
    "source": "OA",
    "source_id": "2d0b59c2a8632901",
    "housenumber": 65,
    "lat": 52.4931371,
    "lon": 13.3232565,
    "parity": "R",
    "proj_lat": 52.493153643552226,
    "proj_lon": 13.323498011517522,
    "marker-color": "#ff0000",
    "marker-symbol": "o"
  },
  {
    "rowid": 72055,
    "id": 19017,
    "source": "OA",
    "source_id": "ae7222099d011fd4",
    "housenumber": 66,
    "lat": 52.4930653,
    "lon": 13.3232435,
    "parity": "R",
    "proj_lat": 52.49304851269998,
    "proj_lon": 13.323496905510273,
    "marker-color": "#ff0000",
    "marker-symbol": "e"
  },
  {
    "rowid": 72055,
    "id": 19017,
    "source": "OA",
    "source_id": "ae7222099d011fd4",
    "housenumber": 66,
    "lat": 52.4930653,
    "lon": 13.3232435,
    "parity": "R",
    "proj_lat": 52.49304851269998,
    "proj_lon": 13.323496905510273,
    "marker-color": "#ff0000",
    "marker-symbol": "e"
  },
  {
    "rowid": 72056,
    "id": 19017,
    "source": "OA",
    "source_id": "121b4aa8d7428bb8",
    "housenumber": 67,
    "lat": 52.4929411,
    "lon": 13.323221,
    "parity": "R",
    "proj_lat": 52.49292429263729,
    "proj_lon": 13.323474706924996,
    "marker-color": "#ff0000",
    "marker-symbol": "o"
  },
  {
    "rowid": 72056,
    "id": 19017,
    "source": "OA",
    "source_id": "121b4aa8d7428bb8",
    "housenumber": 67,
    "lat": 52.4929411,
    "lon": 13.323221,
    "parity": "R",
    "proj_lat": 52.49292429263729,
    "proj_lon": 13.323474706924996,
    "marker-color": "#ff0000",
    "marker-symbol": "o"
  },
  {
    "rowid": 72057,
    "id": 19017,
    "source": "OA",
    "source_id": "5c77ebe2014b24ef",
    "housenumber": 68,
    "lat": 52.4927341,
    "lon": 13.3231835,
    "parity": "R",
    "proj_lat": 52.49271725919897,
    "proj_lon": 13.323437709282778,
    "marker-color": "#ff0000",
    "marker-symbol": "e"
  },
  {
    "rowid": 72057,
    "id": 19017,
    "source": "OA",
    "source_id": "5c77ebe2014b24ef",
    "housenumber": 68,
    "lat": 52.4927341,
    "lon": 13.3231835,
    "parity": "R",
    "proj_lat": 52.49271725919897,
    "proj_lon": 13.323437709282778,
    "marker-color": "#ff0000",
    "marker-symbol": "e"
  },
  {
    "rowid": 72058,
    "id": 19017,
    "source": "OA",
    "source_id": "3855f4f4dfe53ddd",
    "housenumber": 69,
    "lat": 52.492611,
    "lon": 13.3231614,
    "parity": "R",
    "proj_lat": 52.492594152455425,
    "proj_lon": 13.323415709651757,
    "marker-color": "#ff0000",
    "marker-symbol": "o"
  },
  {
    "rowid": 72058,
    "id": 19017,
    "source": "OA",
    "source_id": "3855f4f4dfe53ddd",
    "housenumber": 69,
    "lat": 52.492611,
    "lon": 13.3231614,
    "parity": "R",
    "proj_lat": 52.492594152455425,
    "proj_lon": 13.323415709651757,
    "marker-color": "#ff0000",
    "marker-symbol": "o"
  },
  {
    "rowid": 72059,
    "id": 19017,
    "source": "OA",
    "source_id": "65223ec3ab47f41c",
    "housenumber": 70,
    "lat": 52.4924468,
    "lon": 13.3231317,
    "parity": "R",
    "proj_lat": 52.49242992896674,
    "proj_lon": 13.323386362306094,
    "marker-color": "#ff0000",
    "marker-symbol": "e"
  },
  {
    "rowid": 72059,
    "id": 19017,
    "source": "OA",
    "source_id": "65223ec3ab47f41c",
    "housenumber": 70,
    "lat": 52.4924468,
    "lon": 13.3231317,
    "parity": "R",
    "proj_lat": 52.49242992896674,
    "proj_lon": 13.323386362306094,
    "marker-color": "#ff0000",
    "marker-symbol": "e"
  },
  {
    "rowid": 72060,
    "id": 19017,
    "source": "OA",
    "source_id": "bfa92963ee6e1624",
    "housenumber": 71,
    "lat": 52.4922575,
    "lon": 13.3230974,
    "parity": "R",
    "proj_lat": 52.49224059795945,
    "proj_lon": 13.323352528153864,
    "marker-color": "#ff0000",
    "marker-symbol": "o"
  },
  {
    "rowid": 72060,
    "id": 19017,
    "source": "OA",
    "source_id": "bfa92963ee6e1624",
    "housenumber": 71,
    "lat": 52.4922575,
    "lon": 13.3230974,
    "parity": "R",
    "proj_lat": 52.49224059795945,
    "proj_lon": 13.323352528153864,
    "marker-color": "#ff0000",
    "marker-symbol": "o"
  },
  {
    "rowid": 72061,
    "id": 19017,
    "source": "OA",
    "source_id": "8c44e287e854dbd3",
    "housenumber": 72,
    "lat": 52.4921125,
    "lon": 13.3230711,
    "parity": "R",
    "proj_lat": 52.49209557244761,
    "proj_lon": 13.323326611557768,
    "marker-color": "#ff0000",
    "marker-symbol": "e"
  },
  {
    "rowid": 72061,
    "id": 19017,
    "source": "OA",
    "source_id": "8c44e287e854dbd3",
    "housenumber": 72,
    "lat": 52.4921125,
    "lon": 13.3230711,
    "parity": "R",
    "proj_lat": 52.49209557244761,
    "proj_lon": 13.323326611557768,
    "marker-color": "#ff0000",
    "marker-symbol": "e"
  },
  {
    "rowid": 72062,
    "id": 19017,
    "source": "OA",
    "source_id": "63093f6b7e2ff90e",
    "housenumber": 73,
    "lat": 52.491984,
    "lon": 13.3230478,
    "parity": "R",
    "proj_lat": 52.492009605603734,
    "proj_lon": 13.323317936067227,
    "marker-color": "#ff0000",
    "marker-symbol": "o"
  },
  {
    "rowid": 72062,
    "id": 19017,
    "source": "OA",
    "source_id": "63093f6b7e2ff90e",
    "housenumber": 73,
    "lat": 52.491984,
    "lon": 13.3230478,
    "parity": "R",
    "proj_lat": 52.492009605603734,
    "proj_lon": 13.323317936067227,
    "marker-color": "#ff0000",
    "marker-symbol": "o"
  },
  {
    "rowid": 72063,
    "id": 19017,
    "source": "OA",
    "source_id": "68e4e55634e3509e",
    "housenumber": 75,
    "lat": 52.4911342,
    "lon": 13.322894,
    "parity": "R",
    "proj_lat": 52.49109150128045,
    "proj_lon": 13.323153838405391,
    "marker-color": "#ff0000",
    "marker-symbol": "o"
  },
  {
    "rowid": 72063,
    "id": 19017,
    "source": "OA",
    "source_id": "68e4e55634e3509e",
    "housenumber": 75,
    "lat": 52.4911342,
    "lon": 13.322894,
    "parity": "R",
    "proj_lat": 52.49109150128045,
    "proj_lon": 13.323153838405391,
    "marker-color": "#ff0000",
    "marker-symbol": "o"
  },
  {
    "rowid": 72064,
    "id": 19017,
    "source": "OA",
    "source_id": "4560cda75a4438d9",
    "housenumber": 76,
    "lat": 52.490908,
    "lon": 13.3228502,
    "parity": "R",
    "proj_lat": 52.49089110009166,
    "proj_lon": 13.323106968189004,
    "marker-color": "#ff0000",
    "marker-symbol": "e"
  },
  {
    "rowid": 72064,
    "id": 19017,
    "source": "OA",
    "source_id": "4560cda75a4438d9",
    "housenumber": 76,
    "lat": 52.490908,
    "lon": 13.3228502,
    "parity": "R",
    "proj_lat": 52.49089110009166,
    "proj_lon": 13.323106968189004,
    "marker-color": "#ff0000",
    "marker-symbol": "e"
  },
  {
    "rowid": 72065,
    "id": 19017,
    "source": "OA",
    "source_id": "a08503ee515d430c",
    "housenumber": 77,
    "lat": 52.4907462,
    "lon": 13.3228239,
    "parity": "R",
    "proj_lat": 52.49072945768188,
    "proj_lon": 13.323078271975513,
    "marker-color": "#ff0000",
    "marker-symbol": "o"
  },
  {
    "rowid": 72065,
    "id": 19017,
    "source": "OA",
    "source_id": "a08503ee515d430c",
    "housenumber": 77,
    "lat": 52.4907462,
    "lon": 13.3228239,
    "parity": "R",
    "proj_lat": 52.49072945768188,
    "proj_lon": 13.323078271975513,
    "marker-color": "#ff0000",
    "marker-symbol": "o"
  },
  {
    "rowid": 72066,
    "id": 19017,
    "source": "OA",
    "source_id": "c9ab50b23a199e21",
    "housenumber": 78,
    "lat": 52.4904961,
    "lon": 13.3227787,
    "parity": "R",
    "proj_lat": 52.49047930544663,
    "proj_lon": 13.32303386270224,
    "marker-color": "#ff0000",
    "marker-symbol": "e"
  },
  {
    "rowid": 72066,
    "id": 19017,
    "source": "OA",
    "source_id": "c9ab50b23a199e21",
    "housenumber": 78,
    "lat": 52.4904961,
    "lon": 13.3227787,
    "parity": "R",
    "proj_lat": 52.49047930544663,
    "proj_lon": 13.32303386270224,
    "marker-color": "#ff0000",
    "marker-symbol": "e"
  },
  {
    "rowid": 72067,
    "id": 19017,
    "source": "OA",
    "source_id": "2a48fad97ee53876",
    "housenumber": 79,
    "lat": 52.4902926,
    "lon": 13.3227419,
    "parity": "R",
    "proj_lat": 52.49027576151773,
    "proj_lon": 13.322997727754448,
    "marker-color": "#ff0000",
    "marker-symbol": "o"
  },
  {
    "rowid": 72067,
    "id": 19017,
    "source": "OA",
    "source_id": "2a48fad97ee53876",
    "housenumber": 79,
    "lat": 52.4902926,
    "lon": 13.3227419,
    "parity": "R",
    "proj_lat": 52.49027576151773,
    "proj_lon": 13.322997727754448,
    "marker-color": "#ff0000",
    "marker-symbol": "o"
  },
  {
    "rowid": 72068,
    "id": 19017,
    "source": "OA",
    "source_id": "fb08ba10661b8055",
    "housenumber": 79.03,
    "lat": 52.4901454,
    "lon": 13.3227153,
    "parity": "R",
    "proj_lat": 52.490128530975696,
    "proj_lon": 13.322971590065258,
    "marker-color": "#ff0000",
    "marker-symbol": "o"
  },
  {
    "rowid": 72068,
    "id": 19017,
    "source": "OA",
    "source_id": "fb08ba10661b8055",
    "housenumber": 79.03,
    "lat": 52.4901454,
    "lon": 13.3227153,
    "parity": "R",
    "proj_lat": 52.490128530975696,
    "proj_lon": 13.322971590065258,
    "marker-color": "#ff0000",
    "marker-symbol": "o"
  },
  {
    "rowid": 72069,
    "id": 19017,
    "source": "OA",
    "source_id": "b680de4040c9215b",
    "housenumber": 80,
    "lat": 52.4899416,
    "lon": 13.3226665,
    "parity": "R",
    "proj_lat": 52.489923909785176,
    "proj_lon": 13.3229352638723,
    "marker-color": "#ff0000",
    "marker-symbol": "e"
  },
  {
    "rowid": 72069,
    "id": 19017,
    "source": "OA",
    "source_id": "b680de4040c9215b",
    "housenumber": 80,
    "lat": 52.4899416,
    "lon": 13.3226665,
    "parity": "R",
    "proj_lat": 52.489923909785176,
    "proj_lon": 13.3229352638723,
    "marker-color": "#ff0000",
    "marker-symbol": "e"
  },
  {
    "rowid": 72070,
    "id": 19017,
    "source": "OA",
    "source_id": "ebbe61a9d08495a2",
    "housenumber": 81,
    "lat": 52.4898439,
    "lon": 13.3226488,
    "parity": "R",
    "proj_lat": 52.48982618658375,
    "proj_lon": 13.322917915171205,
    "marker-color": "#ff0000",
    "marker-symbol": "o"
  },
  {
    "rowid": 72070,
    "id": 19017,
    "source": "OA",
    "source_id": "ebbe61a9d08495a2",
    "housenumber": 81,
    "lat": 52.4898439,
    "lon": 13.3226488,
    "parity": "R",
    "proj_lat": 52.48982618658375,
    "proj_lon": 13.322917915171205,
    "marker-color": "#ff0000",
    "marker-symbol": "o"
  },
  {
    "rowid": 72071,
    "id": 19017,
    "source": "OA",
    "source_id": "4c483e402674506b",
    "housenumber": 82,
    "lat": 52.489626,
    "lon": 13.3226214,
    "parity": "R",
    "proj_lat": 52.489609020534274,
    "proj_lon": 13.322879361902126,
    "marker-color": "#ff0000",
    "marker-symbol": "e"
  },
  {
    "rowid": 72071,
    "id": 19017,
    "source": "OA",
    "source_id": "4c483e402674506b",
    "housenumber": 82,
    "lat": 52.489626,
    "lon": 13.3226214,
    "parity": "R",
    "proj_lat": 52.489609020534274,
    "proj_lon": 13.322879361902126,
    "marker-color": "#ff0000",
    "marker-symbol": "e"
  },
  {
    "rowid": 72072,
    "id": 19017,
    "source": "OA",
    "source_id": "b01ed9ecd14faef9",
    "housenumber": 83,
    "lat": 52.4894458,
    "lon": 13.3225889,
    "parity": "R",
    "proj_lat": 52.48942878726227,
    "proj_lon": 13.322847365271672,
    "marker-color": "#ff0000",
    "marker-symbol": "o"
  },
  {
    "rowid": 72072,
    "id": 19017,
    "source": "OA",
    "source_id": "b01ed9ecd14faef9",
    "housenumber": 83,
    "lat": 52.4894458,
    "lon": 13.3225889,
    "parity": "R",
    "proj_lat": 52.48942878726227,
    "proj_lon": 13.322847365271672,
    "marker-color": "#ff0000",
    "marker-symbol": "o"
  },
  {
    "rowid": 72073,
    "id": 19017,
    "source": "OA",
    "source_id": "8778764e93b8384a",
    "housenumber": 84,
    "lat": 52.489371,
    "lon": 13.3225753,
    "parity": "R",
    "proj_lat": 52.489353966331095,
    "proj_lon": 13.322834082387448,
    "marker-color": "#ff0000",
    "marker-symbol": "e"
  },
  {
    "rowid": 72073,
    "id": 19017,
    "source": "OA",
    "source_id": "8778764e93b8384a",
    "housenumber": 84,
    "lat": 52.489371,
    "lon": 13.3225753,
    "parity": "R",
    "proj_lat": 52.489353966331095,
    "proj_lon": 13.322834082387448,
    "marker-color": "#ff0000",
    "marker-symbol": "e"
  },
  {
    "rowid": 72074,
    "id": 19017,
    "source": "OA",
    "source_id": "2dbad8b6184b41eb",
    "housenumber": 85,
    "lat": 52.4890455,
    "lon": 13.3225164,
    "parity": "R",
    "proj_lat": 52.48902839358121,
    "proj_lon": 13.322776283786508,
    "marker-color": "#ff0000",
    "marker-symbol": "o"
  },
  {
    "rowid": 72074,
    "id": 19017,
    "source": "OA",
    "source_id": "2dbad8b6184b41eb",
    "housenumber": 85,
    "lat": 52.4890455,
    "lon": 13.3225164,
    "parity": "R",
    "proj_lat": 52.48902839358121,
    "proj_lon": 13.322776283786508,
    "marker-color": "#ff0000",
    "marker-symbol": "o"
  },
  {
    "rowid": 72075,
    "id": 19017,
    "source": "OA",
    "source_id": "f6f7f7937726d622",
    "housenumber": 86,
    "lat": 52.4888033,
    "lon": 13.3224727,
    "parity": "R",
    "proj_lat": 52.488786147689055,
    "proj_lon": 13.32273327811833,
    "marker-color": "#ff0000",
    "marker-symbol": "e"
  },
  {
    "rowid": 72075,
    "id": 19017,
    "source": "OA",
    "source_id": "f6f7f7937726d622",
    "housenumber": 86,
    "lat": 52.4888033,
    "lon": 13.3224727,
    "parity": "R",
    "proj_lat": 52.488786147689055,
    "proj_lon": 13.32273327811833,
    "marker-color": "#ff0000",
    "marker-symbol": "e"
  },
  {
    "rowid": 72076,
    "id": 19017,
    "source": "OA",
    "source_id": "3c63b1c20f2a2e4f",
    "housenumber": 87,
    "lat": 52.4886416,
    "lon": 13.3224358,
    "parity": "R",
    "proj_lat": 52.4886239144566,
    "proj_lon": 13.322704477016687,
    "marker-color": "#ff0000",
    "marker-symbol": "o"
  },
  {
    "rowid": 72076,
    "id": 19017,
    "source": "OA",
    "source_id": "3c63b1c20f2a2e4f",
    "housenumber": 87,
    "lat": 52.4886416,
    "lon": 13.3224358,
    "parity": "R",
    "proj_lat": 52.4886239144566,
    "proj_lon": 13.322704477016687,
    "marker-color": "#ff0000",
    "marker-symbol": "o"
  },
  {
    "rowid": 72077,
    "id": 19017,
    "source": "OA",
    "source_id": "e62954ac467591fc",
    "housenumber": 88,
    "lat": 52.4884735,
    "lon": 13.322413,
    "parity": "R",
    "proj_lat": 52.48846176462339,
    "proj_lon": 13.322680808546401,
    "marker-color": "#ff0000",
    "marker-symbol": "e"
  },
  {
    "rowid": 72077,
    "id": 19017,
    "source": "OA",
    "source_id": "e62954ac467591fc",
    "housenumber": 88,
    "lat": 52.4884735,
    "lon": 13.322413,
    "parity": "R",
    "proj_lat": 52.48846176462339,
    "proj_lon": 13.322680808546401,
    "marker-color": "#ff0000",
    "marker-symbol": "e"
  },
  {
    "rowid": 72078,
    "id": 19017,
    "source": "OA",
    "source_id": "d77ed51fe0f2b423",
    "housenumber": 90,
    "lat": 52.4882577,
    "lon": 13.322374,
    "parity": "R",
    "proj_lat": 52.48824537613909,
    "proj_lon": 13.322655235361893,
    "marker-color": "#ff0000",
    "marker-symbol": "e"
  },
  {
    "rowid": 72078,
    "id": 19017,
    "source": "OA",
    "source_id": "d77ed51fe0f2b423",
    "housenumber": 90,
    "lat": 52.4882577,
    "lon": 13.322374,
    "parity": "R",
    "proj_lat": 52.48824537613909,
    "proj_lon": 13.322655235361893,
    "marker-color": "#ff0000",
    "marker-symbol": "e"
  },
  {
    "rowid": 72079,
    "id": 19029,
    "source": "OA",
    "source_id": "e140e8bda504d597",
    "housenumber": 94,
    "lat": 52.4870251,
    "lon": 13.3222749,
    "parity": "R",
    "proj_lat": 52.486979010754645,
    "proj_lon": 13.322457274845522,
    "marker-color": "#ff0000",
    "marker-symbol": "e"
  },
  {
    "rowid": 72079,
    "id": 19029,
    "source": "OA",
    "source_id": "e140e8bda504d597",
    "housenumber": 94,
    "lat": 52.4870251,
    "lon": 13.3222749,
    "parity": "R",
    "proj_lat": 52.486979010754645,
    "proj_lon": 13.322457274845522,
    "marker-color": "#ff0000",
    "marker-symbol": "e"
  },
  {
    "rowid": 72080,
    "id": 19029,
    "source": "OA",
    "source_id": "af76d34ec92fb5be",
    "housenumber": 94.03,
    "lat": 52.4868724,
    "lon": 13.3222566,
    "parity": "R",
    "proj_lat": 52.48686699276333,
    "proj_lon": 13.322437418771235,
    "marker-color": "#ff0000",
    "marker-symbol": "e"
  },
  {
    "rowid": 72080,
    "id": 19029,
    "source": "OA",
    "source_id": "af76d34ec92fb5be",
    "housenumber": 94.03,
    "lat": 52.4868724,
    "lon": 13.3222566,
    "parity": "R",
    "proj_lat": 52.48686699276333,
    "proj_lon": 13.322437418771235,
    "marker-color": "#ff0000",
    "marker-symbol": "e"
  },
  {
    "rowid": 72081,
    "id": 19029,
    "source": "OA",
    "source_id": "e80673f06561a258",
    "housenumber": 95,
    "lat": 52.4867303,
    "lon": 13.3222396,
    "parity": "R",
    "proj_lat": 52.48672472744721,
    "proj_lon": 13.322425945761871,
    "marker-color": "#ff0000",
    "marker-symbol": "o"
  },
  {
    "rowid": 72081,
    "id": 19029,
    "source": "OA",
    "source_id": "e80673f06561a258",
    "housenumber": 95,
    "lat": 52.4867303,
    "lon": 13.3222396,
    "parity": "R",
    "proj_lat": 52.48672472744721,
    "proj_lon": 13.322425945761871,
    "marker-color": "#ff0000",
    "marker-symbol": "o"
  },
  {
    "rowid": 72082,
    "id": 19029,
    "source": "OA",
    "source_id": "881d640558e0cf0a",
    "housenumber": 97,
    "lat": 52.486087,
    "lon": 13.3221604,
    "parity": "R",
    "proj_lat": 52.48608142551599,
    "proj_lon": 13.322383183907961,
    "marker-color": "#ff0000",
    "marker-symbol": "o"
  },
  {
    "rowid": 72082,
    "id": 19029,
    "source": "OA",
    "source_id": "881d640558e0cf0a",
    "housenumber": 97,
    "lat": 52.486087,
    "lon": 13.3221604,
    "parity": "R",
    "proj_lat": 52.48608142551599,
    "proj_lon": 13.322383183907961,
    "marker-color": "#ff0000",
    "marker-symbol": "o"
  },
  {
    "rowid": 72083,
    "id": 19029,
    "source": "OA",
    "source_id": "72ecd991d500f949",
    "housenumber": 98,
    "lat": 52.4859171,
    "lon": 13.3221392,
    "parity": "R",
    "proj_lat": 52.485911282274145,
    "proj_lon": 13.322371703257364,
    "marker-color": "#ff0000",
    "marker-symbol": "e"
  },
  {
    "rowid": 72083,
    "id": 19029,
    "source": "OA",
    "source_id": "72ecd991d500f949",
    "housenumber": 98,
    "lat": 52.4859171,
    "lon": 13.3221392,
    "parity": "R",
    "proj_lat": 52.485911282274145,
    "proj_lon": 13.322371703257364,
    "marker-color": "#ff0000",
    "marker-symbol": "e"
  },
  {
    "rowid": 72084,
    "id": 19029,
    "source": "OA",
    "source_id": "2220234b3f81689a",
    "housenumber": 99,
    "lat": 52.4857395,
    "lon": 13.3221171,
    "parity": "R",
    "proj_lat": 52.48573342952318,
    "proj_lon": 13.322359702396975,
    "marker-color": "#ff0000",
    "marker-symbol": "o"
  },
  {
    "rowid": 72084,
    "id": 19029,
    "source": "OA",
    "source_id": "2220234b3f81689a",
    "housenumber": 99,
    "lat": 52.4857395,
    "lon": 13.3221171,
    "parity": "R",
    "proj_lat": 52.48573342952318,
    "proj_lon": 13.322359702396975,
    "marker-color": "#ff0000",
    "marker-symbol": "o"
  },
  {
    "rowid": 72085,
    "id": 19029,
    "source": "OA",
    "source_id": "06634ddf56e15c0e",
    "housenumber": 100,
    "lat": 52.4847422,
    "lon": 13.3219527,
    "parity": "R",
    "proj_lat": 52.484692683540125,
    "proj_lon": 13.322137947226974,
    "marker-color": "#ff0000",
    "marker-symbol": "e"
  },
  {
    "rowid": 72085,
    "id": 19029,
    "source": "OA",
    "source_id": "06634ddf56e15c0e",
    "housenumber": 100,
    "lat": 52.4847422,
    "lon": 13.3219527,
    "parity": "R",
    "proj_lat": 52.484692683540125,
    "proj_lon": 13.322137947226974,
    "marker-color": "#ff0000",
    "marker-symbol": "e"
  },
  {
    "rowid": 72086,
    "id": 19029,
    "source": "OA",
    "source_id": "beffbe3cf04b6cf1",
    "housenumber": 100.03,
    "lat": 52.4846391,
    "lon": 13.3218768,
    "parity": "R",
    "proj_lat": 52.484578796028075,
    "proj_lon": 13.322045308167091,
    "marker-color": "#ff0000",
    "marker-symbol": "e"
  },
  {
    "rowid": 72086,
    "id": 19029,
    "source": "OA",
    "source_id": "beffbe3cf04b6cf1",
    "housenumber": 100.03,
    "lat": 52.4846391,
    "lon": 13.3218768,
    "parity": "R",
    "proj_lat": 52.484578796028075,
    "proj_lon": 13.322045308167091,
    "marker-color": "#ff0000",
    "marker-symbol": "e"
  },
  {
    "rowid": 72087,
    "id": 19017,
    "source": "OA",
    "source_id": "9fdfa26405ecf100",
    "housenumber": 101,
    "lat": 52.4843976,
    "lon": 13.3227295,
    "parity": "L",
    "proj_lat": 52.48456231861731,
    "proj_lon": 13.322283416381882,
    "marker-color": "#3366ff",
    "marker-symbol": "o"
  },
  {
    "rowid": 72087,
    "id": 19017,
    "source": "OA",
    "source_id": "9fdfa26405ecf100",
    "housenumber": 101,
    "lat": 52.4843976,
    "lon": 13.3227295,
    "parity": "L",
    "proj_lat": 52.48456231861731,
    "proj_lon": 13.322283416381882,
    "marker-color": "#3366ff",
    "marker-symbol": "o"
  },
  {
    "rowid": 72088,
    "id": 19017,
    "source": "OA",
    "source_id": "d367af4e5e2b8d99",
    "housenumber": 101.03,
    "lat": 52.4847069,
    "lon": 13.3227559,
    "parity": "L",
    "proj_lat": 52.48476210042656,
    "proj_lon": 13.322426171049706,
    "marker-color": "#3366ff",
    "marker-symbol": "o"
  },
  {
    "rowid": 72088,
    "id": 19017,
    "source": "OA",
    "source_id": "d367af4e5e2b8d99",
    "housenumber": 101.03,
    "lat": 52.4847069,
    "lon": 13.3227559,
    "parity": "L",
    "proj_lat": 52.48476210042656,
    "proj_lon": 13.322426171049706,
    "marker-color": "#3366ff",
    "marker-symbol": "o"
  },
  {
    "rowid": 72089,
    "id": 19017,
    "source": "OA",
    "source_id": "3999aa5daa2f0e14",
    "housenumber": 101.06,
    "lat": 52.4850226,
    "lon": 13.3227828,
    "parity": "L",
    "proj_lat": 52.485041615709676,
    "proj_lon": 13.322521017510143,
    "marker-color": "#3366ff",
    "marker-symbol": "o"
  },
  {
    "rowid": 72089,
    "id": 19017,
    "source": "OA",
    "source_id": "3999aa5daa2f0e14",
    "housenumber": 101.06,
    "lat": 52.4850226,
    "lon": 13.3227828,
    "parity": "L",
    "proj_lat": 52.485041615709676,
    "proj_lon": 13.322521017510143,
    "marker-color": "#3366ff",
    "marker-symbol": "o"
  },
  {
    "rowid": 72090,
    "id": 19017,
    "source": "OA",
    "source_id": "b12c8cc16bbeb42d",
    "housenumber": 103,
    "lat": 52.4859963,
    "lon": 13.3228491,
    "parity": "L",
    "proj_lat": 52.485999380115345,
    "proj_lon": 13.322595072374343,
    "marker-color": "#3366ff",
    "marker-symbol": "o"
  },
  {
    "rowid": 72090,
    "id": 19017,
    "source": "OA",
    "source_id": "b12c8cc16bbeb42d",
    "housenumber": 103,
    "lat": 52.4859963,
    "lon": 13.3228491,
    "parity": "L",
    "proj_lat": 52.485999380115345,
    "proj_lon": 13.322595072374343,
    "marker-color": "#3366ff",
    "marker-symbol": "o"
  },
  {
    "rowid": 72091,
    "id": 19017,
    "source": "OA",
    "source_id": "f8573b326f223b3c",
    "housenumber": 104,
    "lat": 52.4869163,
    "lon": 13.3227911,
    "parity": "L",
    "proj_lat": 52.48691787789339,
    "proj_lon": 13.322618762417122,
    "marker-color": "#3366ff",
    "marker-symbol": "e"
  },
  {
    "rowid": 72091,
    "id": 19017,
    "source": "OA",
    "source_id": "f8573b326f223b3c",
    "housenumber": 104,
    "lat": 52.4869163,
    "lon": 13.3227911,
    "parity": "L",
    "proj_lat": 52.48691787789339,
    "proj_lon": 13.322618762417122,
    "marker-color": "#3366ff",
    "marker-symbol": "e"
  },
  {
    "rowid": 72092,
    "id": 19017,
    "source": "OA",
    "source_id": "1ba5c30fa794e181",
    "housenumber": 105,
    "lat": 52.4870925,
    "lon": 13.3228408,
    "parity": "L",
    "proj_lat": 52.48704919603447,
    "proj_lon": 13.32258319113104,
    "marker-color": "#3366ff",
    "marker-symbol": "o"
  },
  {
    "rowid": 72092,
    "id": 19017,
    "source": "OA",
    "source_id": "1ba5c30fa794e181",
    "housenumber": 105,
    "lat": 52.4870925,
    "lon": 13.3228408,
    "parity": "L",
    "proj_lat": 52.48704919603447,
    "proj_lon": 13.32258319113104,
    "marker-color": "#3366ff",
    "marker-symbol": "o"
  },
  {
    "rowid": 72093,
    "id": 19017,
    "source": "OA",
    "source_id": "41d5950b50ae723f",
    "housenumber": 106,
    "lat": 52.4878309,
    "lon": 13.3228973,
    "parity": "L",
    "proj_lat": 52.48783709271249,
    "proj_lon": 13.322610040273982,
    "marker-color": "#3366ff",
    "marker-symbol": "e"
  },
  {
    "rowid": 72093,
    "id": 19017,
    "source": "OA",
    "source_id": "41d5950b50ae723f",
    "housenumber": 106,
    "lat": 52.4878309,
    "lon": 13.3228973,
    "parity": "L",
    "proj_lat": 52.48783709271249,
    "proj_lon": 13.322610040273982,
    "marker-color": "#3366ff",
    "marker-symbol": "e"
  },
  {
    "rowid": 72094,
    "id": 19017,
    "source": "OA",
    "source_id": "82064bef422d7cf3",
    "housenumber": 106.03,
    "lat": 52.4880016,
    "lon": 13.3229277,
    "parity": "L",
    "proj_lat": 52.488014734121215,
    "proj_lon": 13.322627977668871,
    "marker-color": "#3366ff",
    "marker-symbol": "e"
  },
  {
    "rowid": 72094,
    "id": 19017,
    "source": "OA",
    "source_id": "82064bef422d7cf3",
    "housenumber": 106.03,
    "lat": 52.4880016,
    "lon": 13.3229277,
    "parity": "L",
    "proj_lat": 52.488014734121215,
    "proj_lon": 13.322627977668871,
    "marker-color": "#3366ff",
    "marker-symbol": "e"
  },
  {
    "rowid": 72095,
    "id": 19017,
    "source": "OA",
    "source_id": "d6c900f422dec160",
    "housenumber": 107,
    "lat": 52.4881784,
    "lon": 13.3229596,
    "parity": "L",
    "proj_lat": 52.488192013797224,
    "proj_lon": 13.322648928903309,
    "marker-color": "#3366ff",
    "marker-symbol": "o"
  },
  {
    "rowid": 72095,
    "id": 19017,
    "source": "OA",
    "source_id": "d6c900f422dec160",
    "housenumber": 107,
    "lat": 52.4881784,
    "lon": 13.3229596,
    "parity": "L",
    "proj_lat": 52.488192013797224,
    "proj_lon": 13.322648928903309,
    "marker-color": "#3366ff",
    "marker-symbol": "o"
  },
  {
    "rowid": 72096,
    "id": 19017,
    "source": "OA",
    "source_id": "d0fbdb912c751799",
    "housenumber": 108,
    "lat": 52.4883318,
    "lon": 13.3230319,
    "parity": "L",
    "proj_lat": 52.488347775258575,
    "proj_lon": 13.322667337076014,
    "marker-color": "#3366ff",
    "marker-symbol": "e"
  },
  {
    "rowid": 72096,
    "id": 19017,
    "source": "OA",
    "source_id": "d0fbdb912c751799",
    "housenumber": 108,
    "lat": 52.4883318,
    "lon": 13.3230319,
    "parity": "L",
    "proj_lat": 52.488347775258575,
    "proj_lon": 13.322667337076014,
    "marker-color": "#3366ff",
    "marker-symbol": "e"
  },
  {
    "rowid": 72097,
    "id": 19017,
    "source": "OA",
    "source_id": "7669397b47e5bc68",
    "housenumber": 109,
    "lat": 52.4884305,
    "lon": 13.3230498,
    "parity": "L",
    "proj_lat": 52.488446747017804,
    "proj_lon": 13.322679033738469,
    "marker-color": "#3366ff",
    "marker-symbol": "o"
  },
  {
    "rowid": 72097,
    "id": 19017,
    "source": "OA",
    "source_id": "7669397b47e5bc68",
    "housenumber": 109,
    "lat": 52.4884305,
    "lon": 13.3230498,
    "parity": "L",
    "proj_lat": 52.488446747017804,
    "proj_lon": 13.322679033738469,
    "marker-color": "#3366ff",
    "marker-symbol": "o"
  },
  {
    "rowid": 72098,
    "id": 19017,
    "source": "OA",
    "source_id": "fff9a9b011dfb71e",
    "housenumber": 111,
    "lat": 52.4886278,
    "lon": 13.3230854,
    "parity": "L",
    "proj_lat": 52.4886525395924,
    "proj_lon": 13.322709558808087,
    "marker-color": "#3366ff",
    "marker-symbol": "o"
  },
  {
    "rowid": 72098,
    "id": 19017,
    "source": "OA",
    "source_id": "fff9a9b011dfb71e",
    "housenumber": 111,
    "lat": 52.4886278,
    "lon": 13.3230854,
    "parity": "L",
    "proj_lat": 52.4886525395924,
    "proj_lon": 13.322709558808087,
    "marker-color": "#3366ff",
    "marker-symbol": "o"
  },
  {
    "rowid": 72099,
    "id": 19017,
    "source": "OA",
    "source_id": "d51aa156c1717470",
    "housenumber": 113,
    "lat": 52.4888645,
    "lon": 13.3230534,
    "parity": "L",
    "proj_lat": 52.4888844232513,
    "proj_lon": 13.32275072487948,
    "marker-color": "#3366ff",
    "marker-symbol": "o"
  },
  {
    "rowid": 72099,
    "id": 19017,
    "source": "OA",
    "source_id": "d51aa156c1717470",
    "housenumber": 113,
    "lat": 52.4888645,
    "lon": 13.3230534,
    "parity": "L",
    "proj_lat": 52.4888844232513,
    "proj_lon": 13.32275072487948,
    "marker-color": "#3366ff",
    "marker-symbol": "o"
  },
  {
    "rowid": 72100,
    "id": 19017,
    "source": "OA",
    "source_id": "0f2071e16d14daad",
    "housenumber": 114,
    "lat": 52.4890994,
    "lon": 13.3230838,
    "parity": "L",
    "proj_lat": 52.48911858772889,
    "proj_lon": 13.322792295862307,
    "marker-color": "#3366ff",
    "marker-symbol": "e"
  },
  {
    "rowid": 72100,
    "id": 19017,
    "source": "OA",
    "source_id": "0f2071e16d14daad",
    "housenumber": 114,
    "lat": 52.4890994,
    "lon": 13.3230838,
    "parity": "L",
    "proj_lat": 52.48911858772889,
    "proj_lon": 13.322792295862307,
    "marker-color": "#3366ff",
    "marker-symbol": "e"
  },
  {
    "rowid": 72101,
    "id": 19017,
    "source": "OA",
    "source_id": "d03126e8b569cfac",
    "housenumber": 116,
    "lat": 52.489241,
    "lon": 13.3230925,
    "parity": "L",
    "proj_lat": 52.489259118103064,
    "proj_lon": 13.322817244077473,
    "marker-color": "#3366ff",
    "marker-symbol": "e"
  },
  {
    "rowid": 72101,
    "id": 19017,
    "source": "OA",
    "source_id": "d03126e8b569cfac",
    "housenumber": 116,
    "lat": 52.489241,
    "lon": 13.3230925,
    "parity": "L",
    "proj_lat": 52.489259118103064,
    "proj_lon": 13.322817244077473,
    "marker-color": "#3366ff",
    "marker-symbol": "e"
  },
  {
    "rowid": 72102,
    "id": 19017,
    "source": "OA",
    "source_id": "ce66a81c089bb200",
    "housenumber": 117,
    "lat": 52.4893548,
    "lon": 13.323113,
    "parity": "L",
    "proj_lat": 52.48937293734693,
    "proj_lon": 13.322837450292697,
    "marker-color": "#3366ff",
    "marker-symbol": "o"
  },
  {
    "rowid": 72102,
    "id": 19017,
    "source": "OA",
    "source_id": "ce66a81c089bb200",
    "housenumber": 117,
    "lat": 52.4893548,
    "lon": 13.323113,
    "parity": "L",
    "proj_lat": 52.48937293734693,
    "proj_lon": 13.322837450292697,
    "marker-color": "#3366ff",
    "marker-symbol": "o"
  },
  {
    "rowid": 72103,
    "id": 19017,
    "source": "OA",
    "source_id": "9f118e2d50d5a1f9",
    "housenumber": 118,
    "lat": 52.4895278,
    "lon": 13.323161,
    "parity": "L",
    "proj_lat": 52.48954706195787,
    "proj_lon": 13.322868362458735,
    "marker-color": "#3366ff",
    "marker-symbol": "e"
  },
  {
    "rowid": 72103,
    "id": 19017,
    "source": "OA",
    "source_id": "9f118e2d50d5a1f9",
    "housenumber": 118,
    "lat": 52.4895278,
    "lon": 13.323161,
    "parity": "L",
    "proj_lat": 52.48954706195787,
    "proj_lon": 13.322868362458735,
    "marker-color": "#3366ff",
    "marker-symbol": "e"
  },
  {
    "rowid": 72104,
    "id": 19017,
    "source": "OA",
    "source_id": "f6047ebb36d76438",
    "housenumber": 120,
    "lat": 52.4897573,
    "lon": 13.3231857,
    "parity": "L",
    "proj_lat": 52.4897755179925,
    "proj_lon": 13.322908920027459,
    "marker-color": "#3366ff",
    "marker-symbol": "e"
  },
  {
    "rowid": 72104,
    "id": 19017,
    "source": "OA",
    "source_id": "f6047ebb36d76438",
    "housenumber": 120,
    "lat": 52.4897573,
    "lon": 13.3231857,
    "parity": "L",
    "proj_lat": 52.4897755179925,
    "proj_lon": 13.322908920027459,
    "marker-color": "#3366ff",
    "marker-symbol": "e"
  },
  {
    "rowid": 72105,
    "id": 19017,
    "source": "OA",
    "source_id": "c7cee7be40b5bfdf",
    "housenumber": 121,
    "lat": 52.4900283,
    "lon": 13.3233094,
    "parity": "L",
    "proj_lat": 52.49005143564555,
    "proj_lon": 13.322957903409286,
    "marker-color": "#3366ff",
    "marker-symbol": "o"
  },
  {
    "rowid": 72105,
    "id": 19017,
    "source": "OA",
    "source_id": "c7cee7be40b5bfdf",
    "housenumber": 121,
    "lat": 52.4900283,
    "lon": 13.3233094,
    "parity": "L",
    "proj_lat": 52.49005143564555,
    "proj_lon": 13.322957903409286,
    "marker-color": "#3366ff",
    "marker-symbol": "o"
  },
  {
    "rowid": 72106,
    "id": 19017,
    "source": "OA",
    "source_id": "63b1dfdfabc08e63",
    "housenumber": 122,
    "lat": 52.4901491,
    "lon": 13.3233298,
    "parity": "L",
    "proj_lat": 52.490172167499765,
    "proj_lon": 13.322979336813233,
    "marker-color": "#3366ff",
    "marker-symbol": "e"
  },
  {
    "rowid": 72106,
    "id": 19017,
    "source": "OA",
    "source_id": "63b1dfdfabc08e63",
    "housenumber": 122,
    "lat": 52.4901491,
    "lon": 13.3233298,
    "parity": "L",
    "proj_lat": 52.490172167499765,
    "proj_lon": 13.322979336813233,
    "marker-color": "#3366ff",
    "marker-symbol": "e"
  },
  {
    "rowid": 72107,
    "id": 19017,
    "source": "OA",
    "source_id": "db3e5a032250b438",
    "housenumber": 122.03,
    "lat": 52.4902845,
    "lon": 13.3233551,
    "parity": "L",
    "proj_lat": 52.49030764950177,
    "proj_lon": 13.323003388795998,
    "marker-color": "#3366ff",
    "marker-symbol": "e"
  },
  {
    "rowid": 72107,
    "id": 19017,
    "source": "OA",
    "source_id": "db3e5a032250b438",
    "housenumber": 122.03,
    "lat": 52.4902845,
    "lon": 13.3233551,
    "parity": "L",
    "proj_lat": 52.49030764950177,
    "proj_lon": 13.323003388795998,
    "marker-color": "#3366ff",
    "marker-symbol": "e"
  },
  {
    "rowid": 72108,
    "id": 19017,
    "source": "OA",
    "source_id": "d3fce991ed217867",
    "housenumber": 123,
    "lat": 52.4904436,
    "lon": 13.3233085,
    "parity": "L",
    "proj_lat": 52.4904618800078,
    "proj_lon": 13.323030769181713,
    "marker-color": "#3366ff",
    "marker-symbol": "o"
  },
  {
    "rowid": 72108,
    "id": 19017,
    "source": "OA",
    "source_id": "d3fce991ed217867",
    "housenumber": 123,
    "lat": 52.4904436,
    "lon": 13.3233085,
    "parity": "L",
    "proj_lat": 52.4904618800078,
    "proj_lon": 13.323030769181713,
    "marker-color": "#3366ff",
    "marker-symbol": "o"
  },
  {
    "rowid": 72109,
    "id": 19017,
    "source": "OA",
    "source_id": "a505ff5f462df7e5",
    "housenumber": 124,
    "lat": 52.4906609,
    "lon": 13.323349,
    "parity": "L",
    "proj_lat": 52.490679304933195,
    "proj_lon": 13.323069368408772,
    "marker-color": "#3366ff",
    "marker-symbol": "e"
  },
  {
    "rowid": 72109,
    "id": 19017,
    "source": "OA",
    "source_id": "a505ff5f462df7e5",
    "housenumber": 124,
    "lat": 52.4906609,
    "lon": 13.323349,
    "parity": "L",
    "proj_lat": 52.490679304933195,
    "proj_lon": 13.323069368408772,
    "marker-color": "#3366ff",
    "marker-symbol": "e"
  },
  {
    "rowid": 72110,
    "id": 19017,
    "source": "OA",
    "source_id": "bd2db85b87c4b0fd",
    "housenumber": 125,
    "lat": 52.4908235,
    "lon": 13.3233785,
    "parity": "L",
    "proj_lat": 52.49084194603145,
    "proj_lon": 13.32309824191842,
    "marker-color": "#3366ff",
    "marker-symbol": "o"
  },
  {
    "rowid": 72110,
    "id": 19017,
    "source": "OA",
    "source_id": "bd2db85b87c4b0fd",
    "housenumber": 125,
    "lat": 52.4908235,
    "lon": 13.3233785,
    "parity": "L",
    "proj_lat": 52.49084194603145,
    "proj_lon": 13.32309824191842,
    "marker-color": "#3366ff",
    "marker-symbol": "o"
  },
  {
    "rowid": 72111,
    "id": 19017,
    "source": "OA",
    "source_id": "6d2812721df7be89",
    "housenumber": 126,
    "lat": 52.4909649,
    "lon": 13.3234041,
    "parity": "L",
    "proj_lat": 52.490983378273846,
    "proj_lon": 13.323123350241339,
    "marker-color": "#3366ff",
    "marker-symbol": "e"
  },
  {
    "rowid": 72111,
    "id": 19017,
    "source": "OA",
    "source_id": "6d2812721df7be89",
    "housenumber": 126,
    "lat": 52.4909649,
    "lon": 13.3234041,
    "parity": "L",
    "proj_lat": 52.490983378273846,
    "proj_lon": 13.323123350241339,
    "marker-color": "#3366ff",
    "marker-symbol": "e"
  },
  {
    "rowid": 72112,
    "id": 19017,
    "source": "OA",
    "source_id": "aaabe70fcd979993",
    "housenumber": 127,
    "lat": 52.4912309,
    "lon": 13.3234522,
    "parity": "L",
    "proj_lat": 52.491255445622485,
    "proj_lon": 13.323223200265005,
    "marker-color": "#3366ff",
    "marker-symbol": "o"
  },
  {
    "rowid": 72112,
    "id": 19017,
    "source": "OA",
    "source_id": "aaabe70fcd979993",
    "housenumber": 127,
    "lat": 52.4912309,
    "lon": 13.3234522,
    "parity": "L",
    "proj_lat": 52.491255445622485,
    "proj_lon": 13.323223200265005,
    "marker-color": "#3366ff",
    "marker-symbol": "o"
  },
  {
    "rowid": 72113,
    "id": 19017,
    "source": "OA",
    "source_id": "1bdeb83cb66cb21d",
    "housenumber": 128,
    "lat": 52.4917247,
    "lon": 13.3235417,
    "parity": "L",
    "proj_lat": 52.49173802449565,
    "proj_lon": 13.32333929406932,
    "marker-color": "#3366ff",
    "marker-symbol": "e"
  },
  {
    "rowid": 72113,
    "id": 19017,
    "source": "OA",
    "source_id": "1bdeb83cb66cb21d",
    "housenumber": 128,
    "lat": 52.4917247,
    "lon": 13.3235417,
    "parity": "L",
    "proj_lat": 52.49173802449565,
    "proj_lon": 13.32333929406932,
    "marker-color": "#3366ff",
    "marker-symbol": "e"
  },
  {
    "rowid": 72114,
    "id": 19017,
    "source": "OA",
    "source_id": "94f27a1dbf1d27e5",
    "housenumber": 129,
    "lat": 52.4919158,
    "lon": 13.3235762,
    "parity": "L",
    "proj_lat": 52.491894118550995,
    "proj_lon": 13.323347464006847,
    "marker-color": "#3366ff",
    "marker-symbol": "o"
  },
  {
    "rowid": 72114,
    "id": 19017,
    "source": "OA",
    "source_id": "94f27a1dbf1d27e5",
    "housenumber": 129,
    "lat": 52.4919158,
    "lon": 13.3235762,
    "parity": "L",
    "proj_lat": 52.491894118550995,
    "proj_lon": 13.323347464006847,
    "marker-color": "#3366ff",
    "marker-symbol": "o"
  },
  {
    "rowid": 72115,
    "id": 19017,
    "source": "OA",
    "source_id": "a09c1d8ec05d57b3",
    "housenumber": 130,
    "lat": 52.4921082,
    "lon": 13.3236111,
    "parity": "L",
    "proj_lat": 52.49212667899237,
    "proj_lon": 13.323332170412526,
    "marker-color": "#3366ff",
    "marker-symbol": "e"
  },
  {
    "rowid": 72115,
    "id": 19017,
    "source": "OA",
    "source_id": "a09c1d8ec05d57b3",
    "housenumber": 130,
    "lat": 52.4921082,
    "lon": 13.3236111,
    "parity": "L",
    "proj_lat": 52.49212667899237,
    "proj_lon": 13.323332170412526,
    "marker-color": "#3366ff",
    "marker-symbol": "e"
  },
  {
    "rowid": 72116,
    "id": 19017,
    "source": "OA",
    "source_id": "543f493c2522b102",
    "housenumber": 131,
    "lat": 52.4922163,
    "lon": 13.3236306,
    "parity": "L",
    "proj_lat": 52.49223479082738,
    "proj_lon": 13.323351490397856,
    "marker-color": "#3366ff",
    "marker-symbol": "o"
  },
  {
    "rowid": 72116,
    "id": 19017,
    "source": "OA",
    "source_id": "543f493c2522b102",
    "housenumber": 131,
    "lat": 52.4922163,
    "lon": 13.3236306,
    "parity": "L",
    "proj_lat": 52.49223479082738,
    "proj_lon": 13.323351490397856,
    "marker-color": "#3366ff",
    "marker-symbol": "o"
  },
  {
    "rowid": 72117,
    "id": 19017,
    "source": "OA",
    "source_id": "02458fc98a6becf1",
    "housenumber": 132,
    "lat": 52.4923113,
    "lon": 13.3236478,
    "parity": "L",
    "proj_lat": 52.49232980535881,
    "proj_lon": 13.323368469846528,
    "marker-color": "#3366ff",
    "marker-symbol": "e"
  },
  {
    "rowid": 72117,
    "id": 19017,
    "source": "OA",
    "source_id": "02458fc98a6becf1",
    "housenumber": 132,
    "lat": 52.4923113,
    "lon": 13.3236478,
    "parity": "L",
    "proj_lat": 52.49232980535881,
    "proj_lon": 13.323368469846528,
    "marker-color": "#3366ff",
    "marker-symbol": "e"
  },
  {
    "rowid": 72118,
    "id": 19017,
    "source": "OA",
    "source_id": "93cab00dd793075d",
    "housenumber": 133,
    "lat": 52.4924401,
    "lon": 13.3236711,
    "parity": "L",
    "proj_lat": 52.49245862377827,
    "proj_lon": 13.32339149017519,
    "marker-color": "#3366ff",
    "marker-symbol": "o"
  },
  {
    "rowid": 72118,
    "id": 19017,
    "source": "OA",
    "source_id": "93cab00dd793075d",
    "housenumber": 133,
    "lat": 52.4924401,
    "lon": 13.3236711,
    "parity": "L",
    "proj_lat": 52.49245862377827,
    "proj_lon": 13.32339149017519,
    "marker-color": "#3366ff",
    "marker-symbol": "o"
  },
  {
    "rowid": 72119,
    "id": 19017,
    "source": "OA",
    "source_id": "c307d701ff526254",
    "housenumber": 134,
    "lat": 52.4927074,
    "lon": 13.3237194,
    "parity": "L",
    "proj_lat": 52.49272595841995,
    "proj_lon": 13.323439263865788,
    "marker-color": "#3366ff",
    "marker-symbol": "e"
  },
  {
    "rowid": 72119,
    "id": 19017,
    "source": "OA",
    "source_id": "c307d701ff526254",
    "housenumber": 134,
    "lat": 52.4927074,
    "lon": 13.3237194,
    "parity": "L",
    "proj_lat": 52.49272595841995,
    "proj_lon": 13.323439263865788,
    "marker-color": "#3366ff",
    "marker-symbol": "e"
  },
  {
    "rowid": 72120,
    "id": 19017,
    "source": "OA",
    "source_id": "7329245dcc77b060",
    "housenumber": 135,
    "lat": 52.4928785,
    "lon": 13.3237504,
    "parity": "L",
    "proj_lat": 52.49289708602413,
    "proj_lon": 13.32346984500246,
    "marker-color": "#3366ff",
    "marker-symbol": "o"
  },
  {
    "rowid": 72120,
    "id": 19017,
    "source": "OA",
    "source_id": "7329245dcc77b060",
    "housenumber": 135,
    "lat": 52.4928785,
    "lon": 13.3237504,
    "parity": "L",
    "proj_lat": 52.49289708602413,
    "proj_lon": 13.32346984500246,
    "marker-color": "#3366ff",
    "marker-symbol": "o"
  },
  {
    "rowid": 72121,
    "id": 19017,
    "source": "OA",
    "source_id": "3b8a816bcdf09fa4",
    "housenumber": 135.03,
    "lat": 52.4929919,
    "lon": 13.3237709,
    "parity": "L",
    "proj_lat": 52.49301050131529,
    "proj_lon": 13.323490112735048,
    "marker-color": "#3366ff",
    "marker-symbol": "o"
  },
  {
    "rowid": 72121,
    "id": 19017,
    "source": "OA",
    "source_id": "3b8a816bcdf09fa4",
    "housenumber": 135.03,
    "lat": 52.4929919,
    "lon": 13.3237709,
    "parity": "L",
    "proj_lat": 52.49301050131529,
    "proj_lon": 13.323490112735048,
    "marker-color": "#3366ff",
    "marker-symbol": "o"
  },
  {
    "rowid": 72122,
    "id": 19017,
    "source": "OA",
    "source_id": "d6e205d072272327",
    "housenumber": 136,
    "lat": 52.4932345,
    "lon": 13.3238148,
    "parity": "L",
    "proj_lat": 52.493212060649576,
    "proj_lon": 13.323487217053883,
    "marker-color": "#3366ff",
    "marker-symbol": "e"
  },
  {
    "rowid": 72122,
    "id": 19017,
    "source": "OA",
    "source_id": "d6e205d072272327",
    "housenumber": 136,
    "lat": 52.4932345,
    "lon": 13.3238148,
    "parity": "L",
    "proj_lat": 52.493212060649576,
    "proj_lon": 13.323487217053883,
    "marker-color": "#3366ff",
    "marker-symbol": "e"
  },
  {
    "rowid": 72123,
    "id": 19017,
    "source": "OA",
    "source_id": "5e2dfb8df049c722",
    "housenumber": 137,
    "lat": 52.4934404,
    "lon": 13.3238521,
    "parity": "L",
    "proj_lat": 52.493465213522036,
    "proj_lon": 13.323483947913097,
    "marker-color": "#3366ff",
    "marker-symbol": "o"
  },
  {
    "rowid": 72123,
    "id": 19017,
    "source": "OA",
    "source_id": "5e2dfb8df049c722",
    "housenumber": 137,
    "lat": 52.4934404,
    "lon": 13.3238521,
    "parity": "L",
    "proj_lat": 52.493465213522036,
    "proj_lon": 13.323483947913097,
    "marker-color": "#3366ff",
    "marker-symbol": "o"
  },
  {
    "rowid": 72124,
    "id": 19017,
    "source": "OA",
    "source_id": "07b5d3bf4f3df1e0",
    "housenumber": 138,
    "lat": 52.4941436,
    "lon": 13.3240781,
    "parity": "L",
    "proj_lat": 52.49418192903057,
    "proj_lon": 13.323627638400229,
    "marker-color": "#3366ff",
    "marker-symbol": "e"
  },
  {
    "rowid": 72124,
    "id": 19017,
    "source": "OA",
    "source_id": "07b5d3bf4f3df1e0",
    "housenumber": 138,
    "lat": 52.4941436,
    "lon": 13.3240781,
    "parity": "L",
    "proj_lat": 52.49418192903057,
    "proj_lon": 13.323627638400229,
    "marker-color": "#3366ff",
    "marker-symbol": "e"
  },
  {
    "rowid": 72125,
    "id": 19017,
    "source": "OA",
    "source_id": "a871dca6e6112741",
    "housenumber": 139,
    "lat": 52.4941656,
    "lon": 13.3241541,
    "parity": "L",
    "proj_lat": 52.49426900754035,
    "proj_lon": 13.323666468277588,
    "marker-color": "#3366ff",
    "marker-symbol": "o"
  },
  {
    "rowid": 72125,
    "id": 19017,
    "source": "OA",
    "source_id": "a871dca6e6112741",
    "housenumber": 139,
    "lat": 52.4941656,
    "lon": 13.3241541,
    "parity": "L",
    "proj_lat": 52.49426900754035,
    "proj_lon": 13.323666468277588,
    "marker-color": "#3366ff",
    "marker-symbol": "o"
  },
  {
    "rowid": 72126,
    "id": 19017,
    "source": "OA",
    "source_id": "b1f03d75a9ed2161",
    "housenumber": 140,
    "lat": 52.4945116,
    "lon": 13.3241055,
    "parity": "L",
    "proj_lat": 52.49453089693026,
    "proj_lon": 13.323777040268192,
    "marker-color": "#3366ff",
    "marker-symbol": "e"
  },
  {
    "rowid": 72126,
    "id": 19017,
    "source": "OA",
    "source_id": "b1f03d75a9ed2161",
    "housenumber": 140,
    "lat": 52.4945116,
    "lon": 13.3241055,
    "parity": "L",
    "proj_lat": 52.49453089693026,
    "proj_lon": 13.323777040268192,
    "marker-color": "#3366ff",
    "marker-symbol": "e"
  },
  {
    "rowid": 72127,
    "id": 19017,
    "source": "OA",
    "source_id": "992e9934c20c3c5b",
    "housenumber": 141,
    "lat": 52.4946936,
    "lon": 13.324078,
    "parity": "L",
    "proj_lat": 52.49470961706559,
    "proj_lon": 13.323805365723603,
    "marker-color": "#3366ff",
    "marker-symbol": "o"
  },
  {
    "rowid": 72127,
    "id": 19017,
    "source": "OA",
    "source_id": "992e9934c20c3c5b",
    "housenumber": 141,
    "lat": 52.4946936,
    "lon": 13.324078,
    "parity": "L",
    "proj_lat": 52.49470961706559,
    "proj_lon": 13.323805365723603,
    "marker-color": "#3366ff",
    "marker-symbol": "o"
  },
  {
    "rowid": 72128,
    "id": 19017,
    "source": "OA",
    "source_id": "96ec394e558106ef",
    "housenumber": 142,
    "lat": 52.4949517,
    "lon": 13.3241248,
    "parity": "L",
    "proj_lat": 52.494968059924936,
    "proj_lon": 13.32384632647867,
    "marker-color": "#3366ff",
    "marker-symbol": "e"
  },
  {
    "rowid": 72128,
    "id": 19017,
    "source": "OA",
    "source_id": "96ec394e558106ef",
    "housenumber": 142,
    "lat": 52.4949517,
    "lon": 13.3241248,
    "parity": "L",
    "proj_lat": 52.494968059924936,
    "proj_lon": 13.32384632647867,
    "marker-color": "#3366ff",
    "marker-symbol": "e"
  },
  {
    "rowid": 72129,
    "id": 19017,
    "source": "OA",
    "source_id": "3e3e25df3eaf6eff",
    "housenumber": 144,
    "lat": 52.4956355,
    "lon": 13.3242481,
    "parity": "L",
    "proj_lat": 52.495654773123555,
    "proj_lon": 13.32396615098523,
    "marker-color": "#3366ff",
    "marker-symbol": "e"
  },
  {
    "rowid": 72129,
    "id": 19017,
    "source": "OA",
    "source_id": "3e3e25df3eaf6eff",
    "housenumber": 144,
    "lat": 52.4956355,
    "lon": 13.3242481,
    "parity": "L",
    "proj_lat": 52.495654773123555,
    "proj_lon": 13.32396615098523,
    "marker-color": "#3366ff",
    "marker-symbol": "e"
  },
  {
    "rowid": 72130,
    "id": 19017,
    "source": "OA",
    "source_id": "421bb9de69e0ed43",
    "housenumber": 145,
    "lat": 52.4958064,
    "lon": 13.3242777,
    "parity": "L",
    "proj_lat": 52.49582554357665,
    "proj_lon": 13.32399764396677,
    "marker-color": "#3366ff",
    "marker-symbol": "o"
  },
  {
    "rowid": 72130,
    "id": 19017,
    "source": "OA",
    "source_id": "421bb9de69e0ed43",
    "housenumber": 145,
    "lat": 52.4958064,
    "lon": 13.3242777,
    "parity": "L",
    "proj_lat": 52.49582554357665,
    "proj_lon": 13.32399764396677,
    "marker-color": "#3366ff",
    "marker-symbol": "o"
  },
  {
    "rowid": 72131,
    "id": 19017,
    "source": "OA",
    "source_id": "cdda6bff8801b0fe",
    "housenumber": 145.03,
    "lat": 52.4959403,
    "lon": 13.3243031,
    "parity": "L",
    "proj_lat": 52.49595949115763,
    "proj_lon": 13.324022346183218,
    "marker-color": "#3366ff",
    "marker-symbol": "o"
  },
  {
    "rowid": 72131,
    "id": 19017,
    "source": "OA",
    "source_id": "cdda6bff8801b0fe",
    "housenumber": 145.03,
    "lat": 52.4959403,
    "lon": 13.3243031,
    "parity": "L",
    "proj_lat": 52.49595949115763,
    "proj_lon": 13.324022346183218,
    "marker-color": "#3366ff",
    "marker-symbol": "o"
  },
  {
    "rowid": 72132,
    "id": 19017,
    "source": "OA",
    "source_id": "b6af4b326790af20",
    "housenumber": 146,
    "lat": 52.4961009,
    "lon": 13.3243332,
    "parity": "L",
    "proj_lat": 52.49612012359837,
    "proj_lon": 13.324051969542525,
    "marker-color": "#3366ff",
    "marker-symbol": "e"
  },
  {
    "rowid": 72132,
    "id": 19017,
    "source": "OA",
    "source_id": "b6af4b326790af20",
    "housenumber": 146,
    "lat": 52.4961009,
    "lon": 13.3243332,
    "parity": "L",
    "proj_lat": 52.49612012359837,
    "proj_lon": 13.324051969542525,
    "marker-color": "#3366ff",
    "marker-symbol": "e"
  },
  {
    "rowid": 72133,
    "id": 19017,
    "source": "OA",
    "source_id": "1c7638e8ea3cc3a0",
    "housenumber": 147,
    "lat": 52.4962592,
    "lon": 13.3243606,
    "parity": "L",
    "proj_lat": 52.49627830241251,
    "proj_lon": 13.324081140411279,
    "marker-color": "#3366ff",
    "marker-symbol": "o"
  },
  {
    "rowid": 72133,
    "id": 19017,
    "source": "OA",
    "source_id": "1c7638e8ea3cc3a0",
    "housenumber": 147,
    "lat": 52.4962592,
    "lon": 13.3243606,
    "parity": "L",
    "proj_lat": 52.49627830241251,
    "proj_lon": 13.324081140411279,
    "marker-color": "#3366ff",
    "marker-symbol": "o"
  },
  {
    "rowid": 72134,
    "id": 19017,
    "source": "OA",
    "source_id": "ac2e68cd104ba1d8",
    "housenumber": 148,
    "lat": 52.4964598,
    "lon": 13.3243969,
    "parity": "L",
    "proj_lat": 52.49647885538918,
    "proj_lon": 13.32411812579767,
    "marker-color": "#3366ff",
    "marker-symbol": "e"
  },
  {
    "rowid": 72134,
    "id": 19017,
    "source": "OA",
    "source_id": "ac2e68cd104ba1d8",
    "housenumber": 148,
    "lat": 52.4964598,
    "lon": 13.3243969,
    "parity": "L",
    "proj_lat": 52.49647885538918,
    "proj_lon": 13.32411812579767,
    "marker-color": "#3366ff",
    "marker-symbol": "e"
  },
  {
    "rowid": 72135,
    "id": 19017,
    "source": "OA",
    "source_id": "2b23f0f859790797",
    "housenumber": 149,
    "lat": 52.4967202,
    "lon": 13.3244438,
    "parity": "L",
    "proj_lat": 52.49673917941517,
    "proj_lon": 13.324166133984077,
    "marker-color": "#3366ff",
    "marker-symbol": "o"
  },
  {
    "rowid": 72135,
    "id": 19017,
    "source": "OA",
    "source_id": "2b23f0f859790797",
    "housenumber": 149,
    "lat": 52.4967202,
    "lon": 13.3244438,
    "parity": "L",
    "proj_lat": 52.49673917941517,
    "proj_lon": 13.324166133984077,
    "marker-color": "#3366ff",
    "marker-symbol": "o"
  },
  {
    "rowid": 72136,
    "id": 19017,
    "source": "OA",
    "source_id": "176df7422d519335",
    "housenumber": 150,
    "lat": 52.497215,
    "lon": 13.3245435,
    "parity": "L",
    "proj_lat": 52.4972382820653,
    "proj_lon": 13.324267889805505,
    "marker-color": "#3366ff",
    "marker-symbol": "e"
  },
  {
    "rowid": 72136,
    "id": 19017,
    "source": "OA",
    "source_id": "176df7422d519335",
    "housenumber": 150,
    "lat": 52.497215,
    "lon": 13.3245435,
    "parity": "L",
    "proj_lat": 52.4972382820653,
    "proj_lon": 13.324267889805505,
    "marker-color": "#3366ff",
    "marker-symbol": "e"
  },
  {
    "rowid": 72137,
    "id": 19017,
    "source": "OA",
    "source_id": "1be6b70a32591f1d",
    "housenumber": 150.03,
    "lat": 52.4970794,
    "lon": 13.3247764,
    "parity": "L",
    "proj_lat": 52.49712454626124,
    "proj_lon": 13.324241967468485,
    "marker-color": "#3366ff",
    "marker-symbol": "e"
  },
  {
    "rowid": 72137,
    "id": 19017,
    "source": "OA",
    "source_id": "1be6b70a32591f1d",
    "housenumber": 150.03,
    "lat": 52.4970794,
    "lon": 13.3247764,
    "parity": "L",
    "proj_lat": 52.49712454626124,
    "proj_lon": 13.324241967468485,
    "marker-color": "#3366ff",
    "marker-symbol": "e"
  },
  {
    "rowid": 72138,
    "id": 19017,
    "source": "OA",
    "source_id": "60c7886ac6f2341d",
    "housenumber": 151,
    "lat": 52.4973588,
    "lon": 13.3245751,
    "parity": "L",
    "proj_lat": 52.4973819845767,
    "proj_lon": 13.324300642068192,
    "marker-color": "#3366ff",
    "marker-symbol": "o"
  },
  {
    "rowid": 72138,
    "id": 19017,
    "source": "OA",
    "source_id": "60c7886ac6f2341d",
    "housenumber": 151,
    "lat": 52.4973588,
    "lon": 13.3245751,
    "parity": "L",
    "proj_lat": 52.4973819845767,
    "proj_lon": 13.324300642068192,
    "marker-color": "#3366ff",
    "marker-symbol": "o"
  },
  {
    "rowid": 72139,
    "id": 19017,
    "source": "OA",
    "source_id": "666929241feb69ac",
    "housenumber": 152,
    "lat": 52.4975084,
    "lon": 13.324608,
    "parity": "L",
    "proj_lat": 52.49753148526675,
    "proj_lon": 13.324334715835063,
    "marker-color": "#3366ff",
    "marker-symbol": "e"
  },
  {
    "rowid": 72139,
    "id": 19017,
    "source": "OA",
    "source_id": "666929241feb69ac",
    "housenumber": 152,
    "lat": 52.4975084,
    "lon": 13.324608,
    "parity": "L",
    "proj_lat": 52.49753148526675,
    "proj_lon": 13.324334715835063,
    "marker-color": "#3366ff",
    "marker-symbol": "e"
  },
  {
    "rowid": 72140,
    "id": 19017,
    "source": "OA",
    "source_id": "2e00b2bc534ded58",
    "housenumber": 153,
    "lat": 52.4976185,
    "lon": 13.3246324,
    "parity": "L",
    "proj_lat": 52.49764152766331,
    "proj_lon": 13.324359796381279,
    "marker-color": "#3366ff",
    "marker-symbol": "o"
  },
  {
    "rowid": 72140,
    "id": 19017,
    "source": "OA",
    "source_id": "2e00b2bc534ded58",
    "housenumber": 153,
    "lat": 52.4976185,
    "lon": 13.3246324,
    "parity": "L",
    "proj_lat": 52.49764152766331,
    "proj_lon": 13.324359796381279,
    "marker-color": "#3366ff",
    "marker-symbol": "o"
  },
  {
    "rowid": 72141,
    "id": 19017,
    "source": "OA",
    "source_id": "01160038ccb6c53d",
    "housenumber": 154,
    "lat": 52.4977095,
    "lon": 13.3246521,
    "parity": "L",
    "proj_lat": 52.49773244133964,
    "proj_lon": 13.324380517164654,
    "marker-color": "#3366ff",
    "marker-symbol": "e"
  },
  {
    "rowid": 72141,
    "id": 19017,
    "source": "OA",
    "source_id": "01160038ccb6c53d",
    "housenumber": 154,
    "lat": 52.4977095,
    "lon": 13.3246521,
    "parity": "L",
    "proj_lat": 52.49773244133964,
    "proj_lon": 13.324380517164654,
    "marker-color": "#3366ff",
    "marker-symbol": "e"
  },
  {
    "rowid": 72142,
    "id": 19017,
    "source": "OA",
    "source_id": "8870fcfd424e2ba1",
    "housenumber": 155,
    "lat": 52.498179,
    "lon": 13.3247587,
    "parity": "L",
    "proj_lat": 52.49820148214746,
    "proj_lon": 13.324485929412685,
    "marker-color": "#3366ff",
    "marker-symbol": "o"
  },
  {
    "rowid": 72142,
    "id": 19017,
    "source": "OA",
    "source_id": "8870fcfd424e2ba1",
    "housenumber": 155,
    "lat": 52.498179,
    "lon": 13.3247587,
    "parity": "L",
    "proj_lat": 52.49820148214746,
    "proj_lon": 13.324485929412685,
    "marker-color": "#3366ff",
    "marker-symbol": "o"
  },
  {
    "rowid": 72143,
    "id": 19017,
    "source": "OA",
    "source_id": "8dbb8204393d6a27",
    "housenumber": 156,
    "lat": 52.4983994,
    "lon": 13.3248089,
    "parity": "L",
    "proj_lat": 52.49842197790413,
    "proj_lon": 13.324534964873184,
    "marker-color": "#3366ff",
    "marker-symbol": "e"
  },
  {
    "rowid": 72143,
    "id": 19017,
    "source": "OA",
    "source_id": "8dbb8204393d6a27",
    "housenumber": 156,
    "lat": 52.4983994,
    "lon": 13.3248089,
    "parity": "L",
    "proj_lat": 52.49842197790413,
    "proj_lon": 13.324534964873184,
    "marker-color": "#3366ff",
    "marker-symbol": "e"
  },
  {
    "rowid": 72144,
    "id": 19017,
    "source": "OA",
    "source_id": "6049a21274e98e86",
    "housenumber": 157,
    "lat": 52.4985447,
    "lon": 13.324842,
    "parity": "L",
    "proj_lat": 52.49856734146458,
    "proj_lon": 13.324567291885883,
    "marker-color": "#3366ff",
    "marker-symbol": "o"
  },
  {
    "rowid": 72144,
    "id": 19017,
    "source": "OA",
    "source_id": "6049a21274e98e86",
    "housenumber": 157,
    "lat": 52.4985447,
    "lon": 13.324842,
    "parity": "L",
    "proj_lat": 52.49856734146458,
    "proj_lon": 13.324567291885883,
    "marker-color": "#3366ff",
    "marker-symbol": "o"
  },
  {
    "rowid": 72145,
    "id": 19017,
    "source": "OA",
    "source_id": "0800671e843cac46",
    "housenumber": 158,
    "lat": 52.4987261,
    "lon": 13.3249045,
    "parity": "L",
    "proj_lat": 52.49875053473537,
    "proj_lon": 13.3246080317465,
    "marker-color": "#3366ff",
    "marker-symbol": "e"
  },
  {
    "rowid": 72145,
    "id": 19017,
    "source": "OA",
    "source_id": "0800671e843cac46",
    "housenumber": 158,
    "lat": 52.4987261,
    "lon": 13.3249045,
    "parity": "L",
    "proj_lat": 52.49875053473537,
    "proj_lon": 13.3246080317465,
    "marker-color": "#3366ff",
    "marker-symbol": "e"
  },
  {
    "rowid": 72146,
    "id": 19017,
    "source": "OA",
    "source_id": "5c925f1b194e674e",
    "housenumber": 159,
    "lat": 52.4989109,
    "lon": 13.3249256,
    "parity": "L",
    "proj_lat": 52.49893371605707,
    "proj_lon": 13.324648768949789,
    "marker-color": "#3366ff",
    "marker-symbol": "o"
  },
  {
    "rowid": 72146,
    "id": 19017,
    "source": "OA",
    "source_id": "5c925f1b194e674e",
    "housenumber": 159,
    "lat": 52.4989109,
    "lon": 13.3249256,
    "parity": "L",
    "proj_lat": 52.49893371605707,
    "proj_lon": 13.324648768949789,
    "marker-color": "#3366ff",
    "marker-symbol": "o"
  },
  {
    "rowid": 72147,
    "id": 19017,
    "source": "OA",
    "source_id": "e179677680644703",
    "housenumber": 160,
    "lat": 52.4990783,
    "lon": 13.3249638,
    "parity": "L",
    "proj_lat": 52.49910119458428,
    "proj_lon": 13.32468601405069,
    "marker-color": "#3366ff",
    "marker-symbol": "e"
  },
  {
    "rowid": 72147,
    "id": 19017,
    "source": "OA",
    "source_id": "e179677680644703",
    "housenumber": 160,
    "lat": 52.4990783,
    "lon": 13.3249638,
    "parity": "L",
    "proj_lat": 52.49910119458428,
    "proj_lon": 13.32468601405069,
    "marker-color": "#3366ff",
    "marker-symbol": "e"
  },
  {
    "rowid": 72148,
    "id": 19017,
    "source": "OA",
    "source_id": "ec6d51f6387ce0cc",
    "housenumber": 161,
    "lat": 52.4992865,
    "lon": 13.3250097,
    "parity": "L",
    "proj_lat": 52.4993093619136,
    "proj_lon": 13.324732307825265,
    "marker-color": "#3366ff",
    "marker-symbol": "o"
  },
  {
    "rowid": 72148,
    "id": 19017,
    "source": "OA",
    "source_id": "ec6d51f6387ce0cc",
    "housenumber": 161,
    "lat": 52.4992865,
    "lon": 13.3250097,
    "parity": "L",
    "proj_lat": 52.4993093619136,
    "proj_lon": 13.324732307825265,
    "marker-color": "#3366ff",
    "marker-symbol": "o"
  },
  {
    "rowid": 72149,
    "id": 19017,
    "source": "OA",
    "source_id": "f28fe00dd3387df4",
    "housenumber": 162,
    "lat": 52.4995279,
    "lon": 13.325063,
    "parity": "L",
    "proj_lat": 52.49955073056458,
    "proj_lon": 13.324785985152795,
    "marker-color": "#3366ff",
    "marker-symbol": "e"
  },
  {
    "rowid": 72149,
    "id": 19017,
    "source": "OA",
    "source_id": "f28fe00dd3387df4",
    "housenumber": 162,
    "lat": 52.4995279,
    "lon": 13.325063,
    "parity": "L",
    "proj_lat": 52.49955073056458,
    "proj_lon": 13.324785985152795,
    "marker-color": "#3366ff",
    "marker-symbol": "e"
  }
]
