[
  {
    "rowid": 156375,
    "id": 17600,
    "source": "OA",
    "source_id": "96439646468be780",
    "housenumber": 1,
    "lat": 52.6209337,
    "lon": 13.4919198,
    "parity": "L",
    "proj_lat": 52.62091096118336,
    "proj_lon": 13.491967690251812,
    "marker-color": "#3366ff",
    "marker-symbol": "o"
  },
  {
    "rowid": 156375,
    "id": 17600,
    "source": "OA",
    "source_id": "96439646468be780",
    "housenumber": 1,
    "lat": 52.6209337,
    "lon": 13.4919198,
    "parity": "L",
    "proj_lat": 52.62091096118336,
    "proj_lon": 13.491967690251812,
    "marker-color": "#3366ff",
    "marker-symbol": "o"
  },
  {
    "rowid": 98966,
    "id": 17601,
    "source": "OA",
    "source_id": "ed0c3ad3e1272cda",
    "housenumber": 2,
    "lat": 52.6220347,
    "lon": 13.4918351,
    "parity": "R",
    "proj_lat": 52.6221483136114,
    "proj_lon": 13.49191992225374,
    "marker-color": "#ff0000",
    "marker-symbol": "e"
  },
  {
    "rowid": 98966,
    "id": 17601,
    "source": "OA",
    "source_id": "ed0c3ad3e1272cda",
    "housenumber": 2,
    "lat": 52.6220347,
    "lon": 13.4918351,
    "parity": "R",
    "proj_lat": 52.6221483136114,
    "proj_lon": 13.49191992225374,
    "marker-color": "#ff0000",
    "marker-symbol": "e"
  },
  {
    "rowid": 98967,
    "id": 17600,
    "source": "OA",
    "source_id": "44d56774dc43921c",
    "housenumber": 3,
    "lat": 52.6210546,
    "lon": 13.4919503,
    "parity": "L",
    "proj_lat": 52.6209949604913,
    "proj_lon": 13.49207590754204,
    "marker-color": "#3366ff",
    "marker-symbol": "o"
  },
  {
    "rowid": 98967,
    "id": 17600,
    "source": "OA",
    "source_id": "44d56774dc43921c",
    "housenumber": 3,
    "lat": 52.6210546,
    "lon": 13.4919503,
    "parity": "L",
    "proj_lat": 52.6209949604913,
    "proj_lon": 13.49207590754204,
    "marker-color": "#3366ff",
    "marker-symbol": "o"
  },
  {
    "rowid": 98968,
    "id": 17600,
    "source": "OA",
    "source_id": "69a02b1475511438",
    "housenumber": 5,
    "lat": 52.6212253,
    "lon": 13.492191,
    "parity": "L",
    "proj_lat": 52.62117178408398,
    "proj_lon": 13.492303711443247,
    "marker-color": "#3366ff",
    "marker-symbol": "o"
  },
  {
    "rowid": 98968,
    "id": 17600,
    "source": "OA",
    "source_id": "69a02b1475511438",
    "housenumber": 5,
    "lat": 52.6212253,
    "lon": 13.492191,
    "parity": "L",
    "proj_lat": 52.62117178408398,
    "proj_lon": 13.492303711443247,
    "marker-color": "#3366ff",
    "marker-symbol": "o"
  },
  {
    "rowid": 98969,
    "id": 17600,
    "source": "OA",
    "source_id": "a5068f200514b939",
    "housenumber": 7,
    "lat": 52.6212719,
    "lon": 13.4922448,
    "parity": "L",
    "proj_lat": 52.62121654723475,
    "proj_lon": 13.4923613803336,
    "marker-color": "#3366ff",
    "marker-symbol": "o"
  },
  {
    "rowid": 98969,
    "id": 17600,
    "source": "OA",
    "source_id": "a5068f200514b939",
    "housenumber": 7,
    "lat": 52.6212719,
    "lon": 13.4922448,
    "parity": "L",
    "proj_lat": 52.62121654723475,
    "proj_lon": 13.4923613803336,
    "marker-color": "#3366ff",
    "marker-symbol": "o"
  },
  {
    "rowid": 98970,
    "id": 17600,
    "source": "OA",
    "source_id": "fde7f0047c8887a7",
    "housenumber": 9,
    "lat": 52.6214123,
    "lon": 13.4924535,
    "parity": "L",
    "proj_lat": 52.62136514347052,
    "proj_lon": 13.492552818600982,
    "marker-color": "#3366ff",
    "marker-symbol": "o"
  },
  {
    "rowid": 98970,
    "id": 17600,
    "source": "OA",
    "source_id": "fde7f0047c8887a7",
    "housenumber": 9,
    "lat": 52.6214123,
    "lon": 13.4924535,
    "parity": "L",
    "proj_lat": 52.62136514347052,
    "proj_lon": 13.492552818600982,
    "marker-color": "#3366ff",
    "marker-symbol": "o"
  },
  {
    "rowid": 146023,
    "id": 17600,
    "source": "OA",
    "source_id": "79a339d664939aa4",
    "housenumber": 11,
    "lat": 52.6214578,
    "lon": 13.4924966,
    "parity": "L",
    "proj_lat": 52.621406071915814,
    "proj_lon": 13.492605547195438,
    "marker-color": "#3366ff",
    "marker-symbol": "o"
  },
  {
    "rowid": 146023,
    "id": 17600,
    "source": "OA",
    "source_id": "79a339d664939aa4",
    "housenumber": 11,
    "lat": 52.6214578,
    "lon": 13.4924966,
    "parity": "L",
    "proj_lat": 52.621406071915814,
    "proj_lon": 13.492605547195438,
    "marker-color": "#3366ff",
    "marker-symbol": "o"
  },
  {
    "rowid": 98971,
    "id": 17600,
    "source": "OA",
    "source_id": "c42679f21590903b",
    "housenumber": 13,
    "lat": 52.6215842,
    "lon": 13.4927085,
    "parity": "L",
    "proj_lat": 52.62154692423112,
    "proj_lon": 13.49278700887957,
    "marker-color": "#3366ff",
    "marker-symbol": "o"
  },
  {
    "rowid": 98971,
    "id": 17600,
    "source": "OA",
    "source_id": "c42679f21590903b",
    "housenumber": 13,
    "lat": 52.6215842,
    "lon": 13.4927085,
    "parity": "L",
    "proj_lat": 52.62154692423112,
    "proj_lon": 13.49278700887957,
    "marker-color": "#3366ff",
    "marker-symbol": "o"
  },
  {
    "rowid": 98972,
    "id": 17600,
    "source": "OA",
    "source_id": "90ca40a1c66843bf",
    "housenumber": 15,
    "lat": 52.6216306,
    "lon": 13.4927672,
    "parity": "L",
    "proj_lat": 52.62159300680522,
    "proj_lon": 13.492846377598413,
    "marker-color": "#3366ff",
    "marker-symbol": "o"
  },
  {
    "rowid": 98972,
    "id": 17600,
    "source": "OA",
    "source_id": "90ca40a1c66843bf",
    "housenumber": 15,
    "lat": 52.6216306,
    "lon": 13.4927672,
    "parity": "L",
    "proj_lat": 52.62159300680522,
    "proj_lon": 13.492846377598413,
    "marker-color": "#3366ff",
    "marker-symbol": "o"
  },
  {
    "rowid": 98973,
    "id": 17600,
    "source": "OA",
    "source_id": "c885688fd0bd5de5",
    "housenumber": 17,
    "lat": 52.6217134,
    "lon": 13.4929756,
    "parity": "L",
    "proj_lat": 52.621616,
    "proj_lon": 13.492876,
    "marker-color": "#3366ff",
    "marker-symbol": "o"
  },
  {
    "rowid": 98973,
    "id": 17600,
    "source": "OA",
    "source_id": "c885688fd0bd5de5",
    "housenumber": 17,
    "lat": 52.6217134,
    "lon": 13.4929756,
    "parity": "L",
    "proj_lat": 52.621616,
    "proj_lon": 13.492876,
    "marker-color": "#3366ff",
    "marker-symbol": "o"
  },
  {
    "rowid": 98974,
    "id": 17600,
    "source": "OA",
    "source_id": "b4112215c4313455",
    "housenumber": 19,
    "lat": 52.6216801,
    "lon": 13.4930471,
    "parity": "L",
    "proj_lat": 52.62159006029302,
    "proj_lon": 13.492930223363388,
    "marker-color": "#3366ff",
    "marker-symbol": "o"
  },
  {
    "rowid": 98974,
    "id": 17600,
    "source": "OA",
    "source_id": "b4112215c4313455",
    "housenumber": 19,
    "lat": 52.6216801,
    "lon": 13.4930471,
    "parity": "L",
    "proj_lat": 52.62159006029302,
    "proj_lon": 13.492930223363388,
    "marker-color": "#3366ff",
    "marker-symbol": "o"
  },
  {
    "rowid": 98975,
    "id": 17600,
    "source": "OA",
    "source_id": "5e3f2272d19159bd",
    "housenumber": 20,
    "lat": 52.6214138,
    "lon": 13.4929446,
    "parity": "R",
    "proj_lat": 52.621518294997124,
    "proj_lon": 13.493080238771087,
    "marker-color": "#ff0000",
    "marker-symbol": "e"
  },
  {
    "rowid": 98975,
    "id": 17600,
    "source": "OA",
    "source_id": "5e3f2272d19159bd",
    "housenumber": 20,
    "lat": 52.6214138,
    "lon": 13.4929446,
    "parity": "R",
    "proj_lat": 52.621518294997124,
    "proj_lon": 13.493080238771087,
    "marker-color": "#ff0000",
    "marker-symbol": "e"
  },
  {
    "rowid": 98976,
    "id": 17600,
    "source": "OA",
    "source_id": "ccd63a6f9de064b8",
    "housenumber": 21,
    "lat": 52.6215072,
    "lon": 13.4933375,
    "parity": "L",
    "proj_lat": 52.62143812074845,
    "proj_lon": 13.493247831929446,
    "marker-color": "#3366ff",
    "marker-symbol": "o"
  },
  {
    "rowid": 98976,
    "id": 17600,
    "source": "OA",
    "source_id": "ccd63a6f9de064b8",
    "housenumber": 21,
    "lat": 52.6215072,
    "lon": 13.4933375,
    "parity": "L",
    "proj_lat": 52.62143812074845,
    "proj_lon": 13.493247831929446,
    "marker-color": "#3366ff",
    "marker-symbol": "o"
  },
  {
    "rowid": 98977,
    "id": 17600,
    "source": "OA",
    "source_id": "57f28fe5931c03b1",
    "housenumber": 22,
    "lat": 52.6213771,
    "lon": 13.4930231,
    "parity": "R",
    "proj_lat": 52.6214810686403,
    "proj_lon": 13.493158055312152,
    "marker-color": "#ff0000",
    "marker-symbol": "e"
  },
  {
    "rowid": 98977,
    "id": 17600,
    "source": "OA",
    "source_id": "57f28fe5931c03b1",
    "housenumber": 22,
    "lat": 52.6213771,
    "lon": 13.4930231,
    "parity": "R",
    "proj_lat": 52.6214810686403,
    "proj_lon": 13.493158055312152,
    "marker-color": "#ff0000",
    "marker-symbol": "e"
  },
  {
    "rowid": 98978,
    "id": 17600,
    "source": "OA",
    "source_id": "1a81578c5b9a6889",
    "housenumber": 23,
    "lat": 52.6214719,
    "lon": 13.4934141,
    "parity": "L",
    "proj_lat": 52.621401991336086,
    "proj_lon": 13.493323355460113,
    "marker-color": "#3366ff",
    "marker-symbol": "o"
  },
  {
    "rowid": 98978,
    "id": 17600,
    "source": "OA",
    "source_id": "1a81578c5b9a6889",
    "housenumber": 23,
    "lat": 52.6214719,
    "lon": 13.4934141,
    "parity": "L",
    "proj_lat": 52.621401991336086,
    "proj_lon": 13.493323355460113,
    "marker-color": "#3366ff",
    "marker-symbol": "o"
  },
  {
    "rowid": 98979,
    "id": 17600,
    "source": "OA",
    "source_id": "cebcb78037528889",
    "housenumber": 24,
    "lat": 52.6212314,
    "lon": 13.4933318,
    "parity": "R",
    "proj_lat": 52.621334148757946,
    "proj_lon": 13.493465170969841,
    "marker-color": "#ff0000",
    "marker-symbol": "e"
  },
  {
    "rowid": 98979,
    "id": 17600,
    "source": "OA",
    "source_id": "cebcb78037528889",
    "housenumber": 24,
    "lat": 52.6212314,
    "lon": 13.4933318,
    "parity": "R",
    "proj_lat": 52.621334148757946,
    "proj_lon": 13.493465170969841,
    "marker-color": "#ff0000",
    "marker-symbol": "e"
  },
  {
    "rowid": 98980,
    "id": 17600,
    "source": "OA",
    "source_id": "99d364903f11b7a5",
    "housenumber": 25,
    "lat": 52.6213363,
    "lon": 13.4937052,
    "parity": "L",
    "proj_lat": 52.62126413435478,
    "proj_lon": 13.493611526378865,
    "marker-color": "#3366ff",
    "marker-symbol": "o"
  },
  {
    "rowid": 98980,
    "id": 17600,
    "source": "OA",
    "source_id": "99d364903f11b7a5",
    "housenumber": 25,
    "lat": 52.6213363,
    "lon": 13.4937052,
    "parity": "L",
    "proj_lat": 52.62126413435478,
    "proj_lon": 13.493611526378865,
    "marker-color": "#3366ff",
    "marker-symbol": "o"
  },
  {
    "rowid": 98981,
    "id": 17600,
    "source": "OA",
    "source_id": "f013ea23b3983864",
    "housenumber": 26,
    "lat": 52.6211951,
    "lon": 13.4934115,
    "parity": "R",
    "proj_lat": 52.621296721479474,
    "proj_lon": 13.493543407509787,
    "marker-color": "#ff0000",
    "marker-symbol": "e"
  },
  {
    "rowid": 98981,
    "id": 17600,
    "source": "OA",
    "source_id": "f013ea23b3983864",
    "housenumber": 26,
    "lat": 52.6211951,
    "lon": 13.4934115,
    "parity": "R",
    "proj_lat": 52.621296721479474,
    "proj_lon": 13.493543407509787,
    "marker-color": "#ff0000",
    "marker-symbol": "e"
  },
  {
    "rowid": 98982,
    "id": 17600,
    "source": "OA",
    "source_id": "07a29c0422dc55df",
    "housenumber": 27,
    "lat": 52.6213029,
    "lon": 13.4937773,
    "parity": "L",
    "proj_lat": 52.62123006085886,
    "proj_lon": 13.493682752301057,
    "marker-color": "#3366ff",
    "marker-symbol": "o"
  },
  {
    "rowid": 98982,
    "id": 17600,
    "source": "OA",
    "source_id": "07a29c0422dc55df",
    "housenumber": 27,
    "lat": 52.6213029,
    "lon": 13.4937773,
    "parity": "L",
    "proj_lat": 52.62123006085886,
    "proj_lon": 13.493682752301057,
    "marker-color": "#3366ff",
    "marker-symbol": "o"
  },
  {
    "rowid": 156376,
    "id": 17600,
    "source": "OA",
    "source_id": "21706b82f28d9815",
    "housenumber": 27.03,
    "lat": 52.621486,
    "lon": 13.4941193,
    "parity": "L",
    "proj_lat": 52.62119927141531,
    "proj_lon": 13.49374711336681,
    "marker-color": "#3366ff",
    "marker-symbol": "o"
  },
  {
    "rowid": 156376,
    "id": 17600,
    "source": "OA",
    "source_id": "21706b82f28d9815",
    "housenumber": 27.03,
    "lat": 52.621486,
    "lon": 13.4941193,
    "parity": "L",
    "proj_lat": 52.62119927141531,
    "proj_lon": 13.49374711336681,
    "marker-color": "#3366ff",
    "marker-symbol": "o"
  },
  {
    "rowid": 98983,
    "id": 17600,
    "source": "OA",
    "source_id": "eb129ce210af8eb9",
    "housenumber": 28,
    "lat": 52.6210405,
    "lon": 13.4937195,
    "parity": "R",
    "proj_lat": 52.62114659878448,
    "proj_lon": 13.493857218203534,
    "marker-color": "#ff0000",
    "marker-symbol": "e"
  },
  {
    "rowid": 98983,
    "id": 17600,
    "source": "OA",
    "source_id": "eb129ce210af8eb9",
    "housenumber": 28,
    "lat": 52.6210405,
    "lon": 13.4937195,
    "parity": "R",
    "proj_lat": 52.62114659878448,
    "proj_lon": 13.493857218203534,
    "marker-color": "#ff0000",
    "marker-symbol": "e"
  },
  {
    "rowid": 98984,
    "id": 17600,
    "source": "OA",
    "source_id": "385a8fc7e45719d2",
    "housenumber": 29,
    "lat": 52.6211464,
    "lon": 13.4941114,
    "parity": "L",
    "proj_lat": 52.62107150704652,
    "proj_lon": 13.494014187077461,
    "marker-color": "#3366ff",
    "marker-symbol": "o"
  },
  {
    "rowid": 98984,
    "id": 17600,
    "source": "OA",
    "source_id": "385a8fc7e45719d2",
    "housenumber": 29,
    "lat": 52.6211464,
    "lon": 13.4941114,
    "parity": "L",
    "proj_lat": 52.62107150704652,
    "proj_lon": 13.494014187077461,
    "marker-color": "#3366ff",
    "marker-symbol": "o"
  },
  {
    "rowid": 98985,
    "id": 17600,
    "source": "OA",
    "source_id": "5ca7185ab98b61f6",
    "housenumber": 30,
    "lat": 52.6210084,
    "lon": 13.4937847,
    "parity": "R",
    "proj_lat": 52.62111505976211,
    "proj_lon": 13.493923146159924,
    "marker-color": "#ff0000",
    "marker-symbol": "e"
  },
  {
    "rowid": 98985,
    "id": 17600,
    "source": "OA",
    "source_id": "5ca7185ab98b61f6",
    "housenumber": 30,
    "lat": 52.6210084,
    "lon": 13.4937847,
    "parity": "R",
    "proj_lat": 52.62111505976211,
    "proj_lon": 13.493923146159924,
    "marker-color": "#ff0000",
    "marker-symbol": "e"
  },
  {
    "rowid": 98986,
    "id": 17600,
    "source": "OA",
    "source_id": "15f741b008684223",
    "housenumber": 31,
    "lat": 52.621113,
    "lon": 13.4941838,
    "parity": "L",
    "proj_lat": 52.621037345009,
    "proj_lon": 13.494085598083604,
    "marker-color": "#3366ff",
    "marker-symbol": "o"
  },
  {
    "rowid": 98986,
    "id": 17600,
    "source": "OA",
    "source_id": "15f741b008684223",
    "housenumber": 31,
    "lat": 52.621113,
    "lon": 13.4941838,
    "parity": "L",
    "proj_lat": 52.621037345009,
    "proj_lon": 13.494085598083604,
    "marker-color": "#3366ff",
    "marker-symbol": "o"
  },
  {
    "rowid": 98987,
    "id": 17600,
    "source": "OA",
    "source_id": "9f6014604c669c82",
    "housenumber": 32,
    "lat": 52.6208568,
    "lon": 13.494115,
    "parity": "R",
    "proj_lat": 52.62095950498477,
    "proj_lon": 13.494248311869196,
    "marker-color": "#ff0000",
    "marker-symbol": "e"
  },
  {
    "rowid": 98987,
    "id": 17600,
    "source": "OA",
    "source_id": "9f6014604c669c82",
    "housenumber": 32,
    "lat": 52.6208568,
    "lon": 13.494115,
    "parity": "R",
    "proj_lat": 52.62095950498477,
    "proj_lon": 13.494248311869196,
    "marker-color": "#ff0000",
    "marker-symbol": "e"
  },
  {
    "rowid": 98988,
    "id": 17600,
    "source": "OA",
    "source_id": "71b34c0a173a4ea7",
    "housenumber": 33,
    "lat": 52.6209387,
    "lon": 13.4945066,
    "parity": "L",
    "proj_lat": 52.62087530729673,
    "proj_lon": 13.494424315470093,
    "marker-color": "#3366ff",
    "marker-symbol": "o"
  },
  {
    "rowid": 98988,
    "id": 17600,
    "source": "OA",
    "source_id": "71b34c0a173a4ea7",
    "housenumber": 33,
    "lat": 52.6209387,
    "lon": 13.4945066,
    "parity": "L",
    "proj_lat": 52.62087530729673,
    "proj_lon": 13.494424315470093,
    "marker-color": "#3366ff",
    "marker-symbol": "o"
  },
  {
    "rowid": 98989,
    "id": 17600,
    "source": "OA",
    "source_id": "24dcc5e2d0a2d4d8",
    "housenumber": 34,
    "lat": 52.6208243,
    "lon": 13.4941867,
    "parity": "R",
    "proj_lat": 52.62092589440415,
    "proj_lon": 13.49431857013109,
    "marker-color": "#ff0000",
    "marker-symbol": "e"
  },
  {
    "rowid": 98989,
    "id": 17600,
    "source": "OA",
    "source_id": "24dcc5e2d0a2d4d8",
    "housenumber": 34,
    "lat": 52.6208243,
    "lon": 13.4941867,
    "parity": "R",
    "proj_lat": 52.62092589440415,
    "proj_lon": 13.49431857013109,
    "marker-color": "#ff0000",
    "marker-symbol": "e"
  },
  {
    "rowid": 98990,
    "id": 17600,
    "source": "OA",
    "source_id": "b063f9878bffe30e",
    "housenumber": 35,
    "lat": 52.6208913,
    "lon": 13.4946087,
    "parity": "L",
    "proj_lat": 52.62082701688495,
    "proj_lon": 13.494525259885073,
    "marker-color": "#3366ff",
    "marker-symbol": "o"
  },
  {
    "rowid": 98990,
    "id": 17600,
    "source": "OA",
    "source_id": "b063f9878bffe30e",
    "housenumber": 35,
    "lat": 52.6208913,
    "lon": 13.4946087,
    "parity": "L",
    "proj_lat": 52.62082701688495,
    "proj_lon": 13.494525259885073,
    "marker-color": "#3366ff",
    "marker-symbol": "o"
  },
  {
    "rowid": 98991,
    "id": 17600,
    "source": "OA",
    "source_id": "1129d9b9046a9c0e",
    "housenumber": 36,
    "lat": 52.6206669,
    "lon": 13.49452,
    "parity": "R",
    "proj_lat": 52.62076723238871,
    "proj_lon": 13.49465023109108,
    "marker-color": "#ff0000",
    "marker-symbol": "e"
  },
  {
    "rowid": 98991,
    "id": 17600,
    "source": "OA",
    "source_id": "1129d9b9046a9c0e",
    "housenumber": 36,
    "lat": 52.6206669,
    "lon": 13.49452,
    "parity": "R",
    "proj_lat": 52.62076723238871,
    "proj_lon": 13.49465023109108,
    "marker-color": "#ff0000",
    "marker-symbol": "e"
  },
  {
    "rowid": 98992,
    "id": 17600,
    "source": "OA",
    "source_id": "102af80c4f40ccde",
    "housenumber": 37,
    "lat": 52.6207176,
    "lon": 13.4949789,
    "parity": "L",
    "proj_lat": 52.62065122003661,
    "proj_lon": 13.494892738839134,
    "marker-color": "#3366ff",
    "marker-symbol": "o"
  },
  {
    "rowid": 98992,
    "id": 17600,
    "source": "OA",
    "source_id": "102af80c4f40ccde",
    "housenumber": 37,
    "lat": 52.6207176,
    "lon": 13.4949789,
    "parity": "L",
    "proj_lat": 52.62065122003661,
    "proj_lon": 13.494892738839134,
    "marker-color": "#3366ff",
    "marker-symbol": "o"
  },
  {
    "rowid": 98993,
    "id": 17600,
    "source": "OA",
    "source_id": "9b2aac7d9b07c9bb",
    "housenumber": 38,
    "lat": 52.6206339,
    "lon": 13.4945922,
    "parity": "R",
    "proj_lat": 52.62073328270221,
    "proj_lon": 13.494721198206822,
    "marker-color": "#ff0000",
    "marker-symbol": "e"
  },
  {
    "rowid": 98993,
    "id": 17600,
    "source": "OA",
    "source_id": "9b2aac7d9b07c9bb",
    "housenumber": 38,
    "lat": 52.6206339,
    "lon": 13.4945922,
    "parity": "R",
    "proj_lat": 52.62073328270221,
    "proj_lon": 13.494721198206822,
    "marker-color": "#ff0000",
    "marker-symbol": "e"
  },
  {
    "rowid": 98994,
    "id": 17600,
    "source": "OA",
    "source_id": "831741913eed1283",
    "housenumber": 39,
    "lat": 52.6206831,
    "lon": 13.4950549,
    "parity": "L",
    "proj_lat": 52.620615574152716,
    "proj_lon": 13.494967251620537,
    "marker-color": "#3366ff",
    "marker-symbol": "o"
  },
  {
    "rowid": 98994,
    "id": 17600,
    "source": "OA",
    "source_id": "831741913eed1283",
    "housenumber": 39,
    "lat": 52.6206831,
    "lon": 13.4950549,
    "parity": "L",
    "proj_lat": 52.620615574152716,
    "proj_lon": 13.494967251620537,
    "marker-color": "#3366ff",
    "marker-symbol": "o"
  },
  {
    "rowid": 98995,
    "id": 17600,
    "source": "OA",
    "source_id": "dc13c662e0faff86",
    "housenumber": 40,
    "lat": 52.6204774,
    "lon": 13.4949239,
    "parity": "R",
    "proj_lat": 52.62057543764762,
    "proj_lon": 13.495051151423365,
    "marker-color": "#ff0000",
    "marker-symbol": "e"
  },
  {
    "rowid": 98995,
    "id": 17600,
    "source": "OA",
    "source_id": "dc13c662e0faff86",
    "housenumber": 40,
    "lat": 52.6204774,
    "lon": 13.4949239,
    "parity": "R",
    "proj_lat": 52.62057543764762,
    "proj_lon": 13.495051151423365,
    "marker-color": "#ff0000",
    "marker-symbol": "e"
  },
  {
    "rowid": 98996,
    "id": 17600,
    "source": "OA",
    "source_id": "eb7dbc1e8596ce22",
    "housenumber": 41,
    "lat": 52.6205172,
    "lon": 13.495413,
    "parity": "L",
    "proj_lat": 52.6204516680051,
    "proj_lon": 13.495308986418385,
    "marker-color": "#3366ff",
    "marker-symbol": "o"
  },
  {
    "rowid": 98996,
    "id": 17600,
    "source": "OA",
    "source_id": "eb7dbc1e8596ce22",
    "housenumber": 41,
    "lat": 52.6205172,
    "lon": 13.495413,
    "parity": "L",
    "proj_lat": 52.6204516680051,
    "proj_lon": 13.495308986418385,
    "marker-color": "#3366ff",
    "marker-symbol": "o"
  },
  {
    "rowid": 98997,
    "id": 17600,
    "source": "OA",
    "source_id": "61f370c0ff630c99",
    "housenumber": 42,
    "lat": 52.6204424,
    "lon": 13.4949996,
    "parity": "R",
    "proj_lat": 52.62053968886136,
    "proj_lon": 13.495125879307885,
    "marker-color": "#ff0000",
    "marker-symbol": "e"
  },
  {
    "rowid": 98997,
    "id": 17600,
    "source": "OA",
    "source_id": "61f370c0ff630c99",
    "housenumber": 42,
    "lat": 52.6204424,
    "lon": 13.4949996,
    "parity": "R",
    "proj_lat": 52.62053968886136,
    "proj_lon": 13.495125879307885,
    "marker-color": "#ff0000",
    "marker-symbol": "e"
  },
  {
    "rowid": 98998,
    "id": 17600,
    "source": "OA",
    "source_id": "190e6089d52644cf",
    "housenumber": 43,
    "lat": 52.6204837,
    "lon": 13.4954844,
    "parity": "L",
    "proj_lat": 52.62041388071862,
    "proj_lon": 13.495373581728439,
    "marker-color": "#3366ff",
    "marker-symbol": "o"
  },
  {
    "rowid": 98998,
    "id": 17600,
    "source": "OA",
    "source_id": "190e6089d52644cf",
    "housenumber": 43,
    "lat": 52.6204837,
    "lon": 13.4954844,
    "parity": "L",
    "proj_lat": 52.62041388071862,
    "proj_lon": 13.495373581728439,
    "marker-color": "#3366ff",
    "marker-symbol": "o"
  },
  {
    "rowid": 98999,
    "id": 17600,
    "source": "OA",
    "source_id": "97f90e72e65d7d4f",
    "housenumber": 44,
    "lat": 52.6202048,
    "lon": 13.4954312,
    "parity": "R",
    "proj_lat": 52.62029573917681,
    "proj_lon": 13.495575538265513,
    "marker-color": "#ff0000",
    "marker-symbol": "e"
  },
  {
    "rowid": 98999,
    "id": 17600,
    "source": "OA",
    "source_id": "97f90e72e65d7d4f",
    "housenumber": 44,
    "lat": 52.6202048,
    "lon": 13.4954312,
    "parity": "R",
    "proj_lat": 52.62029573917681,
    "proj_lon": 13.495575538265513,
    "marker-color": "#ff0000",
    "marker-symbol": "e"
  },
  {
    "rowid": 99000,
    "id": 17600,
    "source": "OA",
    "source_id": "b7b0c590f9709130",
    "housenumber": 45,
    "lat": 52.6202915,
    "lon": 13.4957782,
    "parity": "L",
    "proj_lat": 52.620232223085715,
    "proj_lon": 13.495684115567029,
    "marker-color": "#3366ff",
    "marker-symbol": "o"
  },
  {
    "rowid": 99000,
    "id": 17600,
    "source": "OA",
    "source_id": "b7b0c590f9709130",
    "housenumber": 45,
    "lat": 52.6202915,
    "lon": 13.4957782,
    "parity": "L",
    "proj_lat": 52.620232223085715,
    "proj_lon": 13.495684115567029,
    "marker-color": "#3366ff",
    "marker-symbol": "o"
  },
  {
    "rowid": 99001,
    "id": 17600,
    "source": "OA",
    "source_id": "dc43e6081e75c10a",
    "housenumber": 46,
    "lat": 52.620172,
    "lon": 13.4955042,
    "parity": "R",
    "proj_lat": 52.62025780365264,
    "proj_lon": 13.495640386979828,
    "marker-color": "#ff0000",
    "marker-symbol": "e"
  },
  {
    "rowid": 99001,
    "id": 17600,
    "source": "OA",
    "source_id": "dc43e6081e75c10a",
    "housenumber": 46,
    "lat": 52.620172,
    "lon": 13.4955042,
    "parity": "R",
    "proj_lat": 52.62025780365264,
    "proj_lon": 13.495640386979828,
    "marker-color": "#ff0000",
    "marker-symbol": "e"
  },
  {
    "rowid": 99002,
    "id": 17600,
    "source": "OA",
    "source_id": "2cc7045621bb2178",
    "housenumber": 47,
    "lat": 52.6202519,
    "lon": 13.4958483,
    "parity": "L",
    "proj_lat": 52.6201918932148,
    "proj_lon": 13.495753057286821,
    "marker-color": "#3366ff",
    "marker-symbol": "o"
  },
  {
    "rowid": 99002,
    "id": 17600,
    "source": "OA",
    "source_id": "2cc7045621bb2178",
    "housenumber": 47,
    "lat": 52.6202519,
    "lon": 13.4958483,
    "parity": "L",
    "proj_lat": 52.6201918932148,
    "proj_lon": 13.495753057286821,
    "marker-color": "#3366ff",
    "marker-symbol": "o"
  },
  {
    "rowid": 149049,
    "id": 17600,
    "source": "OA",
    "source_id": "9b99d718b5ab7fe4",
    "housenumber": 49,
    "lat": 52.6200963,
    "lon": 13.4961114,
    "parity": "L",
    "proj_lat": 52.620037169580364,
    "proj_lon": 13.496017548920635,
    "marker-color": "#3366ff",
    "marker-symbol": "o"
  },
  {
    "rowid": 149049,
    "id": 17600,
    "source": "OA",
    "source_id": "9b99d718b5ab7fe4",
    "housenumber": 49,
    "lat": 52.6200963,
    "lon": 13.4961114,
    "parity": "L",
    "proj_lat": 52.620037169580364,
    "proj_lon": 13.496017548920635,
    "marker-color": "#3366ff",
    "marker-symbol": "o"
  },
  {
    "rowid": 99003,
    "id": 17600,
    "source": "OA",
    "source_id": "0d2332364ee8de91",
    "housenumber": 50,
    "lat": 52.6198391,
    "lon": 13.4960786,
    "parity": "R",
    "proj_lat": 52.61992328881628,
    "proj_lon": 13.496212221890035,
    "marker-color": "#ff0000",
    "marker-symbol": "e"
  },
  {
    "rowid": 99003,
    "id": 17600,
    "source": "OA",
    "source_id": "0d2332364ee8de91",
    "housenumber": 50,
    "lat": 52.6198391,
    "lon": 13.4960786,
    "parity": "R",
    "proj_lat": 52.61992328881628,
    "proj_lon": 13.496212221890035,
    "marker-color": "#ff0000",
    "marker-symbol": "e"
  },
  {
    "rowid": 99004,
    "id": 17600,
    "source": "OA",
    "source_id": "a7d0f49f1b66dc14",
    "housenumber": 51,
    "lat": 52.6200538,
    "lon": 13.496184,
    "parity": "L",
    "proj_lat": 52.6199946851281,
    "proj_lon": 13.49609017378,
    "marker-color": "#3366ff",
    "marker-symbol": "o"
  },
  {
    "rowid": 99004,
    "id": 17600,
    "source": "OA",
    "source_id": "a7d0f49f1b66dc14",
    "housenumber": 51,
    "lat": 52.6200538,
    "lon": 13.496184,
    "parity": "L",
    "proj_lat": 52.6199946851281,
    "proj_lon": 13.49609017378,
    "marker-color": "#3366ff",
    "marker-symbol": "o"
  },
  {
    "rowid": 99005,
    "id": 17600,
    "source": "OA",
    "source_id": "de545576e8718174",
    "housenumber": 53,
    "lat": 52.6198864,
    "lon": 13.4964594,
    "parity": "L",
    "proj_lat": 52.61983054922266,
    "proj_lon": 13.496370755178926,
    "marker-color": "#3366ff",
    "marker-symbol": "o"
  },
  {
    "rowid": 99005,
    "id": 17600,
    "source": "OA",
    "source_id": "de545576e8718174",
    "housenumber": 53,
    "lat": 52.6198864,
    "lon": 13.4964594,
    "parity": "L",
    "proj_lat": 52.61983054922266,
    "proj_lon": 13.496370755178926,
    "marker-color": "#3366ff",
    "marker-symbol": "o"
  },
  {
    "rowid": 99006,
    "id": 17600,
    "source": "OA",
    "source_id": "9e6a75f8547435c9",
    "housenumber": 54,
    "lat": 52.6198062,
    "lon": 13.4961577,
    "parity": "R",
    "proj_lat": 52.61988345471632,
    "proj_lon": 13.496280316116348,
    "marker-color": "#ff0000",
    "marker-symbol": "e"
  },
  {
    "rowid": 99006,
    "id": 17600,
    "source": "OA",
    "source_id": "9e6a75f8547435c9",
    "housenumber": 54,
    "lat": 52.6198062,
    "lon": 13.4961577,
    "parity": "R",
    "proj_lat": 52.61988345471632,
    "proj_lon": 13.496280316116348,
    "marker-color": "#ff0000",
    "marker-symbol": "e"
  },
  {
    "rowid": 99007,
    "id": 17600,
    "source": "OA",
    "source_id": "4a98960c89fdb00b",
    "housenumber": 55,
    "lat": 52.6198417,
    "lon": 13.4965355,
    "parity": "L",
    "proj_lat": 52.61978594387631,
    "proj_lon": 13.496447005591325,
    "marker-color": "#3366ff",
    "marker-symbol": "o"
  },
  {
    "rowid": 99007,
    "id": 17600,
    "source": "OA",
    "source_id": "4a98960c89fdb00b",
    "housenumber": 55,
    "lat": 52.6198417,
    "lon": 13.4965355,
    "parity": "L",
    "proj_lat": 52.61978594387631,
    "proj_lon": 13.496447005591325,
    "marker-color": "#3366ff",
    "marker-symbol": "o"
  },
  {
    "rowid": 99008,
    "id": 17600,
    "source": "OA",
    "source_id": "59e92e4d219ad644",
    "housenumber": 57,
    "lat": 52.6196674,
    "lon": 13.496834,
    "parity": "L",
    "proj_lat": 52.61961147875502,
    "proj_lon": 13.496745244222693,
    "marker-color": "#3366ff",
    "marker-symbol": "o"
  },
  {
    "rowid": 99008,
    "id": 17600,
    "source": "OA",
    "source_id": "59e92e4d219ad644",
    "housenumber": 57,
    "lat": 52.6196674,
    "lon": 13.496834,
    "parity": "L",
    "proj_lat": 52.61961147875502,
    "proj_lon": 13.496745244222693,
    "marker-color": "#3366ff",
    "marker-symbol": "o"
  },
  {
    "rowid": 99009,
    "id": 17600,
    "source": "OA",
    "source_id": "52be7c473f2c53ea",
    "housenumber": 59,
    "lat": 52.6196249,
    "lon": 13.4969031,
    "parity": "L",
    "proj_lat": 52.6195700560061,
    "proj_lon": 13.49681605415796,
    "marker-color": "#3366ff",
    "marker-symbol": "o"
  },
  {
    "rowid": 99009,
    "id": 17600,
    "source": "OA",
    "source_id": "52be7c473f2c53ea",
    "housenumber": 59,
    "lat": 52.6196249,
    "lon": 13.4969031,
    "parity": "L",
    "proj_lat": 52.6195700560061,
    "proj_lon": 13.49681605415796,
    "marker-color": "#3366ff",
    "marker-symbol": "o"
  },
  {
    "rowid": 99010,
    "id": 17600,
    "source": "OA",
    "source_id": "5387544b624a711c",
    "housenumber": 61,
    "lat": 52.6193991,
    "lon": 13.4971564,
    "parity": "L",
    "proj_lat": 52.61947098119373,
    "proj_lon": 13.496960998672028,
    "marker-color": "#3366ff",
    "marker-symbol": "o"
  },
  {
    "rowid": 99010,
    "id": 17600,
    "source": "OA",
    "source_id": "5387544b624a711c",
    "housenumber": 61,
    "lat": 52.6193991,
    "lon": 13.4971564,
    "parity": "L",
    "proj_lat": 52.61947098119373,
    "proj_lon": 13.496960998672028,
    "marker-color": "#3366ff",
    "marker-symbol": "o"
  },
  {
    "rowid": 99011,
    "id": 17600,
    "source": "OA",
    "source_id": "a64859b3d40cbbe9",
    "housenumber": 63,
    "lat": 52.6193493,
    "lon": 13.4971036,
    "parity": "L",
    "proj_lat": 52.61942034812236,
    "proj_lon": 13.49691046372677,
    "marker-color": "#3366ff",
    "marker-symbol": "o"
  },
  {
    "rowid": 99011,
    "id": 17600,
    "source": "OA",
    "source_id": "a64859b3d40cbbe9",
    "housenumber": 63,
    "lat": 52.6193493,
    "lon": 13.4971036,
    "parity": "L",
    "proj_lat": 52.61942034812236,
    "proj_lon": 13.49691046372677,
    "marker-color": "#3366ff",
    "marker-symbol": "o"
  },
  {
    "rowid": 99012,
    "id": 17600,
    "source": "OA",
    "source_id": "8258c410c1e958d7",
    "housenumber": 65,
    "lat": 52.6190462,
    "lon": 13.4968552,
    "parity": "L",
    "proj_lat": 52.61913180928631,
    "proj_lon": 13.496622484074514,
    "marker-color": "#3366ff",
    "marker-symbol": "o"
  },
  {
    "rowid": 99012,
    "id": 17600,
    "source": "OA",
    "source_id": "8258c410c1e958d7",
    "housenumber": 65,
    "lat": 52.6190462,
    "lon": 13.4968552,
    "parity": "L",
    "proj_lat": 52.61913180928631,
    "proj_lon": 13.496622484074514,
    "marker-color": "#3366ff",
    "marker-symbol": "o"
  },
  {
    "rowid": 99013,
    "id": 17600,
    "source": "OA",
    "source_id": "64eea12c8622d208",
    "housenumber": 67,
    "lat": 52.6189961,
    "lon": 13.4968025,
    "parity": "L",
    "proj_lat": 52.61908098370327,
    "proj_lon": 13.496571756990663,
    "marker-color": "#3366ff",
    "marker-symbol": "o"
  },
  {
    "rowid": 99013,
    "id": 17600,
    "source": "OA",
    "source_id": "64eea12c8622d208",
    "housenumber": 67,
    "lat": 52.6189961,
    "lon": 13.4968025,
    "parity": "L",
    "proj_lat": 52.61908098370327,
    "proj_lon": 13.496571756990663,
    "marker-color": "#3366ff",
    "marker-symbol": "o"
  }
]
