[
  {
    "rowid": 257794,
    "id": 10021,
    "source": "OA",
    "source_id": "91b825c4a271726f",
    "housenumber": 2,
    "lat": 52.6200628,
    "lon": 13.4309848,
    "parity": "L",
    "proj_lat": 52.62015762229813,
    "proj_lon": 13.431156689501497,
    "marker-color": "#3366ff",
    "marker-symbol": "e"
  },
  {
    "rowid": 257795,
    "id": 10021,
    "source": "OA",
    "source_id": "67431e803796f74c",
    "housenumber": 4,
    "lat": 52.6199065,
    "lon": 13.4312646,
    "parity": "L",
    "proj_lat": 52.61998746524127,
    "proj_lon": 13.431411369017965,
    "marker-color": "#3366ff",
    "marker-symbol": "e"
  },
  {
    "rowid": 257796,
    "id": 10021,
    "source": "OA",
    "source_id": "3b9c3cbe3e3a25d0",
    "housenumber": 6,
    "lat": 52.6197889,
    "lon": 13.4315318,
    "parity": "L",
    "proj_lat": 52.61987375612817,
    "proj_lon": 13.43164014322764,
    "marker-color": "#3366ff",
    "marker-symbol": "e"
  },
  {
    "rowid": 257797,
    "id": 10021,
    "source": "OA",
    "source_id": "e43bf3841fe9f090",
    "housenumber": 8,
    "lat": 52.6197029,
    "lon": 13.431681,
    "parity": "L",
    "proj_lat": 52.61979761873042,
    "proj_lon": 13.431801935197859,
    "marker-color": "#3366ff",
    "marker-symbol": "e"
  },
  {
    "rowid": 257798,
    "id": 10021,
    "source": "OA",
    "source_id": "ee1f4b4c60bd1029",
    "housenumber": 10,
    "lat": 52.619595,
    "lon": 13.4318505,
    "parity": "L",
    "proj_lat": 52.619707294283955,
    "proj_lon": 13.431993874646603,
    "marker-color": "#3366ff",
    "marker-symbol": "e"
  },
  {
    "rowid": 264912,
    "id": 10021,
    "source": "OA",
    "source_id": "101500859837367c",
    "housenumber": 10.03,
    "lat": 52.6194279,
    "lon": 13.4316364,
    "parity": "L",
    "proj_lat": 52.619707515772994,
    "proj_lon": 13.431993403982398,
    "marker-color": "#3366ff",
    "marker-symbol": "e"
  },
  {
    "rowid": 257799,
    "id": 10021,
    "source": "OA",
    "source_id": "e9d2c4dd5d091e0a",
    "housenumber": 12,
    "lat": 52.6194964,
    "lon": 13.4320513,
    "parity": "L",
    "proj_lat": 52.61961125931488,
    "proj_lon": 13.432197948955885,
    "marker-color": "#3366ff",
    "marker-symbol": "e"
  },
  {
    "rowid": 268931,
    "id": 10021,
    "source": "OA",
    "source_id": "a6a180e83dd258b8",
    "housenumber": 14,
    "lat": 52.6194,
    "lon": 13.4322177,
    "parity": "L",
    "proj_lat": 52.61952616246196,
    "proj_lon": 13.432378779768337,
    "marker-color": "#3366ff",
    "marker-symbol": "e"
  },
  {
    "rowid": 257800,
    "id": 10021,
    "source": "OA",
    "source_id": "43279b8245eae375",
    "housenumber": 18,
    "lat": 52.6193336,
    "lon": 13.4330082,
    "parity": "L",
    "proj_lat": 52.61941982125061,
    "proj_lon": 13.433096391632773,
    "marker-color": "#3366ff",
    "marker-symbol": "e"
  },
  {
    "rowid": 257801,
    "id": 10021,
    "source": "OA",
    "source_id": "345faa61cc3fa159",
    "housenumber": 20,
    "lat": 52.6192157,
    "lon": 13.4332647,
    "parity": "L",
    "proj_lat": 52.61931722054704,
    "proj_lon": 13.43336853999899,
    "marker-color": "#3366ff",
    "marker-symbol": "e"
  },
  {
    "rowid": 257802,
    "id": 10021,
    "source": "OA",
    "source_id": "41438b99442460f4",
    "housenumber": 22,
    "lat": 52.6191362,
    "lon": 13.4334051,
    "parity": "L",
    "proj_lat": 52.619256895388524,
    "proj_lon": 13.433528552481944,
    "marker-color": "#3366ff",
    "marker-symbol": "e"
  },
  {
    "rowid": 264913,
    "id": 10021,
    "source": "OA",
    "source_id": "65f4ad4e6f8e96a4",
    "housenumber": 24,
    "lat": 52.6190758,
    "lon": 13.4337784,
    "parity": "L",
    "proj_lat": 52.61913851745297,
    "proj_lon": 13.433842549956008,
    "marker-color": "#3366ff",
    "marker-symbol": "e"
  },
  {
    "rowid": 257803,
    "id": 10021,
    "source": "OA",
    "source_id": "1e5c383ab0c4786b",
    "housenumber": 26,
    "lat": 52.6189573,
    "lon": 13.4339677,
    "parity": "L",
    "proj_lat": 52.61905403383401,
    "proj_lon": 13.434066642755278,
    "marker-color": "#3366ff",
    "marker-symbol": "e"
  },
  {
    "rowid": 257804,
    "id": 10021,
    "source": "OA",
    "source_id": "9be07fbb1bf12e68",
    "housenumber": 28,
    "lat": 52.6188013,
    "lon": 13.4341272,
    "parity": "L",
    "proj_lat": 52.618967222413175,
    "proj_lon": 13.434296910049056,
    "marker-color": "#3366ff",
    "marker-symbol": "e"
  },
  {
    "rowid": 257805,
    "id": 10021,
    "source": "OA",
    "source_id": "7022832efc25653e",
    "housenumber": 30,
    "lat": 52.6186777,
    "lon": 13.4343174,
    "parity": "L",
    "proj_lat": 52.61888107490283,
    "proj_lon": 13.434525416320247,
    "marker-color": "#3366ff",
    "marker-symbol": "e"
  },
  {
    "rowid": 257806,
    "id": 10021,
    "source": "OA",
    "source_id": "db9f1c7bd024d2bc",
    "housenumber": 32,
    "lat": 52.6186354,
    "lon": 13.4346613,
    "parity": "L",
    "proj_lat": 52.61873453042033,
    "proj_lon": 13.434869868668514,
    "marker-color": "#3366ff",
    "marker-symbol": "e"
  },
  {
    "rowid": 257807,
    "id": 10022,
    "source": "OA",
    "source_id": "acfb083129537bc3",
    "housenumber": 34,
    "lat": 52.6184793,
    "lon": 13.4348687,
    "parity": "L",
    "proj_lat": 52.618450985913675,
    "proj_lon": 13.435113258395964,
    "marker-color": "#3366ff",
    "marker-symbol": "e"
  },
  {
    "rowid": 257808,
    "id": 10022,
    "source": "OA",
    "source_id": "a9a41ae5dcf1381f",
    "housenumber": 36,
    "lat": 52.6183279,
    "lon": 13.434795,
    "parity": "L",
    "proj_lat": 52.61829666496131,
    "proj_lon": 13.43506478578913,
    "marker-color": "#3366ff",
    "marker-symbol": "e"
  },
  {
    "rowid": 257809,
    "id": 10022,
    "source": "OA",
    "source_id": "8ffaccbf434a02e9",
    "housenumber": 38,
    "lat": 52.6181636,
    "lon": 13.4347765,
    "parity": "L",
    "proj_lat": 52.618136063302224,
    "proj_lon": 13.435014340396211,
    "marker-color": "#3366ff",
    "marker-symbol": "e"
  },
  {
    "rowid": 257810,
    "id": 10021,
    "source": "OA",
    "source_id": "1dc48021f40e7170",
    "housenumber": 39,
    "lat": 52.6187795,
    "lon": 13.4350807,
    "parity": "R",
    "proj_lat": 52.618671296676716,
    "proj_lon": 13.435017453160885,
    "marker-color": "#ff0000",
    "marker-symbol": "o"
  },
  {
    "rowid": 257811,
    "id": 10021,
    "source": "OA",
    "source_id": "faf3cb3c4085b0a4",
    "housenumber": 39.03,
    "lat": 52.6189211,
    "lon": 13.4354214,
    "parity": "R",
    "proj_lat": 52.61862275786832,
    "proj_lon": 13.435353381366888,
    "marker-color": "#ff0000",
    "marker-symbol": "o"
  },
  {
    "rowid": 264914,
    "id": 10022,
    "source": "OA",
    "source_id": "de5088b6eb2272f8",
    "housenumber": 40,
    "lat": 52.6180014,
    "lon": 13.4348806,
    "parity": "L",
    "proj_lat": 52.618014,
    "proj_lon": 13.434976,
    "marker-color": "#3366ff",
    "marker-symbol": "e"
  },
  {
    "rowid": 257812,
    "id": 10021,
    "source": "OA",
    "source_id": "63a036dad06aad96",
    "housenumber": 41,
    "lat": 52.6187802,
    "lon": 13.4356739,
    "parity": "R",
    "proj_lat": 52.61861079617577,
    "proj_lon": 13.435660693083152,
    "marker-color": "#ff0000",
    "marker-symbol": "o"
  },
  {
    "rowid": 257813,
    "id": 10021,
    "source": "OA",
    "source_id": "936eeb0f69ab0036",
    "housenumber": 41.03,
    "lat": 52.618815,
    "lon": 13.4358422,
    "parity": "R",
    "proj_lat": 52.61861109228768,
    "proj_lon": 13.435859117807045,
    "marker-color": "#ff0000",
    "marker-symbol": "o"
  },
  {
    "rowid": 257814,
    "id": 10022,
    "source": "OA",
    "source_id": "6e6d2e5ba25c0e8f",
    "housenumber": 42,
    "lat": 52.6178978,
    "lon": 13.434961,
    "parity": "L",
    "proj_lat": 52.6180121467148,
    "proj_lon": 13.434993623057524,
    "marker-color": "#3366ff",
    "marker-symbol": "e"
  },
  {
    "rowid": 257815,
    "id": 10021,
    "source": "OA",
    "source_id": "958df79d8982361a",
    "housenumber": 43,
    "lat": 52.6188318,
    "lon": 13.4361527,
    "parity": "R",
    "proj_lat": 52.618624172105676,
    "proj_lon": 13.43618683974372,
    "marker-color": "#ff0000",
    "marker-symbol": "o"
  },
  {
    "rowid": 257816,
    "id": 10021,
    "source": "OA",
    "source_id": "bd0fd38793ad55a5",
    "housenumber": 45,
    "lat": 52.6188245,
    "lon": 13.4364475,
    "parity": "R",
    "proj_lat": 52.61864926949057,
    "proj_lon": 13.43651413425002,
    "marker-color": "#ff0000",
    "marker-symbol": "o"
  },
  {
    "rowid": 264915,
    "id": 10021,
    "source": "OA",
    "source_id": "23431fd45e157253",
    "housenumber": 47,
    "lat": 52.6193075,
    "lon": 13.4350155,
    "parity": "R",
    "proj_lat": 52.61886640578344,
    "proj_lon": 13.434564326159414,
    "marker-color": "#ff0000",
    "marker-symbol": "o"
  },
  {
    "rowid": 257817,
    "id": 10022,
    "source": "OA",
    "source_id": "5d07a43fe5438230",
    "housenumber": 52,
    "lat": 52.6182939,
    "lon": 13.4365505,
    "parity": "R",
    "proj_lat": 52.618191502976224,
    "proj_lon": 13.436608704470581,
    "marker-color": "#ff0000",
    "marker-symbol": "e"
  },
  {
    "rowid": 257818,
    "id": 10022,
    "source": "OA",
    "source_id": "34be1ab7d1d8307b",
    "housenumber": 54,
    "lat": 52.6181885,
    "lon": 13.4362097,
    "parity": "R",
    "proj_lat": 52.618116481342874,
    "proj_lon": 13.436250636615839,
    "marker-color": "#ff0000",
    "marker-symbol": "e"
  },
  {
    "rowid": 257819,
    "id": 10022,
    "source": "OA",
    "source_id": "257e885ee4981073",
    "housenumber": 56,
    "lat": 52.6181363,
    "lon": 13.4359416,
    "parity": "R",
    "proj_lat": 52.61806073224115,
    "proj_lon": 13.435984553882511,
    "marker-color": "#ff0000",
    "marker-symbol": "e"
  },
  {
    "rowid": 257820,
    "id": 10022,
    "source": "OA",
    "source_id": "3f0f64589721a8c9",
    "housenumber": 58,
    "lat": 52.6180927,
    "lon": 13.4356508,
    "parity": "R",
    "proj_lat": 52.61800164842506,
    "proj_lon": 13.435702555019882,
    "marker-color": "#ff0000",
    "marker-symbol": "e"
  },
  {
    "rowid": 257821,
    "id": 10022,
    "source": "OA",
    "source_id": "ad5469b53278b7c5",
    "housenumber": 60,
    "lat": 52.618084,
    "lon": 13.4352139,
    "parity": "R",
    "proj_lat": 52.61799174962969,
    "proj_lon": 13.435187580794036,
    "marker-color": "#ff0000",
    "marker-symbol": "e"
  },
  {
    "rowid": 257822,
    "id": 10022,
    "source": "OA",
    "source_id": "6e4e3ce5185341f9",
    "housenumber": 62,
    "lat": 52.6181952,
    "lon": 13.4354164,
    "parity": "R",
    "proj_lat": 52.61797431372408,
    "proj_lon": 13.435353380405544,
    "marker-color": "#ff0000",
    "marker-symbol": "e"
  },
  {
    "rowid": 257823,
    "id": 10022,
    "source": "OA",
    "source_id": "5c1d3e0ce965e61c",
    "housenumber": 64,
    "lat": 52.618352,
    "lon": 13.4352288,
    "parity": "R",
    "proj_lat": 52.61836838106394,
    "proj_lon": 13.435087312000853,
    "marker-color": "#ff0000",
    "marker-symbol": "e"
  },
  {
    "rowid": 257824,
    "id": 10021,
    "source": "OA",
    "source_id": "611d09c4be17904d",
    "housenumber": 66,
    "lat": 52.6184836,
    "lon": 13.4354781,
    "parity": "L",
    "proj_lat": 52.618615747063295,
    "proj_lon": 13.43548840219734,
    "marker-color": "#3366ff",
    "marker-symbol": "e"
  },
  {
    "rowid": 257825,
    "id": 10021,
    "source": "OA",
    "source_id": "d8ca64db5762be12",
    "housenumber": 68,
    "lat": 52.6184787,
    "lon": 13.4357414,
    "parity": "L",
    "proj_lat": 52.61860818693072,
    "proj_lon": 13.435751494810898,
    "marker-color": "#3366ff",
    "marker-symbol": "e"
  },
  {
    "rowid": 257826,
    "id": 10021,
    "source": "OA",
    "source_id": "1e65b89f9368febd",
    "housenumber": 70,
    "lat": 52.6184781,
    "lon": 13.4359856,
    "parity": "L",
    "proj_lat": 52.61861461388061,
    "proj_lon": 13.435974273896061,
    "marker-color": "#3366ff",
    "marker-symbol": "e"
  },
  {
    "rowid": 257827,
    "id": 10021,
    "source": "OA",
    "source_id": "5607a33add08a4d9",
    "housenumber": 72,
    "lat": 52.6184855,
    "lon": 13.4362689,
    "parity": "L",
    "proj_lat": 52.618627728130214,
    "proj_lon": 13.43624551414855,
    "marker-color": "#3366ff",
    "marker-symbol": "e"
  },
  {
    "rowid": 257828,
    "id": 10021,
    "source": "OA",
    "source_id": "4d554f6d84e5554a",
    "housenumber": 74,
    "lat": 52.6185328,
    "lon": 13.4367469,
    "parity": "L",
    "proj_lat": 52.618674349998685,
    "proj_lon": 13.436693074029083,
    "marker-color": "#3366ff",
    "marker-symbol": "e"
  }
]
