[
  {
    "rowid": 185766,
    "id": 40022,
    "source": "OA",
    "source_id": "a1adb4c8899ee33c",
    "housenumber": 2,
    "lat": 52.4954708,
    "lon": 13.3296105,
    "parity": "R",
    "proj_lat": 52.49531395082582,
    "proj_lon": 13.329654256156985,
    "marker-color": "#ff0000",
    "marker-symbol": "e"
  },
  {
    "rowid": 185766,
    "id": 40022,
    "source": "OA",
    "source_id": "a1adb4c8899ee33c",
    "housenumber": 2,
    "lat": 52.4954708,
    "lon": 13.3296105,
    "parity": "R",
    "proj_lat": 52.49531395082582,
    "proj_lon": 13.329654256156985,
    "marker-color": "#ff0000",
    "marker-symbol": "e"
  },
  {
    "rowid": 185767,
    "id": 40022,
    "source": "OA",
    "source_id": "3fcc541a753985fd",
    "housenumber": 3,
    "lat": 52.4954293,
    "lon": 13.3292052,
    "parity": "R",
    "proj_lat": 52.495270414712024,
    "proj_lon": 13.329253089061737,
    "marker-color": "#ff0000",
    "marker-symbol": "o"
  },
  {
    "rowid": 185767,
    "id": 40022,
    "source": "OA",
    "source_id": "3fcc541a753985fd",
    "housenumber": 3,
    "lat": 52.4954293,
    "lon": 13.3292052,
    "parity": "R",
    "proj_lat": 52.495270414712024,
    "proj_lon": 13.329253089061737,
    "marker-color": "#ff0000",
    "marker-symbol": "o"
  },
  {
    "rowid": 185768,
    "id": 40022,
    "source": "OA",
    "source_id": "3087a0577ab3c761",
    "housenumber": 4,
    "lat": 52.4953926,
    "lon": 13.3288473,
    "parity": "R",
    "proj_lat": 52.49523061427515,
    "proj_lon": 13.328893193708907,
    "marker-color": "#ff0000",
    "marker-symbol": "e"
  },
  {
    "rowid": 185768,
    "id": 40022,
    "source": "OA",
    "source_id": "3087a0577ab3c761",
    "housenumber": 4,
    "lat": 52.4953926,
    "lon": 13.3288473,
    "parity": "R",
    "proj_lat": 52.49523061427515,
    "proj_lon": 13.328893193708907,
    "marker-color": "#ff0000",
    "marker-symbol": "e"
  },
  {
    "rowid": 185769,
    "id": 40022,
    "source": "OA",
    "source_id": "ac9d69f27667cec4",
    "housenumber": 5,
    "lat": 52.4953541,
    "lon": 13.3284889,
    "parity": "R",
    "proj_lat": 52.495192951095376,
    "proj_lon": 13.328534556541499,
    "marker-color": "#ff0000",
    "marker-symbol": "o"
  },
  {
    "rowid": 185769,
    "id": 40022,
    "source": "OA",
    "source_id": "ac9d69f27667cec4",
    "housenumber": 5,
    "lat": 52.4953541,
    "lon": 13.3284889,
    "parity": "R",
    "proj_lat": 52.495192951095376,
    "proj_lon": 13.328534556541499,
    "marker-color": "#ff0000",
    "marker-symbol": "o"
  },
  {
    "rowid": 185770,
    "id": 40022,
    "source": "OA",
    "source_id": "3a9d149a6acca8ab",
    "housenumber": 6,
    "lat": 52.4953321,
    "lon": 13.3282575,
    "parity": "R",
    "proj_lat": 52.49516871652647,
    "proj_lon": 13.328303789590937,
    "marker-color": "#ff0000",
    "marker-symbol": "e"
  },
  {
    "rowid": 185770,
    "id": 40022,
    "source": "OA",
    "source_id": "3a9d149a6acca8ab",
    "housenumber": 6,
    "lat": 52.4953321,
    "lon": 13.3282575,
    "parity": "R",
    "proj_lat": 52.49516871652647,
    "proj_lon": 13.328303789590937,
    "marker-color": "#ff0000",
    "marker-symbol": "e"
  },
  {
    "rowid": 185771,
    "id": 40022,
    "source": "OA",
    "source_id": "2133c5672bb01ea4",
    "housenumber": 7,
    "lat": 52.4952906,
    "lon": 13.3278522,
    "parity": "R",
    "proj_lat": 52.49512329597861,
    "proj_lon": 13.327909156811613,
    "marker-color": "#ff0000",
    "marker-symbol": "o"
  },
  {
    "rowid": 185771,
    "id": 40022,
    "source": "OA",
    "source_id": "2133c5672bb01ea4",
    "housenumber": 7,
    "lat": 52.4952906,
    "lon": 13.3278522,
    "parity": "R",
    "proj_lat": 52.49512329597861,
    "proj_lon": 13.327909156811613,
    "marker-color": "#ff0000",
    "marker-symbol": "o"
  },
  {
    "rowid": 185772,
    "id": 40022,
    "source": "OA",
    "source_id": "3ac774450fb01aa1",
    "housenumber": 8,
    "lat": 52.495261,
    "lon": 13.3275636,
    "parity": "R",
    "proj_lat": 52.495089331584,
    "proj_lon": 13.327652747009536,
    "marker-color": "#ff0000",
    "marker-symbol": "e"
  },
  {
    "rowid": 185772,
    "id": 40022,
    "source": "OA",
    "source_id": "3ac774450fb01aa1",
    "housenumber": 8,
    "lat": 52.495261,
    "lon": 13.3275636,
    "parity": "R",
    "proj_lat": 52.495089331584,
    "proj_lon": 13.327652747009536,
    "marker-color": "#ff0000",
    "marker-symbol": "e"
  },
  {
    "rowid": 185773,
    "id": 40022,
    "source": "OA",
    "source_id": "e5cce82c3ee07a58",
    "housenumber": 10,
    "lat": 52.4950155,
    "lon": 13.3263993,
    "parity": "R",
    "proj_lat": 52.49483229831809,
    "proj_lon": 13.326528900365597,
    "marker-color": "#ff0000",
    "marker-symbol": "e"
  },
  {
    "rowid": 185773,
    "id": 40022,
    "source": "OA",
    "source_id": "e5cce82c3ee07a58",
    "housenumber": 10,
    "lat": 52.4950155,
    "lon": 13.3263993,
    "parity": "R",
    "proj_lat": 52.49483229831809,
    "proj_lon": 13.326528900365597,
    "marker-color": "#ff0000",
    "marker-symbol": "e"
  },
  {
    "rowid": 185774,
    "id": 40022,
    "source": "OA",
    "source_id": "d2a98df9576e748b",
    "housenumber": 11,
    "lat": 52.4949266,
    "lon": 13.3260267,
    "parity": "R",
    "proj_lat": 52.49472848175846,
    "proj_lon": 13.326200405410633,
    "marker-color": "#ff0000",
    "marker-symbol": "o"
  },
  {
    "rowid": 185774,
    "id": 40022,
    "source": "OA",
    "source_id": "d2a98df9576e748b",
    "housenumber": 11,
    "lat": 52.4949266,
    "lon": 13.3260267,
    "parity": "R",
    "proj_lat": 52.49472848175846,
    "proj_lon": 13.326200405410633,
    "marker-color": "#ff0000",
    "marker-symbol": "o"
  },
  {
    "rowid": 185775,
    "id": 40022,
    "source": "OA",
    "source_id": "303dad4241e4805f",
    "housenumber": 12,
    "lat": 52.4946074,
    "lon": 13.3254013,
    "parity": "R",
    "proj_lat": 52.49449120780668,
    "proj_lon": 13.325511128226628,
    "marker-color": "#ff0000",
    "marker-symbol": "e"
  },
  {
    "rowid": 185775,
    "id": 40022,
    "source": "OA",
    "source_id": "303dad4241e4805f",
    "housenumber": 12,
    "lat": 52.4946074,
    "lon": 13.3254013,
    "parity": "R",
    "proj_lat": 52.49449120780668,
    "proj_lon": 13.325511128226628,
    "marker-color": "#ff0000",
    "marker-symbol": "e"
  },
  {
    "rowid": 185776,
    "id": 40022,
    "source": "OA",
    "source_id": "8e333d86e5794547",
    "housenumber": 13,
    "lat": 52.4944558,
    "lon": 13.3250426,
    "parity": "R",
    "proj_lat": 52.49435580402102,
    "proj_lon": 13.325148666919597,
    "marker-color": "#ff0000",
    "marker-symbol": "o"
  },
  {
    "rowid": 185776,
    "id": 40022,
    "source": "OA",
    "source_id": "8e333d86e5794547",
    "housenumber": 13,
    "lat": 52.4944558,
    "lon": 13.3250426,
    "parity": "R",
    "proj_lat": 52.49435580402102,
    "proj_lon": 13.325148666919597,
    "marker-color": "#ff0000",
    "marker-symbol": "o"
  },
  {
    "rowid": 185777,
    "id": 40022,
    "source": "OA",
    "source_id": "d338da5bc2bdc3bf",
    "housenumber": 14,
    "lat": 52.4943419,
    "lon": 13.3247288,
    "parity": "R",
    "proj_lat": 52.494235212072525,
    "proj_lon": 13.324841964562411,
    "marker-color": "#ff0000",
    "marker-symbol": "e"
  },
  {
    "rowid": 185777,
    "id": 40022,
    "source": "OA",
    "source_id": "d338da5bc2bdc3bf",
    "housenumber": 14,
    "lat": 52.4943419,
    "lon": 13.3247288,
    "parity": "R",
    "proj_lat": 52.494235212072525,
    "proj_lon": 13.324841964562411,
    "marker-color": "#ff0000",
    "marker-symbol": "e"
  },
  {
    "rowid": 185778,
    "id": 40022,
    "source": "OA",
    "source_id": "d3b7a8e2ef65bded",
    "housenumber": 15,
    "lat": 52.4942697,
    "lon": 13.3244071,
    "parity": "R",
    "proj_lat": 52.494124700968605,
    "proj_lon": 13.324560900888658,
    "marker-color": "#ff0000",
    "marker-symbol": "o"
  },
  {
    "rowid": 185778,
    "id": 40022,
    "source": "OA",
    "source_id": "d3b7a8e2ef65bded",
    "housenumber": 15,
    "lat": 52.4942697,
    "lon": 13.3244071,
    "parity": "R",
    "proj_lat": 52.494124700968605,
    "proj_lon": 13.324560900888658,
    "marker-color": "#ff0000",
    "marker-symbol": "o"
  },
  {
    "rowid": 185779,
    "id": 40022,
    "source": "OA",
    "source_id": "4bf392668a5508c6",
    "housenumber": 16,
    "lat": 52.4937391,
    "lon": 13.3232016,
    "parity": "R",
    "proj_lat": 52.4936322273686,
    "proj_lon": 13.323315438343053,
    "marker-color": "#ff0000",
    "marker-symbol": "e"
  },
  {
    "rowid": 185779,
    "id": 40022,
    "source": "OA",
    "source_id": "4bf392668a5508c6",
    "housenumber": 16,
    "lat": 52.4937391,
    "lon": 13.3232016,
    "parity": "R",
    "proj_lat": 52.4936322273686,
    "proj_lon": 13.323315438343053,
    "marker-color": "#ff0000",
    "marker-symbol": "e"
  },
  {
    "rowid": 185780,
    "id": 40022,
    "source": "OA",
    "source_id": "9d710284ab7c07cb",
    "housenumber": 17,
    "lat": 52.4936186,
    "lon": 13.3228962,
    "parity": "R",
    "proj_lat": 52.49351166428374,
    "proj_lon": 13.323010104915392,
    "marker-color": "#ff0000",
    "marker-symbol": "o"
  },
  {
    "rowid": 185780,
    "id": 40022,
    "source": "OA",
    "source_id": "9d710284ab7c07cb",
    "housenumber": 17,
    "lat": 52.4936186,
    "lon": 13.3228962,
    "parity": "R",
    "proj_lat": 52.49351166428374,
    "proj_lon": 13.323010104915392,
    "marker-color": "#ff0000",
    "marker-symbol": "o"
  },
  {
    "rowid": 185781,
    "id": 40022,
    "source": "OA",
    "source_id": "ca443ecbebe9bc8f",
    "housenumber": 18,
    "lat": 52.4935206,
    "lon": 13.322648,
    "parity": "R",
    "proj_lat": 52.49341366164869,
    "proj_lon": 13.322761907214472,
    "marker-color": "#ff0000",
    "marker-symbol": "e"
  },
  {
    "rowid": 185781,
    "id": 40022,
    "source": "OA",
    "source_id": "ca443ecbebe9bc8f",
    "housenumber": 18,
    "lat": 52.4935206,
    "lon": 13.322648,
    "parity": "R",
    "proj_lat": 52.49341366164869,
    "proj_lon": 13.322761907214472,
    "marker-color": "#ff0000",
    "marker-symbol": "e"
  },
  {
    "rowid": 185782,
    "id": 40022,
    "source": "OA",
    "source_id": "ca3e048b4bd6a511",
    "housenumber": 19,
    "lat": 52.4934263,
    "lon": 13.322409,
    "parity": "R",
    "proj_lat": 52.493319311634124,
    "proj_lon": 13.322522959999592,
    "marker-color": "#ff0000",
    "marker-symbol": "o"
  },
  {
    "rowid": 185782,
    "id": 40022,
    "source": "OA",
    "source_id": "ca3e048b4bd6a511",
    "housenumber": 19,
    "lat": 52.4934263,
    "lon": 13.322409,
    "parity": "R",
    "proj_lat": 52.493319311634124,
    "proj_lon": 13.322522959999592,
    "marker-color": "#ff0000",
    "marker-symbol": "o"
  },
  {
    "rowid": 185783,
    "id": 40022,
    "source": "OA",
    "source_id": "4bcd0757a626bdab",
    "housenumber": 20,
    "lat": 52.4933368,
    "lon": 13.3221823,
    "parity": "R",
    "proj_lat": 52.49322980156965,
    "proj_lon": 13.322296270255979,
    "marker-color": "#ff0000",
    "marker-symbol": "e"
  },
  {
    "rowid": 185783,
    "id": 40022,
    "source": "OA",
    "source_id": "4bcd0757a626bdab",
    "housenumber": 20,
    "lat": 52.4933368,
    "lon": 13.3221823,
    "parity": "R",
    "proj_lat": 52.49322980156965,
    "proj_lon": 13.322296270255979,
    "marker-color": "#ff0000",
    "marker-symbol": "e"
  },
  {
    "rowid": 185784,
    "id": 40022,
    "source": "OA",
    "source_id": "68806d35b572f2f2",
    "housenumber": 21,
    "lat": 52.4930691,
    "lon": 13.3214851,
    "parity": "R",
    "proj_lat": 52.49295939540192,
    "proj_lon": 13.321585535422937,
    "marker-color": "#ff0000",
    "marker-symbol": "o"
  },
  {
    "rowid": 185784,
    "id": 40022,
    "source": "OA",
    "source_id": "68806d35b572f2f2",
    "housenumber": 21,
    "lat": 52.4930691,
    "lon": 13.3214851,
    "parity": "R",
    "proj_lat": 52.49295939540192,
    "proj_lon": 13.321585535422937,
    "marker-color": "#ff0000",
    "marker-symbol": "o"
  },
  {
    "rowid": 185785,
    "id": 40022,
    "source": "OA",
    "source_id": "f436e461fc6d177b",
    "housenumber": 22,
    "lat": 52.4929881,
    "lon": 13.321247,
    "parity": "R",
    "proj_lat": 52.49287854203468,
    "proj_lon": 13.321347300809997,
    "marker-color": "#ff0000",
    "marker-symbol": "e"
  },
  {
    "rowid": 185785,
    "id": 40022,
    "source": "OA",
    "source_id": "f436e461fc6d177b",
    "housenumber": 22,
    "lat": 52.4929881,
    "lon": 13.321247,
    "parity": "R",
    "proj_lat": 52.49287854203468,
    "proj_lon": 13.321347300809997,
    "marker-color": "#ff0000",
    "marker-symbol": "e"
  },
  {
    "rowid": 185786,
    "id": 40022,
    "source": "OA",
    "source_id": "50141dbe5a94928a",
    "housenumber": 23,
    "lat": 52.4929277,
    "lon": 13.3209899,
    "parity": "R",
    "proj_lat": 52.49279765227071,
    "proj_lon": 13.32110895895402,
    "marker-color": "#ff0000",
    "marker-symbol": "o"
  },
  {
    "rowid": 185786,
    "id": 40022,
    "source": "OA",
    "source_id": "50141dbe5a94928a",
    "housenumber": 23,
    "lat": 52.4929277,
    "lon": 13.3209899,
    "parity": "R",
    "proj_lat": 52.49279765227071,
    "proj_lon": 13.32110895895402,
    "marker-color": "#ff0000",
    "marker-symbol": "o"
  },
  {
    "rowid": 185787,
    "id": 40022,
    "source": "OA",
    "source_id": "bbd8b434ff5d0c92",
    "housenumber": 24,
    "lat": 52.4928504,
    "lon": 13.3207633,
    "parity": "R",
    "proj_lat": 52.49272065371821,
    "proj_lon": 13.320882082560646,
    "marker-color": "#ff0000",
    "marker-symbol": "e"
  },
  {
    "rowid": 185787,
    "id": 40022,
    "source": "OA",
    "source_id": "bbd8b434ff5d0c92",
    "housenumber": 24,
    "lat": 52.4928504,
    "lon": 13.3207633,
    "parity": "R",
    "proj_lat": 52.49272065371821,
    "proj_lon": 13.320882082560646,
    "marker-color": "#ff0000",
    "marker-symbol": "e"
  },
  {
    "rowid": 185788,
    "id": 40022,
    "source": "OA",
    "source_id": "ca721fb9d41d1156",
    "housenumber": 25,
    "lat": 52.4927646,
    "lon": 13.3205118,
    "parity": "R",
    "proj_lat": 52.49263519276895,
    "proj_lon": 13.320630271697818,
    "marker-color": "#ff0000",
    "marker-symbol": "o"
  },
  {
    "rowid": 185788,
    "id": 40022,
    "source": "OA",
    "source_id": "ca721fb9d41d1156",
    "housenumber": 25,
    "lat": 52.4927646,
    "lon": 13.3205118,
    "parity": "R",
    "proj_lat": 52.49263519276895,
    "proj_lon": 13.320630271697818,
    "marker-color": "#ff0000",
    "marker-symbol": "o"
  },
  {
    "rowid": 185789,
    "id": 40022,
    "source": "OA",
    "source_id": "909384e72180e020",
    "housenumber": 27,
    "lat": 52.4919406,
    "lon": 13.3181717,
    "parity": "R",
    "proj_lat": 52.49183104075368,
    "proj_lon": 13.318274408927838,
    "marker-color": "#ff0000",
    "marker-symbol": "o"
  },
  {
    "rowid": 185789,
    "id": 40022,
    "source": "OA",
    "source_id": "909384e72180e020",
    "housenumber": 27,
    "lat": 52.4919406,
    "lon": 13.3181717,
    "parity": "R",
    "proj_lat": 52.49183104075368,
    "proj_lon": 13.318274408927838,
    "marker-color": "#ff0000",
    "marker-symbol": "o"
  },
  {
    "rowid": 185790,
    "id": 40022,
    "source": "OA",
    "source_id": "728da72276cdbca2",
    "housenumber": 27.03,
    "lat": 52.4918203,
    "lon": 13.3178183,
    "parity": "R",
    "proj_lat": 52.491708837738834,
    "proj_lon": 13.317922792382806,
    "marker-color": "#ff0000",
    "marker-symbol": "o"
  },
  {
    "rowid": 185790,
    "id": 40022,
    "source": "OA",
    "source_id": "728da72276cdbca2",
    "housenumber": 27.03,
    "lat": 52.4918203,
    "lon": 13.3178183,
    "parity": "R",
    "proj_lat": 52.491708837738834,
    "proj_lon": 13.317922792382806,
    "marker-color": "#ff0000",
    "marker-symbol": "o"
  },
  {
    "rowid": 185791,
    "id": 40022,
    "source": "OA",
    "source_id": "dd0b1e4e9914a5a0",
    "housenumber": 28,
    "lat": 52.4917402,
    "lon": 13.3174536,
    "parity": "R",
    "proj_lat": 52.49159163803982,
    "proj_lon": 13.317584597468274,
    "marker-color": "#ff0000",
    "marker-symbol": "e"
  },
  {
    "rowid": 185791,
    "id": 40022,
    "source": "OA",
    "source_id": "dd0b1e4e9914a5a0",
    "housenumber": 28,
    "lat": 52.4917402,
    "lon": 13.3174536,
    "parity": "R",
    "proj_lat": 52.49159163803982,
    "proj_lon": 13.317584597468274,
    "marker-color": "#ff0000",
    "marker-symbol": "e"
  },
  {
    "rowid": 185792,
    "id": 40022,
    "source": "OA",
    "source_id": "b15382cd4d7a96e6",
    "housenumber": 28.03,
    "lat": 52.4916237,
    "lon": 13.3172407,
    "parity": "R",
    "proj_lat": 52.49151154650652,
    "proj_lon": 13.317339593053418,
    "marker-color": "#ff0000",
    "marker-symbol": "e"
  },
  {
    "rowid": 185792,
    "id": 40022,
    "source": "OA",
    "source_id": "b15382cd4d7a96e6",
    "housenumber": 28.03,
    "lat": 52.4916237,
    "lon": 13.3172407,
    "parity": "R",
    "proj_lat": 52.49151154650652,
    "proj_lon": 13.317339593053418,
    "marker-color": "#ff0000",
    "marker-symbol": "e"
  },
  {
    "rowid": 185793,
    "id": 40022,
    "source": "OA",
    "source_id": "581df3a17d2a014d",
    "housenumber": 29,
    "lat": 52.4913985,
    "lon": 13.3165786,
    "parity": "R",
    "proj_lat": 52.49129214016029,
    "proj_lon": 13.316674482737021,
    "marker-color": "#ff0000",
    "marker-symbol": "o"
  },
  {
    "rowid": 185793,
    "id": 40022,
    "source": "OA",
    "source_id": "581df3a17d2a014d",
    "housenumber": 29,
    "lat": 52.4913985,
    "lon": 13.3165786,
    "parity": "R",
    "proj_lat": 52.49129214016029,
    "proj_lon": 13.316674482737021,
    "marker-color": "#ff0000",
    "marker-symbol": "o"
  },
  {
    "rowid": 185794,
    "id": 40022,
    "source": "OA",
    "source_id": "9a6298af305ae34b",
    "housenumber": 30,
    "lat": 52.4912662,
    "lon": 13.3161911,
    "parity": "R",
    "proj_lat": 52.49116198510888,
    "proj_lon": 13.31628504851389,
    "marker-color": "#ff0000",
    "marker-symbol": "e"
  },
  {
    "rowid": 185794,
    "id": 40022,
    "source": "OA",
    "source_id": "9a6298af305ae34b",
    "housenumber": 30,
    "lat": 52.4912662,
    "lon": 13.3161911,
    "parity": "R",
    "proj_lat": 52.49116198510888,
    "proj_lon": 13.31628504851389,
    "marker-color": "#ff0000",
    "marker-symbol": "e"
  },
  {
    "rowid": 185795,
    "id": 40022,
    "source": "OA",
    "source_id": "3731059c1e998c1b",
    "housenumber": 31,
    "lat": 52.4911214,
    "lon": 13.3157669,
    "parity": "R",
    "proj_lat": 52.49101951008828,
    "proj_lon": 13.315858751967115,
    "marker-color": "#ff0000",
    "marker-symbol": "o"
  },
  {
    "rowid": 185795,
    "id": 40022,
    "source": "OA",
    "source_id": "3731059c1e998c1b",
    "housenumber": 31,
    "lat": 52.4911214,
    "lon": 13.3157669,
    "parity": "R",
    "proj_lat": 52.49101951008828,
    "proj_lon": 13.315858751967115,
    "marker-color": "#ff0000",
    "marker-symbol": "o"
  },
  {
    "rowid": 185796,
    "id": 40022,
    "source": "OA",
    "source_id": "0cebd4b92f03641b",
    "housenumber": 32,
    "lat": 52.490275,
    "lon": 13.3131495,
    "parity": "R",
    "proj_lat": 52.49017365065974,
    "proj_lon": 13.313233785923488,
    "marker-color": "#ff0000",
    "marker-symbol": "e"
  },
  {
    "rowid": 185796,
    "id": 40022,
    "source": "OA",
    "source_id": "0cebd4b92f03641b",
    "housenumber": 32,
    "lat": 52.490275,
    "lon": 13.3131495,
    "parity": "R",
    "proj_lat": 52.49017365065974,
    "proj_lon": 13.313233785923488,
    "marker-color": "#ff0000",
    "marker-symbol": "e"
  },
  {
    "rowid": 185797,
    "id": 40022,
    "source": "OA",
    "source_id": "439321d9af465c56",
    "housenumber": 32.03,
    "lat": 52.4901637,
    "lon": 13.3124387,
    "parity": "R",
    "proj_lat": 52.489976500833144,
    "proj_lon": 13.312594381080466,
    "marker-color": "#ff0000",
    "marker-symbol": "e"
  },
  {
    "rowid": 185797,
    "id": 40022,
    "source": "OA",
    "source_id": "439321d9af465c56",
    "housenumber": 32.03,
    "lat": 52.4901637,
    "lon": 13.3124387,
    "parity": "R",
    "proj_lat": 52.489976500833144,
    "proj_lon": 13.312594381080466,
    "marker-color": "#ff0000",
    "marker-symbol": "e"
  },
  {
    "rowid": 185798,
    "id": 40022,
    "source": "OA",
    "source_id": "894fe8f7da19afe3",
    "housenumber": 33,
    "lat": 52.4898404,
    "lon": 13.3116423,
    "parity": "R",
    "proj_lat": 52.48972184895406,
    "proj_lon": 13.311735824452791,
    "marker-color": "#ff0000",
    "marker-symbol": "o"
  },
  {
    "rowid": 185798,
    "id": 40022,
    "source": "OA",
    "source_id": "894fe8f7da19afe3",
    "housenumber": 33,
    "lat": 52.4898404,
    "lon": 13.3116423,
    "parity": "R",
    "proj_lat": 52.48972184895406,
    "proj_lon": 13.311735824452791,
    "marker-color": "#ff0000",
    "marker-symbol": "o"
  },
  {
    "rowid": 185799,
    "id": 40022,
    "source": "OA",
    "source_id": "4592cc7f5641a0f9",
    "housenumber": 33.03,
    "lat": 52.489782,
    "lon": 13.3114405,
    "parity": "R",
    "proj_lat": 52.489662941084966,
    "proj_lon": 13.311534424859278,
    "marker-color": "#ff0000",
    "marker-symbol": "o"
  },
  {
    "rowid": 185799,
    "id": 40022,
    "source": "OA",
    "source_id": "4592cc7f5641a0f9",
    "housenumber": 33.03,
    "lat": 52.489782,
    "lon": 13.3114405,
    "parity": "R",
    "proj_lat": 52.489662941084966,
    "proj_lon": 13.311534424859278,
    "marker-color": "#ff0000",
    "marker-symbol": "o"
  },
  {
    "rowid": 185800,
    "id": 40022,
    "source": "OA",
    "source_id": "6f6cacec761d3237",
    "housenumber": 34,
    "lat": 52.4897101,
    "lon": 13.3111918,
    "parity": "R",
    "proj_lat": 52.48959035615606,
    "proj_lon": 13.311286264886705,
    "marker-color": "#ff0000",
    "marker-symbol": "e"
  },
  {
    "rowid": 185800,
    "id": 40022,
    "source": "OA",
    "source_id": "6f6cacec761d3237",
    "housenumber": 34,
    "lat": 52.4897101,
    "lon": 13.3111918,
    "parity": "R",
    "proj_lat": 52.48959035615606,
    "proj_lon": 13.311286264886705,
    "marker-color": "#ff0000",
    "marker-symbol": "e"
  },
  {
    "rowid": 185801,
    "id": 40022,
    "source": "OA",
    "source_id": "e376becf41a0f5ac",
    "housenumber": 35,
    "lat": 52.4896423,
    "lon": 13.3109574,
    "parity": "R",
    "proj_lat": 52.48952193837903,
    "proj_lon": 13.311052351952926,
    "marker-color": "#ff0000",
    "marker-symbol": "o"
  },
  {
    "rowid": 185801,
    "id": 40022,
    "source": "OA",
    "source_id": "e376becf41a0f5ac",
    "housenumber": 35,
    "lat": 52.4896423,
    "lon": 13.3109574,
    "parity": "R",
    "proj_lat": 52.48952193837903,
    "proj_lon": 13.311052351952926,
    "marker-color": "#ff0000",
    "marker-symbol": "o"
  },
  {
    "rowid": 185802,
    "id": 40022,
    "source": "OA",
    "source_id": "835c93dbdb5a08d5",
    "housenumber": 35.03,
    "lat": 52.4895774,
    "lon": 13.3107332,
    "parity": "R",
    "proj_lat": 52.48945648838723,
    "proj_lon": 13.31082858555387,
    "marker-color": "#ff0000",
    "marker-symbol": "o"
  },
  {
    "rowid": 185802,
    "id": 40022,
    "source": "OA",
    "source_id": "835c93dbdb5a08d5",
    "housenumber": 35.03,
    "lat": 52.4895774,
    "lon": 13.3107332,
    "parity": "R",
    "proj_lat": 52.48945648838723,
    "proj_lon": 13.31082858555387,
    "marker-color": "#ff0000",
    "marker-symbol": "o"
  },
  {
    "rowid": 185803,
    "id": 40022,
    "source": "OA",
    "source_id": "c3c2e62e94758288",
    "housenumber": 36,
    "lat": 52.4895167,
    "lon": 13.3105234,
    "parity": "R",
    "proj_lat": 52.48939524806155,
    "proj_lon": 13.31061921154511,
    "marker-color": "#ff0000",
    "marker-symbol": "e"
  },
  {
    "rowid": 185803,
    "id": 40022,
    "source": "OA",
    "source_id": "c3c2e62e94758288",
    "housenumber": 36,
    "lat": 52.4895167,
    "lon": 13.3105234,
    "parity": "R",
    "proj_lat": 52.48939524806155,
    "proj_lon": 13.31061921154511,
    "marker-color": "#ff0000",
    "marker-symbol": "e"
  },
  {
    "rowid": 185804,
    "id": 40022,
    "source": "OA",
    "source_id": "f4ef48cc9c32b3f0",
    "housenumber": 36.03,
    "lat": 52.4893484,
    "lon": 13.3098378,
    "parity": "R",
    "proj_lat": 52.48920065433535,
    "proj_lon": 13.30995448980476,
    "marker-color": "#ff0000",
    "marker-symbol": "e"
  },
  {
    "rowid": 185804,
    "id": 40022,
    "source": "OA",
    "source_id": "f4ef48cc9c32b3f0",
    "housenumber": 36.03,
    "lat": 52.4893484,
    "lon": 13.3098378,
    "parity": "R",
    "proj_lat": 52.48920065433535,
    "proj_lon": 13.30995448980476,
    "marker-color": "#ff0000",
    "marker-symbol": "e"
  },
  {
    "rowid": 185805,
    "id": 40022,
    "source": "OA",
    "source_id": "a1b6d3a4069f936b",
    "housenumber": 37,
    "lat": 52.4893186,
    "lon": 13.3097352,
    "parity": "R",
    "proj_lat": 52.48917065543188,
    "proj_lon": 13.30985204674076,
    "marker-color": "#ff0000",
    "marker-symbol": "o"
  },
  {
    "rowid": 185805,
    "id": 40022,
    "source": "OA",
    "source_id": "a1b6d3a4069f936b",
    "housenumber": 37,
    "lat": 52.4893186,
    "lon": 13.3097352,
    "parity": "R",
    "proj_lat": 52.48917065543188,
    "proj_lon": 13.30985204674076,
    "marker-color": "#ff0000",
    "marker-symbol": "o"
  },
  {
    "rowid": 185806,
    "id": 40022,
    "source": "OA",
    "source_id": "41f0da48ee1a0948",
    "housenumber": 38,
    "lat": 52.4891804,
    "lon": 13.3092584,
    "parity": "R",
    "proj_lat": 52.48903129900012,
    "proj_lon": 13.309376159351459,
    "marker-color": "#ff0000",
    "marker-symbol": "e"
  },
  {
    "rowid": 185806,
    "id": 40022,
    "source": "OA",
    "source_id": "41f0da48ee1a0948",
    "housenumber": 38,
    "lat": 52.4891804,
    "lon": 13.3092584,
    "parity": "R",
    "proj_lat": 52.48903129900012,
    "proj_lon": 13.309376159351459,
    "marker-color": "#ff0000",
    "marker-symbol": "e"
  },
  {
    "rowid": 185807,
    "id": 40022,
    "source": "OA",
    "source_id": "676faaf28ab13a33",
    "housenumber": 39,
    "lat": 52.4890369,
    "lon": 13.3087632,
    "parity": "R",
    "proj_lat": 52.48889032554297,
    "proj_lon": 13.308868560301729,
    "marker-color": "#ff0000",
    "marker-symbol": "o"
  },
  {
    "rowid": 185807,
    "id": 40022,
    "source": "OA",
    "source_id": "676faaf28ab13a33",
    "housenumber": 39,
    "lat": 52.4890369,
    "lon": 13.3087632,
    "parity": "R",
    "proj_lat": 52.48889032554297,
    "proj_lon": 13.308868560301729,
    "marker-color": "#ff0000",
    "marker-symbol": "o"
  },
  {
    "rowid": 219010,
    "id": 40022,
    "source": "OA",
    "source_id": "0570a28d96478584",
    "housenumber": 40,
    "lat": 52.4889043,
    "lon": 13.308409,
    "parity": "R",
    "proj_lat": 52.48878938927279,
    "proj_lon": 13.308492710847013,
    "marker-color": "#ff0000",
    "marker-symbol": "e"
  },
  {
    "rowid": 219010,
    "id": 40022,
    "source": "OA",
    "source_id": "0570a28d96478584",
    "housenumber": 40,
    "lat": 52.4889043,
    "lon": 13.308409,
    "parity": "R",
    "proj_lat": 52.48878938927279,
    "proj_lon": 13.308492710847013,
    "marker-color": "#ff0000",
    "marker-symbol": "e"
  },
  {
    "rowid": 185808,
    "id": 40022,
    "source": "OA",
    "source_id": "7f6c31574137deeb",
    "housenumber": 41,
    "lat": 52.4887063,
    "lon": 13.3066712,
    "parity": "R",
    "proj_lat": 52.488385993494965,
    "proj_lon": 13.306765440370532,
    "marker-color": "#ff0000",
    "marker-symbol": "o"
  },
  {
    "rowid": 185808,
    "id": 40022,
    "source": "OA",
    "source_id": "7f6c31574137deeb",
    "housenumber": 41,
    "lat": 52.4887063,
    "lon": 13.3066712,
    "parity": "R",
    "proj_lat": 52.488385993494965,
    "proj_lon": 13.306765440370532,
    "marker-color": "#ff0000",
    "marker-symbol": "o"
  },
  {
    "rowid": 185809,
    "id": 40022,
    "source": "OA",
    "source_id": "c0a3d483bd41f810",
    "housenumber": 42,
    "lat": 52.4887135,
    "lon": 13.3065916,
    "parity": "R",
    "proj_lat": 52.48837712873052,
    "proj_lon": 13.306659157238393,
    "marker-color": "#ff0000",
    "marker-symbol": "e"
  },
  {
    "rowid": 185809,
    "id": 40022,
    "source": "OA",
    "source_id": "c0a3d483bd41f810",
    "housenumber": 42,
    "lat": 52.4887135,
    "lon": 13.3065916,
    "parity": "R",
    "proj_lat": 52.48837712873052,
    "proj_lon": 13.306659157238393,
    "marker-color": "#ff0000",
    "marker-symbol": "e"
  },
  {
    "rowid": 185810,
    "id": 40022,
    "source": "OA",
    "source_id": "35a4bf3f647a0233",
    "housenumber": 44,
    "lat": 52.4886648,
    "lon": 13.3054107,
    "parity": "R",
    "proj_lat": 52.48838427879067,
    "proj_lon": 13.305391825140923,
    "marker-color": "#ff0000",
    "marker-symbol": "e"
  },
  {
    "rowid": 185810,
    "id": 40022,
    "source": "OA",
    "source_id": "35a4bf3f647a0233",
    "housenumber": 44,
    "lat": 52.4886648,
    "lon": 13.3054107,
    "parity": "R",
    "proj_lat": 52.48838427879067,
    "proj_lon": 13.305391825140923,
    "marker-color": "#ff0000",
    "marker-symbol": "e"
  },
  {
    "rowid": 185811,
    "id": 40022,
    "source": "OA",
    "source_id": "b4f0412d18815409",
    "housenumber": 45,
    "lat": 52.4886933,
    "lon": 13.3039425,
    "parity": "R",
    "proj_lat": 52.48842038331272,
    "proj_lon": 13.303924841010643,
    "marker-color": "#ff0000",
    "marker-symbol": "o"
  },
  {
    "rowid": 185811,
    "id": 40022,
    "source": "OA",
    "source_id": "b4f0412d18815409",
    "housenumber": 45,
    "lat": 52.4886933,
    "lon": 13.3039425,
    "parity": "R",
    "proj_lat": 52.48842038331272,
    "proj_lon": 13.303924841010643,
    "marker-color": "#ff0000",
    "marker-symbol": "o"
  },
  {
    "rowid": 185812,
    "id": 40022,
    "source": "OA",
    "source_id": "ff1105497bd82c0b",
    "housenumber": 46,
    "lat": 52.4887135,
    "lon": 13.3035142,
    "parity": "R",
    "proj_lat": 52.4884309077795,
    "proj_lon": 13.303492344099338,
    "marker-color": "#ff0000",
    "marker-symbol": "e"
  },
  {
    "rowid": 185812,
    "id": 40022,
    "source": "OA",
    "source_id": "ff1105497bd82c0b",
    "housenumber": 46,
    "lat": 52.4887135,
    "lon": 13.3035142,
    "parity": "R",
    "proj_lat": 52.4884309077795,
    "proj_lon": 13.303492344099338,
    "marker-color": "#ff0000",
    "marker-symbol": "e"
  },
  {
    "rowid": 185813,
    "id": 40022,
    "source": "OA",
    "source_id": "ddaeb41afe43c734",
    "housenumber": 47,
    "lat": 52.4887374,
    "lon": 13.3028335,
    "parity": "R",
    "proj_lat": 52.48845043754629,
    "proj_lon": 13.302811306078006,
    "marker-color": "#ff0000",
    "marker-symbol": "o"
  },
  {
    "rowid": 185813,
    "id": 40022,
    "source": "OA",
    "source_id": "ddaeb41afe43c734",
    "housenumber": 47,
    "lat": 52.4887374,
    "lon": 13.3028335,
    "parity": "R",
    "proj_lat": 52.48845043754629,
    "proj_lon": 13.302811306078006,
    "marker-color": "#ff0000",
    "marker-symbol": "o"
  },
  {
    "rowid": 185814,
    "id": 40022,
    "source": "OA",
    "source_id": "56ac66f295c79251",
    "housenumber": 47.03,
    "lat": 52.4885896,
    "lon": 13.3012938,
    "parity": "R",
    "proj_lat": 52.48838551663452,
    "proj_lon": 13.30143273897523,
    "marker-color": "#ff0000",
    "marker-symbol": "o"
  },
  {
    "rowid": 185814,
    "id": 40022,
    "source": "OA",
    "source_id": "56ac66f295c79251",
    "housenumber": 47.03,
    "lat": 52.4885896,
    "lon": 13.3012938,
    "parity": "R",
    "proj_lat": 52.48838551663452,
    "proj_lon": 13.30143273897523,
    "marker-color": "#ff0000",
    "marker-symbol": "o"
  },
  {
    "rowid": 185815,
    "id": 40022,
    "source": "OA",
    "source_id": "319eb45084dae198",
    "housenumber": 48,
    "lat": 52.4884401,
    "lon": 13.300995,
    "parity": "R",
    "proj_lat": 52.48829065692799,
    "proj_lon": 13.301167316204445,
    "marker-color": "#ff0000",
    "marker-symbol": "e"
  },
  {
    "rowid": 185815,
    "id": 40022,
    "source": "OA",
    "source_id": "319eb45084dae198",
    "housenumber": 48,
    "lat": 52.4884401,
    "lon": 13.300995,
    "parity": "R",
    "proj_lat": 52.48829065692799,
    "proj_lon": 13.301167316204445,
    "marker-color": "#ff0000",
    "marker-symbol": "e"
  },
  {
    "rowid": 185816,
    "id": 40025,
    "source": "OA",
    "source_id": "2c91e03bdd91d085",
    "housenumber": 50,
    "lat": 52.4877931,
    "lon": 13.299277,
    "parity": "R",
    "proj_lat": 52.48752560187231,
    "proj_lon": 13.299666127066649,
    "marker-color": "#ff0000",
    "marker-symbol": "e"
  },
  {
    "rowid": 185816,
    "id": 40025,
    "source": "OA",
    "source_id": "2c91e03bdd91d085",
    "housenumber": 50,
    "lat": 52.4877931,
    "lon": 13.299277,
    "parity": "R",
    "proj_lat": 52.48752560187231,
    "proj_lon": 13.299666127066649,
    "marker-color": "#ff0000",
    "marker-symbol": "e"
  },
  {
    "rowid": 185817,
    "id": 40025,
    "source": "OA",
    "source_id": "a0b098b185be048e",
    "housenumber": 50.03,
    "lat": 52.4875965,
    "lon": 13.2989451,
    "parity": "R",
    "proj_lat": 52.48733852585009,
    "proj_lon": 13.299316466149529,
    "marker-color": "#ff0000",
    "marker-symbol": "e"
  },
  {
    "rowid": 185817,
    "id": 40025,
    "source": "OA",
    "source_id": "a0b098b185be048e",
    "housenumber": 50.03,
    "lat": 52.4875965,
    "lon": 13.2989451,
    "parity": "R",
    "proj_lat": 52.48733852585009,
    "proj_lon": 13.299316466149529,
    "marker-color": "#ff0000",
    "marker-symbol": "e"
  },
  {
    "rowid": 185818,
    "id": 40025,
    "source": "OA",
    "source_id": "3e0a650151468ef3",
    "housenumber": 51,
    "lat": 52.4873856,
    "lon": 13.2988593,
    "parity": "R",
    "proj_lat": 52.48721932647849,
    "proj_lon": 13.299103391972293,
    "marker-color": "#ff0000",
    "marker-symbol": "o"
  },
  {
    "rowid": 185818,
    "id": 40025,
    "source": "OA",
    "source_id": "3e0a650151468ef3",
    "housenumber": 51,
    "lat": 52.4873856,
    "lon": 13.2988593,
    "parity": "R",
    "proj_lat": 52.48721932647849,
    "proj_lon": 13.299103391972293,
    "marker-color": "#ff0000",
    "marker-symbol": "o"
  },
  {
    "rowid": 185819,
    "id": 40025,
    "source": "OA",
    "source_id": "937b8c43717aff41",
    "housenumber": 52,
    "lat": 52.4872916,
    "lon": 13.2986899,
    "parity": "R",
    "proj_lat": 52.48712632001754,
    "proj_lon": 13.298932532405303,
    "marker-color": "#ff0000",
    "marker-symbol": "e"
  },
  {
    "rowid": 185819,
    "id": 40025,
    "source": "OA",
    "source_id": "937b8c43717aff41",
    "housenumber": 52,
    "lat": 52.4872916,
    "lon": 13.2986899,
    "parity": "R",
    "proj_lat": 52.48712632001754,
    "proj_lon": 13.298932532405303,
    "marker-color": "#ff0000",
    "marker-symbol": "e"
  },
  {
    "rowid": 185820,
    "id": 40025,
    "source": "OA",
    "source_id": "d501f4f3ea74eb0e",
    "housenumber": 53,
    "lat": 52.4871253,
    "lon": 13.2984776,
    "parity": "R",
    "proj_lat": 52.486988220104315,
    "proj_lon": 13.298678832918913,
    "marker-color": "#ff0000",
    "marker-symbol": "o"
  },
  {
    "rowid": 185820,
    "id": 40025,
    "source": "OA",
    "source_id": "d501f4f3ea74eb0e",
    "housenumber": 53,
    "lat": 52.4871253,
    "lon": 13.2984776,
    "parity": "R",
    "proj_lat": 52.486988220104315,
    "proj_lon": 13.298678832918913,
    "marker-color": "#ff0000",
    "marker-symbol": "o"
  },
  {
    "rowid": 185821,
    "id": 40025,
    "source": "OA",
    "source_id": "111455556515f7e3",
    "housenumber": 54,
    "lat": 52.4869943,
    "lon": 13.298237,
    "parity": "R",
    "proj_lat": 52.48685723681681,
    "proj_lon": 13.298438207186502,
    "marker-color": "#ff0000",
    "marker-symbol": "e"
  },
  {
    "rowid": 185821,
    "id": 40025,
    "source": "OA",
    "source_id": "111455556515f7e3",
    "housenumber": 54,
    "lat": 52.4869943,
    "lon": 13.298237,
    "parity": "R",
    "proj_lat": 52.48685723681681,
    "proj_lon": 13.298438207186502,
    "marker-color": "#ff0000",
    "marker-symbol": "e"
  },
  {
    "rowid": 185822,
    "id": 40025,
    "source": "OA",
    "source_id": "f6c96ce21a7e85bd",
    "housenumber": 54.03,
    "lat": 52.4868961,
    "lon": 13.2980561,
    "parity": "R",
    "proj_lat": 52.48675888540441,
    "proj_lon": 13.298257528558768,
    "marker-color": "#ff0000",
    "marker-symbol": "e"
  },
  {
    "rowid": 185822,
    "id": 40025,
    "source": "OA",
    "source_id": "f6c96ce21a7e85bd",
    "housenumber": 54.03,
    "lat": 52.4868961,
    "lon": 13.2980561,
    "parity": "R",
    "proj_lat": 52.48675888540441,
    "proj_lon": 13.298257528558768,
    "marker-color": "#ff0000",
    "marker-symbol": "e"
  },
  {
    "rowid": 185823,
    "id": 40025,
    "source": "OA",
    "source_id": "bd2246f26f427305",
    "housenumber": 55,
    "lat": 52.4867367,
    "lon": 13.2977814,
    "parity": "R",
    "proj_lat": 52.4866049703006,
    "proj_lon": 13.297974775428253,
    "marker-color": "#ff0000",
    "marker-symbol": "o"
  },
  {
    "rowid": 185823,
    "id": 40025,
    "source": "OA",
    "source_id": "bd2246f26f427305",
    "housenumber": 55,
    "lat": 52.4867367,
    "lon": 13.2977814,
    "parity": "R",
    "proj_lat": 52.4866049703006,
    "proj_lon": 13.297974775428253,
    "marker-color": "#ff0000",
    "marker-symbol": "o"
  },
  {
    "rowid": 185824,
    "id": 40025,
    "source": "OA",
    "source_id": "0345dcb9938b6eba",
    "housenumber": 56,
    "lat": 52.4866041,
    "lon": 13.2975199,
    "parity": "R",
    "proj_lat": 52.48646695268212,
    "proj_lon": 13.29772122712325,
    "marker-color": "#ff0000",
    "marker-symbol": "e"
  },
  {
    "rowid": 185824,
    "id": 40025,
    "source": "OA",
    "source_id": "0345dcb9938b6eba",
    "housenumber": 56,
    "lat": 52.4866041,
    "lon": 13.2975199,
    "parity": "R",
    "proj_lat": 52.48646695268212,
    "proj_lon": 13.29772122712325,
    "marker-color": "#ff0000",
    "marker-symbol": "e"
  },
  {
    "rowid": 185825,
    "id": 40025,
    "source": "OA",
    "source_id": "13956d85b1fff8fb",
    "housenumber": 57,
    "lat": 52.4864979,
    "lon": 13.2973044,
    "parity": "R",
    "proj_lat": 52.4863547810806,
    "proj_lon": 13.297515377294275,
    "marker-color": "#ff0000",
    "marker-symbol": "o"
  },
  {
    "rowid": 185825,
    "id": 40025,
    "source": "OA",
    "source_id": "13956d85b1fff8fb",
    "housenumber": 57,
    "lat": 52.4864979,
    "lon": 13.2973044,
    "parity": "R",
    "proj_lat": 52.4863547810806,
    "proj_lon": 13.297515377294275,
    "marker-color": "#ff0000",
    "marker-symbol": "o"
  },
  {
    "rowid": 185826,
    "id": 40025,
    "source": "OA",
    "source_id": "a68d2b34b074cacd",
    "housenumber": 58,
    "lat": 52.4864077,
    "lon": 13.2970959,
    "parity": "R",
    "proj_lat": 52.486251415604414,
    "proj_lon": 13.297326284101734,
    "marker-color": "#ff0000",
    "marker-symbol": "e"
  },
  {
    "rowid": 185826,
    "id": 40025,
    "source": "OA",
    "source_id": "a68d2b34b074cacd",
    "housenumber": 58,
    "lat": 52.4864077,
    "lon": 13.2970959,
    "parity": "R",
    "proj_lat": 52.486251415604414,
    "proj_lon": 13.297326284101734,
    "marker-color": "#ff0000",
    "marker-symbol": "e"
  },
  {
    "rowid": 219016,
    "id": 40025,
    "source": "OA",
    "source_id": "093a715af7957cfe",
    "housenumber": 150,
    "lat": 52.4858309,
    "lon": 13.297244,
    "parity": "L",
    "proj_lat": 52.48603878576149,
    "proj_lon": 13.296937395268037,
    "marker-color": "#3366ff",
    "marker-symbol": "e"
  },
  {
    "rowid": 219016,
    "id": 40025,
    "source": "OA",
    "source_id": "093a715af7957cfe",
    "housenumber": 150,
    "lat": 52.4858309,
    "lon": 13.297244,
    "parity": "L",
    "proj_lat": 52.48603878576149,
    "proj_lon": 13.296937395268037,
    "marker-color": "#3366ff",
    "marker-symbol": "e"
  },
  {
    "rowid": 185913,
    "id": 40025,
    "source": "OA",
    "source_id": "6346052ab3d07bb0",
    "housenumber": 151,
    "lat": 52.4862371,
    "lon": 13.2982667,
    "parity": "L",
    "proj_lat": 52.48652990661572,
    "proj_lon": 13.297836878033136,
    "marker-color": "#3366ff",
    "marker-symbol": "o"
  },
  {
    "rowid": 185913,
    "id": 40025,
    "source": "OA",
    "source_id": "6346052ab3d07bb0",
    "housenumber": 151,
    "lat": 52.4862371,
    "lon": 13.2982667,
    "parity": "L",
    "proj_lat": 52.48652990661572,
    "proj_lon": 13.297836878033136,
    "marker-color": "#3366ff",
    "marker-symbol": "o"
  },
  {
    "rowid": 185914,
    "id": 40026,
    "source": "OA",
    "source_id": "a05f6f85390e2258",
    "housenumber": 152,
    "lat": 52.4869135,
    "lon": 13.2997898,
    "parity": "R",
    "proj_lat": 52.487136,
    "proj_lon": 13.299241,
    "marker-color": "#ff0000",
    "marker-symbol": "e"
  },
  {
    "rowid": 185914,
    "id": 40026,
    "source": "OA",
    "source_id": "a05f6f85390e2258",
    "housenumber": 152,
    "lat": 52.4869135,
    "lon": 13.2997898,
    "parity": "R",
    "proj_lat": 52.487136,
    "proj_lon": 13.299241,
    "marker-color": "#ff0000",
    "marker-symbol": "e"
  },
  {
    "rowid": 185915,
    "id": 40021,
    "source": "OA",
    "source_id": "ca781b0ca7872091",
    "housenumber": 156,
    "lat": 52.488112,
    "lon": 13.3018451,
    "parity": "R",
    "proj_lat": 52.488304854953796,
    "proj_lon": 13.30178707032664,
    "marker-color": "#ff0000",
    "marker-symbol": "e"
  },
  {
    "rowid": 185915,
    "id": 40021,
    "source": "OA",
    "source_id": "ca781b0ca7872091",
    "housenumber": 156,
    "lat": 52.488112,
    "lon": 13.3018451,
    "parity": "R",
    "proj_lat": 52.488304854953796,
    "proj_lon": 13.30178707032664,
    "marker-color": "#ff0000",
    "marker-symbol": "e"
  },
  {
    "rowid": 185916,
    "id": 40021,
    "source": "OA",
    "source_id": "ec6b8fea23eed4ab",
    "housenumber": 157,
    "lat": 52.4880926,
    "lon": 13.3021842,
    "parity": "R",
    "proj_lat": 52.48831815428269,
    "proj_lon": 13.302208861026978,
    "marker-color": "#ff0000",
    "marker-symbol": "o"
  },
  {
    "rowid": 185916,
    "id": 40021,
    "source": "OA",
    "source_id": "ec6b8fea23eed4ab",
    "housenumber": 157,
    "lat": 52.4880926,
    "lon": 13.3021842,
    "parity": "R",
    "proj_lat": 52.48831815428269,
    "proj_lon": 13.302208861026978,
    "marker-color": "#ff0000",
    "marker-symbol": "o"
  },
  {
    "rowid": 185917,
    "id": 40021,
    "source": "OA",
    "source_id": "8b609f1f75ecb5e0",
    "housenumber": 158,
    "lat": 52.4881093,
    "lon": 13.3032013,
    "parity": "R",
    "proj_lat": 52.48828892951805,
    "proj_lon": 13.303214572591125,
    "marker-color": "#ff0000",
    "marker-symbol": "e"
  },
  {
    "rowid": 185917,
    "id": 40021,
    "source": "OA",
    "source_id": "8b609f1f75ecb5e0",
    "housenumber": 158,
    "lat": 52.4881093,
    "lon": 13.3032013,
    "parity": "R",
    "proj_lat": 52.48828892951805,
    "proj_lon": 13.303214572591125,
    "marker-color": "#ff0000",
    "marker-symbol": "e"
  },
  {
    "rowid": 185918,
    "id": 40021,
    "source": "OA",
    "source_id": "ca43f45ad84ce9dd",
    "housenumber": 158.03,
    "lat": 52.4881043,
    "lon": 13.303364,
    "parity": "R",
    "proj_lat": 52.48828447088796,
    "proj_lon": 13.303377312589218,
    "marker-color": "#ff0000",
    "marker-symbol": "e"
  },
  {
    "rowid": 185918,
    "id": 40021,
    "source": "OA",
    "source_id": "ca43f45ad84ce9dd",
    "housenumber": 158.03,
    "lat": 52.4881043,
    "lon": 13.303364,
    "parity": "R",
    "proj_lat": 52.48828447088796,
    "proj_lon": 13.303377312589218,
    "marker-color": "#ff0000",
    "marker-symbol": "e"
  },
  {
    "rowid": 185919,
    "id": 40021,
    "source": "OA",
    "source_id": "987aad1716f5b288",
    "housenumber": 159,
    "lat": 52.488098,
    "lon": 13.3035669,
    "parity": "R",
    "proj_lat": 52.488278910486756,
    "proj_lon": 13.303580267233366,
    "marker-color": "#ff0000",
    "marker-symbol": "o"
  },
  {
    "rowid": 185919,
    "id": 40021,
    "source": "OA",
    "source_id": "987aad1716f5b288",
    "housenumber": 159,
    "lat": 52.488098,
    "lon": 13.3035669,
    "parity": "R",
    "proj_lat": 52.488278910486756,
    "proj_lon": 13.303580267233366,
    "marker-color": "#ff0000",
    "marker-symbol": "o"
  },
  {
    "rowid": 185920,
    "id": 40021,
    "source": "OA",
    "source_id": "080e80bbda14eb93",
    "housenumber": 159.03,
    "lat": 52.4880917,
    "lon": 13.3037729,
    "parity": "R",
    "proj_lat": 52.48827154765459,
    "proj_lon": 13.303791579235755,
    "marker-color": "#ff0000",
    "marker-symbol": "o"
  },
  {
    "rowid": 185920,
    "id": 40021,
    "source": "OA",
    "source_id": "080e80bbda14eb93",
    "housenumber": 159.03,
    "lat": 52.4880917,
    "lon": 13.3037729,
    "parity": "R",
    "proj_lat": 52.48827154765459,
    "proj_lon": 13.303791579235755,
    "marker-color": "#ff0000",
    "marker-symbol": "o"
  },
  {
    "rowid": 185921,
    "id": 40021,
    "source": "OA",
    "source_id": "4afefa88aa7c5cd0",
    "housenumber": 160,
    "lat": 52.4880852,
    "lon": 13.3039852,
    "parity": "R",
    "proj_lat": 52.48826337846473,
    "proj_lon": 13.304003705865828,
    "marker-color": "#ff0000",
    "marker-symbol": "e"
  },
  {
    "rowid": 185921,
    "id": 40021,
    "source": "OA",
    "source_id": "4afefa88aa7c5cd0",
    "housenumber": 160,
    "lat": 52.4880852,
    "lon": 13.3039852,
    "parity": "R",
    "proj_lat": 52.48826337846473,
    "proj_lon": 13.304003705865828,
    "marker-color": "#ff0000",
    "marker-symbol": "e"
  },
  {
    "rowid": 185922,
    "id": 40021,
    "source": "OA",
    "source_id": "fc7cd9e6a27e351f",
    "housenumber": 160.03,
    "lat": 52.4880652,
    "lon": 13.3042445,
    "parity": "R",
    "proj_lat": 52.488253352691196,
    "proj_lon": 13.304264041785238,
    "marker-color": "#ff0000",
    "marker-symbol": "e"
  },
  {
    "rowid": 185922,
    "id": 40021,
    "source": "OA",
    "source_id": "fc7cd9e6a27e351f",
    "housenumber": 160.03,
    "lat": 52.4880652,
    "lon": 13.3042445,
    "parity": "R",
    "proj_lat": 52.488253352691196,
    "proj_lon": 13.304264041785238,
    "marker-color": "#ff0000",
    "marker-symbol": "e"
  },
  {
    "rowid": 185923,
    "id": 40021,
    "source": "OA",
    "source_id": "8b42d87c607506ca",
    "housenumber": 160.06,
    "lat": 52.4880553,
    "lon": 13.3045622,
    "parity": "R",
    "proj_lat": 52.488241546313304,
    "proj_lon": 13.304580304846214,
    "marker-color": "#ff0000",
    "marker-symbol": "e"
  },
  {
    "rowid": 185923,
    "id": 40021,
    "source": "OA",
    "source_id": "8b42d87c607506ca",
    "housenumber": 160.06,
    "lat": 52.4880553,
    "lon": 13.3045622,
    "parity": "R",
    "proj_lat": 52.488241546313304,
    "proj_lon": 13.304580304846214,
    "marker-color": "#ff0000",
    "marker-symbol": "e"
  },
  {
    "rowid": 185924,
    "id": 40021,
    "source": "OA",
    "source_id": "905b217575d1d7b5",
    "housenumber": 161,
    "lat": 52.4880597,
    "lon": 13.304808,
    "parity": "R",
    "proj_lat": 52.488232732906624,
    "proj_lon": 13.304824820385518,
    "marker-color": "#ff0000",
    "marker-symbol": "o"
  },
  {
    "rowid": 185924,
    "id": 40021,
    "source": "OA",
    "source_id": "905b217575d1d7b5",
    "housenumber": 161,
    "lat": 52.4880597,
    "lon": 13.304808,
    "parity": "R",
    "proj_lat": 52.488232732906624,
    "proj_lon": 13.304824820385518,
    "marker-color": "#ff0000",
    "marker-symbol": "o"
  },
  {
    "rowid": 185925,
    "id": 40021,
    "source": "OA",
    "source_id": "406563f83a7db277",
    "housenumber": 161.03,
    "lat": 52.4880536,
    "lon": 13.3050183,
    "parity": "R",
    "proj_lat": 52.48822515794543,
    "proj_lon": 13.305034977001137,
    "marker-color": "#ff0000",
    "marker-symbol": "o"
  },
  {
    "rowid": 185925,
    "id": 40021,
    "source": "OA",
    "source_id": "406563f83a7db277",
    "housenumber": 161.03,
    "lat": 52.4880536,
    "lon": 13.3050183,
    "parity": "R",
    "proj_lat": 52.48822515794543,
    "proj_lon": 13.305034977001137,
    "marker-color": "#ff0000",
    "marker-symbol": "o"
  },
  {
    "rowid": 219017,
    "id": 40021,
    "source": "OA",
    "source_id": "fedb71baf1dcf066",
    "housenumber": 166,
    "lat": 52.4882509,
    "lon": 13.3078167,
    "parity": "R",
    "proj_lat": 52.4884068528209,
    "proj_lon": 13.307706339084111,
    "marker-color": "#ff0000",
    "marker-symbol": "e"
  },
  {
    "rowid": 219017,
    "id": 40021,
    "source": "OA",
    "source_id": "fedb71baf1dcf066",
    "housenumber": 166,
    "lat": 52.4882509,
    "lon": 13.3078167,
    "parity": "R",
    "proj_lat": 52.4884068528209,
    "proj_lon": 13.307706339084111,
    "marker-color": "#ff0000",
    "marker-symbol": "e"
  },
  {
    "rowid": 185926,
    "id": 40021,
    "source": "OA",
    "source_id": "d0a1a599e6d39384",
    "housenumber": 168,
    "lat": 52.4884018,
    "lon": 13.30851,
    "parity": "R",
    "proj_lat": 52.48859126838699,
    "proj_lon": 13.308365897740545,
    "marker-color": "#ff0000",
    "marker-symbol": "e"
  },
  {
    "rowid": 185926,
    "id": 40021,
    "source": "OA",
    "source_id": "d0a1a599e6d39384",
    "housenumber": 168,
    "lat": 52.4884018,
    "lon": 13.30851,
    "parity": "R",
    "proj_lat": 52.48859126838699,
    "proj_lon": 13.308365897740545,
    "marker-color": "#ff0000",
    "marker-symbol": "e"
  },
  {
    "rowid": 185927,
    "id": 40021,
    "source": "OA",
    "source_id": "fc7fb78579f0e2cf",
    "housenumber": 169,
    "lat": 52.4884392,
    "lon": 13.3086393,
    "parity": "R",
    "proj_lat": 52.48862789705067,
    "proj_lon": 13.308495784144773,
    "marker-color": "#ff0000",
    "marker-symbol": "o"
  },
  {
    "rowid": 185927,
    "id": 40021,
    "source": "OA",
    "source_id": "fc7fb78579f0e2cf",
    "housenumber": 169,
    "lat": 52.4884392,
    "lon": 13.3086393,
    "parity": "R",
    "proj_lat": 52.48862789705067,
    "proj_lon": 13.308495784144773,
    "marker-color": "#ff0000",
    "marker-symbol": "o"
  },
  {
    "rowid": 185928,
    "id": 40021,
    "source": "OA",
    "source_id": "9751a71a1367747b",
    "housenumber": 170,
    "lat": 52.4886,
    "lon": 13.3091679,
    "parity": "R",
    "proj_lat": 52.48877903677149,
    "proj_lon": 13.309031730392872,
    "marker-color": "#ff0000",
    "marker-symbol": "e"
  },
  {
    "rowid": 185928,
    "id": 40021,
    "source": "OA",
    "source_id": "9751a71a1367747b",
    "housenumber": 170,
    "lat": 52.4886,
    "lon": 13.3091679,
    "parity": "R",
    "proj_lat": 52.48877903677149,
    "proj_lon": 13.309031730392872,
    "marker-color": "#ff0000",
    "marker-symbol": "e"
  },
  {
    "rowid": 185929,
    "id": 40021,
    "source": "OA",
    "source_id": "4f2d384618fab9bd",
    "housenumber": 171,
    "lat": 52.4888468,
    "lon": 13.3099306,
    "parity": "R",
    "proj_lat": 52.48899973965508,
    "proj_lon": 13.309814258777104,
    "marker-color": "#ff0000",
    "marker-symbol": "o"
  },
  {
    "rowid": 185929,
    "id": 40021,
    "source": "OA",
    "source_id": "4f2d384618fab9bd",
    "housenumber": 171,
    "lat": 52.4888468,
    "lon": 13.3099306,
    "parity": "R",
    "proj_lat": 52.48899973965508,
    "proj_lon": 13.309814258777104,
    "marker-color": "#ff0000",
    "marker-symbol": "o"
  },
  {
    "rowid": 185930,
    "id": 40021,
    "source": "OA",
    "source_id": "6cb85999816e208c",
    "housenumber": 172,
    "lat": 52.4889276,
    "lon": 13.3102049,
    "parity": "R",
    "proj_lat": 52.48907771273696,
    "proj_lon": 13.310090708794664,
    "marker-color": "#ff0000",
    "marker-symbol": "e"
  },
  {
    "rowid": 185930,
    "id": 40021,
    "source": "OA",
    "source_id": "6cb85999816e208c",
    "housenumber": 172,
    "lat": 52.4889276,
    "lon": 13.3102049,
    "parity": "R",
    "proj_lat": 52.48907771273696,
    "proj_lon": 13.310090708794664,
    "marker-color": "#ff0000",
    "marker-symbol": "e"
  },
  {
    "rowid": 185931,
    "id": 40021,
    "source": "OA",
    "source_id": "896c25d7bd8cfa6d",
    "housenumber": 173,
    "lat": 52.4890155,
    "lon": 13.3105034,
    "parity": "R",
    "proj_lat": 52.489162559922086,
    "proj_lon": 13.310391530632863,
    "marker-color": "#ff0000",
    "marker-symbol": "o"
  },
  {
    "rowid": 185931,
    "id": 40021,
    "source": "OA",
    "source_id": "896c25d7bd8cfa6d",
    "housenumber": 173,
    "lat": 52.4890155,
    "lon": 13.3105034,
    "parity": "R",
    "proj_lat": 52.489162559922086,
    "proj_lon": 13.310391530632863,
    "marker-color": "#ff0000",
    "marker-symbol": "o"
  },
  {
    "rowid": 185932,
    "id": 40021,
    "source": "OA",
    "source_id": "62d451222eacbcbe",
    "housenumber": 174,
    "lat": 52.4892776,
    "lon": 13.3112962,
    "parity": "R",
    "proj_lat": 52.48939755339103,
    "proj_lon": 13.311201273802089,
    "marker-color": "#ff0000",
    "marker-symbol": "e"
  },
  {
    "rowid": 185932,
    "id": 40021,
    "source": "OA",
    "source_id": "62d451222eacbcbe",
    "housenumber": 174,
    "lat": 52.4892776,
    "lon": 13.3112962,
    "parity": "R",
    "proj_lat": 52.48939755339103,
    "proj_lon": 13.311201273802089,
    "marker-color": "#ff0000",
    "marker-symbol": "e"
  },
  {
    "rowid": 185933,
    "id": 40021,
    "source": "OA",
    "source_id": "fe1247dd1826c9f2",
    "housenumber": 176,
    "lat": 52.4894528,
    "lon": 13.3119015,
    "parity": "R",
    "proj_lat": 52.489574703381244,
    "proj_lon": 13.311805029891175,
    "marker-color": "#ff0000",
    "marker-symbol": "e"
  },
  {
    "rowid": 185933,
    "id": 40021,
    "source": "OA",
    "source_id": "fe1247dd1826c9f2",
    "housenumber": 176,
    "lat": 52.4894528,
    "lon": 13.3119015,
    "parity": "R",
    "proj_lat": 52.489574703381244,
    "proj_lon": 13.311805029891175,
    "marker-color": "#ff0000",
    "marker-symbol": "e"
  },
  {
    "rowid": 185934,
    "id": 40021,
    "source": "OA",
    "source_id": "8766f18fab3b207d",
    "housenumber": 177,
    "lat": 52.4893651,
    "lon": 13.3122398,
    "parity": "R",
    "proj_lat": 52.48963873393108,
    "proj_lon": 13.312023256458989,
    "marker-color": "#ff0000",
    "marker-symbol": "o"
  },
  {
    "rowid": 185934,
    "id": 40021,
    "source": "OA",
    "source_id": "8766f18fab3b207d",
    "housenumber": 177,
    "lat": 52.4893651,
    "lon": 13.3122398,
    "parity": "R",
    "proj_lat": 52.48963873393108,
    "proj_lon": 13.312023256458989,
    "marker-color": "#ff0000",
    "marker-symbol": "o"
  },
  {
    "rowid": 185935,
    "id": 40021,
    "source": "OA",
    "source_id": "5475f970e65f07d9",
    "housenumber": 181,
    "lat": 52.4906932,
    "lon": 13.315964,
    "parity": "R",
    "proj_lat": 52.49083628805178,
    "proj_lon": 13.315829385411602,
    "marker-color": "#ff0000",
    "marker-symbol": "o"
  },
  {
    "rowid": 185935,
    "id": 40021,
    "source": "OA",
    "source_id": "5475f970e65f07d9",
    "housenumber": 181,
    "lat": 52.4906932,
    "lon": 13.315964,
    "parity": "R",
    "proj_lat": 52.49083628805178,
    "proj_lon": 13.315829385411602,
    "marker-color": "#ff0000",
    "marker-symbol": "o"
  },
  {
    "rowid": 185936,
    "id": 40021,
    "source": "OA",
    "source_id": "6ba29a61b4707bba",
    "housenumber": 182,
    "lat": 52.4908094,
    "lon": 13.3163067,
    "parity": "R",
    "proj_lat": 52.49095499596917,
    "proj_lon": 13.316169725285567,
    "marker-color": "#ff0000",
    "marker-symbol": "e"
  },
  {
    "rowid": 185936,
    "id": 40021,
    "source": "OA",
    "source_id": "6ba29a61b4707bba",
    "housenumber": 182,
    "lat": 52.4908094,
    "lon": 13.3163067,
    "parity": "R",
    "proj_lat": 52.49095499596917,
    "proj_lon": 13.316169725285567,
    "marker-color": "#ff0000",
    "marker-symbol": "e"
  },
  {
    "rowid": 185937,
    "id": 40021,
    "source": "OA",
    "source_id": "0670298b216c4d05",
    "housenumber": 183,
    "lat": 52.4911023,
    "lon": 13.3171531,
    "parity": "R",
    "proj_lat": 52.491247051171314,
    "proj_lon": 13.317026769801302,
    "marker-color": "#ff0000",
    "marker-symbol": "o"
  },
  {
    "rowid": 185937,
    "id": 40021,
    "source": "OA",
    "source_id": "0670298b216c4d05",
    "housenumber": 183,
    "lat": 52.4911023,
    "lon": 13.3171531,
    "parity": "R",
    "proj_lat": 52.491247051171314,
    "proj_lon": 13.317026769801302,
    "marker-color": "#ff0000",
    "marker-symbol": "o"
  },
  {
    "rowid": 185938,
    "id": 40021,
    "source": "OA",
    "source_id": "d6e9e181423250a0",
    "housenumber": 184,
    "lat": 52.4912329,
    "lon": 13.3175374,
    "parity": "R",
    "proj_lat": 52.49137277272169,
    "proj_lon": 13.317415326696475,
    "marker-color": "#ff0000",
    "marker-symbol": "e"
  },
  {
    "rowid": 185938,
    "id": 40021,
    "source": "OA",
    "source_id": "d6e9e181423250a0",
    "housenumber": 184,
    "lat": 52.4912329,
    "lon": 13.3175374,
    "parity": "R",
    "proj_lat": 52.49137277272169,
    "proj_lon": 13.317415326696475,
    "marker-color": "#ff0000",
    "marker-symbol": "e"
  },
  {
    "rowid": 185939,
    "id": 40021,
    "source": "OA",
    "source_id": "6ab2454c919e919a",
    "housenumber": 185,
    "lat": 52.4914918,
    "lon": 13.3182588,
    "parity": "R",
    "proj_lat": 52.49161814456745,
    "proj_lon": 13.318139507690368,
    "marker-color": "#ff0000",
    "marker-symbol": "o"
  },
  {
    "rowid": 185939,
    "id": 40021,
    "source": "OA",
    "source_id": "6ab2454c919e919a",
    "housenumber": 185,
    "lat": 52.4914918,
    "lon": 13.3182588,
    "parity": "R",
    "proj_lat": 52.49161814456745,
    "proj_lon": 13.318139507690368,
    "marker-color": "#ff0000",
    "marker-symbol": "o"
  },
  {
    "rowid": 185940,
    "id": 40021,
    "source": "OA",
    "source_id": "54dae3713919a49a",
    "housenumber": 186,
    "lat": 52.4915704,
    "lon": 13.3185355,
    "parity": "R",
    "proj_lat": 52.49171046571861,
    "proj_lon": 13.318403251949002,
    "marker-color": "#ff0000",
    "marker-symbol": "e"
  },
  {
    "rowid": 185940,
    "id": 40021,
    "source": "OA",
    "source_id": "54dae3713919a49a",
    "housenumber": 186,
    "lat": 52.4915704,
    "lon": 13.3185355,
    "parity": "R",
    "proj_lat": 52.49171046571861,
    "proj_lon": 13.318403251949002,
    "marker-color": "#ff0000",
    "marker-symbol": "e"
  },
  {
    "rowid": 185941,
    "id": 40021,
    "source": "OA",
    "source_id": "13e712ae82fec20d",
    "housenumber": 187,
    "lat": 52.4915942,
    "lon": 13.3188791,
    "parity": "R",
    "proj_lat": 52.491806774987964,
    "proj_lon": 13.318678389515265,
    "marker-color": "#ff0000",
    "marker-symbol": "o"
  },
  {
    "rowid": 185941,
    "id": 40021,
    "source": "OA",
    "source_id": "13e712ae82fec20d",
    "housenumber": 187,
    "lat": 52.4915942,
    "lon": 13.3188791,
    "parity": "R",
    "proj_lat": 52.491806774987964,
    "proj_lon": 13.318678389515265,
    "marker-color": "#ff0000",
    "marker-symbol": "o"
  },
  {
    "rowid": 219018,
    "id": 40021,
    "source": "OA",
    "source_id": "bf85b823b0367632",
    "housenumber": 187.03,
    "lat": 52.4918428,
    "lon": 13.3193631,
    "parity": "R",
    "proj_lat": 52.49199429526385,
    "proj_lon": 13.319226885791549,
    "marker-color": "#ff0000",
    "marker-symbol": "o"
  },
  {
    "rowid": 219018,
    "id": 40021,
    "source": "OA",
    "source_id": "bf85b823b0367632",
    "housenumber": 187.03,
    "lat": 52.4918428,
    "lon": 13.3193631,
    "parity": "R",
    "proj_lat": 52.49199429526385,
    "proj_lon": 13.319226885791549,
    "marker-color": "#ff0000",
    "marker-symbol": "o"
  },
  {
    "rowid": 185942,
    "id": 40021,
    "source": "OA",
    "source_id": "94c098e824a13939",
    "housenumber": 189,
    "lat": 52.4921687,
    "lon": 13.3202469,
    "parity": "R",
    "proj_lat": 52.49229761747714,
    "proj_lon": 13.320126613607606,
    "marker-color": "#ff0000",
    "marker-symbol": "o"
  },
  {
    "rowid": 185942,
    "id": 40021,
    "source": "OA",
    "source_id": "94c098e824a13939",
    "housenumber": 189,
    "lat": 52.4921687,
    "lon": 13.3202469,
    "parity": "R",
    "proj_lat": 52.49229761747714,
    "proj_lon": 13.320126613607606,
    "marker-color": "#ff0000",
    "marker-symbol": "o"
  },
  {
    "rowid": 185943,
    "id": 40021,
    "source": "OA",
    "source_id": "fcbbe6e574d7cc97",
    "housenumber": 190,
    "lat": 52.4922808,
    "lon": 13.3205756,
    "parity": "R",
    "proj_lat": 52.49241092551551,
    "proj_lon": 13.320454185828988,
    "marker-color": "#ff0000",
    "marker-symbol": "e"
  },
  {
    "rowid": 185943,
    "id": 40021,
    "source": "OA",
    "source_id": "fcbbe6e574d7cc97",
    "housenumber": 190,
    "lat": 52.4922808,
    "lon": 13.3205756,
    "parity": "R",
    "proj_lat": 52.49241092551551,
    "proj_lon": 13.320454185828988,
    "marker-color": "#ff0000",
    "marker-symbol": "e"
  },
  {
    "rowid": 185944,
    "id": 40021,
    "source": "OA",
    "source_id": "b578bfaf14f94155",
    "housenumber": 191,
    "lat": 52.4923877,
    "lon": 13.3208892,
    "parity": "R",
    "proj_lat": 52.492519016074226,
    "proj_lon": 13.320766674377383,
    "marker-color": "#ff0000",
    "marker-symbol": "o"
  },
  {
    "rowid": 185944,
    "id": 40021,
    "source": "OA",
    "source_id": "b578bfaf14f94155",
    "housenumber": 191,
    "lat": 52.4923877,
    "lon": 13.3208892,
    "parity": "R",
    "proj_lat": 52.492519016074226,
    "proj_lon": 13.320766674377383,
    "marker-color": "#ff0000",
    "marker-symbol": "o"
  },
  {
    "rowid": 185945,
    "id": 40021,
    "source": "OA",
    "source_id": "aac3b7844ecabedd",
    "housenumber": 193,
    "lat": 52.4928122,
    "lon": 13.3221163,
    "parity": "R",
    "proj_lat": 52.492947008490276,
    "proj_lon": 13.321975306355421,
    "marker-color": "#ff0000",
    "marker-symbol": "o"
  },
  {
    "rowid": 185945,
    "id": 40021,
    "source": "OA",
    "source_id": "aac3b7844ecabedd",
    "housenumber": 193,
    "lat": 52.4928122,
    "lon": 13.3221163,
    "parity": "R",
    "proj_lat": 52.492947008490276,
    "proj_lon": 13.321975306355421,
    "marker-color": "#ff0000",
    "marker-symbol": "o"
  },
  {
    "rowid": 185946,
    "id": 40021,
    "source": "OA",
    "source_id": "ca374128771e7b74",
    "housenumber": 194,
    "lat": 52.4929413,
    "lon": 13.3224443,
    "parity": "R",
    "proj_lat": 52.493074736702326,
    "proj_lon": 13.322304740263029,
    "marker-color": "#ff0000",
    "marker-symbol": "e"
  },
  {
    "rowid": 185946,
    "id": 40021,
    "source": "OA",
    "source_id": "ca374128771e7b74",
    "housenumber": 194,
    "lat": 52.4929413,
    "lon": 13.3224443,
    "parity": "R",
    "proj_lat": 52.493074736702326,
    "proj_lon": 13.322304740263029,
    "marker-color": "#ff0000",
    "marker-symbol": "e"
  },
  {
    "rowid": 185947,
    "id": 40021,
    "source": "OA",
    "source_id": "a25bad80d26a3ee8",
    "housenumber": 195,
    "lat": 52.4930486,
    "lon": 13.3227136,
    "parity": "R",
    "proj_lat": 52.49317998251494,
    "proj_lon": 13.322576188040728,
    "marker-color": "#ff0000",
    "marker-symbol": "o"
  },
  {
    "rowid": 185947,
    "id": 40021,
    "source": "OA",
    "source_id": "a25bad80d26a3ee8",
    "housenumber": 195,
    "lat": 52.4930486,
    "lon": 13.3227136,
    "parity": "R",
    "proj_lat": 52.49317998251494,
    "proj_lon": 13.322576188040728,
    "marker-color": "#ff0000",
    "marker-symbol": "o"
  },
  {
    "rowid": 185948,
    "id": 40021,
    "source": "OA",
    "source_id": "fc17e992bbf83bc7",
    "housenumber": 196,
    "lat": 52.4931762,
    "lon": 13.323036,
    "parity": "R",
    "proj_lat": 52.493305733168626,
    "proj_lon": 13.322900521471565,
    "marker-color": "#ff0000",
    "marker-symbol": "e"
  },
  {
    "rowid": 185948,
    "id": 40021,
    "source": "OA",
    "source_id": "fc17e992bbf83bc7",
    "housenumber": 196,
    "lat": 52.4931762,
    "lon": 13.323036,
    "parity": "R",
    "proj_lat": 52.493305733168626,
    "proj_lon": 13.322900521471565,
    "marker-color": "#ff0000",
    "marker-symbol": "e"
  },
  {
    "rowid": 185949,
    "id": 40021,
    "source": "OA",
    "source_id": "560d6431555223d3",
    "housenumber": 197,
    "lat": 52.4936309,
    "lon": 13.3241865,
    "parity": "R",
    "proj_lat": 52.493754016265974,
    "proj_lon": 13.324059355573265,
    "marker-color": "#ff0000",
    "marker-symbol": "o"
  },
  {
    "rowid": 185949,
    "id": 40021,
    "source": "OA",
    "source_id": "560d6431555223d3",
    "housenumber": 197,
    "lat": 52.4936309,
    "lon": 13.3241865,
    "parity": "R",
    "proj_lat": 52.493754016265974,
    "proj_lon": 13.324059355573265,
    "marker-color": "#ff0000",
    "marker-symbol": "o"
  },
  {
    "rowid": 185950,
    "id": 40021,
    "source": "OA",
    "source_id": "ddbf14bb99d9b179",
    "housenumber": 198,
    "lat": 52.4937249,
    "lon": 13.3244638,
    "parity": "R",
    "proj_lat": 52.49385672916393,
    "proj_lon": 13.324327657021653,
    "marker-color": "#ff0000",
    "marker-symbol": "e"
  },
  {
    "rowid": 185950,
    "id": 40021,
    "source": "OA",
    "source_id": "ddbf14bb99d9b179",
    "housenumber": 198,
    "lat": 52.4937249,
    "lon": 13.3244638,
    "parity": "R",
    "proj_lat": 52.49385672916393,
    "proj_lon": 13.324327657021653,
    "marker-color": "#ff0000",
    "marker-symbol": "e"
  },
  {
    "rowid": 185951,
    "id": 40021,
    "source": "OA",
    "source_id": "9a82183b96337806",
    "housenumber": 198.03,
    "lat": 52.4936569,
    "lon": 13.3248109,
    "parity": "R",
    "proj_lat": 52.49393269224592,
    "proj_lon": 13.324526083950778,
    "marker-color": "#ff0000",
    "marker-symbol": "e"
  },
  {
    "rowid": 185951,
    "id": 40021,
    "source": "OA",
    "source_id": "9a82183b96337806",
    "housenumber": 198.03,
    "lat": 52.4936569,
    "lon": 13.3248109,
    "parity": "R",
    "proj_lat": 52.49393269224592,
    "proj_lon": 13.324526083950778,
    "marker-color": "#ff0000",
    "marker-symbol": "e"
  },
  {
    "rowid": 185952,
    "id": 40021,
    "source": "OA",
    "source_id": "d61e899b58ddd993",
    "housenumber": 199,
    "lat": 52.49363,
    "lon": 13.3254059,
    "parity": "R",
    "proj_lat": 52.494092333447156,
    "proj_lon": 13.324949179797994,
    "marker-color": "#ff0000",
    "marker-symbol": "o"
  },
  {
    "rowid": 185952,
    "id": 40021,
    "source": "OA",
    "source_id": "d61e899b58ddd993",
    "housenumber": 199,
    "lat": 52.49363,
    "lon": 13.3254059,
    "parity": "R",
    "proj_lat": 52.494092333447156,
    "proj_lon": 13.324949179797994,
    "marker-color": "#ff0000",
    "marker-symbol": "o"
  },
  {
    "rowid": 185953,
    "id": 40021,
    "source": "OA",
    "source_id": "69f79fa321db5a29",
    "housenumber": 200,
    "lat": 52.4937136,
    "lon": 13.325617,
    "parity": "R",
    "proj_lat": 52.49417130969174,
    "proj_lon": 13.325164845696671,
    "marker-color": "#ff0000",
    "marker-symbol": "e"
  },
  {
    "rowid": 185953,
    "id": 40021,
    "source": "OA",
    "source_id": "69f79fa321db5a29",
    "housenumber": 200,
    "lat": 52.4937136,
    "lon": 13.325617,
    "parity": "R",
    "proj_lat": 52.49417130969174,
    "proj_lon": 13.325164845696671,
    "marker-color": "#ff0000",
    "marker-symbol": "e"
  },
  {
    "rowid": 185954,
    "id": 40021,
    "source": "OA",
    "source_id": "65dd28333036214a",
    "housenumber": 201,
    "lat": 52.4937914,
    "lon": 13.3258138,
    "parity": "R",
    "proj_lat": 52.49424632137921,
    "proj_lon": 13.325372003831134,
    "marker-color": "#ff0000",
    "marker-symbol": "o"
  },
  {
    "rowid": 185954,
    "id": 40021,
    "source": "OA",
    "source_id": "65dd28333036214a",
    "housenumber": 201,
    "lat": 52.4937914,
    "lon": 13.3258138,
    "parity": "R",
    "proj_lat": 52.49424632137921,
    "proj_lon": 13.325372003831134,
    "marker-color": "#ff0000",
    "marker-symbol": "o"
  },
  {
    "rowid": 185955,
    "id": 40021,
    "source": "OA",
    "source_id": "e06cba77cfd671e1",
    "housenumber": 202,
    "lat": 52.4942052,
    "lon": 13.3268631,
    "parity": "R",
    "proj_lat": 52.494591143824216,
    "proj_lon": 13.326662663753574,
    "marker-color": "#ff0000",
    "marker-symbol": "e"
  },
  {
    "rowid": 185955,
    "id": 40021,
    "source": "OA",
    "source_id": "e06cba77cfd671e1",
    "housenumber": 202,
    "lat": 52.4942052,
    "lon": 13.3268631,
    "parity": "R",
    "proj_lat": 52.494591143824216,
    "proj_lon": 13.326662663753574,
    "marker-color": "#ff0000",
    "marker-symbol": "e"
  },
  {
    "rowid": 185956,
    "id": 40021,
    "source": "OA",
    "source_id": "db81a4a7e3bf089b",
    "housenumber": 203,
    "lat": 52.4942701,
    "lon": 13.3270272,
    "parity": "R",
    "proj_lat": 52.49462576267218,
    "proj_lon": 13.326842489436034,
    "marker-color": "#ff0000",
    "marker-symbol": "o"
  },
  {
    "rowid": 185956,
    "id": 40021,
    "source": "OA",
    "source_id": "db81a4a7e3bf089b",
    "housenumber": 203,
    "lat": 52.4942701,
    "lon": 13.3270272,
    "parity": "R",
    "proj_lat": 52.49462576267218,
    "proj_lon": 13.326842489436034,
    "marker-color": "#ff0000",
    "marker-symbol": "o"
  },
  {
    "rowid": 185957,
    "id": 40021,
    "source": "OA",
    "source_id": "cda1cd767fcce2c1",
    "housenumber": 205,
    "lat": 52.4945817,
    "lon": 13.3281601,
    "parity": "R",
    "proj_lat": 52.49482389384487,
    "proj_lon": 13.328065047011307,
    "marker-color": "#ff0000",
    "marker-symbol": "o"
  },
  {
    "rowid": 185957,
    "id": 40021,
    "source": "OA",
    "source_id": "cda1cd767fcce2c1",
    "housenumber": 205,
    "lat": 52.4945817,
    "lon": 13.3281601,
    "parity": "R",
    "proj_lat": 52.49482389384487,
    "proj_lon": 13.328065047011307,
    "marker-color": "#ff0000",
    "marker-symbol": "o"
  },
  {
    "rowid": 185958,
    "id": 40021,
    "source": "OA",
    "source_id": "747a30f9d5c1bc6b",
    "housenumber": 208,
    "lat": 52.4946935,
    "lon": 13.3286448,
    "parity": "R",
    "proj_lat": 52.49488739410417,
    "proj_lon": 13.328586144682323,
    "marker-color": "#ff0000",
    "marker-symbol": "e"
  },
  {
    "rowid": 185958,
    "id": 40021,
    "source": "OA",
    "source_id": "747a30f9d5c1bc6b",
    "housenumber": 208,
    "lat": 52.4946935,
    "lon": 13.3286448,
    "parity": "R",
    "proj_lat": 52.49488739410417,
    "proj_lon": 13.328586144682323,
    "marker-color": "#ff0000",
    "marker-symbol": "e"
  },
  {
    "rowid": 185959,
    "id": 40021,
    "source": "OA",
    "source_id": "5dc64071e072d8bd",
    "housenumber": 208.03,
    "lat": 52.4946703,
    "lon": 13.3293233,
    "parity": "R",
    "proj_lat": 52.49495739702814,
    "proj_lon": 13.329245486698625,
    "marker-color": "#ff0000",
    "marker-symbol": "e"
  },
  {
    "rowid": 185959,
    "id": 40021,
    "source": "OA",
    "source_id": "5dc64071e072d8bd",
    "housenumber": 208.03,
    "lat": 52.4946703,
    "lon": 13.3293233,
    "parity": "R",
    "proj_lat": 52.49495739702814,
    "proj_lon": 13.329245486698625,
    "marker-color": "#ff0000",
    "marker-symbol": "e"
  }
]
