[
  {
    "rowid": 50182,
    "id": 13433,
    "source": "OA",
    "source_id": "7ff93512dca0ec39",
    "housenumber": 1,
    "lat": 52.5655274,
    "lon": 13.2098162,
    "parity": "L",
    "proj_lat": 52.565590278573936,
    "proj_lon": 13.209518992616282,
    "marker-color": "#3366ff",
    "marker-symbol": "o"
  },
  {
    "rowid": 50183,
    "id": 13433,
    "source": "OA",
    "source_id": "33c3eff971b15a7d",
    "housenumber": 2,
    "lat": 52.5654622,
    "lon": 13.2100339,
    "parity": "L",
    "proj_lat": 52.56557320484097,
    "proj_lon": 13.20950921634042,
    "marker-color": "#3366ff",
    "marker-symbol": "e"
  },
  {
    "rowid": 50184,
    "id": 13433,
    "source": "OA",
    "source_id": "3fa0f7dba2f20883",
    "housenumber": 3,
    "lat": 52.5660186,
    "lon": 13.2101194,
    "parity": "L",
    "proj_lat": 52.56608561798905,
    "proj_lon": 13.209802619798342,
    "marker-color": "#3366ff",
    "marker-symbol": "o"
  },
  {
    "rowid": 50185,
    "id": 13433,
    "source": "OA",
    "source_id": "fa35725b9f048b08",
    "housenumber": 4,
    "lat": 52.5659929,
    "lon": 13.2103464,
    "parity": "L",
    "proj_lat": 52.56610260196189,
    "proj_lon": 13.209812334657133,
    "marker-color": "#3366ff",
    "marker-symbol": "e"
  },
  {
    "rowid": 50186,
    "id": 13433,
    "source": "OA",
    "source_id": "0066db3978b4327c",
    "housenumber": 5,
    "lat": 52.5659683,
    "lon": 13.2105752,
    "parity": "L",
    "proj_lat": 52.56612270417794,
    "proj_lon": 13.20982351036466,
    "marker-color": "#3366ff",
    "marker-symbol": "o"
  },
  {
    "rowid": 50187,
    "id": 13433,
    "source": "OA",
    "source_id": "2d0ef632f5938a84",
    "housenumber": 6,
    "lat": 52.5663391,
    "lon": 13.2103234,
    "parity": "L",
    "proj_lat": 52.56640907808151,
    "proj_lon": 13.209982718234128,
    "marker-color": "#3366ff",
    "marker-symbol": "e"
  },
  {
    "rowid": 50188,
    "id": 13433,
    "source": "OA",
    "source_id": "61e285666dc65438",
    "housenumber": 7,
    "lat": 52.5667403,
    "lon": 13.2104445,
    "parity": "L",
    "proj_lat": 52.5667911592003,
    "proj_lon": 13.210228758295717,
    "marker-color": "#3366ff",
    "marker-symbol": "o"
  },
  {
    "rowid": 50189,
    "id": 13433,
    "source": "OA",
    "source_id": "4dc3b496639ce1a3",
    "housenumber": 8,
    "lat": 52.5671099,
    "lon": 13.2107033,
    "parity": "L",
    "proj_lat": 52.567165465995465,
    "proj_lon": 13.210467588377707,
    "marker-color": "#3366ff",
    "marker-symbol": "e"
  },
  {
    "rowid": 50190,
    "id": 13433,
    "source": "OA",
    "source_id": "789a0e117650d2a1",
    "housenumber": 9,
    "lat": 52.5669099,
    "lon": 13.2116275,
    "parity": "L",
    "proj_lat": 52.5671810002094,
    "proj_lon": 13.210477500133614,
    "marker-color": "#3366ff",
    "marker-symbol": "o"
  },
  {
    "rowid": 50191,
    "id": 13433,
    "source": "OA",
    "source_id": "f4f5c3fb7554e3df",
    "housenumber": 12,
    "lat": 52.567855,
    "lon": 13.2122222,
    "parity": "L",
    "proj_lat": 52.56811581659355,
    "proj_lon": 13.211056536810176,
    "marker-color": "#3366ff",
    "marker-symbol": "e"
  },
  {
    "rowid": 50192,
    "id": 13433,
    "source": "OA",
    "source_id": "e46d7e082782b621",
    "housenumber": 13,
    "lat": 52.5682419,
    "lon": 13.212042,
    "parity": "L",
    "proj_lat": 52.568428549144244,
    "proj_lon": 13.211244098803125,
    "marker-color": "#3366ff",
    "marker-symbol": "o"
  },
  {
    "rowid": 50193,
    "id": 13433,
    "source": "OA",
    "source_id": "bbb87de47c84285f",
    "housenumber": 14,
    "lat": 52.5682445,
    "lon": 13.2125569,
    "parity": "L",
    "proj_lat": 52.56853572276193,
    "proj_lon": 13.211311959827421,
    "marker-color": "#3366ff",
    "marker-symbol": "e"
  },
  {
    "rowid": 50194,
    "id": 13433,
    "source": "OA",
    "source_id": "af99a9fe19f0d207",
    "housenumber": 14.03,
    "lat": 52.5681984,
    "lon": 13.2127796,
    "parity": "L",
    "proj_lat": 52.56854094508103,
    "proj_lon": 13.211315266536024,
    "marker-color": "#3366ff",
    "marker-symbol": "e"
  },
  {
    "rowid": 50195,
    "id": 13433,
    "source": "OA",
    "source_id": "47aa3f1bec3e3456",
    "housenumber": 14.06,
    "lat": 52.5681613,
    "lon": 13.2129942,
    "parity": "L",
    "proj_lat": 52.56855,
    "proj_lon": 13.211321,
    "marker-color": "#3366ff",
    "marker-symbol": "e"
  },
  {
    "rowid": 50196,
    "id": 13433,
    "source": "OA",
    "source_id": "c066d0cf780c47ac",
    "housenumber": 15,
    "lat": 52.5681327,
    "lon": 13.2132117,
    "parity": "L",
    "proj_lat": 52.56855472303131,
    "proj_lon": 13.211323857885185,
    "marker-color": "#3366ff",
    "marker-symbol": "o"
  },
  {
    "rowid": 50197,
    "id": 13433,
    "source": "OA",
    "source_id": "ca49e97ffc327aa0",
    "housenumber": 15.03,
    "lat": 52.5680881,
    "lon": 13.2134127,
    "parity": "L",
    "proj_lat": 52.56855501729312,
    "proj_lon": 13.211324035941695,
    "marker-color": "#3366ff",
    "marker-symbol": "o"
  },
  {
    "rowid": 50198,
    "id": 13433,
    "source": "OA",
    "source_id": "176d596ca4d91489",
    "housenumber": 15.06,
    "lat": 52.5680475,
    "lon": 13.2136305,
    "parity": "L",
    "proj_lat": 52.56856214316241,
    "proj_lon": 13.211328347773431,
    "marker-color": "#3366ff",
    "marker-symbol": "o"
  },
  {
    "rowid": 50199,
    "id": 13433,
    "source": "OA",
    "source_id": "c9d81b9eba8cc76d",
    "housenumber": 15.09,
    "lat": 52.5680108,
    "lon": 13.213862,
    "parity": "L",
    "proj_lat": 52.568575402117254,
    "proj_lon": 13.211336370707892,
    "marker-color": "#3366ff",
    "marker-symbol": "o"
  },
  {
    "rowid": 50200,
    "id": 13433,
    "source": "OA",
    "source_id": "1d0b9ed676c60a28",
    "housenumber": 16,
    "lat": 52.5675957,
    "lon": 13.2154421,
    "parity": "L",
    "proj_lat": 52.56855,
    "proj_lon": 13.211321,
    "marker-color": "#3366ff",
    "marker-symbol": "e"
  },
  {
    "rowid": 50201,
    "id": 13433,
    "source": "OA",
    "source_id": "3a0aca913b5310f7",
    "housenumber": 19,
    "lat": 52.5689276,
    "lon": 13.212041,
    "parity": "L",
    "proj_lat": 52.56902501124641,
    "proj_lon": 13.211609358334627,
    "marker-color": "#3366ff",
    "marker-symbol": "o"
  },
  {
    "rowid": 50202,
    "id": 13433,
    "source": "OA",
    "source_id": "3f5e12609d53c5bf",
    "housenumber": 30,
    "lat": 52.5713612,
    "lon": 13.2134756,
    "parity": "L",
    "proj_lat": 52.57140249585488,
    "proj_lon": 13.213000469612913,
    "marker-color": "#3366ff",
    "marker-symbol": "e"
  },
  {
    "rowid": 50203,
    "id": 13433,
    "source": "OA",
    "source_id": "ed3a3ec246943dbb",
    "housenumber": 55,
    "lat": 52.579158,
    "lon": 13.2101819,
    "parity": "L",
    "proj_lat": 52.57911011271284,
    "proj_lon": 13.209916633784836,
    "marker-color": "#3366ff",
    "marker-symbol": "o"
  },
  {
    "rowid": 50204,
    "id": 13433,
    "source": "OA",
    "source_id": "b6b61a07c8d97e16",
    "housenumber": 56,
    "lat": 52.5793253,
    "lon": 13.2100158,
    "parity": "L",
    "proj_lat": 52.57929139852305,
    "proj_lon": 13.20982800516651,
    "marker-color": "#3366ff",
    "marker-symbol": "e"
  },
  {
    "rowid": 50205,
    "id": 13433,
    "source": "OA",
    "source_id": "2cbb674dfc8831c6",
    "housenumber": 56.03,
    "lat": 52.5793741,
    "lon": 13.210019,
    "parity": "L",
    "proj_lat": 52.57933571015604,
    "proj_lon": 13.209806341701494,
    "marker-color": "#3366ff",
    "marker-symbol": "e"
  },
  {
    "rowid": 175716,
    "id": 13433,
    "source": "OA",
    "source_id": "90b055cac54df79b",
    "housenumber": 57,
    "lat": 52.5795813,
    "lon": 13.209972,
    "parity": "L",
    "proj_lat": 52.57953390346736,
    "proj_lon": 13.209709447193736,
    "marker-color": "#3366ff",
    "marker-symbol": "o"
  },
  {
    "rowid": 159202,
    "id": 13433,
    "source": "OA",
    "source_id": "06fc39aa15fa4f76",
    "housenumber": 58,
    "lat": 52.5797157,
    "lon": 13.2099641,
    "parity": "L",
    "proj_lat": 52.57965871470491,
    "proj_lon": 13.20964842836649,
    "marker-color": "#3366ff",
    "marker-symbol": "e"
  },
  {
    "rowid": 159203,
    "id": 13433,
    "source": "OA",
    "source_id": "926a4e62aa7e06d5",
    "housenumber": 58.03,
    "lat": 52.5799042,
    "lon": 13.2099272,
    "parity": "L",
    "proj_lat": 52.579838049379106,
    "proj_lon": 13.209560753636882,
    "marker-color": "#3366ff",
    "marker-symbol": "e"
  },
  {
    "rowid": 50206,
    "id": 13433,
    "source": "OA",
    "source_id": "3164fb6ca495f0bb",
    "housenumber": 60.03,
    "lat": 52.5805176,
    "lon": 13.2114736,
    "parity": "L",
    "proj_lat": 52.580149373139946,
    "proj_lon": 13.209408940394137,
    "marker-color": "#3366ff",
    "marker-symbol": "e"
  },
  {
    "rowid": 50207,
    "id": 13433,
    "source": "OA",
    "source_id": "c0758c23e52b7ebe",
    "housenumber": 60.06,
    "lat": 52.5804697,
    "lon": 13.2124725,
    "parity": "L",
    "proj_lat": 52.579935488177554,
    "proj_lon": 13.209513116890975,
    "marker-color": "#3366ff",
    "marker-symbol": "e"
  },
  {
    "rowid": 50208,
    "id": 13433,
    "source": "OA",
    "source_id": "2f9e3d1f0bc8373d",
    "housenumber": 61,
    "lat": 52.5816731,
    "lon": 13.2138636,
    "parity": "L",
    "proj_lat": 52.58082082498492,
    "proj_lon": 13.209084615199885,
    "marker-color": "#3366ff",
    "marker-symbol": "o"
  },
  {
    "rowid": 144914,
    "id": 13433,
    "source": "OA",
    "source_id": "c5fb65bdbb9dbc25",
    "housenumber": 62,
    "lat": 52.5821465,
    "lon": 13.213459,
    "parity": "L",
    "proj_lat": 52.5813231293577,
    "proj_lon": 13.208841991749676,
    "marker-color": "#3366ff",
    "marker-symbol": "e"
  },
  {
    "rowid": 144915,
    "id": 13433,
    "source": "OA",
    "source_id": "48fe5e68722eeb59",
    "housenumber": 63,
    "lat": 52.5831057,
    "lon": 13.2116157,
    "parity": "L",
    "proj_lat": 52.582498334602356,
    "proj_lon": 13.208270467219293,
    "marker-color": "#3366ff",
    "marker-symbol": "o"
  },
  {
    "rowid": 50209,
    "id": 13433,
    "source": "OA",
    "source_id": "6c2dfbcc84a92cb2",
    "housenumber": 79,
    "lat": 52.5847543,
    "lon": 13.2113823,
    "parity": "L",
    "proj_lat": 52.58392322077853,
    "proj_lon": 13.207548340112252,
    "marker-color": "#3366ff",
    "marker-symbol": "o"
  },
  {
    "rowid": 50210,
    "id": 13433,
    "source": "OA",
    "source_id": "a3f22d88ce404bb8",
    "housenumber": 80,
    "lat": 52.5854514,
    "lon": 13.2108294,
    "parity": "L",
    "proj_lat": 52.584293,
    "proj_lon": 13.207244,
    "marker-color": "#3366ff",
    "marker-symbol": "e"
  },
  {
    "rowid": 50211,
    "id": 13433,
    "source": "OA",
    "source_id": "fb96bf224a774530",
    "housenumber": 81,
    "lat": 52.5856077,
    "lon": 13.2113784,
    "parity": "L",
    "proj_lat": 52.58428774394342,
    "proj_lon": 13.207248550771032,
    "marker-color": "#3366ff",
    "marker-symbol": "o"
  },
  {
    "rowid": 50212,
    "id": 13433,
    "source": "OA",
    "source_id": "8cfc1732a291594e",
    "housenumber": 82,
    "lat": 52.5856252,
    "lon": 13.2120396,
    "parity": "L",
    "proj_lat": 52.584135928041,
    "proj_lon": 13.207379995210506,
    "marker-color": "#3366ff",
    "marker-symbol": "e"
  },
  {
    "rowid": 153815,
    "id": 13433,
    "source": "OA",
    "source_id": "4aec5ae790a77951",
    "housenumber": 83,
    "lat": 52.5868996,
    "lon": 13.2131861,
    "parity": "L",
    "proj_lat": 52.58441,
    "proj_lon": 13.207127,
    "marker-color": "#3366ff",
    "marker-symbol": "o"
  },
  {
    "rowid": 50213,
    "id": 13433,
    "source": "OA",
    "source_id": "146c0c16a6dd92c5",
    "housenumber": 84,
    "lat": 52.5872888,
    "lon": 13.2119164,
    "parity": "L",
    "proj_lat": 52.584584,
    "proj_lon": 13.206878,
    "marker-color": "#3366ff",
    "marker-symbol": "e"
  },
  {
    "rowid": 50214,
    "id": 13433,
    "source": "OA",
    "source_id": "e91a595caec08b29",
    "housenumber": 106,
    "lat": 52.5798241,
    "lon": 13.2093602,
    "parity": "R",
    "proj_lat": 52.579858499146134,
    "proj_lon": 13.209550755973002,
    "marker-color": "#ff0000",
    "marker-symbol": "e"
  },
  {
    "rowid": 50215,
    "id": 13433,
    "source": "OA",
    "source_id": "4f058eaa38ee969b",
    "housenumber": 107,
    "lat": 52.5797898,
    "lon": 13.2086892,
    "parity": "R",
    "proj_lat": 52.57993828665396,
    "proj_lon": 13.209511748746952,
    "marker-color": "#ff0000",
    "marker-symbol": "o"
  },
  {
    "rowid": 50216,
    "id": 13433,
    "source": "OA",
    "source_id": "138749c19288a27e",
    "housenumber": 108,
    "lat": 52.5796744,
    "lon": 13.2092951,
    "parity": "R",
    "proj_lat": 52.57973173853665,
    "proj_lon": 13.209612727826526,
    "marker-color": "#ff0000",
    "marker-symbol": "e"
  },
  {
    "rowid": 50217,
    "id": 13433,
    "source": "OA",
    "source_id": "9a5e79a7fce334c0",
    "housenumber": 109,
    "lat": 52.5795088,
    "lon": 13.2092616,
    "parity": "R",
    "proj_lat": 52.57958512584228,
    "proj_lon": 13.209684405143776,
    "marker-color": "#ff0000",
    "marker-symbol": "o"
  },
  {
    "rowid": 175717,
    "id": 13433,
    "source": "OA",
    "source_id": "a130a48182130932",
    "housenumber": 110,
    "lat": 52.5793839,
    "lon": 13.209563,
    "parity": "R",
    "proj_lat": 52.57942035820887,
    "proj_lon": 13.209764958208996,
    "marker-color": "#ff0000",
    "marker-symbol": "e"
  },
  {
    "rowid": 175718,
    "id": 13433,
    "source": "OA",
    "source_id": "cefd108e7a87a963",
    "housenumber": 110.03,
    "lat": 52.5793376,
    "lon": 13.2095596,
    "parity": "R",
    "proj_lat": 52.579378377152906,
    "proj_lon": 13.209785482280802,
    "marker-color": "#ff0000",
    "marker-symbol": "e"
  },
  {
    "rowid": 50218,
    "id": 13433,
    "source": "OA",
    "source_id": "857563740770087b",
    "housenumber": 111,
    "lat": 52.5782779,
    "lon": 13.2096009,
    "parity": "R",
    "proj_lat": 52.57839523291443,
    "proj_lon": 13.210262454634693,
    "marker-color": "#ff0000",
    "marker-symbol": "o"
  },
  {
    "rowid": 50219,
    "id": 13433,
    "source": "OA",
    "source_id": "1e7ce6d4ba2feb78",
    "housenumber": 126,
    "lat": 52.573032,
    "lon": 13.2121709,
    "parity": "R",
    "proj_lat": 52.57310219849405,
    "proj_lon": 13.212636045770166,
    "marker-color": "#ff0000",
    "marker-symbol": "e"
  },
  {
    "rowid": 50220,
    "id": 13433,
    "source": "OA",
    "source_id": "88375b4f2c347382",
    "housenumber": 140,
    "lat": 52.5698102,
    "lon": 13.21174,
    "parity": "R",
    "proj_lat": 52.56973040441913,
    "proj_lon": 13.212068966303198,
    "marker-color": "#ff0000",
    "marker-symbol": "e"
  },
  {
    "rowid": 50221,
    "id": 13433,
    "source": "OA",
    "source_id": "19a7991c2b091bc6",
    "housenumber": 141,
    "lat": 52.5698102,
    "lon": 13.21174,
    "parity": "R",
    "proj_lat": 52.56973040441913,
    "proj_lon": 13.212068966303198,
    "marker-color": "#ff0000",
    "marker-symbol": "o"
  },
  {
    "rowid": 50222,
    "id": 13433,
    "source": "OA",
    "source_id": "bee6dc597e93b890",
    "housenumber": 142,
    "lat": 52.5698102,
    "lon": 13.21174,
    "parity": "R",
    "proj_lat": 52.56973040441913,
    "proj_lon": 13.212068966303198,
    "marker-color": "#ff0000",
    "marker-symbol": "e"
  },
  {
    "rowid": 50223,
    "id": 13433,
    "source": "OA",
    "source_id": "a1ddcc9533767815",
    "housenumber": 143,
    "lat": 52.5698102,
    "lon": 13.21174,
    "parity": "R",
    "proj_lat": 52.56973040441913,
    "proj_lon": 13.212068966303198,
    "marker-color": "#ff0000",
    "marker-symbol": "o"
  },
  {
    "rowid": 50224,
    "id": 13433,
    "source": "OA",
    "source_id": "20f51b0376295cb9",
    "housenumber": 144,
    "lat": 52.5698102,
    "lon": 13.21174,
    "parity": "R",
    "proj_lat": 52.56973040441913,
    "proj_lon": 13.212068966303198,
    "marker-color": "#ff0000",
    "marker-symbol": "e"
  },
  {
    "rowid": 50225,
    "id": 13433,
    "source": "OA",
    "source_id": "0edb2c7da58abe77",
    "housenumber": 145,
    "lat": 52.5698102,
    "lon": 13.21174,
    "parity": "R",
    "proj_lat": 52.56973040441913,
    "proj_lon": 13.212068966303198,
    "marker-color": "#ff0000",
    "marker-symbol": "o"
  },
  {
    "rowid": 50226,
    "id": 13433,
    "source": "OA",
    "source_id": "6d77d3a71000fcd0",
    "housenumber": 146,
    "lat": 52.5698102,
    "lon": 13.21174,
    "parity": "R",
    "proj_lat": 52.56973040441913,
    "proj_lon": 13.212068966303198,
    "marker-color": "#ff0000",
    "marker-symbol": "e"
  },
  {
    "rowid": 50227,
    "id": 13433,
    "source": "OA",
    "source_id": "e99a73602fade9e6",
    "housenumber": 147,
    "lat": 52.5698102,
    "lon": 13.21174,
    "parity": "R",
    "proj_lat": 52.56973040441913,
    "proj_lon": 13.212068966303198,
    "marker-color": "#ff0000",
    "marker-symbol": "o"
  },
  {
    "rowid": 50228,
    "id": 13433,
    "source": "OA",
    "source_id": "de2d09b53513ce86",
    "housenumber": 148,
    "lat": 52.5698102,
    "lon": 13.21174,
    "parity": "R",
    "proj_lat": 52.56973040441913,
    "proj_lon": 13.212068966303198,
    "marker-color": "#ff0000",
    "marker-symbol": "e"
  },
  {
    "rowid": 50229,
    "id": 13433,
    "source": "OA",
    "source_id": "19790afba8547815",
    "housenumber": 149,
    "lat": 52.5698102,
    "lon": 13.21174,
    "parity": "R",
    "proj_lat": 52.56973040441913,
    "proj_lon": 13.212068966303198,
    "marker-color": "#ff0000",
    "marker-symbol": "o"
  },
  {
    "rowid": 50230,
    "id": 13433,
    "source": "OA",
    "source_id": "efe588f5395425f6",
    "housenumber": 150,
    "lat": 52.5698102,
    "lon": 13.21174,
    "parity": "R",
    "proj_lat": 52.56973040441913,
    "proj_lon": 13.212068966303198,
    "marker-color": "#ff0000",
    "marker-symbol": "e"
  },
  {
    "rowid": 50231,
    "id": 13433,
    "source": "OA",
    "source_id": "53e3d7a53867eb0e",
    "housenumber": 170,
    "lat": 52.5669456,
    "lon": 13.2098457,
    "parity": "R",
    "proj_lat": 52.56684691213075,
    "proj_lon": 13.210264331993878,
    "marker-color": "#ff0000",
    "marker-symbol": "e"
  }
]
