[
  {
    "rowid": 94535,
    "id": 33229,
    "source": "OA",
    "source_id": "b5fca30766f8d955",
    "housenumber": 1,
    "lat": 52.4559322,
    "lon": 13.5807047,
    "parity": "L",
    "proj_lat": 52.45594367079716,
    "proj_lon": 13.580495307176426,
    "marker-color": "#3366ff",
    "marker-symbol": "o"
  },
  {
    "rowid": 94535,
    "id": 33229,
    "source": "OA",
    "source_id": "b5fca30766f8d955",
    "housenumber": 1,
    "lat": 52.4559322,
    "lon": 13.5807047,
    "parity": "L",
    "proj_lat": 52.45594367079716,
    "proj_lon": 13.580495307176426,
    "marker-color": "#3366ff",
    "marker-symbol": "o"
  },
  {
    "rowid": 94536,
    "id": 33229,
    "source": "OA",
    "source_id": "7a043677e4240f77",
    "housenumber": 3,
    "lat": 52.4561549,
    "lon": 13.5807978,
    "parity": "L",
    "proj_lat": 52.456169644542726,
    "proj_lon": 13.58052864410621,
    "marker-color": "#3366ff",
    "marker-symbol": "o"
  },
  {
    "rowid": 94536,
    "id": 33229,
    "source": "OA",
    "source_id": "7a043677e4240f77",
    "housenumber": 3,
    "lat": 52.4561549,
    "lon": 13.5807978,
    "parity": "L",
    "proj_lat": 52.456169644542726,
    "proj_lon": 13.58052864410621,
    "marker-color": "#3366ff",
    "marker-symbol": "o"
  },
  {
    "rowid": 94537,
    "id": 33229,
    "source": "OA",
    "source_id": "5b92892d75a346cf",
    "housenumber": 4,
    "lat": 52.4564643,
    "lon": 13.580779,
    "parity": "L",
    "proj_lat": 52.456475542377234,
    "proj_lon": 13.58057377189132,
    "marker-color": "#3366ff",
    "marker-symbol": "e"
  },
  {
    "rowid": 94537,
    "id": 33229,
    "source": "OA",
    "source_id": "5b92892d75a346cf",
    "housenumber": 4,
    "lat": 52.4564643,
    "lon": 13.580779,
    "parity": "L",
    "proj_lat": 52.456475542377234,
    "proj_lon": 13.58057377189132,
    "marker-color": "#3366ff",
    "marker-symbol": "e"
  },
  {
    "rowid": 94538,
    "id": 33229,
    "source": "OA",
    "source_id": "cbbc0d06393573f6",
    "housenumber": 5,
    "lat": 52.4568516,
    "lon": 13.5808317,
    "parity": "L",
    "proj_lat": 52.456861529915805,
    "proj_lon": 13.580627993082555,
    "marker-color": "#3366ff",
    "marker-symbol": "o"
  },
  {
    "rowid": 94538,
    "id": 33229,
    "source": "OA",
    "source_id": "cbbc0d06393573f6",
    "housenumber": 5,
    "lat": 52.4568516,
    "lon": 13.5808317,
    "parity": "L",
    "proj_lat": 52.456861529915805,
    "proj_lon": 13.580627993082555,
    "marker-color": "#3366ff",
    "marker-symbol": "o"
  },
  {
    "rowid": 94539,
    "id": 33229,
    "source": "OA",
    "source_id": "f0775ca801071361",
    "housenumber": 6,
    "lat": 52.4570098,
    "lon": 13.5808541,
    "parity": "L",
    "proj_lat": 52.45701980887929,
    "proj_lon": 13.580648771713605,
    "marker-color": "#3366ff",
    "marker-symbol": "e"
  },
  {
    "rowid": 94539,
    "id": 33229,
    "source": "OA",
    "source_id": "f0775ca801071361",
    "housenumber": 6,
    "lat": 52.4570098,
    "lon": 13.5808541,
    "parity": "L",
    "proj_lat": 52.45701980887929,
    "proj_lon": 13.580648771713605,
    "marker-color": "#3366ff",
    "marker-symbol": "e"
  },
  {
    "rowid": 94540,
    "id": 33229,
    "source": "OA",
    "source_id": "2dccb2641b07b951",
    "housenumber": 7,
    "lat": 52.4572072,
    "lon": 13.5808822,
    "parity": "L",
    "proj_lat": 52.457217314651224,
    "proj_lon": 13.580674699982753,
    "marker-color": "#3366ff",
    "marker-symbol": "o"
  },
  {
    "rowid": 94540,
    "id": 33229,
    "source": "OA",
    "source_id": "2dccb2641b07b951",
    "housenumber": 7,
    "lat": 52.4572072,
    "lon": 13.5808822,
    "parity": "L",
    "proj_lat": 52.457217314651224,
    "proj_lon": 13.580674699982753,
    "marker-color": "#3366ff",
    "marker-symbol": "o"
  },
  {
    "rowid": 173422,
    "id": 33229,
    "source": "OA",
    "source_id": "48990875ff172388",
    "housenumber": 12,
    "lat": 52.457353,
    "lon": 13.5805399,
    "parity": "R",
    "proj_lat": 52.457345608205266,
    "proj_lon": 13.580691542173067,
    "marker-color": "#ff0000",
    "marker-symbol": "e"
  },
  {
    "rowid": 173422,
    "id": 33229,
    "source": "OA",
    "source_id": "48990875ff172388",
    "housenumber": 12,
    "lat": 52.457353,
    "lon": 13.5805399,
    "parity": "R",
    "proj_lat": 52.457345608205266,
    "proj_lon": 13.580691542173067,
    "marker-color": "#ff0000",
    "marker-symbol": "e"
  },
  {
    "rowid": 94541,
    "id": 33229,
    "source": "OA",
    "source_id": "c8968f130f2f1160",
    "housenumber": 13,
    "lat": 52.4572573,
    "lon": 13.5805298,
    "parity": "R",
    "proj_lat": 52.4572500274866,
    "proj_lon": 13.580678994475981,
    "marker-color": "#ff0000",
    "marker-symbol": "o"
  },
  {
    "rowid": 94541,
    "id": 33229,
    "source": "OA",
    "source_id": "c8968f130f2f1160",
    "housenumber": 13,
    "lat": 52.4572573,
    "lon": 13.5805298,
    "parity": "R",
    "proj_lat": 52.4572500274866,
    "proj_lon": 13.580678994475981,
    "marker-color": "#ff0000",
    "marker-symbol": "o"
  },
  {
    "rowid": 94542,
    "id": 33229,
    "source": "OA",
    "source_id": "466e578cb3739801",
    "housenumber": 14,
    "lat": 52.4571083,
    "lon": 13.5804989,
    "parity": "R",
    "proj_lat": 52.45710047820265,
    "proj_lon": 13.580659361864504,
    "marker-color": "#ff0000",
    "marker-symbol": "e"
  },
  {
    "rowid": 94542,
    "id": 33229,
    "source": "OA",
    "source_id": "466e578cb3739801",
    "housenumber": 14,
    "lat": 52.4571083,
    "lon": 13.5804989,
    "parity": "R",
    "proj_lat": 52.45710047820265,
    "proj_lon": 13.580659361864504,
    "marker-color": "#ff0000",
    "marker-symbol": "e"
  },
  {
    "rowid": 94543,
    "id": 33229,
    "source": "OA",
    "source_id": "624ff991ae3ce2e2",
    "housenumber": 16,
    "lat": 52.4562991,
    "lon": 13.5803037,
    "parity": "R",
    "proj_lat": 52.456285838468084,
    "proj_lon": 13.580545785693705,
    "marker-color": "#ff0000",
    "marker-symbol": "e"
  },
  {
    "rowid": 94543,
    "id": 33229,
    "source": "OA",
    "source_id": "624ff991ae3ce2e2",
    "housenumber": 16,
    "lat": 52.4562991,
    "lon": 13.5803037,
    "parity": "R",
    "proj_lat": 52.456285838468084,
    "proj_lon": 13.580545785693705,
    "marker-color": "#ff0000",
    "marker-symbol": "e"
  },
  {
    "rowid": 94544,
    "id": 33229,
    "source": "OA",
    "source_id": "602365edc1b197c1",
    "housenumber": 17,
    "lat": 52.4561623,
    "lon": 13.5803727,
    "parity": "R",
    "proj_lat": 52.45615388464327,
    "proj_lon": 13.580526319116373,
    "marker-color": "#ff0000",
    "marker-symbol": "o"
  },
  {
    "rowid": 94544,
    "id": 33229,
    "source": "OA",
    "source_id": "602365edc1b197c1",
    "housenumber": 17,
    "lat": 52.4561623,
    "lon": 13.5803727,
    "parity": "R",
    "proj_lat": 52.45615388464327,
    "proj_lon": 13.580526319116373,
    "marker-color": "#ff0000",
    "marker-symbol": "o"
  },
  {
    "rowid": 94545,
    "id": 33229,
    "source": "OA",
    "source_id": "67dab9396d63cc0d",
    "housenumber": 18,
    "lat": 52.4560072,
    "lon": 13.5803509,
    "parity": "R",
    "proj_lat": 52.455998843340666,
    "proj_lon": 13.580503446543254,
    "marker-color": "#ff0000",
    "marker-symbol": "e"
  },
  {
    "rowid": 94545,
    "id": 33229,
    "source": "OA",
    "source_id": "67dab9396d63cc0d",
    "housenumber": 18,
    "lat": 52.4560072,
    "lon": 13.5803509,
    "parity": "R",
    "proj_lat": 52.455998843340666,
    "proj_lon": 13.580503446543254,
    "marker-color": "#ff0000",
    "marker-symbol": "e"
  }
]
