[
  {
    "rowid": 72699,
    "id": 13125,
    "source": "OA",
    "source_id": "251622db6499f7d7",
    "housenumber": 1,
    "lat": 52.4118912,
    "lon": 13.2657862,
    "parity": "R",
    "proj_lat": 52.41188106925838,
    "proj_lon": 13.26562163331005,
    "marker-color": "#ff0000",
    "marker-symbol": "o"
  },
  {
    "rowid": 72700,
    "id": 13125,
    "source": "OA",
    "source_id": "61a9f73aa9b1a424",
    "housenumber": 3,
    "lat": 52.4118302,
    "lon": 13.2657984,
    "parity": "R",
    "proj_lat": 52.411819940797855,
    "proj_lon": 13.26563174702128,
    "marker-color": "#ff0000",
    "marker-symbol": "o"
  },
  {
    "rowid": 72701,
    "id": 13125,
    "source": "OA",
    "source_id": "5fa3d97100bc4abc",
    "housenumber": 5,
    "lat": 52.4116792,
    "lon": 13.2658215,
    "parity": "R",
    "proj_lat": 52.411669055476416,
    "proj_lon": 13.265656711016067,
    "marker-color": "#ff0000",
    "marker-symbol": "o"
  },
  {
    "rowid": 72702,
    "id": 13125,
    "source": "OA",
    "source_id": "43ab53c509f0181c",
    "housenumber": 7,
    "lat": 52.4116179,
    "lon": 13.2658337,
    "parity": "R",
    "proj_lat": 52.41161006379589,
    "proj_lon": 13.265665874347182,
    "marker-color": "#ff0000",
    "marker-symbol": "o"
  },
  {
    "rowid": 72703,
    "id": 13125,
    "source": "OA",
    "source_id": "b6d830483ddd1883",
    "housenumber": 9,
    "lat": 52.4114262,
    "lon": 13.265872,
    "parity": "R",
    "proj_lat": 52.41141770253027,
    "proj_lon": 13.265690013800123,
    "marker-color": "#ff0000",
    "marker-symbol": "o"
  },
  {
    "rowid": 72704,
    "id": 13125,
    "source": "OA",
    "source_id": "1ed8dfce4bcee244",
    "housenumber": 11,
    "lat": 52.4113616,
    "lon": 13.2658849,
    "parity": "R",
    "proj_lat": 52.41135287999388,
    "proj_lon": 13.265698148392925,
    "marker-color": "#ff0000",
    "marker-symbol": "o"
  }
]
