[
  {
    "rowid": 282069,
    "id": 16585,
    "source": "OA",
    "source_id": "7787c6dec4e8a2f3",
    "housenumber": 31,
    "lat": 52.4212229,
    "lon": 13.2435999,
    "parity": "R",
    "proj_lat": 52.42137657709144,
    "proj_lon": 13.243583951914676,
    "marker-color": "#ff0000",
    "marker-symbol": "o"
  },
  {
    "rowid": 282070,
    "id": 16585,
    "source": "OA",
    "source_id": "15181bb1d0ae645e",
    "housenumber": 33,
    "lat": 52.4212184,
    "lon": 13.2434953,
    "parity": "R",
    "proj_lat": 52.42137253805225,
    "proj_lon": 13.243479304081,
    "marker-color": "#ff0000",
    "marker-symbol": "o"
  },
  {
    "rowid": 282071,
    "id": 16585,
    "source": "OA",
    "source_id": "bd89c698cf5c9379",
    "housenumber": 35,
    "lat": 52.4212182,
    "lon": 13.2432866,
    "parity": "R",
    "proj_lat": 52.42136451430188,
    "proj_lon": 13.243271416003147,
    "marker-color": "#ff0000",
    "marker-symbol": "o"
  },
  {
    "rowid": 282072,
    "id": 16585,
    "source": "OA",
    "source_id": "f98f7448b42d41c9",
    "housenumber": 37,
    "lat": 52.4212178,
    "lon": 13.243194,
    "parity": "R",
    "proj_lat": 52.4213609529294,
    "proj_lon": 13.24317914407982,
    "marker-color": "#ff0000",
    "marker-symbol": "o"
  },
  {
    "rowid": 282073,
    "id": 16585,
    "source": "OA",
    "source_id": "3f747aaffcb83c58",
    "housenumber": 39,
    "lat": 52.4212158,
    "lon": 13.2429881,
    "parity": "R",
    "proj_lat": 52.421353029637125,
    "proj_lon": 13.242973858780074,
    "marker-color": "#ff0000",
    "marker-symbol": "o"
  },
  {
    "rowid": 282074,
    "id": 16585,
    "source": "OA",
    "source_id": "395f7a3497709f08",
    "housenumber": 41,
    "lat": 52.4212158,
    "lon": 13.242894,
    "parity": "R",
    "proj_lat": 52.42134941219664,
    "proj_lon": 13.24288013418561,
    "marker-color": "#ff0000",
    "marker-symbol": "o"
  },
  {
    "rowid": 282075,
    "id": 16585,
    "source": "OA",
    "source_id": "927e6c19544b1278",
    "housenumber": 43,
    "lat": 52.4211855,
    "lon": 13.2426282,
    "parity": "R",
    "proj_lat": 52.421339073297695,
    "proj_lon": 13.242612262713077,
    "marker-color": "#ff0000",
    "marker-symbol": "o"
  },
  {
    "rowid": 282076,
    "id": 16585,
    "source": "OA",
    "source_id": "bbe9be1cd8c3dca6",
    "housenumber": 45,
    "lat": 52.4211855,
    "lon": 13.2425356,
    "parity": "R",
    "proj_lat": 52.42133551352096,
    "proj_lon": 13.24252003213396,
    "marker-color": "#ff0000",
    "marker-symbol": "o"
  },
  {
    "rowid": 282077,
    "id": 16585,
    "source": "OA",
    "source_id": "010e7cba83ee01fa",
    "housenumber": 47,
    "lat": 52.4211872,
    "lon": 13.2423239,
    "parity": "R",
    "proj_lat": 52.42132738202286,
    "proj_lon": 13.242309352410507,
    "marker-color": "#ff0000",
    "marker-symbol": "o"
  },
  {
    "rowid": 282078,
    "id": 16585,
    "source": "OA",
    "source_id": "b3c0d630d01b5328",
    "housenumber": 49,
    "lat": 52.4211872,
    "lon": 13.2422254,
    "parity": "R",
    "proj_lat": 52.4213235954353,
    "proj_lon": 13.242211245369036,
    "marker-color": "#ff0000",
    "marker-symbol": "o"
  },
  {
    "rowid": 282079,
    "id": 16585,
    "source": "OA",
    "source_id": "a7a1aa0ce9acefb9",
    "housenumber": 51,
    "lat": 52.4211582,
    "lon": 13.2419625,
    "parity": "R",
    "proj_lat": 52.421313373205976,
    "proj_lon": 13.241946396700268,
    "marker-color": "#ff0000",
    "marker-symbol": "o"
  },
  {
    "rowid": 282080,
    "id": 16585,
    "source": "OA",
    "source_id": "bf72cdfededb281f",
    "housenumber": 53,
    "lat": 52.4211582,
    "lon": 13.24187,
    "parity": "R",
    "proj_lat": 52.42130960605671,
    "proj_lon": 13.24185069342442,
    "marker-color": "#ff0000",
    "marker-symbol": "o"
  },
  {
    "rowid": 282081,
    "id": 16585,
    "source": "OA",
    "source_id": "c226b1871caa3780",
    "housenumber": 55,
    "lat": 52.4211563,
    "lon": 13.2416628,
    "parity": "R",
    "proj_lat": 52.421299827145994,
    "proj_lon": 13.241644498106977,
    "marker-color": "#ff0000",
    "marker-symbol": "o"
  },
  {
    "rowid": 282082,
    "id": 16585,
    "source": "OA",
    "source_id": "9fe8738f0f99d35b",
    "housenumber": 57,
    "lat": 52.4211563,
    "lon": 13.2415672,
    "parity": "R",
    "proj_lat": 52.42129532052431,
    "proj_lon": 13.241549472769751,
    "marker-color": "#ff0000",
    "marker-symbol": "o"
  },
  {
    "rowid": 282083,
    "id": 16585,
    "source": "OA",
    "source_id": "9bdc197e3c8aa54d",
    "housenumber": 59,
    "lat": 52.4210949,
    "lon": 13.2408375,
    "parity": "R",
    "proj_lat": 52.42126074437337,
    "proj_lon": 13.240816615972058,
    "marker-color": "#ff0000",
    "marker-symbol": "o"
  },
  {
    "rowid": 282084,
    "id": 16585,
    "source": "OA",
    "source_id": "6c337dabb8371d3f",
    "housenumber": 61,
    "lat": 52.4210936,
    "lon": 13.240742,
    "parity": "R",
    "proj_lat": 52.42125629029506,
    "proj_lon": 13.240721513152007,
    "marker-color": "#ff0000",
    "marker-symbol": "o"
  },
  {
    "rowid": 282085,
    "id": 16585,
    "source": "OA",
    "source_id": "9151259b315a356b",
    "housenumber": 63,
    "lat": 52.4210942,
    "lon": 13.2405392,
    "parity": "R",
    "proj_lat": 52.42124685149503,
    "proj_lon": 13.240519977291859,
    "marker-color": "#ff0000",
    "marker-symbol": "o"
  },
  {
    "rowid": 282086,
    "id": 16585,
    "source": "OA",
    "source_id": "59d7aa2b8238cf26",
    "housenumber": 65,
    "lat": 52.421093,
    "lon": 13.2404452,
    "parity": "R",
    "proj_lat": 52.421242467842646,
    "proj_lon": 13.240426378195739,
    "marker-color": "#ff0000",
    "marker-symbol": "o"
  },
  {
    "rowid": 282087,
    "id": 16585,
    "source": "OA",
    "source_id": "8f75bf13808e6b85",
    "housenumber": 67,
    "lat": 52.4210911,
    "lon": 13.2402319,
    "parity": "R",
    "proj_lat": 52.421232525507655,
    "proj_lon": 13.240214090931868,
    "marker-color": "#ff0000",
    "marker-symbol": "o"
  },
  {
    "rowid": 282088,
    "id": 16585,
    "source": "OA",
    "source_id": "5fc32f446af35988",
    "housenumber": 69,
    "lat": 52.4210903,
    "lon": 13.2401422,
    "parity": "R",
    "proj_lat": 52.42122834440742,
    "proj_lon": 13.240124816699009,
    "marker-color": "#ff0000",
    "marker-symbol": "o"
  },
  {
    "rowid": 282089,
    "id": 16585,
    "source": "OA",
    "source_id": "61f660788bf66af8",
    "housenumber": 71,
    "lat": 52.4210643,
    "lon": 13.2398793,
    "parity": "R",
    "proj_lat": 52.421214605136576,
    "proj_lon": 13.239856186781877,
    "marker-color": "#ff0000",
    "marker-symbol": "o"
  },
  {
    "rowid": 282090,
    "id": 16585,
    "source": "OA",
    "source_id": "ce2e51b485f5f4a8",
    "housenumber": 73,
    "lat": 52.4210634,
    "lon": 13.2397838,
    "parity": "R",
    "proj_lat": 52.421209183035735,
    "proj_lon": 13.239761382170224,
    "marker-color": "#ff0000",
    "marker-symbol": "o"
  },
  {
    "rowid": 282091,
    "id": 16585,
    "source": "OA",
    "source_id": "82c39148b88c1cb5",
    "housenumber": 75,
    "lat": 52.4210631,
    "lon": 13.2395707,
    "parity": "R",
    "proj_lat": 52.421197098978894,
    "proj_lon": 13.239550094267358,
    "marker-color": "#ff0000",
    "marker-symbol": "o"
  },
  {
    "rowid": 282092,
    "id": 16585,
    "source": "OA",
    "source_id": "9b774c8ebbb5c49a",
    "housenumber": 77,
    "lat": 52.4210622,
    "lon": 13.239481,
    "parity": "R",
    "proj_lat": 52.42119200570189,
    "proj_lon": 13.239461039090585,
    "marker-color": "#ff0000",
    "marker-symbol": "o"
  },
  {
    "rowid": 282093,
    "id": 16585,
    "source": "OA",
    "source_id": "487f54f271442631",
    "housenumber": 79,
    "lat": 52.4210491,
    "lon": 13.2392752,
    "parity": "R",
    "proj_lat": 52.421186267218765,
    "proj_lon": 13.23926992191134,
    "marker-color": "#ff0000",
    "marker-symbol": "o"
  },
  {
    "rowid": 282094,
    "id": 16585,
    "source": "OA",
    "source_id": "7def97682e5d3ba7",
    "housenumber": 81,
    "lat": 52.4210486,
    "lon": 13.2391797,
    "parity": "R",
    "proj_lat": 52.42118490096951,
    "proj_lon": 13.239174455244061,
    "marker-color": "#ff0000",
    "marker-symbol": "o"
  },
  {
    "rowid": 282095,
    "id": 16585,
    "source": "OA",
    "source_id": "5fd3c731c8646f2f",
    "housenumber": 83,
    "lat": 52.4210483,
    "lon": 13.2389724,
    "parity": "R",
    "proj_lat": 52.421181935710926,
    "proj_lon": 13.238967257801221,
    "marker-color": "#ff0000",
    "marker-symbol": "o"
  },
  {
    "rowid": 282096,
    "id": 16585,
    "source": "OA",
    "source_id": "0ba176f01e15b317",
    "housenumber": 85,
    "lat": 52.4210478,
    "lon": 13.2388783,
    "parity": "R",
    "proj_lat": 52.42118058948642,
    "proj_lon": 13.238873190363401,
    "marker-color": "#ff0000",
    "marker-symbol": "o"
  },
  {
    "rowid": 282097,
    "id": 16585,
    "source": "OA",
    "source_id": "99c74ec8151a444f",
    "housenumber": 87,
    "lat": 52.4210313,
    "lon": 13.2386683,
    "parity": "R",
    "proj_lat": 52.42117796506651,
    "proj_lon": 13.238663536577523,
    "marker-color": "#ff0000",
    "marker-symbol": "o"
  },
  {
    "rowid": 282098,
    "id": 16585,
    "source": "OA",
    "source_id": "a64e51e2911338cf",
    "housenumber": 89,
    "lat": 52.4210307,
    "lon": 13.2385743,
    "parity": "R",
    "proj_lat": 52.4211768298149,
    "proj_lon": 13.23856955396168,
    "marker-color": "#ff0000",
    "marker-symbol": "o"
  },
  {
    "rowid": 282099,
    "id": 16585,
    "source": "OA",
    "source_id": "0ffc9bf2ca50e07a",
    "housenumber": 91,
    "lat": 52.4210325,
    "lon": 13.238367,
    "parity": "R",
    "proj_lat": 52.42117432744756,
    "proj_lon": 13.238362393694597,
    "marker-color": "#ff0000",
    "marker-symbol": "o"
  },
  {
    "rowid": 282100,
    "id": 16585,
    "source": "OA",
    "source_id": "7ef25b878a46d16b",
    "housenumber": 93,
    "lat": 52.4210319,
    "lon": 13.2382744,
    "parity": "R",
    "proj_lat": 52.421173209100445,
    "proj_lon": 13.238269810529722,
    "marker-color": "#ff0000",
    "marker-symbol": "o"
  },
  {
    "rowid": 282101,
    "id": 16585,
    "source": "OA",
    "source_id": "c15f016c50c8f2fb",
    "housenumber": 95,
    "lat": 52.4210204,
    "lon": 13.2380201,
    "parity": "R",
    "proj_lat": 52.421170134009216,
    "proj_lon": 13.238015236906085,
    "marker-color": "#ff0000",
    "marker-symbol": "o"
  },
  {
    "rowid": 282102,
    "id": 16585,
    "source": "OA",
    "source_id": "500453f716354569",
    "housenumber": 97,
    "lat": 52.4210186,
    "lon": 13.2379246,
    "parity": "R",
    "proj_lat": 52.42116898017505,
    "proj_lon": 13.237919715920167,
    "marker-color": "#ff0000",
    "marker-symbol": "o"
  },
  {
    "rowid": 282103,
    "id": 16585,
    "source": "OA",
    "source_id": "fabbc6b8fa293578",
    "housenumber": 99,
    "lat": 52.42102,
    "lon": 13.2377423,
    "parity": "R",
    "proj_lat": 52.421166779516895,
    "proj_lon": 13.23773753286282,
    "marker-color": "#ff0000",
    "marker-symbol": "o"
  },
  {
    "rowid": 282104,
    "id": 16585,
    "source": "OA",
    "source_id": "32a387a0a40b19d6",
    "housenumber": 101,
    "lat": 52.421019,
    "lon": 13.2376439,
    "parity": "R",
    "proj_lat": 52.421165939348114,
    "proj_lon": 13.237643098619507,
    "marker-color": "#ff0000",
    "marker-symbol": "o"
  },
  {
    "rowid": 282105,
    "id": 16585,
    "source": "OA",
    "source_id": "858357d21dc8cd58",
    "housenumber": 103,
    "lat": 52.4210181,
    "lon": 13.2374645,
    "parity": "R",
    "proj_lat": 52.42116557544766,
    "proj_lon": 13.237463695695752,
    "marker-color": "#ff0000",
    "marker-symbol": "o"
  },
  {
    "rowid": 282106,
    "id": 16585,
    "source": "OA",
    "source_id": "e3469d3d0ade2195",
    "housenumber": 105,
    "lat": 52.4210172,
    "lon": 13.2373682,
    "parity": "R",
    "proj_lat": 52.42116538010518,
    "proj_lon": 13.237367391852711,
    "marker-color": "#ff0000",
    "marker-symbol": "o"
  },
  {
    "rowid": 282107,
    "id": 16585,
    "source": "OA",
    "source_id": "ebbc65aa96ffe24f",
    "housenumber": 107,
    "lat": 52.421033,
    "lon": 13.2370439,
    "parity": "R",
    "proj_lat": 52.421164722477904,
    "proj_lon": 13.237043181609096,
    "marker-color": "#ff0000",
    "marker-symbol": "o"
  },
  {
    "rowid": 282108,
    "id": 16585,
    "source": "OA",
    "source_id": "20a4728ed739c51e",
    "housenumber": 109,
    "lat": 52.4210327,
    "lon": 13.2369484,
    "parity": "R",
    "proj_lat": 52.42116452876476,
    "proj_lon": 13.236947681029434,
    "marker-color": "#ff0000",
    "marker-symbol": "o"
  },
  {
    "rowid": 282109,
    "id": 16585,
    "source": "OA",
    "source_id": "b5bd8af3ce6b3177",
    "housenumber": 111,
    "lat": 52.4210318,
    "lon": 13.2367645,
    "parity": "R",
    "proj_lat": 52.42116415573662,
    "proj_lon": 13.236763778155455,
    "marker-color": "#ff0000",
    "marker-symbol": "o"
  },
  {
    "rowid": 282110,
    "id": 16585,
    "source": "OA",
    "source_id": "0664f69cc9006b44",
    "housenumber": 113,
    "lat": 52.4210317,
    "lon": 13.2366719,
    "parity": "R",
    "proj_lat": 52.421163983728704,
    "proj_lon": 13.236671525998162,
    "marker-color": "#ff0000",
    "marker-symbol": "o"
  },
  {
    "rowid": 282111,
    "id": 16585,
    "source": "OA",
    "source_id": "5fe3123d07c7fe8c",
    "housenumber": 115,
    "lat": 52.4210312,
    "lon": 13.2364942,
    "parity": "R",
    "proj_lat": 52.42116379687183,
    "proj_lon": 13.236493825112829,
    "marker-color": "#ff0000",
    "marker-symbol": "o"
  },
  {
    "rowid": 282112,
    "id": 16585,
    "source": "OA",
    "source_id": "4eeb1179c5be3938",
    "housenumber": 117,
    "lat": 52.4210309,
    "lon": 13.2363942,
    "parity": "R",
    "proj_lat": 52.42116369171878,
    "proj_lon": 13.23639382456195,
    "marker-color": "#ff0000",
    "marker-symbol": "o"
  },
  {
    "rowid": 282113,
    "id": 16585,
    "source": "OA",
    "source_id": "25dee86910be662a",
    "housenumber": 119,
    "lat": 52.4210145,
    "lon": 13.2360678,
    "parity": "R",
    "proj_lat": 52.42116334845338,
    "proj_lon": 13.23606737916554,
    "marker-color": "#ff0000",
    "marker-symbol": "o"
  },
  {
    "rowid": 282114,
    "id": 16585,
    "source": "OA",
    "source_id": "24b81b4881894df2",
    "housenumber": 121,
    "lat": 52.4210146,
    "lon": 13.2359767,
    "parity": "R",
    "proj_lat": 52.42116325266006,
    "proj_lon": 13.235976279719097,
    "marker-color": "#ff0000",
    "marker-symbol": "o"
  },
  {
    "rowid": 282115,
    "id": 16585,
    "source": "OA",
    "source_id": "6465c75949f1f653",
    "housenumber": 123,
    "lat": 52.4210146,
    "lon": 13.2357948,
    "parity": "R",
    "proj_lat": 52.421163061388285,
    "proj_lon": 13.235794380259874,
    "marker-color": "#ff0000",
    "marker-symbol": "o"
  },
  {
    "rowid": 282116,
    "id": 16585,
    "source": "OA",
    "source_id": "034a16aa75e77288",
    "housenumber": 125,
    "lat": 52.4210139,
    "lon": 13.2356964,
    "parity": "R",
    "proj_lat": 52.42115941863481,
    "proj_lon": 13.2356738527805,
    "marker-color": "#ff0000",
    "marker-symbol": "o"
  },
  {
    "rowid": 282117,
    "id": 16585,
    "source": "OA",
    "source_id": "f67a592eba564672",
    "housenumber": 127,
    "lat": 52.421003,
    "lon": 13.2355142,
    "parity": "R",
    "proj_lat": 52.42114891543145,
    "proj_lon": 13.235491591310476,
    "marker-color": "#ff0000",
    "marker-symbol": "o"
  },
  {
    "rowid": 282118,
    "id": 16585,
    "source": "OA",
    "source_id": "37152f8c7b010f19",
    "housenumber": 129,
    "lat": 52.4210023,
    "lon": 13.2354172,
    "parity": "R",
    "proj_lat": 52.421137957974274,
    "proj_lon": 13.235373648034546,
    "marker-color": "#ff0000",
    "marker-symbol": "o"
  },
  {
    "rowid": 282119,
    "id": 16585,
    "source": "OA",
    "source_id": "5d39a612d0333e03",
    "housenumber": 131,
    "lat": 52.4209772,
    "lon": 13.2352395,
    "parity": "R",
    "proj_lat": 52.42111659674984,
    "proj_lon": 13.235194747779916,
    "marker-color": "#ff0000",
    "marker-symbol": "o"
  },
  {
    "rowid": 282120,
    "id": 16585,
    "source": "OA",
    "source_id": "b2f4fc3288211779",
    "housenumber": 133,
    "lat": 52.4209597,
    "lon": 13.2351452,
    "parity": "R",
    "proj_lat": 52.42110042954372,
    "proj_lon": 13.235075680802234,
    "marker-color": "#ff0000",
    "marker-symbol": "o"
  },
  {
    "rowid": 282121,
    "id": 16585,
    "source": "OA",
    "source_id": "a98948629d372f15",
    "housenumber": 135,
    "lat": 52.4209417,
    "lon": 13.2350529,
    "parity": "R",
    "proj_lat": 52.42108338484611,
    "proj_lon": 13.234982908948126,
    "marker-color": "#ff0000",
    "marker-symbol": "o"
  },
  {
    "rowid": 303777,
    "id": 16585,
    "source": "OA",
    "source_id": "bf0360c7604b9ffc",
    "housenumber": 137,
    "lat": 52.4209233,
    "lon": 13.234965,
    "parity": "R",
    "proj_lat": 52.42106704799986,
    "proj_lon": 13.234893989827821,
    "marker-color": "#ff0000",
    "marker-symbol": "o"
  },
  {
    "rowid": 282122,
    "id": 16585,
    "source": "OA",
    "source_id": "d34e9223bf745934",
    "housenumber": 139,
    "lat": 52.4209066,
    "lon": 13.2348639,
    "parity": "R",
    "proj_lat": 52.42104862920348,
    "proj_lon": 13.234793738950366,
    "marker-color": "#ff0000",
    "marker-symbol": "o"
  },
  {
    "rowid": 303778,
    "id": 16585,
    "source": "OA",
    "source_id": "23492113aec035c3",
    "housenumber": 141,
    "lat": 52.420889,
    "lon": 13.2347746,
    "parity": "R",
    "proj_lat": 52.42103229851557,
    "proj_lon": 13.234704620562729,
    "marker-color": "#ff0000",
    "marker-symbol": "o"
  },
  {
    "rowid": 282123,
    "id": 16585,
    "source": "OA",
    "source_id": "e5bcf631c0b04458",
    "housenumber": 143,
    "lat": 52.4208716,
    "lon": 13.2346834,
    "parity": "R",
    "proj_lat": 52.42101566594685,
    "proj_lon": 13.234613045845295,
    "marker-color": "#ff0000",
    "marker-symbol": "o"
  },
  {
    "rowid": 282124,
    "id": 16585,
    "source": "OA",
    "source_id": "6aa1a42e4cbeff37",
    "housenumber": 145,
    "lat": 52.4208533,
    "lon": 13.2345883,
    "parity": "R",
    "proj_lat": 52.42099830941407,
    "proj_lon": 13.234517485164814,
    "marker-color": "#ff0000",
    "marker-symbol": "o"
  },
  {
    "rowid": 282125,
    "id": 16585,
    "source": "OA",
    "source_id": "3430bf59ac1e93a7",
    "housenumber": 147,
    "lat": 52.4206803,
    "lon": 13.2338533,
    "parity": "R",
    "proj_lat": 52.42085787485571,
    "proj_lon": 13.233763262996346,
    "marker-color": "#ff0000",
    "marker-symbol": "o"
  },
  {
    "rowid": 282126,
    "id": 16585,
    "source": "OA",
    "source_id": "bac5ebeb4beb2e61",
    "housenumber": 149,
    "lat": 52.420614,
    "lon": 13.233509,
    "parity": "R",
    "proj_lat": 52.42079531716905,
    "proj_lon": 13.233424149553091,
    "marker-color": "#ff0000",
    "marker-symbol": "o"
  },
  {
    "rowid": 282127,
    "id": 16585,
    "source": "OA",
    "source_id": "c5a22e48e0b3ed56",
    "housenumber": 151,
    "lat": 52.4205543,
    "lon": 13.2331533,
    "parity": "R",
    "proj_lat": 52.42074014908563,
    "proj_lon": 13.233083451151014,
    "marker-color": "#ff0000",
    "marker-symbol": "o"
  },
  {
    "rowid": 282128,
    "id": 16585,
    "source": "OA",
    "source_id": "bee70506e0cef03c",
    "housenumber": 153,
    "lat": 52.4205187,
    "lon": 13.2328008,
    "parity": "R",
    "proj_lat": 52.420705,
    "proj_lon": 13.232757,
    "marker-color": "#ff0000",
    "marker-symbol": "o"
  },
  {
    "rowid": 282129,
    "id": 16585,
    "source": "OA",
    "source_id": "dce213f7b80f7454",
    "housenumber": 155,
    "lat": 52.4205025,
    "lon": 13.2324453,
    "parity": "R",
    "proj_lat": 52.42069481552743,
    "proj_lon": 13.232453485850177,
    "marker-color": "#ff0000",
    "marker-symbol": "o"
  },
  {
    "rowid": 282130,
    "id": 16585,
    "source": "OA",
    "source_id": "209f48c6b911ace9",
    "housenumber": 157,
    "lat": 52.4205042,
    "lon": 13.2320981,
    "parity": "R",
    "proj_lat": 52.420700147415516,
    "proj_lon": 13.232122863807085,
    "marker-color": "#ff0000",
    "marker-symbol": "o"
  },
  {
    "rowid": 282131,
    "id": 16585,
    "source": "OA",
    "source_id": "8e8ab9ad5c130681",
    "housenumber": 159,
    "lat": 52.4205712,
    "lon": 13.2317433,
    "parity": "R",
    "proj_lat": 52.42071712182174,
    "proj_lon": 13.231761741635557,
    "marker-color": "#ff0000",
    "marker-symbol": "o"
  },
  {
    "rowid": 282132,
    "id": 16585,
    "source": "OA",
    "source_id": "7467830db42a6b45",
    "housenumber": 161,
    "lat": 52.4205767,
    "lon": 13.2316447,
    "parity": "R",
    "proj_lat": 52.420721761586094,
    "proj_lon": 13.23166303292334,
    "marker-color": "#ff0000",
    "marker-symbol": "o"
  },
  {
    "rowid": 282133,
    "id": 16585,
    "source": "OA",
    "source_id": "996ced90bfb5c4d3",
    "housenumber": 163,
    "lat": 52.4205815,
    "lon": 13.2315565,
    "parity": "R",
    "proj_lat": 52.420725911255616,
    "proj_lon": 13.231574750738368,
    "marker-color": "#ff0000",
    "marker-symbol": "o"
  },
  {
    "rowid": 282134,
    "id": 16585,
    "source": "OA",
    "source_id": "a3a0177778bc1579",
    "housenumber": 165,
    "lat": 52.4205854,
    "lon": 13.2314565,
    "parity": "R",
    "proj_lat": 52.420730606989274,
    "proj_lon": 13.231474851306675,
    "marker-color": "#ff0000",
    "marker-symbol": "o"
  },
  {
    "rowid": 282135,
    "id": 16585,
    "source": "OA",
    "source_id": "304740353bc28868",
    "housenumber": 167,
    "lat": 52.42059,
    "lon": 13.2313664,
    "parity": "R",
    "proj_lat": 52.42073484425908,
    "proj_lon": 13.231384705468537,
    "marker-color": "#ff0000",
    "marker-symbol": "o"
  },
  {
    "rowid": 282136,
    "id": 16585,
    "source": "OA",
    "source_id": "012f03f229ac119c",
    "housenumber": 169,
    "lat": 52.4205942,
    "lon": 13.2312695,
    "parity": "R",
    "proj_lat": 52.420739396910555,
    "proj_lon": 13.23128785004025,
    "marker-color": "#ff0000",
    "marker-symbol": "o"
  },
  {
    "rowid": 282137,
    "id": 16585,
    "source": "OA",
    "source_id": "5dc523a93d397388",
    "housenumber": 171,
    "lat": 52.4206096,
    "lon": 13.2309698,
    "parity": "R",
    "proj_lat": 52.420753746152236,
    "proj_lon": 13.230991150355253,
    "marker-color": "#ff0000",
    "marker-symbol": "o"
  },
  {
    "rowid": 282138,
    "id": 16585,
    "source": "OA",
    "source_id": "2234930c86dc1a0d",
    "housenumber": 173,
    "lat": 52.4206143,
    "lon": 13.2308679,
    "parity": "R",
    "proj_lat": 52.420759352297026,
    "proj_lon": 13.230889384574398,
    "marker-color": "#ff0000",
    "marker-symbol": "o"
  },
  {
    "rowid": 282139,
    "id": 16585,
    "source": "OA",
    "source_id": "fd72eaacea4dcaad",
    "housenumber": 175,
    "lat": 52.4206199,
    "lon": 13.2307786,
    "parity": "R",
    "proj_lat": 52.420764277226084,
    "proj_lon": 13.230799984590986,
    "marker-color": "#ff0000",
    "marker-symbol": "o"
  },
  {
    "rowid": 282140,
    "id": 16585,
    "source": "OA",
    "source_id": "b3f978f191f8fda4",
    "housenumber": 177,
    "lat": 52.4206244,
    "lon": 13.2306887,
    "parity": "R",
    "proj_lat": 52.420769226038075,
    "proj_lon": 13.230710151071642,
    "marker-color": "#ff0000",
    "marker-symbol": "o"
  },
  {
    "rowid": 282141,
    "id": 16585,
    "source": "OA",
    "source_id": "65790f627b0fe5ed",
    "housenumber": 179,
    "lat": 52.4206299,
    "lon": 13.2305979,
    "parity": "R",
    "proj_lat": 52.420774232122056,
    "proj_lon": 13.230619277920049,
    "marker-color": "#ff0000",
    "marker-symbol": "o"
  },
  {
    "rowid": 282142,
    "id": 16585,
    "source": "OA",
    "source_id": "30dff42234e800f2",
    "housenumber": 181,
    "lat": 52.4206341,
    "lon": 13.2304935,
    "parity": "R",
    "proj_lat": 52.420779970827226,
    "proj_lon": 13.23051510583127,
    "marker-color": "#ff0000",
    "marker-symbol": "o"
  },
  {
    "rowid": 282143,
    "id": 16585,
    "source": "OA",
    "source_id": "2fbda8bf9829d196",
    "housenumber": 183,
    "lat": 52.4206489,
    "lon": 13.2301995,
    "parity": "R",
    "proj_lat": 52.42079615560571,
    "proj_lon": 13.230221310954025,
    "marker-color": "#ff0000",
    "marker-symbol": "o"
  },
  {
    "rowid": 282144,
    "id": 16585,
    "source": "OA",
    "source_id": "15cb16960776f72c",
    "housenumber": 185,
    "lat": 52.4206546,
    "lon": 13.2301012,
    "parity": "R",
    "proj_lat": 52.420801573129694,
    "proj_lon": 13.230122969120357,
    "marker-color": "#ff0000",
    "marker-symbol": "o"
  },
  {
    "rowid": 282145,
    "id": 16585,
    "source": "OA",
    "source_id": "8418e53b1451c818",
    "housenumber": 187,
    "lat": 52.4206602,
    "lon": 13.2300097,
    "parity": "R",
    "proj_lat": 52.42080661827301,
    "proj_lon": 13.23003138694253,
    "marker-color": "#ff0000",
    "marker-symbol": "o"
  },
  {
    "rowid": 282146,
    "id": 16585,
    "source": "OA",
    "source_id": "618ff9992f173902",
    "housenumber": 189,
    "lat": 52.4206646,
    "lon": 13.2299126,
    "parity": "R",
    "proj_lat": 52.4208119889211,
    "proj_lon": 13.229935340604476,
    "marker-color": "#ff0000",
    "marker-symbol": "o"
  },
  {
    "rowid": 282147,
    "id": 16585,
    "source": "OA",
    "source_id": "6014c0bb77d3d1e2",
    "housenumber": 191,
    "lat": 52.4206688,
    "lon": 13.2298198,
    "parity": "R",
    "proj_lat": 52.420817304350706,
    "proj_lon": 13.22984271270823,
    "marker-color": "#ff0000",
    "marker-symbol": "o"
  },
  {
    "rowid": 282148,
    "id": 16585,
    "source": "OA",
    "source_id": "f2cd2b85d4920b08",
    "housenumber": 193,
    "lat": 52.4206728,
    "lon": 13.2297217,
    "parity": "R",
    "proj_lat": 52.42082291949513,
    "proj_lon": 13.229744861912764,
    "marker-color": "#ff0000",
    "marker-symbol": "o"
  },
  {
    "rowid": 282149,
    "id": 16585,
    "source": "OA",
    "source_id": "d2f293b73e30a7b5",
    "housenumber": 195,
    "lat": 52.4206902,
    "lon": 13.2294269,
    "parity": "R",
    "proj_lat": 52.42083984076003,
    "proj_lon": 13.229449988067023,
    "marker-color": "#ff0000",
    "marker-symbol": "o"
  },
  {
    "rowid": 282150,
    "id": 16585,
    "source": "OA",
    "source_id": "4b002d8bf5659ca5",
    "housenumber": 197,
    "lat": 52.4206953,
    "lon": 13.2293316,
    "parity": "R",
    "proj_lat": 52.42084530629099,
    "proj_lon": 13.229354744470136,
    "marker-color": "#ff0000",
    "marker-symbol": "o"
  },
  {
    "rowid": 282151,
    "id": 16585,
    "source": "OA",
    "source_id": "606174e4748be453",
    "housenumber": 199,
    "lat": 52.4207006,
    "lon": 13.2292374,
    "parity": "R",
    "proj_lat": 52.42085071100792,
    "proj_lon": 13.229260560632477,
    "marker-color": "#ff0000",
    "marker-symbol": "o"
  },
  {
    "rowid": 282152,
    "id": 16585,
    "source": "OA",
    "source_id": "dc90f035eb69bfe4",
    "housenumber": 201,
    "lat": 52.4207049,
    "lon": 13.2291421,
    "parity": "R",
    "proj_lat": 52.42085616951797,
    "proj_lon": 13.229165439383586,
    "marker-color": "#ff0000",
    "marker-symbol": "o"
  },
  {
    "rowid": 282153,
    "id": 16585,
    "source": "OA",
    "source_id": "2334a5a328d97119",
    "housenumber": 203,
    "lat": 52.4207083,
    "lon": 13.2290481,
    "parity": "R",
    "proj_lat": 52.42086154618401,
    "proj_lon": 13.229071744367161,
    "marker-color": "#ff0000",
    "marker-symbol": "o"
  },
  {
    "rowid": 282154,
    "id": 16585,
    "source": "OA",
    "source_id": "e7c3de67521dc6c0",
    "housenumber": 205,
    "lat": 52.4207144,
    "lon": 13.2289514,
    "parity": "R",
    "proj_lat": 52.420867100124696,
    "proj_lon": 13.22897496012214,
    "marker-color": "#ff0000",
    "marker-symbol": "o"
  },
  {
    "rowid": 282155,
    "id": 16585,
    "source": "OA",
    "source_id": "797b9097e6048551",
    "housenumber": 206,
    "lat": 52.4211364,
    "lon": 13.2279042,
    "parity": "L",
    "proj_lat": 52.42096311640072,
    "proj_lon": 13.22784398259295,
    "marker-color": "#3366ff",
    "marker-symbol": "e"
  },
  {
    "rowid": 282156,
    "id": 16585,
    "source": "OA",
    "source_id": "2ec112e64883b76d",
    "housenumber": 207,
    "lat": 52.4208052,
    "lon": 13.2279708,
    "parity": "R",
    "proj_lat": 52.42094064270117,
    "proj_lon": 13.228017866691653,
    "marker-color": "#ff0000",
    "marker-symbol": "o"
  },
  {
    "rowid": 282157,
    "id": 16585,
    "source": "OA",
    "source_id": "a4ecaed20015961d",
    "housenumber": 209,
    "lat": 52.4208146,
    "lon": 13.227756,
    "parity": "R",
    "proj_lat": 52.42096761534366,
    "proj_lon": 13.227809173253391,
    "marker-color": "#ff0000",
    "marker-symbol": "o"
  },
  {
    "rowid": 282158,
    "id": 16585,
    "source": "OA",
    "source_id": "98bd53141da92fe1",
    "housenumber": 211,
    "lat": 52.420824,
    "lon": 13.2275386,
    "parity": "R",
    "proj_lat": 52.42099490957946,
    "proj_lon": 13.227597991574942,
    "marker-color": "#ff0000",
    "marker-symbol": "o"
  },
  {
    "rowid": 282159,
    "id": 16585,
    "source": "OA",
    "source_id": "0885b93f384059f7",
    "housenumber": 213,
    "lat": 52.4208809,
    "lon": 13.2272666,
    "parity": "R",
    "proj_lat": 52.42103099894919,
    "proj_lon": 13.227318759955148,
    "marker-color": "#ff0000",
    "marker-symbol": "o"
  },
  {
    "rowid": 282160,
    "id": 16585,
    "source": "OA",
    "source_id": "dc402c5d2ccabfc4",
    "housenumber": 215,
    "lat": 52.4208915,
    "lon": 13.2270454,
    "parity": "R",
    "proj_lat": 52.421058814783514,
    "proj_lon": 13.227103542550939,
    "marker-color": "#ff0000",
    "marker-symbol": "o"
  }
]
