[
  {
    "rowid": 14344,
    "id": 43084,
    "source": "OA",
    "source_id": "3b3bfa45435aaee9",
    "housenumber": 1,
    "lat": 52.4375983,
    "lon": 13.3239603,
    "parity": "R",
    "proj_lat": 52.43743162333167,
    "proj_lon": 13.32379945769424,
    "marker-color": "#ff0000",
    "marker-symbol": "o"
  },
  {
    "rowid": 14344,
    "id": 43084,
    "source": "OA",
    "source_id": "3b3bfa45435aaee9",
    "housenumber": 1,
    "lat": 52.4375983,
    "lon": 13.3239603,
    "parity": "R",
    "proj_lat": 52.43743162333167,
    "proj_lon": 13.32379945769424,
    "marker-color": "#ff0000",
    "marker-symbol": "o"
  },
  {
    "rowid": 14345,
    "id": 43084,
    "source": "OA",
    "source_id": "a57bdf8b726c9df3",
    "housenumber": 1.03,
    "lat": 52.4375251,
    "lon": 13.3241622,
    "parity": "R",
    "proj_lat": 52.43735901144646,
    "proj_lon": 13.324001925755114,
    "marker-color": "#ff0000",
    "marker-symbol": "o"
  },
  {
    "rowid": 14345,
    "id": 43084,
    "source": "OA",
    "source_id": "a57bdf8b726c9df3",
    "housenumber": 1.03,
    "lat": 52.4375251,
    "lon": 13.3241622,
    "parity": "R",
    "proj_lat": 52.43735901144646,
    "proj_lon": 13.324001925755114,
    "marker-color": "#ff0000",
    "marker-symbol": "o"
  },
  {
    "rowid": 14346,
    "id": 43084,
    "source": "OA",
    "source_id": "f54b140d810af324",
    "housenumber": 2,
    "lat": 52.43709,
    "lon": 13.3240846,
    "parity": "L",
    "proj_lat": 52.43726782231817,
    "proj_lon": 13.324256193853579,
    "marker-color": "#3366ff",
    "marker-symbol": "e"
  },
  {
    "rowid": 14346,
    "id": 43084,
    "source": "OA",
    "source_id": "f54b140d810af324",
    "housenumber": 2,
    "lat": 52.43709,
    "lon": 13.3240846,
    "parity": "L",
    "proj_lat": 52.43726782231817,
    "proj_lon": 13.324256193853579,
    "marker-color": "#3366ff",
    "marker-symbol": "e"
  },
  {
    "rowid": 14347,
    "id": 43084,
    "source": "OA",
    "source_id": "29f8be5290f23275",
    "housenumber": 2.03,
    "lat": 52.4369533,
    "lon": 13.3240432,
    "parity": "L",
    "proj_lat": 52.437243707711225,
    "proj_lon": 13.324323434053898,
    "marker-color": "#3366ff",
    "marker-symbol": "e"
  },
  {
    "rowid": 14347,
    "id": 43084,
    "source": "OA",
    "source_id": "29f8be5290f23275",
    "housenumber": 2.03,
    "lat": 52.4369533,
    "lon": 13.3240432,
    "parity": "L",
    "proj_lat": 52.437243707711225,
    "proj_lon": 13.324323434053898,
    "marker-color": "#3366ff",
    "marker-symbol": "e"
  },
  {
    "rowid": 14348,
    "id": 43084,
    "source": "OA",
    "source_id": "80a3e44695d5fb5e",
    "housenumber": 2.06,
    "lat": 52.436775,
    "lon": 13.3238994,
    "parity": "L",
    "proj_lat": 52.43723618102048,
    "proj_lon": 13.324344421175697,
    "marker-color": "#3366ff",
    "marker-symbol": "e"
  },
  {
    "rowid": 14348,
    "id": 43084,
    "source": "OA",
    "source_id": "80a3e44695d5fb5e",
    "housenumber": 2.06,
    "lat": 52.436775,
    "lon": 13.3238994,
    "parity": "L",
    "proj_lat": 52.43723618102048,
    "proj_lon": 13.324344421175697,
    "marker-color": "#3366ff",
    "marker-symbol": "e"
  },
  {
    "rowid": 14349,
    "id": 43084,
    "source": "OA",
    "source_id": "845a35477b21f786",
    "housenumber": 2.09,
    "lat": 52.4366942,
    "lon": 13.3236378,
    "parity": "L",
    "proj_lat": 52.437285106598594,
    "proj_lon": 13.324207999061068,
    "marker-color": "#3366ff",
    "marker-symbol": "e"
  },
  {
    "rowid": 14349,
    "id": 43084,
    "source": "OA",
    "source_id": "845a35477b21f786",
    "housenumber": 2.09,
    "lat": 52.4366942,
    "lon": 13.3236378,
    "parity": "L",
    "proj_lat": 52.437285106598594,
    "proj_lon": 13.324207999061068,
    "marker-color": "#3366ff",
    "marker-symbol": "e"
  },
  {
    "rowid": 14350,
    "id": 43084,
    "source": "OA",
    "source_id": "53303be6900464dc",
    "housenumber": 3,
    "lat": 52.437459,
    "lon": 13.3243323,
    "parity": "R",
    "proj_lat": 52.43729669742502,
    "proj_lon": 13.324175679666753,
    "marker-color": "#ff0000",
    "marker-symbol": "o"
  },
  {
    "rowid": 14350,
    "id": 43084,
    "source": "OA",
    "source_id": "53303be6900464dc",
    "housenumber": 3,
    "lat": 52.437459,
    "lon": 13.3243323,
    "parity": "R",
    "proj_lat": 52.43729669742502,
    "proj_lon": 13.324175679666753,
    "marker-color": "#ff0000",
    "marker-symbol": "o"
  },
  {
    "rowid": 14351,
    "id": 43084,
    "source": "OA",
    "source_id": "9928d43efcf5a633",
    "housenumber": 3.03,
    "lat": 52.4373727,
    "lon": 13.324575,
    "parity": "R",
    "proj_lat": 52.4372098472056,
    "proj_lon": 13.32441784932618,
    "marker-color": "#ff0000",
    "marker-symbol": "o"
  },
  {
    "rowid": 14351,
    "id": 43084,
    "source": "OA",
    "source_id": "9928d43efcf5a633",
    "housenumber": 3.03,
    "lat": 52.4373727,
    "lon": 13.324575,
    "parity": "R",
    "proj_lat": 52.4372098472056,
    "proj_lon": 13.32441784932618,
    "marker-color": "#ff0000",
    "marker-symbol": "o"
  },
  {
    "rowid": 14352,
    "id": 43084,
    "source": "OA",
    "source_id": "a562bec55d228027",
    "housenumber": 4,
    "lat": 52.4369574,
    "lon": 13.3244365,
    "parity": "L",
    "proj_lat": 52.43713997477848,
    "proj_lon": 13.324612678792288,
    "marker-color": "#3366ff",
    "marker-symbol": "e"
  },
  {
    "rowid": 14352,
    "id": 43084,
    "source": "OA",
    "source_id": "a562bec55d228027",
    "housenumber": 4,
    "lat": 52.4369574,
    "lon": 13.3244365,
    "parity": "L",
    "proj_lat": 52.43713997477848,
    "proj_lon": 13.324612678792288,
    "marker-color": "#3366ff",
    "marker-symbol": "e"
  },
  {
    "rowid": 14353,
    "id": 43084,
    "source": "OA",
    "source_id": "25f1961dddf2219e",
    "housenumber": 5,
    "lat": 52.437306,
    "lon": 13.3247652,
    "parity": "R",
    "proj_lat": 52.43714202370637,
    "proj_lon": 13.324606965644138,
    "marker-color": "#ff0000",
    "marker-symbol": "o"
  },
  {
    "rowid": 14353,
    "id": 43084,
    "source": "OA",
    "source_id": "25f1961dddf2219e",
    "housenumber": 5,
    "lat": 52.437306,
    "lon": 13.3247652,
    "parity": "R",
    "proj_lat": 52.43714202370637,
    "proj_lon": 13.324606965644138,
    "marker-color": "#ff0000",
    "marker-symbol": "o"
  },
  {
    "rowid": 14354,
    "id": 43084,
    "source": "OA",
    "source_id": "1a65ca958924b028",
    "housenumber": 5.03,
    "lat": 52.4372318,
    "lon": 13.3249736,
    "parity": "R",
    "proj_lat": 52.43706742293353,
    "proj_lon": 13.324814979439314,
    "marker-color": "#ff0000",
    "marker-symbol": "o"
  },
  {
    "rowid": 14354,
    "id": 43084,
    "source": "OA",
    "source_id": "1a65ca958924b028",
    "housenumber": 5.03,
    "lat": 52.4372318,
    "lon": 13.3249736,
    "parity": "R",
    "proj_lat": 52.43706742293353,
    "proj_lon": 13.324814979439314,
    "marker-color": "#ff0000",
    "marker-symbol": "o"
  },
  {
    "rowid": 14355,
    "id": 43084,
    "source": "OA",
    "source_id": "09dde74cfe0d9493",
    "housenumber": 6,
    "lat": 52.4368571,
    "lon": 13.3247667,
    "parity": "L",
    "proj_lat": 52.437026212918724,
    "proj_lon": 13.32492988778747,
    "marker-color": "#3366ff",
    "marker-symbol": "e"
  },
  {
    "rowid": 14355,
    "id": 43084,
    "source": "OA",
    "source_id": "09dde74cfe0d9493",
    "housenumber": 6,
    "lat": 52.4368571,
    "lon": 13.3247667,
    "parity": "L",
    "proj_lat": 52.437026212918724,
    "proj_lon": 13.32492988778747,
    "marker-color": "#3366ff",
    "marker-symbol": "e"
  },
  {
    "rowid": 14356,
    "id": 43084,
    "source": "OA",
    "source_id": "1db32fbf8ce66cce",
    "housenumber": 8,
    "lat": 52.4367348,
    "lon": 13.3250762,
    "parity": "L",
    "proj_lat": 52.43691231010459,
    "proj_lon": 13.325247489814192,
    "marker-color": "#3366ff",
    "marker-symbol": "e"
  },
  {
    "rowid": 14356,
    "id": 43084,
    "source": "OA",
    "source_id": "1db32fbf8ce66cce",
    "housenumber": 8,
    "lat": 52.4367348,
    "lon": 13.3250762,
    "parity": "L",
    "proj_lat": 52.43691231010459,
    "proj_lon": 13.325247489814192,
    "marker-color": "#3366ff",
    "marker-symbol": "e"
  },
  {
    "rowid": 14357,
    "id": 43084,
    "source": "OA",
    "source_id": "3c05f9557e7bb4dd",
    "housenumber": 9,
    "lat": 52.436834,
    "lon": 13.3260521,
    "parity": "R",
    "proj_lat": 52.436677728804106,
    "proj_lon": 13.325901138647925,
    "marker-color": "#ff0000",
    "marker-symbol": "o"
  },
  {
    "rowid": 14357,
    "id": 43084,
    "source": "OA",
    "source_id": "3c05f9557e7bb4dd",
    "housenumber": 9,
    "lat": 52.436834,
    "lon": 13.3260521,
    "parity": "R",
    "proj_lat": 52.436677728804106,
    "proj_lon": 13.325901138647925,
    "marker-color": "#ff0000",
    "marker-symbol": "o"
  },
  {
    "rowid": 14358,
    "id": 43084,
    "source": "OA",
    "source_id": "5127624246e8f867",
    "housenumber": 10,
    "lat": 52.4364862,
    "lon": 13.3256301,
    "parity": "L",
    "proj_lat": 52.43670065962803,
    "proj_lon": 13.32583726936458,
    "marker-color": "#3366ff",
    "marker-symbol": "e"
  },
  {
    "rowid": 14358,
    "id": 43084,
    "source": "OA",
    "source_id": "5127624246e8f867",
    "housenumber": 10,
    "lat": 52.4364862,
    "lon": 13.3256301,
    "parity": "L",
    "proj_lat": 52.43670065962803,
    "proj_lon": 13.32583726936458,
    "marker-color": "#3366ff",
    "marker-symbol": "e"
  },
  {
    "rowid": 14359,
    "id": 43084,
    "source": "OA",
    "source_id": "4425f2bb8523fc4b",
    "housenumber": 12,
    "lat": 52.4364292,
    "lon": 13.3257413,
    "parity": "L",
    "proj_lat": 52.436656338619834,
    "proj_lon": 13.325960716783657,
    "marker-color": "#3366ff",
    "marker-symbol": "e"
  },
  {
    "rowid": 14359,
    "id": 43084,
    "source": "OA",
    "source_id": "4425f2bb8523fc4b",
    "housenumber": 12,
    "lat": 52.4364292,
    "lon": 13.3257413,
    "parity": "L",
    "proj_lat": 52.436656338619834,
    "proj_lon": 13.325960716783657,
    "marker-color": "#3366ff",
    "marker-symbol": "e"
  },
  {
    "rowid": 14360,
    "id": 43084,
    "source": "OA",
    "source_id": "898a50d03f72e44a",
    "housenumber": 14,
    "lat": 52.4363883,
    "lon": 13.3258567,
    "parity": "L",
    "proj_lat": 52.4366150438994,
    "proj_lon": 13.326075735075593,
    "marker-color": "#3366ff",
    "marker-symbol": "e"
  },
  {
    "rowid": 14360,
    "id": 43084,
    "source": "OA",
    "source_id": "898a50d03f72e44a",
    "housenumber": 14,
    "lat": 52.4363883,
    "lon": 13.3258567,
    "parity": "L",
    "proj_lat": 52.4366150438994,
    "proj_lon": 13.326075735075593,
    "marker-color": "#3366ff",
    "marker-symbol": "e"
  },
  {
    "rowid": 152408,
    "id": 43084,
    "source": "OA",
    "source_id": "5dc9e48667545cbb",
    "housenumber": 15,
    "lat": 52.4366834,
    "lon": 13.3261922,
    "parity": "R",
    "proj_lat": 52.43660160011488,
    "proj_lon": 13.326113180083494,
    "marker-color": "#ff0000",
    "marker-symbol": "o"
  },
  {
    "rowid": 152408,
    "id": 43084,
    "source": "OA",
    "source_id": "5dc9e48667545cbb",
    "housenumber": 15,
    "lat": 52.4366834,
    "lon": 13.3261922,
    "parity": "R",
    "proj_lat": 52.43660160011488,
    "proj_lon": 13.326113180083494,
    "marker-color": "#ff0000",
    "marker-symbol": "o"
  },
  {
    "rowid": 14361,
    "id": 43084,
    "source": "OA",
    "source_id": "0f9ec634b3fa4dbf",
    "housenumber": 15.03,
    "lat": 52.4370552,
    "lon": 13.3267241,
    "parity": "R",
    "proj_lat": 52.43655555563285,
    "proj_lon": 13.326241427898696,
    "marker-color": "#ff0000",
    "marker-symbol": "o"
  },
  {
    "rowid": 14361,
    "id": 43084,
    "source": "OA",
    "source_id": "0f9ec634b3fa4dbf",
    "housenumber": 15.03,
    "lat": 52.4370552,
    "lon": 13.3267241,
    "parity": "R",
    "proj_lat": 52.43655555563285,
    "proj_lon": 13.326241427898696,
    "marker-color": "#ff0000",
    "marker-symbol": "o"
  },
  {
    "rowid": 14362,
    "id": 43084,
    "source": "OA",
    "source_id": "e733a6063387105a",
    "housenumber": 16,
    "lat": 52.4363491,
    "lon": 13.3259655,
    "parity": "L",
    "proj_lat": 52.43657594633084,
    "proj_lon": 13.326184633634702,
    "marker-color": "#3366ff",
    "marker-symbol": "e"
  },
  {
    "rowid": 14362,
    "id": 43084,
    "source": "OA",
    "source_id": "e733a6063387105a",
    "housenumber": 16,
    "lat": 52.4363491,
    "lon": 13.3259655,
    "parity": "L",
    "proj_lat": 52.43657594633084,
    "proj_lon": 13.326184633634702,
    "marker-color": "#3366ff",
    "marker-symbol": "e"
  },
  {
    "rowid": 152409,
    "id": 43084,
    "source": "OA",
    "source_id": "b8ef686a5969dc58",
    "housenumber": 17,
    "lat": 52.4366218,
    "lon": 13.326364,
    "parity": "R",
    "proj_lat": 52.43653993998098,
    "proj_lon": 13.326284922214345,
    "marker-color": "#ff0000",
    "marker-symbol": "o"
  },
  {
    "rowid": 152409,
    "id": 43084,
    "source": "OA",
    "source_id": "b8ef686a5969dc58",
    "housenumber": 17,
    "lat": 52.4366218,
    "lon": 13.326364,
    "parity": "R",
    "proj_lat": 52.43653993998098,
    "proj_lon": 13.326284922214345,
    "marker-color": "#ff0000",
    "marker-symbol": "o"
  },
  {
    "rowid": 14363,
    "id": 43084,
    "source": "OA",
    "source_id": "cbb052b125e5d0ac",
    "housenumber": 18,
    "lat": 52.4363088,
    "lon": 13.3260785,
    "parity": "L",
    "proj_lat": 52.43653544589248,
    "proj_lon": 13.326297439610716,
    "marker-color": "#3366ff",
    "marker-symbol": "e"
  },
  {
    "rowid": 14363,
    "id": 43084,
    "source": "OA",
    "source_id": "cbb052b125e5d0ac",
    "housenumber": 18,
    "lat": 52.4363088,
    "lon": 13.3260785,
    "parity": "L",
    "proj_lat": 52.43653544589248,
    "proj_lon": 13.326297439610716,
    "marker-color": "#3366ff",
    "marker-symbol": "e"
  },
  {
    "rowid": 14364,
    "id": 43084,
    "source": "OA",
    "source_id": "53c81366a68a8a8b",
    "housenumber": 20,
    "lat": 52.4362691,
    "lon": 13.3261898,
    "parity": "L",
    "proj_lat": 52.4364955531346,
    "proj_lon": 13.326408553012715,
    "marker-color": "#3366ff",
    "marker-symbol": "e"
  },
  {
    "rowid": 14364,
    "id": 43084,
    "source": "OA",
    "source_id": "53c81366a68a8a8b",
    "housenumber": 20,
    "lat": 52.4362691,
    "lon": 13.3261898,
    "parity": "L",
    "proj_lat": 52.4364955531346,
    "proj_lon": 13.326408553012715,
    "marker-color": "#3366ff",
    "marker-symbol": "e"
  },
  {
    "rowid": 14365,
    "id": 43084,
    "source": "OA",
    "source_id": "4762caadef1bf90f",
    "housenumber": 21,
    "lat": 52.4366834,
    "lon": 13.3268841,
    "parity": "R",
    "proj_lat": 52.436417158253676,
    "proj_lon": 13.326626906477873,
    "marker-color": "#ff0000",
    "marker-symbol": "o"
  },
  {
    "rowid": 14365,
    "id": 43084,
    "source": "OA",
    "source_id": "4762caadef1bf90f",
    "housenumber": 21,
    "lat": 52.4366834,
    "lon": 13.3268841,
    "parity": "R",
    "proj_lat": 52.436417158253676,
    "proj_lon": 13.326626906477873,
    "marker-color": "#ff0000",
    "marker-symbol": "o"
  },
  {
    "rowid": 14366,
    "id": 43084,
    "source": "OA",
    "source_id": "d023c65e32fe3a47",
    "housenumber": 22,
    "lat": 52.43623,
    "lon": 13.3262996,
    "parity": "L",
    "proj_lat": 52.43645621474232,
    "proj_lon": 13.326518122338738,
    "marker-color": "#3366ff",
    "marker-symbol": "e"
  },
  {
    "rowid": 14366,
    "id": 43084,
    "source": "OA",
    "source_id": "d023c65e32fe3a47",
    "housenumber": 22,
    "lat": 52.43623,
    "lon": 13.3262996,
    "parity": "L",
    "proj_lat": 52.43645621474232,
    "proj_lon": 13.326518122338738,
    "marker-color": "#3366ff",
    "marker-symbol": "e"
  },
  {
    "rowid": 14367,
    "id": 43084,
    "source": "OA",
    "source_id": "457424a17b99b2f9",
    "housenumber": 23,
    "lat": 52.4368084,
    "lon": 13.326998,
    "parity": "R",
    "proj_lat": 52.43641898534769,
    "proj_lon": 13.326621817468157,
    "marker-color": "#ff0000",
    "marker-symbol": "o"
  },
  {
    "rowid": 14367,
    "id": 43084,
    "source": "OA",
    "source_id": "457424a17b99b2f9",
    "housenumber": 23,
    "lat": 52.4368084,
    "lon": 13.326998,
    "parity": "R",
    "proj_lat": 52.43641898534769,
    "proj_lon": 13.326621817468157,
    "marker-color": "#ff0000",
    "marker-symbol": "o"
  },
  {
    "rowid": 14368,
    "id": 43084,
    "source": "OA",
    "source_id": "2acb15da2165ec85",
    "housenumber": 24,
    "lat": 52.4361911,
    "lon": 13.3264087,
    "parity": "L",
    "proj_lat": 52.436417114453334,
    "proj_lon": 13.32662702847508,
    "marker-color": "#3366ff",
    "marker-symbol": "e"
  },
  {
    "rowid": 14368,
    "id": 43084,
    "source": "OA",
    "source_id": "2acb15da2165ec85",
    "housenumber": 24,
    "lat": 52.4361911,
    "lon": 13.3264087,
    "parity": "L",
    "proj_lat": 52.436417114453334,
    "proj_lon": 13.32662702847508,
    "marker-color": "#3366ff",
    "marker-symbol": "e"
  },
  {
    "rowid": 14369,
    "id": 43084,
    "source": "OA",
    "source_id": "1deee36dcd310e7e",
    "housenumber": 26,
    "lat": 52.4361501,
    "lon": 13.3265236,
    "parity": "L",
    "proj_lat": 52.43637592726797,
    "proj_lon": 13.326741747249311,
    "marker-color": "#3366ff",
    "marker-symbol": "e"
  },
  {
    "rowid": 14369,
    "id": 43084,
    "source": "OA",
    "source_id": "1deee36dcd310e7e",
    "housenumber": 26,
    "lat": 52.4361501,
    "lon": 13.3265236,
    "parity": "L",
    "proj_lat": 52.43637592726797,
    "proj_lon": 13.326741747249311,
    "marker-color": "#3366ff",
    "marker-symbol": "e"
  },
  {
    "rowid": 14370,
    "id": 43084,
    "source": "OA",
    "source_id": "94b4358299e7c81d",
    "housenumber": 27,
    "lat": 52.4365192,
    "lon": 13.3269328,
    "parity": "R",
    "proj_lat": 52.43636189212625,
    "proj_lon": 13.326780839365926,
    "marker-color": "#ff0000",
    "marker-symbol": "o"
  },
  {
    "rowid": 14370,
    "id": 43084,
    "source": "OA",
    "source_id": "94b4358299e7c81d",
    "housenumber": 27,
    "lat": 52.4365192,
    "lon": 13.3269328,
    "parity": "R",
    "proj_lat": 52.43636189212625,
    "proj_lon": 13.326780839365926,
    "marker-color": "#ff0000",
    "marker-symbol": "o"
  },
  {
    "rowid": 14371,
    "id": 43084,
    "source": "OA",
    "source_id": "ba4f5fab1cc43836",
    "housenumber": 28,
    "lat": 52.4361096,
    "lon": 13.3266373,
    "parity": "L",
    "proj_lat": 52.43633518872512,
    "proj_lon": 13.326855216418357,
    "marker-color": "#3366ff",
    "marker-symbol": "e"
  },
  {
    "rowid": 14371,
    "id": 43084,
    "source": "OA",
    "source_id": "ba4f5fab1cc43836",
    "housenumber": 28,
    "lat": 52.4361096,
    "lon": 13.3266373,
    "parity": "L",
    "proj_lat": 52.43633518872512,
    "proj_lon": 13.326855216418357,
    "marker-color": "#3366ff",
    "marker-symbol": "e"
  },
  {
    "rowid": 14372,
    "id": 43084,
    "source": "OA",
    "source_id": "6fc180897db64c56",
    "housenumber": 30,
    "lat": 52.4360708,
    "lon": 13.3267462,
    "parity": "L",
    "proj_lat": 52.4362961675011,
    "proj_lon": 13.326963902334828,
    "marker-color": "#3366ff",
    "marker-symbol": "e"
  },
  {
    "rowid": 14372,
    "id": 43084,
    "source": "OA",
    "source_id": "6fc180897db64c56",
    "housenumber": 30,
    "lat": 52.4360708,
    "lon": 13.3267462,
    "parity": "L",
    "proj_lat": 52.4362961675011,
    "proj_lon": 13.326963902334828,
    "marker-color": "#3366ff",
    "marker-symbol": "e"
  },
  {
    "rowid": 14373,
    "id": 43084,
    "source": "OA",
    "source_id": "c5d86f31892729bd",
    "housenumber": 31,
    "lat": 52.4364116,
    "lon": 13.3272332,
    "parity": "R",
    "proj_lat": 52.43625410494261,
    "proj_lon": 13.327081059288071,
    "marker-color": "#ff0000",
    "marker-symbol": "o"
  },
  {
    "rowid": 14373,
    "id": 43084,
    "source": "OA",
    "source_id": "c5d86f31892729bd",
    "housenumber": 31,
    "lat": 52.4364116,
    "lon": 13.3272332,
    "parity": "R",
    "proj_lat": 52.43625410494261,
    "proj_lon": 13.327081059288071,
    "marker-color": "#ff0000",
    "marker-symbol": "o"
  },
  {
    "rowid": 14374,
    "id": 43084,
    "source": "OA",
    "source_id": "a29f7fa930858d44",
    "housenumber": 32,
    "lat": 52.4360429,
    "lon": 13.3268666,
    "parity": "L",
    "proj_lat": 52.4362568874725,
    "proj_lon": 13.327073309100347,
    "marker-color": "#3366ff",
    "marker-symbol": "e"
  },
  {
    "rowid": 14374,
    "id": 43084,
    "source": "OA",
    "source_id": "a29f7fa930858d44",
    "housenumber": 32,
    "lat": 52.4360429,
    "lon": 13.3268666,
    "parity": "L",
    "proj_lat": 52.4362568874725,
    "proj_lon": 13.327073309100347,
    "marker-color": "#3366ff",
    "marker-symbol": "e"
  },
  {
    "rowid": 14375,
    "id": 43084,
    "source": "OA",
    "source_id": "5a058324980c83a7",
    "housenumber": 34,
    "lat": 52.4360005,
    "lon": 13.3269851,
    "parity": "L",
    "proj_lat": 52.43621438010344,
    "proj_lon": 13.327191704985648,
    "marker-color": "#3366ff",
    "marker-symbol": "e"
  },
  {
    "rowid": 14375,
    "id": 43084,
    "source": "OA",
    "source_id": "5a058324980c83a7",
    "housenumber": 34,
    "lat": 52.4360005,
    "lon": 13.3269851,
    "parity": "L",
    "proj_lat": 52.43621438010344,
    "proj_lon": 13.327191704985648,
    "marker-color": "#3366ff",
    "marker-symbol": "e"
  },
  {
    "rowid": 14376,
    "id": 43084,
    "source": "OA",
    "source_id": "8bc981a7816f9bcb",
    "housenumber": 35,
    "lat": 52.4363044,
    "lon": 13.3275318,
    "parity": "R",
    "proj_lat": 52.436146900596874,
    "proj_lon": 13.327379655830322,
    "marker-color": "#ff0000",
    "marker-symbol": "o"
  },
  {
    "rowid": 14376,
    "id": 43084,
    "source": "OA",
    "source_id": "8bc981a7816f9bcb",
    "housenumber": 35,
    "lat": 52.4363044,
    "lon": 13.3275318,
    "parity": "R",
    "proj_lat": 52.436146900596874,
    "proj_lon": 13.327379655830322,
    "marker-color": "#ff0000",
    "marker-symbol": "o"
  }
]
