[
  {
    "rowid": 309170,
    "id": 5623,
    "source": "OA",
    "source_id": "cec69126ab59491d",
    "housenumber": 33,
    "lat": 52.4524828,
    "lon": 13.2862017,
    "parity": "R",
    "proj_lat": 52.45255667636449,
    "proj_lon": 13.286495465780101,
    "marker-color": "#ff0000",
    "marker-symbol": "o"
  },
  {
    "rowid": 309170,
    "id": 5623,
    "source": "OA",
    "source_id": "cec69126ab59491d",
    "housenumber": 33,
    "lat": 52.4524828,
    "lon": 13.2862017,
    "parity": "R",
    "proj_lat": 52.45255667636449,
    "proj_lon": 13.286495465780101,
    "marker-color": "#ff0000",
    "marker-symbol": "o"
  },
  {
    "rowid": 286743,
    "id": 5621,
    "source": "OA",
    "source_id": "74539ca736e007cd",
    "housenumber": 34,
    "lat": 52.4531537,
    "lon": 13.2865035,
    "parity": "R",
    "proj_lat": 52.453073,
    "proj_lon": 13.286268,
    "marker-color": "#ff0000",
    "marker-symbol": "e"
  },
  {
    "rowid": 286743,
    "id": 5621,
    "source": "OA",
    "source_id": "74539ca736e007cd",
    "housenumber": 34,
    "lat": 52.4531537,
    "lon": 13.2865035,
    "parity": "R",
    "proj_lat": 52.453073,
    "proj_lon": 13.286268,
    "marker-color": "#ff0000",
    "marker-symbol": "e"
  },
  {
    "rowid": 303654,
    "id": 5623,
    "source": "OA",
    "source_id": "0f79540a31128270",
    "housenumber": 35,
    "lat": 52.4522652,
    "lon": 13.2863364,
    "parity": "R",
    "proj_lat": 52.45230468262569,
    "proj_lon": 13.286630964165166,
    "marker-color": "#ff0000",
    "marker-symbol": "o"
  },
  {
    "rowid": 303654,
    "id": 5623,
    "source": "OA",
    "source_id": "0f79540a31128270",
    "housenumber": 35,
    "lat": 52.4522652,
    "lon": 13.2863364,
    "parity": "R",
    "proj_lat": 52.45230468262569,
    "proj_lon": 13.286630964165166,
    "marker-color": "#ff0000",
    "marker-symbol": "o"
  },
  {
    "rowid": 286744,
    "id": 5621,
    "source": "OA",
    "source_id": "9516b81e1fa458cd",
    "housenumber": 36,
    "lat": 52.4530035,
    "lon": 13.2867112,
    "parity": "R",
    "proj_lat": 52.452907558183384,
    "proj_lon": 13.286409807271383,
    "marker-color": "#ff0000",
    "marker-symbol": "e"
  },
  {
    "rowid": 286744,
    "id": 5621,
    "source": "OA",
    "source_id": "9516b81e1fa458cd",
    "housenumber": 36,
    "lat": 52.4530035,
    "lon": 13.2867112,
    "parity": "R",
    "proj_lat": 52.452907558183384,
    "proj_lon": 13.286409807271383,
    "marker-color": "#ff0000",
    "marker-symbol": "e"
  },
  {
    "rowid": 286745,
    "id": 5623,
    "source": "OA",
    "source_id": "23f08c76b532302b",
    "housenumber": 37,
    "lat": 52.4520765,
    "lon": 13.2863209,
    "parity": "R",
    "proj_lat": 52.45212693980429,
    "proj_lon": 13.286695296345503,
    "marker-color": "#ff0000",
    "marker-symbol": "o"
  },
  {
    "rowid": 286745,
    "id": 5623,
    "source": "OA",
    "source_id": "23f08c76b532302b",
    "housenumber": 37,
    "lat": 52.4520765,
    "lon": 13.2863209,
    "parity": "R",
    "proj_lat": 52.45212693980429,
    "proj_lon": 13.286695296345503,
    "marker-color": "#ff0000",
    "marker-symbol": "o"
  },
  {
    "rowid": 286746,
    "id": 5623,
    "source": "OA",
    "source_id": "cb38facd8b86e9ae",
    "housenumber": 37.03,
    "lat": 52.4520181,
    "lon": 13.2863536,
    "parity": "R",
    "proj_lat": 52.452067060785964,
    "proj_lon": 13.286717017165875,
    "marker-color": "#ff0000",
    "marker-symbol": "o"
  },
  {
    "rowid": 286746,
    "id": 5623,
    "source": "OA",
    "source_id": "cb38facd8b86e9ae",
    "housenumber": 37.03,
    "lat": 52.4520181,
    "lon": 13.2863536,
    "parity": "R",
    "proj_lat": 52.452067060785964,
    "proj_lon": 13.286717017165875,
    "marker-color": "#ff0000",
    "marker-symbol": "o"
  },
  {
    "rowid": 310934,
    "id": 5621,
    "source": "OA",
    "source_id": "9e0a24f2a359e937",
    "housenumber": 38,
    "lat": 52.4525816,
    "lon": 13.2874128,
    "parity": "R",
    "proj_lat": 52.45248039504452,
    "proj_lon": 13.286761162072292,
    "marker-color": "#ff0000",
    "marker-symbol": "e"
  },
  {
    "rowid": 310934,
    "id": 5621,
    "source": "OA",
    "source_id": "9e0a24f2a359e937",
    "housenumber": 38,
    "lat": 52.4525816,
    "lon": 13.2874128,
    "parity": "R",
    "proj_lat": 52.45248039504452,
    "proj_lon": 13.286761162072292,
    "marker-color": "#ff0000",
    "marker-symbol": "e"
  },
  {
    "rowid": 303655,
    "id": 5623,
    "source": "OA",
    "source_id": "f7fdccfecf51ed20",
    "housenumber": 39,
    "lat": 52.451826,
    "lon": 13.2864885,
    "parity": "R",
    "proj_lat": 52.451847528253005,
    "proj_lon": 13.28676923100849,
    "marker-color": "#ff0000",
    "marker-symbol": "o"
  },
  {
    "rowid": 303655,
    "id": 5623,
    "source": "OA",
    "source_id": "f7fdccfecf51ed20",
    "housenumber": 39,
    "lat": 52.451826,
    "lon": 13.2864885,
    "parity": "R",
    "proj_lat": 52.451847528253005,
    "proj_lon": 13.28676923100849,
    "marker-color": "#ff0000",
    "marker-symbol": "o"
  },
  {
    "rowid": 286747,
    "id": 5621,
    "source": "OA",
    "source_id": "d7f57eb8f169e383",
    "housenumber": 43,
    "lat": 52.4511363,
    "lon": 13.2865018,
    "parity": "L",
    "proj_lat": 52.45098114571702,
    "proj_lon": 13.286933463597121,
    "marker-color": "#3366ff",
    "marker-symbol": "o"
  },
  {
    "rowid": 286747,
    "id": 5621,
    "source": "OA",
    "source_id": "d7f57eb8f169e383",
    "housenumber": 43,
    "lat": 52.4511363,
    "lon": 13.2865018,
    "parity": "L",
    "proj_lat": 52.45098114571702,
    "proj_lon": 13.286933463597121,
    "marker-color": "#3366ff",
    "marker-symbol": "o"
  },
  {
    "rowid": 286748,
    "id": 5621,
    "source": "OA",
    "source_id": "5b8eef18e7cbfe8c",
    "housenumber": 45,
    "lat": 52.4508959,
    "lon": 13.2864084,
    "parity": "L",
    "proj_lat": 52.45086040128701,
    "proj_lon": 13.286886280257402,
    "marker-color": "#3366ff",
    "marker-symbol": "o"
  },
  {
    "rowid": 286748,
    "id": 5621,
    "source": "OA",
    "source_id": "5b8eef18e7cbfe8c",
    "housenumber": 45,
    "lat": 52.4508959,
    "lon": 13.2864084,
    "parity": "L",
    "proj_lat": 52.45086040128701,
    "proj_lon": 13.286886280257402,
    "marker-color": "#3366ff",
    "marker-symbol": "o"
  },
  {
    "rowid": 286749,
    "id": 5621,
    "source": "OA",
    "source_id": "6722916dc3840d01",
    "housenumber": 46,
    "lat": 52.4516027,
    "lon": 13.2876015,
    "parity": "R",
    "proj_lat": 52.45148366231657,
    "proj_lon": 13.287093382231086,
    "marker-color": "#ff0000",
    "marker-symbol": "e"
  },
  {
    "rowid": 286749,
    "id": 5621,
    "source": "OA",
    "source_id": "6722916dc3840d01",
    "housenumber": 46,
    "lat": 52.4516027,
    "lon": 13.2876015,
    "parity": "R",
    "proj_lat": 52.45148366231657,
    "proj_lon": 13.287093382231086,
    "marker-color": "#ff0000",
    "marker-symbol": "e"
  },
  {
    "rowid": 310935,
    "id": 5621,
    "source": "OA",
    "source_id": "3f363c0f58bea71a",
    "housenumber": 47,
    "lat": 52.4506219,
    "lon": 13.2862566,
    "parity": "L",
    "proj_lat": 52.45054094640418,
    "proj_lon": 13.286783843985981,
    "marker-color": "#3366ff",
    "marker-symbol": "o"
  },
  {
    "rowid": 310935,
    "id": 5621,
    "source": "OA",
    "source_id": "3f363c0f58bea71a",
    "housenumber": 47,
    "lat": 52.4506219,
    "lon": 13.2862566,
    "parity": "L",
    "proj_lat": 52.45054094640418,
    "proj_lon": 13.286783843985981,
    "marker-color": "#3366ff",
    "marker-symbol": "o"
  },
  {
    "rowid": 310936,
    "id": 5621,
    "source": "OA",
    "source_id": "8090000869fabe55",
    "housenumber": 47.03,
    "lat": 52.4506936,
    "lon": 13.2862491,
    "parity": "L",
    "proj_lat": 52.450619089467935,
    "proj_lon": 13.286812255046518,
    "marker-color": "#3366ff",
    "marker-symbol": "o"
  },
  {
    "rowid": 310936,
    "id": 5621,
    "source": "OA",
    "source_id": "8090000869fabe55",
    "housenumber": 47.03,
    "lat": 52.4506936,
    "lon": 13.2862491,
    "parity": "L",
    "proj_lat": 52.450619089467935,
    "proj_lon": 13.286812255046518,
    "marker-color": "#3366ff",
    "marker-symbol": "o"
  },
  {
    "rowid": 286750,
    "id": 5621,
    "source": "OA",
    "source_id": "4aaaec2815af9f25",
    "housenumber": 49,
    "lat": 52.450328,
    "lon": 13.2861246,
    "parity": "L",
    "proj_lat": 52.45022009202775,
    "proj_lon": 13.286639616015654,
    "marker-color": "#3366ff",
    "marker-symbol": "o"
  },
  {
    "rowid": 286750,
    "id": 5621,
    "source": "OA",
    "source_id": "4aaaec2815af9f25",
    "housenumber": 49,
    "lat": 52.450328,
    "lon": 13.2861246,
    "parity": "L",
    "proj_lat": 52.45022009202775,
    "proj_lon": 13.286639616015654,
    "marker-color": "#3366ff",
    "marker-symbol": "o"
  },
  {
    "rowid": 286751,
    "id": 5621,
    "source": "OA",
    "source_id": "263aa63ecd2f4374",
    "housenumber": 50,
    "lat": 52.4503701,
    "lon": 13.2870072,
    "parity": "R",
    "proj_lat": 52.45041254467764,
    "proj_lon": 13.286730764532095,
    "marker-color": "#ff0000",
    "marker-symbol": "e"
  },
  {
    "rowid": 286751,
    "id": 5621,
    "source": "OA",
    "source_id": "263aa63ecd2f4374",
    "housenumber": 50,
    "lat": 52.4503701,
    "lon": 13.2870072,
    "parity": "R",
    "proj_lat": 52.45041254467764,
    "proj_lon": 13.286730764532095,
    "marker-color": "#ff0000",
    "marker-symbol": "e"
  },
  {
    "rowid": 286752,
    "id": 5621,
    "source": "OA",
    "source_id": "98c4dc62aadc3448",
    "housenumber": 52,
    "lat": 52.4501087,
    "lon": 13.2868602,
    "parity": "R",
    "proj_lat": 52.45016180693881,
    "proj_lon": 13.286606737247531,
    "marker-color": "#ff0000",
    "marker-symbol": "e"
  },
  {
    "rowid": 286752,
    "id": 5621,
    "source": "OA",
    "source_id": "98c4dc62aadc3448",
    "housenumber": 52,
    "lat": 52.4501087,
    "lon": 13.2868602,
    "parity": "R",
    "proj_lat": 52.45016180693881,
    "proj_lon": 13.286606737247531,
    "marker-color": "#ff0000",
    "marker-symbol": "e"
  },
  {
    "rowid": 286753,
    "id": 5621,
    "source": "OA",
    "source_id": "fb0ecf6bedaa02a8",
    "housenumber": 54,
    "lat": 52.4498866,
    "lon": 13.2867806,
    "parity": "R",
    "proj_lat": 52.44996934924886,
    "proj_lon": 13.286487465429136,
    "marker-color": "#ff0000",
    "marker-symbol": "e"
  },
  {
    "rowid": 286753,
    "id": 5621,
    "source": "OA",
    "source_id": "fb0ecf6bedaa02a8",
    "housenumber": 54,
    "lat": 52.4498866,
    "lon": 13.2867806,
    "parity": "R",
    "proj_lat": 52.44996934924886,
    "proj_lon": 13.286487465429136,
    "marker-color": "#ff0000",
    "marker-symbol": "e"
  },
  {
    "rowid": 309718,
    "id": 5621,
    "source": "OA",
    "source_id": "6f47f61d2339c068",
    "housenumber": 57,
    "lat": 52.449268,
    "lon": 13.2852826,
    "parity": "L",
    "proj_lat": 52.44912771499966,
    "proj_lon": 13.285827108720303,
    "marker-color": "#3366ff",
    "marker-symbol": "o"
  },
  {
    "rowid": 309718,
    "id": 5621,
    "source": "OA",
    "source_id": "6f47f61d2339c068",
    "housenumber": 57,
    "lat": 52.449268,
    "lon": 13.2852826,
    "parity": "L",
    "proj_lat": 52.44912771499966,
    "proj_lon": 13.285827108720303,
    "marker-color": "#3366ff",
    "marker-symbol": "o"
  },
  {
    "rowid": 286754,
    "id": 5621,
    "source": "OA",
    "source_id": "89022d62d6a55da0",
    "housenumber": 58,
    "lat": 52.4488496,
    "lon": 13.2863385,
    "parity": "R",
    "proj_lat": 52.44900354456286,
    "proj_lon": 13.285740983770875,
    "marker-color": "#ff0000",
    "marker-symbol": "e"
  },
  {
    "rowid": 286754,
    "id": 5621,
    "source": "OA",
    "source_id": "89022d62d6a55da0",
    "housenumber": 58,
    "lat": 52.4488496,
    "lon": 13.2863385,
    "parity": "R",
    "proj_lat": 52.44900354456286,
    "proj_lon": 13.285740983770875,
    "marker-color": "#ff0000",
    "marker-symbol": "e"
  },
  {
    "rowid": 286755,
    "id": 5621,
    "source": "OA",
    "source_id": "abc4132913ca83c8",
    "housenumber": 58.03,
    "lat": 52.4489588,
    "lon": 13.2860222,
    "parity": "R",
    "proj_lat": 52.44902705170314,
    "proj_lon": 13.28575728838669,
    "marker-color": "#ff0000",
    "marker-symbol": "e"
  },
  {
    "rowid": 286755,
    "id": 5621,
    "source": "OA",
    "source_id": "abc4132913ca83c8",
    "housenumber": 58.03,
    "lat": 52.4489588,
    "lon": 13.2860222,
    "parity": "R",
    "proj_lat": 52.44902705170314,
    "proj_lon": 13.28575728838669,
    "marker-color": "#ff0000",
    "marker-symbol": "e"
  },
  {
    "rowid": 286756,
    "id": 5621,
    "source": "OA",
    "source_id": "20e39a28c5daa119",
    "housenumber": 58.06,
    "lat": 52.44886,
    "lon": 13.2859509,
    "parity": "R",
    "proj_lat": 52.44892764604649,
    "proj_lon": 13.28568834035548,
    "marker-color": "#ff0000",
    "marker-symbol": "e"
  },
  {
    "rowid": 286756,
    "id": 5621,
    "source": "OA",
    "source_id": "20e39a28c5daa119",
    "housenumber": 58.06,
    "lat": 52.44886,
    "lon": 13.2859509,
    "parity": "R",
    "proj_lat": 52.44892764604649,
    "proj_lon": 13.28568834035548,
    "marker-color": "#ff0000",
    "marker-symbol": "e"
  },
  {
    "rowid": 286757,
    "id": 5621,
    "source": "OA",
    "source_id": "c996885546f31671",
    "housenumber": 60,
    "lat": 52.4485975,
    "lon": 13.28585,
    "parity": "R",
    "proj_lat": 52.448666855840116,
    "proj_lon": 13.285526642565745,
    "marker-color": "#ff0000",
    "marker-symbol": "e"
  },
  {
    "rowid": 286757,
    "id": 5621,
    "source": "OA",
    "source_id": "c996885546f31671",
    "housenumber": 60,
    "lat": 52.4485975,
    "lon": 13.28585,
    "parity": "R",
    "proj_lat": 52.448666855840116,
    "proj_lon": 13.285526642565745,
    "marker-color": "#ff0000",
    "marker-symbol": "e"
  },
  {
    "rowid": 286758,
    "id": 5621,
    "source": "OA",
    "source_id": "5a29215ed8d5b674",
    "housenumber": 62,
    "lat": 52.448429,
    "lon": 13.2857356,
    "parity": "R",
    "proj_lat": 52.44848676293934,
    "proj_lon": 13.285425339219,
    "marker-color": "#ff0000",
    "marker-symbol": "e"
  },
  {
    "rowid": 286758,
    "id": 5621,
    "source": "OA",
    "source_id": "5a29215ed8d5b674",
    "housenumber": 62,
    "lat": 52.448429,
    "lon": 13.2857356,
    "parity": "R",
    "proj_lat": 52.44848676293934,
    "proj_lon": 13.285425339219,
    "marker-color": "#ff0000",
    "marker-symbol": "e"
  },
  {
    "rowid": 286759,
    "id": 5621,
    "source": "OA",
    "source_id": "9124525227d53753",
    "housenumber": 63,
    "lat": 52.4478742,
    "lon": 13.2843696,
    "parity": "L",
    "proj_lat": 52.4477574214225,
    "proj_lon": 13.28508023997736,
    "marker-color": "#3366ff",
    "marker-symbol": "o"
  },
  {
    "rowid": 286759,
    "id": 5621,
    "source": "OA",
    "source_id": "9124525227d53753",
    "housenumber": 63,
    "lat": 52.4478742,
    "lon": 13.2843696,
    "parity": "L",
    "proj_lat": 52.4477574214225,
    "proj_lon": 13.28508023997736,
    "marker-color": "#3366ff",
    "marker-symbol": "o"
  },
  {
    "rowid": 286760,
    "id": 5621,
    "source": "OA",
    "source_id": "4b3836d3742a274a",
    "housenumber": 64,
    "lat": 52.4478861,
    "lon": 13.2854291,
    "parity": "R",
    "proj_lat": 52.447930822342876,
    "proj_lon": 13.285156948184278,
    "marker-color": "#ff0000",
    "marker-symbol": "e"
  },
  {
    "rowid": 286760,
    "id": 5621,
    "source": "OA",
    "source_id": "4b3836d3742a274a",
    "housenumber": 64,
    "lat": 52.4478861,
    "lon": 13.2854291,
    "parity": "R",
    "proj_lat": 52.447930822342876,
    "proj_lon": 13.285156948184278,
    "marker-color": "#ff0000",
    "marker-symbol": "e"
  },
  {
    "rowid": 286761,
    "id": 5621,
    "source": "OA",
    "source_id": "5c2eac65cf48a83a",
    "housenumber": 66,
    "lat": 52.4476132,
    "lon": 13.2853102,
    "parity": "R",
    "proj_lat": 52.44765820230056,
    "proj_lon": 13.285036347932728,
    "marker-color": "#ff0000",
    "marker-symbol": "e"
  },
  {
    "rowid": 286761,
    "id": 5621,
    "source": "OA",
    "source_id": "5c2eac65cf48a83a",
    "housenumber": 66,
    "lat": 52.4476132,
    "lon": 13.2853102,
    "parity": "R",
    "proj_lat": 52.44765820230056,
    "proj_lon": 13.285036347932728,
    "marker-color": "#ff0000",
    "marker-symbol": "e"
  },
  {
    "rowid": 286762,
    "id": 5621,
    "source": "OA",
    "source_id": "108353a777c0ce17",
    "housenumber": 67,
    "lat": 52.4463989,
    "lon": 13.2839967,
    "parity": "L",
    "proj_lat": 52.44633643756019,
    "proj_lon": 13.284465677774797,
    "marker-color": "#3366ff",
    "marker-symbol": "o"
  },
  {
    "rowid": 286762,
    "id": 5621,
    "source": "OA",
    "source_id": "108353a777c0ce17",
    "housenumber": 67,
    "lat": 52.4463989,
    "lon": 13.2839967,
    "parity": "L",
    "proj_lat": 52.44633643756019,
    "proj_lon": 13.284465677774797,
    "marker-color": "#3366ff",
    "marker-symbol": "o"
  },
  {
    "rowid": 286763,
    "id": 5621,
    "source": "OA",
    "source_id": "b0476318cd3e112e",
    "housenumber": 68,
    "lat": 52.4473452,
    "lon": 13.2852322,
    "parity": "R",
    "proj_lat": 52.447396415893316,
    "proj_lon": 13.284920540208915,
    "marker-color": "#ff0000",
    "marker-symbol": "e"
  },
  {
    "rowid": 286763,
    "id": 5621,
    "source": "OA",
    "source_id": "b0476318cd3e112e",
    "housenumber": 68,
    "lat": 52.4473452,
    "lon": 13.2852322,
    "parity": "R",
    "proj_lat": 52.447396415893316,
    "proj_lon": 13.284920540208915,
    "marker-color": "#ff0000",
    "marker-symbol": "e"
  },
  {
    "rowid": 286764,
    "id": 5621,
    "source": "OA",
    "source_id": "dbdb88054b0b1671",
    "housenumber": 69,
    "lat": 52.4462175,
    "lon": 13.283915,
    "parity": "L",
    "proj_lat": 52.446152918711114,
    "proj_lon": 13.2843998824318,
    "marker-color": "#3366ff",
    "marker-symbol": "o"
  },
  {
    "rowid": 286764,
    "id": 5621,
    "source": "OA",
    "source_id": "dbdb88054b0b1671",
    "housenumber": 69,
    "lat": 52.4462175,
    "lon": 13.283915,
    "parity": "L",
    "proj_lat": 52.446152918711114,
    "proj_lon": 13.2843998824318,
    "marker-color": "#3366ff",
    "marker-symbol": "o"
  },
  {
    "rowid": 303656,
    "id": 5627,
    "source": "OA",
    "source_id": "193916dd6ca63f38",
    "housenumber": 71,
    "lat": 52.4462323,
    "lon": 13.2834257,
    "parity": "R",
    "proj_lat": 52.446140402004,
    "proj_lon": 13.28417239698292,
    "marker-color": "#ff0000",
    "marker-symbol": "o"
  },
  {
    "rowid": 303656,
    "id": 5627,
    "source": "OA",
    "source_id": "193916dd6ca63f38",
    "housenumber": 71,
    "lat": 52.4462323,
    "lon": 13.2834257,
    "parity": "R",
    "proj_lat": 52.446140402004,
    "proj_lon": 13.28417239698292,
    "marker-color": "#ff0000",
    "marker-symbol": "o"
  },
  {
    "rowid": 286765,
    "id": 5621,
    "source": "OA",
    "source_id": "9c7f40d8f7a1c456",
    "housenumber": 73,
    "lat": 52.4465475,
    "lon": 13.2836077,
    "parity": "L",
    "proj_lat": 52.44642881684973,
    "proj_lon": 13.284498797680856,
    "marker-color": "#3366ff",
    "marker-symbol": "o"
  },
  {
    "rowid": 286765,
    "id": 5621,
    "source": "OA",
    "source_id": "9c7f40d8f7a1c456",
    "housenumber": 73,
    "lat": 52.4465475,
    "lon": 13.2836077,
    "parity": "L",
    "proj_lat": 52.44642881684973,
    "proj_lon": 13.284498797680856,
    "marker-color": "#3366ff",
    "marker-symbol": "o"
  },
  {
    "rowid": 306883,
    "id": 5621,
    "source": "OA",
    "source_id": "5a6e661b8847f087",
    "housenumber": 74,
    "lat": 52.4453468,
    "lon": 13.2843078,
    "parity": "R",
    "proj_lat": 52.44536993376026,
    "proj_lon": 13.28412509243162,
    "marker-color": "#ff0000",
    "marker-symbol": "e"
  },
  {
    "rowid": 306883,
    "id": 5621,
    "source": "OA",
    "source_id": "5a6e661b8847f087",
    "housenumber": 74,
    "lat": 52.4453468,
    "lon": 13.2843078,
    "parity": "R",
    "proj_lat": 52.44536993376026,
    "proj_lon": 13.28412509243162,
    "marker-color": "#ff0000",
    "marker-symbol": "e"
  },
  {
    "rowid": 286766,
    "id": 5621,
    "source": "OA",
    "source_id": "446d664e05de8160",
    "housenumber": 75,
    "lat": 52.4455756,
    "lon": 13.283702,
    "parity": "L",
    "proj_lat": 52.44551573837391,
    "proj_lon": 13.2841747846071,
    "marker-color": "#3366ff",
    "marker-symbol": "o"
  },
  {
    "rowid": 286766,
    "id": 5621,
    "source": "OA",
    "source_id": "446d664e05de8160",
    "housenumber": 75,
    "lat": 52.4455756,
    "lon": 13.283702,
    "parity": "L",
    "proj_lat": 52.44551573837391,
    "proj_lon": 13.2841747846071,
    "marker-color": "#3366ff",
    "marker-symbol": "o"
  },
  {
    "rowid": 286767,
    "id": 5621,
    "source": "OA",
    "source_id": "436d9d782fabad0b",
    "housenumber": 77,
    "lat": 52.4452542,
    "lon": 13.2836079,
    "parity": "L",
    "proj_lat": 52.44519621131875,
    "proj_lon": 13.284065885484512,
    "marker-color": "#3366ff",
    "marker-symbol": "o"
  },
  {
    "rowid": 286767,
    "id": 5621,
    "source": "OA",
    "source_id": "436d9d782fabad0b",
    "housenumber": 77,
    "lat": 52.4452542,
    "lon": 13.2836079,
    "parity": "L",
    "proj_lat": 52.44519621131875,
    "proj_lon": 13.284065885484512,
    "marker-color": "#3366ff",
    "marker-symbol": "o"
  },
  {
    "rowid": 286768,
    "id": 5621,
    "source": "OA",
    "source_id": "8e943624771c4599",
    "housenumber": 79,
    "lat": 52.445035,
    "lon": 13.2835213,
    "parity": "L",
    "proj_lat": 52.4449755671075,
    "proj_lon": 13.283990686966511,
    "marker-color": "#3366ff",
    "marker-symbol": "o"
  },
  {
    "rowid": 286768,
    "id": 5621,
    "source": "OA",
    "source_id": "8e943624771c4599",
    "housenumber": 79,
    "lat": 52.445035,
    "lon": 13.2835213,
    "parity": "L",
    "proj_lat": 52.4449755671075,
    "proj_lon": 13.283990686966511,
    "marker-color": "#3366ff",
    "marker-symbol": "o"
  },
  {
    "rowid": 286769,
    "id": 5621,
    "source": "OA",
    "source_id": "c8993642df2ecaee",
    "housenumber": 81,
    "lat": 52.4448076,
    "lon": 13.2834153,
    "parity": "L",
    "proj_lat": 52.444744707269194,
    "proj_lon": 13.283912006825267,
    "marker-color": "#3366ff",
    "marker-symbol": "o"
  },
  {
    "rowid": 286769,
    "id": 5621,
    "source": "OA",
    "source_id": "c8993642df2ecaee",
    "housenumber": 81,
    "lat": 52.4448076,
    "lon": 13.2834153,
    "parity": "L",
    "proj_lat": 52.444744707269194,
    "proj_lon": 13.283912006825267,
    "marker-color": "#3366ff",
    "marker-symbol": "o"
  },
  {
    "rowid": 286770,
    "id": 5621,
    "source": "OA",
    "source_id": "d5df7467ef7d670f",
    "housenumber": 83,
    "lat": 52.4446113,
    "lon": 13.283379,
    "parity": "L",
    "proj_lat": 52.44455212123805,
    "proj_lon": 13.283846370912828,
    "marker-color": "#3366ff",
    "marker-symbol": "o"
  },
  {
    "rowid": 286770,
    "id": 5621,
    "source": "OA",
    "source_id": "d5df7467ef7d670f",
    "housenumber": 83,
    "lat": 52.4446113,
    "lon": 13.283379,
    "parity": "L",
    "proj_lat": 52.44455212123805,
    "proj_lon": 13.283846370912828,
    "marker-color": "#3366ff",
    "marker-symbol": "o"
  },
  {
    "rowid": 286771,
    "id": 5621,
    "source": "OA",
    "source_id": "46e15531ccf3d3ba",
    "housenumber": 85,
    "lat": 52.444405,
    "lon": 13.2831257,
    "parity": "L",
    "proj_lat": 52.44432360871711,
    "proj_lon": 13.283768490768948,
    "marker-color": "#3366ff",
    "marker-symbol": "o"
  },
  {
    "rowid": 286771,
    "id": 5621,
    "source": "OA",
    "source_id": "46e15531ccf3d3ba",
    "housenumber": 85,
    "lat": 52.444405,
    "lon": 13.2831257,
    "parity": "L",
    "proj_lat": 52.44432360871711,
    "proj_lon": 13.283768490768948,
    "marker-color": "#3366ff",
    "marker-symbol": "o"
  },
  {
    "rowid": 286772,
    "id": 5621,
    "source": "OA",
    "source_id": "43609ca4d2b7191a",
    "housenumber": 88,
    "lat": 52.4432038,
    "lon": 13.2836491,
    "parity": "R",
    "proj_lat": 52.44324045323717,
    "proj_lon": 13.283377687913651,
    "marker-color": "#ff0000",
    "marker-symbol": "e"
  },
  {
    "rowid": 286772,
    "id": 5621,
    "source": "OA",
    "source_id": "43609ca4d2b7191a",
    "housenumber": 88,
    "lat": 52.4432038,
    "lon": 13.2836491,
    "parity": "R",
    "proj_lat": 52.44324045323717,
    "proj_lon": 13.283377687913651,
    "marker-color": "#ff0000",
    "marker-symbol": "e"
  },
  {
    "rowid": 286773,
    "id": 5621,
    "source": "OA",
    "source_id": "c7e68efc3a8d21da",
    "housenumber": 89,
    "lat": 52.4441143,
    "lon": 13.2832009,
    "parity": "L",
    "proj_lat": 52.44405065889534,
    "proj_lon": 13.283672172944064,
    "marker-color": "#3366ff",
    "marker-symbol": "o"
  },
  {
    "rowid": 286773,
    "id": 5621,
    "source": "OA",
    "source_id": "c7e68efc3a8d21da",
    "housenumber": 89,
    "lat": 52.4441143,
    "lon": 13.2832009,
    "parity": "L",
    "proj_lat": 52.44405065889534,
    "proj_lon": 13.283672172944064,
    "marker-color": "#3366ff",
    "marker-symbol": "o"
  },
  {
    "rowid": 286774,
    "id": 5621,
    "source": "OA",
    "source_id": "7d9b0af222831055",
    "housenumber": 91,
    "lat": 52.4439698,
    "lon": 13.2831517,
    "parity": "L",
    "proj_lat": 52.44390658603202,
    "proj_lon": 13.283619806855146,
    "marker-color": "#3366ff",
    "marker-symbol": "o"
  },
  {
    "rowid": 286774,
    "id": 5621,
    "source": "OA",
    "source_id": "7d9b0af222831055",
    "housenumber": 91,
    "lat": 52.4439698,
    "lon": 13.2831517,
    "parity": "L",
    "proj_lat": 52.44390658603202,
    "proj_lon": 13.283619806855146,
    "marker-color": "#3366ff",
    "marker-symbol": "o"
  },
  {
    "rowid": 286775,
    "id": 5621,
    "source": "OA",
    "source_id": "f98b1acac5c2aa80",
    "housenumber": 92,
    "lat": 52.4432594,
    "lon": 13.2839614,
    "parity": "R",
    "proj_lat": 52.44333365330464,
    "proj_lon": 13.28341156329384,
    "marker-color": "#ff0000",
    "marker-symbol": "e"
  },
  {
    "rowid": 286775,
    "id": 5621,
    "source": "OA",
    "source_id": "f98b1acac5c2aa80",
    "housenumber": 92,
    "lat": 52.4432594,
    "lon": 13.2839614,
    "parity": "R",
    "proj_lat": 52.44333365330464,
    "proj_lon": 13.28341156329384,
    "marker-color": "#ff0000",
    "marker-symbol": "e"
  },
  {
    "rowid": 286776,
    "id": 5621,
    "source": "OA",
    "source_id": "82672d81d3bbdcc9",
    "housenumber": 93,
    "lat": 52.4438002,
    "lon": 13.2830918,
    "parity": "L",
    "proj_lat": 52.44373721011815,
    "proj_lon": 13.283558243879567,
    "marker-color": "#3366ff",
    "marker-symbol": "o"
  },
  {
    "rowid": 286776,
    "id": 5621,
    "source": "OA",
    "source_id": "82672d81d3bbdcc9",
    "housenumber": 93,
    "lat": 52.4438002,
    "lon": 13.2830918,
    "parity": "L",
    "proj_lat": 52.44373721011815,
    "proj_lon": 13.283558243879567,
    "marker-color": "#3366ff",
    "marker-symbol": "o"
  },
  {
    "rowid": 286777,
    "id": 5621,
    "source": "OA",
    "source_id": "dbcbb9fadef3453f",
    "housenumber": 94,
    "lat": 52.442573,
    "lon": 13.283433,
    "parity": "R",
    "proj_lat": 52.44261135047224,
    "proj_lon": 13.283149028257924,
    "marker-color": "#ff0000",
    "marker-symbol": "e"
  },
  {
    "rowid": 286777,
    "id": 5621,
    "source": "OA",
    "source_id": "dbcbb9fadef3453f",
    "housenumber": 94,
    "lat": 52.442573,
    "lon": 13.283433,
    "parity": "R",
    "proj_lat": 52.44261135047224,
    "proj_lon": 13.283149028257924,
    "marker-color": "#ff0000",
    "marker-symbol": "e"
  },
  {
    "rowid": 286778,
    "id": 5621,
    "source": "OA",
    "source_id": "4079055779fd8ec9",
    "housenumber": 95,
    "lat": 52.4436942,
    "lon": 13.2830526,
    "parity": "L",
    "proj_lat": 52.44363112329572,
    "proj_lon": 13.283519684557232,
    "marker-color": "#3366ff",
    "marker-symbol": "o"
  },
  {
    "rowid": 286778,
    "id": 5621,
    "source": "OA",
    "source_id": "4079055779fd8ec9",
    "housenumber": 95,
    "lat": 52.4436942,
    "lon": 13.2830526,
    "parity": "L",
    "proj_lat": 52.44363112329572,
    "proj_lon": 13.283519684557232,
    "marker-color": "#3366ff",
    "marker-symbol": "o"
  },
  {
    "rowid": 286779,
    "id": 5621,
    "source": "OA",
    "source_id": "b7acb87a628d6357",
    "housenumber": 97,
    "lat": 52.443517,
    "lon": 13.2829899,
    "parity": "L",
    "proj_lat": 52.44345414252065,
    "proj_lon": 13.283455357446698,
    "marker-color": "#3366ff",
    "marker-symbol": "o"
  },
  {
    "rowid": 286779,
    "id": 5621,
    "source": "OA",
    "source_id": "b7acb87a628d6357",
    "housenumber": 97,
    "lat": 52.443517,
    "lon": 13.2829899,
    "parity": "L",
    "proj_lat": 52.44345414252065,
    "proj_lon": 13.283455357446698,
    "marker-color": "#3366ff",
    "marker-symbol": "o"
  },
  {
    "rowid": 286780,
    "id": 5621,
    "source": "OA",
    "source_id": "6a5663ed946089a3",
    "housenumber": 99,
    "lat": 52.4434055,
    "lon": 13.2829504,
    "parity": "L",
    "proj_lat": 52.44334277439999,
    "proj_lon": 13.283414878533634,
    "marker-color": "#3366ff",
    "marker-symbol": "o"
  },
  {
    "rowid": 286780,
    "id": 5621,
    "source": "OA",
    "source_id": "6a5663ed946089a3",
    "housenumber": 99,
    "lat": 52.4434055,
    "lon": 13.2829504,
    "parity": "L",
    "proj_lat": 52.44334277439999,
    "proj_lon": 13.283414878533634,
    "marker-color": "#3366ff",
    "marker-symbol": "o"
  },
  {
    "rowid": 286781,
    "id": 5621,
    "source": "OA",
    "source_id": "6328e8d4f8fdc4c5",
    "housenumber": 101,
    "lat": 52.4431574,
    "lon": 13.282864,
    "parity": "L",
    "proj_lat": 52.44309515990391,
    "proj_lon": 13.283324878221155,
    "marker-color": "#3366ff",
    "marker-symbol": "o"
  },
  {
    "rowid": 286781,
    "id": 5621,
    "source": "OA",
    "source_id": "6328e8d4f8fdc4c5",
    "housenumber": 101,
    "lat": 52.4431574,
    "lon": 13.282864,
    "parity": "L",
    "proj_lat": 52.44309515990391,
    "proj_lon": 13.283324878221155,
    "marker-color": "#3366ff",
    "marker-symbol": "o"
  },
  {
    "rowid": 286782,
    "id": 5621,
    "source": "OA",
    "source_id": "a4e1bb74d41a074a",
    "housenumber": 103,
    "lat": 52.4430515,
    "lon": 13.2828264,
    "parity": "L",
    "proj_lat": 52.44298937436974,
    "proj_lon": 13.283286428407909,
    "marker-color": "#3366ff",
    "marker-symbol": "o"
  },
  {
    "rowid": 286782,
    "id": 5621,
    "source": "OA",
    "source_id": "a4e1bb74d41a074a",
    "housenumber": 103,
    "lat": 52.4430515,
    "lon": 13.2828264,
    "parity": "L",
    "proj_lat": 52.44298937436974,
    "proj_lon": 13.283286428407909,
    "marker-color": "#3366ff",
    "marker-symbol": "o"
  },
  {
    "rowid": 286783,
    "id": 5621,
    "source": "OA",
    "source_id": "ed85fa791daa395c",
    "housenumber": 105,
    "lat": 52.4428631,
    "lon": 13.28276,
    "parity": "L",
    "proj_lat": 52.44280124131855,
    "proj_lon": 13.283218047785356,
    "marker-color": "#3366ff",
    "marker-symbol": "o"
  },
  {
    "rowid": 286783,
    "id": 5621,
    "source": "OA",
    "source_id": "ed85fa791daa395c",
    "housenumber": 105,
    "lat": 52.4428631,
    "lon": 13.28276,
    "parity": "L",
    "proj_lat": 52.44280124131855,
    "proj_lon": 13.283218047785356,
    "marker-color": "#3366ff",
    "marker-symbol": "o"
  },
  {
    "rowid": 286784,
    "id": 5621,
    "source": "OA",
    "source_id": "25cc1d953a35759f",
    "housenumber": 107,
    "lat": 52.4427604,
    "lon": 13.2827234,
    "parity": "L",
    "proj_lat": 52.442698634799925,
    "proj_lon": 13.283180753447242,
    "marker-color": "#3366ff",
    "marker-symbol": "o"
  },
  {
    "rowid": 286784,
    "id": 5621,
    "source": "OA",
    "source_id": "25cc1d953a35759f",
    "housenumber": 107,
    "lat": 52.4427604,
    "lon": 13.2827234,
    "parity": "L",
    "proj_lat": 52.442698634799925,
    "proj_lon": 13.283180753447242,
    "marker-color": "#3366ff",
    "marker-symbol": "o"
  },
  {
    "rowid": 286785,
    "id": 5621,
    "source": "OA",
    "source_id": "22c1f3fcb21b66b0",
    "housenumber": 109,
    "lat": 52.4425655,
    "lon": 13.2826545,
    "parity": "L",
    "proj_lat": 52.44250398404384,
    "proj_lon": 13.283110003837871,
    "marker-color": "#3366ff",
    "marker-symbol": "o"
  },
  {
    "rowid": 286785,
    "id": 5621,
    "source": "OA",
    "source_id": "22c1f3fcb21b66b0",
    "housenumber": 109,
    "lat": 52.4425655,
    "lon": 13.2826545,
    "parity": "L",
    "proj_lat": 52.44250398404384,
    "proj_lon": 13.283110003837871,
    "marker-color": "#3366ff",
    "marker-symbol": "o"
  },
  {
    "rowid": 286786,
    "id": 5621,
    "source": "OA",
    "source_id": "1194808ea0965cc0",
    "housenumber": 111,
    "lat": 52.4424646,
    "lon": 13.2826188,
    "parity": "L",
    "proj_lat": 52.44240320916924,
    "proj_lon": 13.283073375246461,
    "marker-color": "#3366ff",
    "marker-symbol": "o"
  },
  {
    "rowid": 286786,
    "id": 5621,
    "source": "OA",
    "source_id": "1194808ea0965cc0",
    "housenumber": 111,
    "lat": 52.4424646,
    "lon": 13.2826188,
    "parity": "L",
    "proj_lat": 52.44240320916924,
    "proj_lon": 13.283073375246461,
    "marker-color": "#3366ff",
    "marker-symbol": "o"
  },
  {
    "rowid": 286787,
    "id": 5621,
    "source": "OA",
    "source_id": "fb8a9b83293b9c2f",
    "housenumber": 113,
    "lat": 52.4422284,
    "lon": 13.282529,
    "parity": "L",
    "proj_lat": 52.44216650023747,
    "proj_lon": 13.282987338773784,
    "marker-color": "#3366ff",
    "marker-symbol": "o"
  },
  {
    "rowid": 286787,
    "id": 5621,
    "source": "OA",
    "source_id": "fb8a9b83293b9c2f",
    "housenumber": 113,
    "lat": 52.4422284,
    "lon": 13.282529,
    "parity": "L",
    "proj_lat": 52.44216650023747,
    "proj_lon": 13.282987338773784,
    "marker-color": "#3366ff",
    "marker-symbol": "o"
  },
  {
    "rowid": 305366,
    "id": 5627,
    "source": "OA",
    "source_id": "ff2618ddbf22fc4d",
    "housenumber": 113.03,
    "lat": 52.4422578,
    "lon": 13.2824178,
    "parity": "R",
    "proj_lat": 52.44220996000898,
    "proj_lon": 13.282774346669909,
    "marker-color": "#ff0000",
    "marker-symbol": "o"
  },
  {
    "rowid": 305366,
    "id": 5627,
    "source": "OA",
    "source_id": "ff2618ddbf22fc4d",
    "housenumber": 113.03,
    "lat": 52.4422578,
    "lon": 13.2824178,
    "parity": "R",
    "proj_lat": 52.44220996000898,
    "proj_lon": 13.282774346669909,
    "marker-color": "#ff0000",
    "marker-symbol": "o"
  },
  {
    "rowid": 305367,
    "id": 5627,
    "source": "OA",
    "source_id": "fa727940834aad13",
    "housenumber": 113.06,
    "lat": 52.4422789,
    "lon": 13.2822561,
    "parity": "R",
    "proj_lat": 52.442209391374845,
    "proj_lon": 13.282774141329805,
    "marker-color": "#ff0000",
    "marker-symbol": "o"
  },
  {
    "rowid": 305367,
    "id": 5627,
    "source": "OA",
    "source_id": "fa727940834aad13",
    "housenumber": 113.06,
    "lat": 52.4422789,
    "lon": 13.2822561,
    "parity": "R",
    "proj_lat": 52.442209391374845,
    "proj_lon": 13.282774141329805,
    "marker-color": "#ff0000",
    "marker-symbol": "o"
  },
  {
    "rowid": 305368,
    "id": 5627,
    "source": "OA",
    "source_id": "ed4096a017283065",
    "housenumber": 113.09,
    "lat": 52.4422811,
    "lon": 13.2818218,
    "parity": "R",
    "proj_lat": 52.442155910118885,
    "proj_lon": 13.28275482865404,
    "marker-color": "#ff0000",
    "marker-symbol": "o"
  },
  {
    "rowid": 305368,
    "id": 5627,
    "source": "OA",
    "source_id": "ed4096a017283065",
    "housenumber": 113.09,
    "lat": 52.4422811,
    "lon": 13.2818218,
    "parity": "R",
    "proj_lat": 52.442155910118885,
    "proj_lon": 13.28275482865404,
    "marker-color": "#ff0000",
    "marker-symbol": "o"
  }
]
