[
  {
    "rowid": 185495,
    "id": 36742,
    "source": "OA",
    "source_id": "0534e4bc61bf2838",
    "housenumber": 52,
    "lat": 52.4452345,
    "lon": 13.3157337,
    "parity": "R",
    "proj_lat": 52.447048,
    "proj_lon": 13.315176,
    "marker-color": "#ff0000",
    "marker-symbol": "e"
  },
  {
    "rowid": 185495,
    "id": 36742,
    "source": "OA",
    "source_id": "0534e4bc61bf2838",
    "housenumber": 52,
    "lat": 52.4452345,
    "lon": 13.3157337,
    "parity": "R",
    "proj_lat": 52.447048,
    "proj_lon": 13.315176,
    "marker-color": "#ff0000",
    "marker-symbol": "e"
  },
  {
    "rowid": 185496,
    "id": 36742,
    "source": "OA",
    "source_id": "ba4e1761f8e15795",
    "housenumber": 53,
    "lat": 52.4454077,
    "lon": 13.3157138,
    "parity": "R",
    "proj_lat": 52.447048,
    "proj_lon": 13.315176,
    "marker-color": "#ff0000",
    "marker-symbol": "o"
  },
  {
    "rowid": 185496,
    "id": 36742,
    "source": "OA",
    "source_id": "ba4e1761f8e15795",
    "housenumber": 53,
    "lat": 52.4454077,
    "lon": 13.3157138,
    "parity": "R",
    "proj_lat": 52.447048,
    "proj_lon": 13.315176,
    "marker-color": "#ff0000",
    "marker-symbol": "o"
  },
  {
    "rowid": 185497,
    "id": 36742,
    "source": "OA",
    "source_id": "25e079ca71f64da3",
    "housenumber": 54,
    "lat": 52.4455316,
    "lon": 13.3157017,
    "parity": "R",
    "proj_lat": 52.447048,
    "proj_lon": 13.315176,
    "marker-color": "#ff0000",
    "marker-symbol": "e"
  },
  {
    "rowid": 185497,
    "id": 36742,
    "source": "OA",
    "source_id": "25e079ca71f64da3",
    "housenumber": 54,
    "lat": 52.4455316,
    "lon": 13.3157017,
    "parity": "R",
    "proj_lat": 52.447048,
    "proj_lon": 13.315176,
    "marker-color": "#ff0000",
    "marker-symbol": "e"
  },
  {
    "rowid": 185498,
    "id": 36742,
    "source": "OA",
    "source_id": "c8c6190804176f14",
    "housenumber": 55,
    "lat": 52.445684,
    "lon": 13.3156836,
    "parity": "R",
    "proj_lat": 52.447048,
    "proj_lon": 13.315176,
    "marker-color": "#ff0000",
    "marker-symbol": "o"
  },
  {
    "rowid": 185498,
    "id": 36742,
    "source": "OA",
    "source_id": "c8c6190804176f14",
    "housenumber": 55,
    "lat": 52.445684,
    "lon": 13.3156836,
    "parity": "R",
    "proj_lat": 52.447048,
    "proj_lon": 13.315176,
    "marker-color": "#ff0000",
    "marker-symbol": "o"
  },
  {
    "rowid": 185499,
    "id": 36742,
    "source": "OA",
    "source_id": "1316d89540d75ee7",
    "housenumber": 56,
    "lat": 52.4459245,
    "lon": 13.3156569,
    "parity": "R",
    "proj_lat": 52.447048,
    "proj_lon": 13.315176,
    "marker-color": "#ff0000",
    "marker-symbol": "e"
  },
  {
    "rowid": 185499,
    "id": 36742,
    "source": "OA",
    "source_id": "1316d89540d75ee7",
    "housenumber": 56,
    "lat": 52.4459245,
    "lon": 13.3156569,
    "parity": "R",
    "proj_lat": 52.447048,
    "proj_lon": 13.315176,
    "marker-color": "#ff0000",
    "marker-symbol": "e"
  },
  {
    "rowid": 185500,
    "id": 36742,
    "source": "OA",
    "source_id": "62b8b8ead134e9d5",
    "housenumber": 57,
    "lat": 52.4460721,
    "lon": 13.3156412,
    "parity": "R",
    "proj_lat": 52.447048,
    "proj_lon": 13.315176,
    "marker-color": "#ff0000",
    "marker-symbol": "o"
  },
  {
    "rowid": 185500,
    "id": 36742,
    "source": "OA",
    "source_id": "62b8b8ead134e9d5",
    "housenumber": 57,
    "lat": 52.4460721,
    "lon": 13.3156412,
    "parity": "R",
    "proj_lat": 52.447048,
    "proj_lon": 13.315176,
    "marker-color": "#ff0000",
    "marker-symbol": "o"
  },
  {
    "rowid": 185501,
    "id": 36742,
    "source": "OA",
    "source_id": "d3dbd6c6d8d56fee",
    "housenumber": 57.03,
    "lat": 52.4462378,
    "lon": 13.3156231,
    "parity": "R",
    "proj_lat": 52.447048,
    "proj_lon": 13.315176,
    "marker-color": "#ff0000",
    "marker-symbol": "o"
  },
  {
    "rowid": 185501,
    "id": 36742,
    "source": "OA",
    "source_id": "d3dbd6c6d8d56fee",
    "housenumber": 57.03,
    "lat": 52.4462378,
    "lon": 13.3156231,
    "parity": "R",
    "proj_lat": 52.447048,
    "proj_lon": 13.315176,
    "marker-color": "#ff0000",
    "marker-symbol": "o"
  },
  {
    "rowid": 185502,
    "id": 36742,
    "source": "OA",
    "source_id": "e5c45dd7ef97283d",
    "housenumber": 57.06,
    "lat": 52.4463569,
    "lon": 13.3156104,
    "parity": "R",
    "proj_lat": 52.447048,
    "proj_lon": 13.315176,
    "marker-color": "#ff0000",
    "marker-symbol": "o"
  },
  {
    "rowid": 185502,
    "id": 36742,
    "source": "OA",
    "source_id": "e5c45dd7ef97283d",
    "housenumber": 57.06,
    "lat": 52.4463569,
    "lon": 13.3156104,
    "parity": "R",
    "proj_lat": 52.447048,
    "proj_lon": 13.315176,
    "marker-color": "#ff0000",
    "marker-symbol": "o"
  },
  {
    "rowid": 185503,
    "id": 36742,
    "source": "OA",
    "source_id": "f7db85564426c89a",
    "housenumber": 57.09,
    "lat": 52.4465432,
    "lon": 13.31559,
    "parity": "R",
    "proj_lat": 52.447054230419,
    "proj_lon": 13.315197855914269,
    "marker-color": "#ff0000",
    "marker-symbol": "o"
  },
  {
    "rowid": 185503,
    "id": 36742,
    "source": "OA",
    "source_id": "f7db85564426c89a",
    "housenumber": 57.09,
    "lat": 52.4465432,
    "lon": 13.31559,
    "parity": "R",
    "proj_lat": 52.447054230419,
    "proj_lon": 13.315197855914269,
    "marker-color": "#ff0000",
    "marker-symbol": "o"
  },
  {
    "rowid": 185504,
    "id": 36742,
    "source": "OA",
    "source_id": "405bfe560c88ed03",
    "housenumber": 57.12,
    "lat": 52.4467723,
    "lon": 13.315561,
    "parity": "R",
    "proj_lat": 52.447088567117916,
    "proj_lon": 13.31531830687397,
    "marker-color": "#ff0000",
    "marker-symbol": "o"
  },
  {
    "rowid": 185504,
    "id": 36742,
    "source": "OA",
    "source_id": "405bfe560c88ed03",
    "housenumber": 57.12,
    "lat": 52.4467723,
    "lon": 13.315561,
    "parity": "R",
    "proj_lat": 52.447088567117916,
    "proj_lon": 13.31531830687397,
    "marker-color": "#ff0000",
    "marker-symbol": "o"
  },
  {
    "rowid": 185505,
    "id": 36742,
    "source": "OA",
    "source_id": "767f2ba952c2b865",
    "housenumber": 57.15,
    "lat": 52.4469185,
    "lon": 13.3155872,
    "parity": "R",
    "proj_lat": 52.447111,
    "proj_lon": 13.315397,
    "marker-color": "#ff0000",
    "marker-symbol": "o"
  },
  {
    "rowid": 185505,
    "id": 36742,
    "source": "OA",
    "source_id": "767f2ba952c2b865",
    "housenumber": 57.15,
    "lat": 52.4469185,
    "lon": 13.3155872,
    "parity": "R",
    "proj_lat": 52.447111,
    "proj_lon": 13.315397,
    "marker-color": "#ff0000",
    "marker-symbol": "o"
  },
  {
    "rowid": 185506,
    "id": 36742,
    "source": "OA",
    "source_id": "b61542abd9bc7a5a",
    "housenumber": 58,
    "lat": 52.4474058,
    "lon": 13.3155977,
    "parity": "L",
    "proj_lat": 52.447111,
    "proj_lon": 13.315397,
    "marker-color": "#3366ff",
    "marker-symbol": "e"
  },
  {
    "rowid": 185506,
    "id": 36742,
    "source": "OA",
    "source_id": "b61542abd9bc7a5a",
    "housenumber": 58,
    "lat": 52.4474058,
    "lon": 13.3155977,
    "parity": "L",
    "proj_lat": 52.447111,
    "proj_lon": 13.315397,
    "marker-color": "#3366ff",
    "marker-symbol": "e"
  },
  {
    "rowid": 185507,
    "id": 36742,
    "source": "OA",
    "source_id": "cef8172e4ce79d70",
    "housenumber": 58.03,
    "lat": 52.4476632,
    "lon": 13.3156035,
    "parity": "L",
    "proj_lat": 52.447111,
    "proj_lon": 13.315397,
    "marker-color": "#3366ff",
    "marker-symbol": "e"
  },
  {
    "rowid": 185507,
    "id": 36742,
    "source": "OA",
    "source_id": "cef8172e4ce79d70",
    "housenumber": 58.03,
    "lat": 52.4476632,
    "lon": 13.3156035,
    "parity": "L",
    "proj_lat": 52.447111,
    "proj_lon": 13.315397,
    "marker-color": "#3366ff",
    "marker-symbol": "e"
  },
  {
    "rowid": 185508,
    "id": 36742,
    "source": "OA",
    "source_id": "51e395c1c93c285c",
    "housenumber": 58.06,
    "lat": 52.447873,
    "lon": 13.3156091,
    "parity": "L",
    "proj_lat": 52.447111,
    "proj_lon": 13.315397,
    "marker-color": "#3366ff",
    "marker-symbol": "e"
  },
  {
    "rowid": 185508,
    "id": 36742,
    "source": "OA",
    "source_id": "51e395c1c93c285c",
    "housenumber": 58.06,
    "lat": 52.447873,
    "lon": 13.3156091,
    "parity": "L",
    "proj_lat": 52.447111,
    "proj_lon": 13.315397,
    "marker-color": "#3366ff",
    "marker-symbol": "e"
  },
  {
    "rowid": 185509,
    "id": 36742,
    "source": "OA",
    "source_id": "047dd6fcc6801324",
    "housenumber": 59,
    "lat": 52.448392,
    "lon": 13.3156172,
    "parity": "L",
    "proj_lat": 52.447111,
    "proj_lon": 13.315397,
    "marker-color": "#3366ff",
    "marker-symbol": "o"
  },
  {
    "rowid": 185509,
    "id": 36742,
    "source": "OA",
    "source_id": "047dd6fcc6801324",
    "housenumber": 59,
    "lat": 52.448392,
    "lon": 13.3156172,
    "parity": "L",
    "proj_lat": 52.447111,
    "proj_lon": 13.315397,
    "marker-color": "#3366ff",
    "marker-symbol": "o"
  },
  {
    "rowid": 185510,
    "id": 36742,
    "source": "OA",
    "source_id": "1a6a32005c763b98",
    "housenumber": 59.03,
    "lat": 52.4486374,
    "lon": 13.3156226,
    "parity": "L",
    "proj_lat": 52.447111,
    "proj_lon": 13.315397,
    "marker-color": "#3366ff",
    "marker-symbol": "o"
  },
  {
    "rowid": 185510,
    "id": 36742,
    "source": "OA",
    "source_id": "1a6a32005c763b98",
    "housenumber": 59.03,
    "lat": 52.4486374,
    "lon": 13.3156226,
    "parity": "L",
    "proj_lat": 52.447111,
    "proj_lon": 13.315397,
    "marker-color": "#3366ff",
    "marker-symbol": "o"
  },
  {
    "rowid": 185511,
    "id": 36745,
    "source": "OA",
    "source_id": "e0552ae24e1221c8",
    "housenumber": 60,
    "lat": 52.4488306,
    "lon": 13.3156273,
    "parity": "R",
    "proj_lat": 52.45049,
    "proj_lon": 13.315786,
    "marker-color": "#ff0000",
    "marker-symbol": "e"
  },
  {
    "rowid": 185511,
    "id": 36745,
    "source": "OA",
    "source_id": "e0552ae24e1221c8",
    "housenumber": 60,
    "lat": 52.4488306,
    "lon": 13.3156273,
    "parity": "R",
    "proj_lat": 52.45049,
    "proj_lon": 13.315786,
    "marker-color": "#ff0000",
    "marker-symbol": "e"
  },
  {
    "rowid": 185512,
    "id": 36745,
    "source": "OA",
    "source_id": "4bca6bae24f0cd8c",
    "housenumber": 61,
    "lat": 52.4489855,
    "lon": 13.3156311,
    "parity": "R",
    "proj_lat": 52.45049,
    "proj_lon": 13.315786,
    "marker-color": "#ff0000",
    "marker-symbol": "o"
  },
  {
    "rowid": 185512,
    "id": 36745,
    "source": "OA",
    "source_id": "4bca6bae24f0cd8c",
    "housenumber": 61,
    "lat": 52.4489855,
    "lon": 13.3156311,
    "parity": "R",
    "proj_lat": 52.45049,
    "proj_lon": 13.315786,
    "marker-color": "#ff0000",
    "marker-symbol": "o"
  },
  {
    "rowid": 185513,
    "id": 36745,
    "source": "OA",
    "source_id": "523c75687834b89f",
    "housenumber": 62,
    "lat": 52.4491771,
    "lon": 13.3156365,
    "parity": "R",
    "proj_lat": 52.45049,
    "proj_lon": 13.315786,
    "marker-color": "#ff0000",
    "marker-symbol": "e"
  },
  {
    "rowid": 185513,
    "id": 36745,
    "source": "OA",
    "source_id": "523c75687834b89f",
    "housenumber": 62,
    "lat": 52.4491771,
    "lon": 13.3156365,
    "parity": "R",
    "proj_lat": 52.45049,
    "proj_lon": 13.315786,
    "marker-color": "#ff0000",
    "marker-symbol": "e"
  },
  {
    "rowid": 185514,
    "id": 36745,
    "source": "OA",
    "source_id": "2be22724adaa686d",
    "housenumber": 64,
    "lat": 52.4518688,
    "lon": 13.3156289,
    "parity": "L",
    "proj_lat": 52.45187291646466,
    "proj_lon": 13.315413561876857,
    "marker-color": "#3366ff",
    "marker-symbol": "e"
  },
  {
    "rowid": 185514,
    "id": 36745,
    "source": "OA",
    "source_id": "2be22724adaa686d",
    "housenumber": 64,
    "lat": 52.4518688,
    "lon": 13.3156289,
    "parity": "L",
    "proj_lat": 52.45187291646466,
    "proj_lon": 13.315413561876857,
    "marker-color": "#3366ff",
    "marker-symbol": "e"
  },
  {
    "rowid": 185515,
    "id": 36745,
    "source": "OA",
    "source_id": "b5ef4ef1fee0ea05",
    "housenumber": 64.03,
    "lat": 52.4520314,
    "lon": 13.3156386,
    "parity": "L",
    "proj_lat": 52.45203554185062,
    "proj_lon": 13.315421932301135,
    "marker-color": "#3366ff",
    "marker-symbol": "e"
  },
  {
    "rowid": 185515,
    "id": 36745,
    "source": "OA",
    "source_id": "b5ef4ef1fee0ea05",
    "housenumber": 64.03,
    "lat": 52.4520314,
    "lon": 13.3156386,
    "parity": "L",
    "proj_lat": 52.45203554185062,
    "proj_lon": 13.315421932301135,
    "marker-color": "#3366ff",
    "marker-symbol": "e"
  },
  {
    "rowid": 185516,
    "id": 36745,
    "source": "OA",
    "source_id": "187e109556f80ce9",
    "housenumber": 64.06,
    "lat": 52.4521691,
    "lon": 13.3156441,
    "parity": "L",
    "proj_lat": 52.452170989577645,
    "proj_lon": 13.315427870343003,
    "marker-color": "#3366ff",
    "marker-symbol": "e"
  },
  {
    "rowid": 185516,
    "id": 36745,
    "source": "OA",
    "source_id": "187e109556f80ce9",
    "housenumber": 64.06,
    "lat": 52.4521691,
    "lon": 13.3156441,
    "parity": "L",
    "proj_lat": 52.452170989577645,
    "proj_lon": 13.315427870343003,
    "marker-color": "#3366ff",
    "marker-symbol": "e"
  },
  {
    "rowid": 185517,
    "id": 36745,
    "source": "OA",
    "source_id": "5573b9c45efc9bf7",
    "housenumber": 64.09,
    "lat": 52.4523185,
    "lon": 13.3156658,
    "parity": "L",
    "proj_lat": 52.4523386605664,
    "proj_lon": 13.315439307077897,
    "marker-color": "#3366ff",
    "marker-symbol": "e"
  },
  {
    "rowid": 185517,
    "id": 36745,
    "source": "OA",
    "source_id": "5573b9c45efc9bf7",
    "housenumber": 64.09,
    "lat": 52.4523185,
    "lon": 13.3156658,
    "parity": "L",
    "proj_lat": 52.4523386605664,
    "proj_lon": 13.315439307077897,
    "marker-color": "#3366ff",
    "marker-symbol": "e"
  },
  {
    "rowid": 185518,
    "id": 36745,
    "source": "OA",
    "source_id": "7611c176b94267f0",
    "housenumber": 64.12,
    "lat": 52.4524566,
    "lon": 13.3157026,
    "parity": "L",
    "proj_lat": 52.4524854836397,
    "proj_lon": 13.315481251008542,
    "marker-color": "#3366ff",
    "marker-symbol": "e"
  },
  {
    "rowid": 185518,
    "id": 36745,
    "source": "OA",
    "source_id": "7611c176b94267f0",
    "housenumber": 64.12,
    "lat": 52.4524566,
    "lon": 13.3157026,
    "parity": "L",
    "proj_lat": 52.4524854836397,
    "proj_lon": 13.315481251008542,
    "marker-color": "#3366ff",
    "marker-symbol": "e"
  },
  {
    "rowid": 185519,
    "id": 36745,
    "source": "OA",
    "source_id": "e6d8bba8c3e6aa75",
    "housenumber": 65,
    "lat": 52.4525669,
    "lon": 13.3157321,
    "parity": "L",
    "proj_lat": 52.45258783979643,
    "proj_lon": 13.315512297583053,
    "marker-color": "#3366ff",
    "marker-symbol": "o"
  },
  {
    "rowid": 185519,
    "id": 36745,
    "source": "OA",
    "source_id": "e6d8bba8c3e6aa75",
    "housenumber": 65,
    "lat": 52.4525669,
    "lon": 13.3157321,
    "parity": "L",
    "proj_lat": 52.45258783979643,
    "proj_lon": 13.315512297583053,
    "marker-color": "#3366ff",
    "marker-symbol": "o"
  },
  {
    "rowid": 185520,
    "id": 36745,
    "source": "OA",
    "source_id": "cec768e732611394",
    "housenumber": 65.03,
    "lat": 52.4526798,
    "lon": 13.3157622,
    "parity": "L",
    "proj_lat": 52.452700845674386,
    "proj_lon": 13.315541285062768,
    "marker-color": "#3366ff",
    "marker-symbol": "o"
  },
  {
    "rowid": 185520,
    "id": 36745,
    "source": "OA",
    "source_id": "cec768e732611394",
    "housenumber": 65.03,
    "lat": 52.4526798,
    "lon": 13.3157622,
    "parity": "L",
    "proj_lat": 52.452700845674386,
    "proj_lon": 13.315541285062768,
    "marker-color": "#3366ff",
    "marker-symbol": "o"
  },
  {
    "rowid": 185521,
    "id": 36745,
    "source": "OA",
    "source_id": "c88f25b14c030d3a",
    "housenumber": 65.06,
    "lat": 52.4528136,
    "lon": 13.3157979,
    "parity": "L",
    "proj_lat": 52.45283477374563,
    "proj_lon": 13.315575639357595,
    "marker-color": "#3366ff",
    "marker-symbol": "o"
  },
  {
    "rowid": 185521,
    "id": 36745,
    "source": "OA",
    "source_id": "c88f25b14c030d3a",
    "housenumber": 65.06,
    "lat": 52.4528136,
    "lon": 13.3157979,
    "parity": "L",
    "proj_lat": 52.45283477374563,
    "proj_lon": 13.315575639357595,
    "marker-color": "#3366ff",
    "marker-symbol": "o"
  },
  {
    "rowid": 185522,
    "id": 36745,
    "source": "OA",
    "source_id": "b85912001c29a612",
    "housenumber": 65.09,
    "lat": 52.452967,
    "lon": 13.3158389,
    "parity": "L",
    "proj_lat": 52.4529883271228,
    "proj_lon": 13.315615027799033,
    "marker-color": "#3366ff",
    "marker-symbol": "o"
  },
  {
    "rowid": 185522,
    "id": 36745,
    "source": "OA",
    "source_id": "b85912001c29a612",
    "housenumber": 65.09,
    "lat": 52.452967,
    "lon": 13.3158389,
    "parity": "L",
    "proj_lat": 52.4529883271228,
    "proj_lon": 13.315615027799033,
    "marker-color": "#3366ff",
    "marker-symbol": "o"
  },
  {
    "rowid": 185523,
    "id": 36744,
    "source": "OA",
    "source_id": "d1fc9d306ed320da",
    "housenumber": 65.12,
    "lat": 52.453097,
    "lon": 13.3158736,
    "parity": "R",
    "proj_lat": 52.45313417169003,
    "proj_lon": 13.315655810819251,
    "marker-color": "#ff0000",
    "marker-symbol": "o"
  },
  {
    "rowid": 185523,
    "id": 36744,
    "source": "OA",
    "source_id": "d1fc9d306ed320da",
    "housenumber": 65.12,
    "lat": 52.453097,
    "lon": 13.3158736,
    "parity": "R",
    "proj_lat": 52.45313417169003,
    "proj_lon": 13.315655810819251,
    "marker-color": "#ff0000",
    "marker-symbol": "o"
  },
  {
    "rowid": 185524,
    "id": 36744,
    "source": "OA",
    "source_id": "bf4b31dc7cce1c21",
    "housenumber": 65.15,
    "lat": 52.4532081,
    "lon": 13.3159032,
    "parity": "R",
    "proj_lat": 52.45324187540196,
    "proj_lon": 13.315705308695366,
    "marker-color": "#ff0000",
    "marker-symbol": "o"
  },
  {
    "rowid": 185524,
    "id": 36744,
    "source": "OA",
    "source_id": "bf4b31dc7cce1c21",
    "housenumber": 65.15,
    "lat": 52.4532081,
    "lon": 13.3159032,
    "parity": "R",
    "proj_lat": 52.45324187540196,
    "proj_lon": 13.315705308695366,
    "marker-color": "#ff0000",
    "marker-symbol": "o"
  },
  {
    "rowid": 185525,
    "id": 36745,
    "source": "OA",
    "source_id": "5910ed9306cf5b8a",
    "housenumber": 68,
    "lat": 52.4520072,
    "lon": 13.3150308,
    "parity": "R",
    "proj_lat": 52.45199975825915,
    "proj_lon": 13.315420090498632,
    "marker-color": "#ff0000",
    "marker-symbol": "e"
  },
  {
    "rowid": 185525,
    "id": 36745,
    "source": "OA",
    "source_id": "5910ed9306cf5b8a",
    "housenumber": 68,
    "lat": 52.4520072,
    "lon": 13.3150308,
    "parity": "R",
    "proj_lat": 52.45199975825915,
    "proj_lon": 13.315420090498632,
    "marker-color": "#ff0000",
    "marker-symbol": "e"
  },
  {
    "rowid": 185526,
    "id": 36745,
    "source": "OA",
    "source_id": "a3992494d537076d",
    "housenumber": 69,
    "lat": 52.4500337,
    "lon": 13.3150705,
    "parity": "R",
    "proj_lat": 52.45052322304752,
    "proj_lon": 13.31571842130107,
    "marker-color": "#ff0000",
    "marker-symbol": "o"
  },
  {
    "rowid": 185526,
    "id": 36745,
    "source": "OA",
    "source_id": "a3992494d537076d",
    "housenumber": 69,
    "lat": 52.4500337,
    "lon": 13.3150705,
    "parity": "R",
    "proj_lat": 52.45052322304752,
    "proj_lon": 13.31571842130107,
    "marker-color": "#ff0000",
    "marker-symbol": "o"
  },
  {
    "rowid": 185527,
    "id": 36745,
    "source": "OA",
    "source_id": "4a016d711d45c482",
    "housenumber": 70,
    "lat": 52.4498982,
    "lon": 13.3150391,
    "parity": "R",
    "proj_lat": 52.45049,
    "proj_lon": 13.315786,
    "marker-color": "#ff0000",
    "marker-symbol": "e"
  },
  {
    "rowid": 185527,
    "id": 36745,
    "source": "OA",
    "source_id": "4a016d711d45c482",
    "housenumber": 70,
    "lat": 52.4498982,
    "lon": 13.3150391,
    "parity": "R",
    "proj_lat": 52.45049,
    "proj_lon": 13.315786,
    "marker-color": "#ff0000",
    "marker-symbol": "e"
  },
  {
    "rowid": 185528,
    "id": 36745,
    "source": "OA",
    "source_id": "10b511b4137fd6a2",
    "housenumber": 71,
    "lat": 52.4496974,
    "lon": 13.3150896,
    "parity": "R",
    "proj_lat": 52.45049,
    "proj_lon": 13.315786,
    "marker-color": "#ff0000",
    "marker-symbol": "o"
  },
  {
    "rowid": 185528,
    "id": 36745,
    "source": "OA",
    "source_id": "10b511b4137fd6a2",
    "housenumber": 71,
    "lat": 52.4496974,
    "lon": 13.3150896,
    "parity": "R",
    "proj_lat": 52.45049,
    "proj_lon": 13.315786,
    "marker-color": "#ff0000",
    "marker-symbol": "o"
  },
  {
    "rowid": 185529,
    "id": 36745,
    "source": "OA",
    "source_id": "a65feeb89819fd26",
    "housenumber": 72,
    "lat": 52.4491549,
    "lon": 13.3150631,
    "parity": "R",
    "proj_lat": 52.45049,
    "proj_lon": 13.315786,
    "marker-color": "#ff0000",
    "marker-symbol": "e"
  },
  {
    "rowid": 185529,
    "id": 36745,
    "source": "OA",
    "source_id": "a65feeb89819fd26",
    "housenumber": 72,
    "lat": 52.4491549,
    "lon": 13.3150631,
    "parity": "R",
    "proj_lat": 52.45049,
    "proj_lon": 13.315786,
    "marker-color": "#ff0000",
    "marker-symbol": "e"
  },
  {
    "rowid": 185530,
    "id": 36745,
    "source": "OA",
    "source_id": "e44eaec45245a2a5",
    "housenumber": 73,
    "lat": 52.4490377,
    "lon": 13.3150297,
    "parity": "R",
    "proj_lat": 52.45049,
    "proj_lon": 13.315786,
    "marker-color": "#ff0000",
    "marker-symbol": "o"
  },
  {
    "rowid": 185530,
    "id": 36745,
    "source": "OA",
    "source_id": "e44eaec45245a2a5",
    "housenumber": 73,
    "lat": 52.4490377,
    "lon": 13.3150297,
    "parity": "R",
    "proj_lat": 52.45049,
    "proj_lon": 13.315786,
    "marker-color": "#ff0000",
    "marker-symbol": "o"
  },
  {
    "rowid": 185531,
    "id": 36745,
    "source": "OA",
    "source_id": "b522318d7fafbe2c",
    "housenumber": 74,
    "lat": 52.4488799,
    "lon": 13.3150644,
    "parity": "R",
    "proj_lat": 52.45049,
    "proj_lon": 13.315786,
    "marker-color": "#ff0000",
    "marker-symbol": "e"
  },
  {
    "rowid": 185531,
    "id": 36745,
    "source": "OA",
    "source_id": "b522318d7fafbe2c",
    "housenumber": 74,
    "lat": 52.4488799,
    "lon": 13.3150644,
    "parity": "R",
    "proj_lat": 52.45049,
    "proj_lon": 13.315786,
    "marker-color": "#ff0000",
    "marker-symbol": "e"
  },
  {
    "rowid": 185532,
    "id": 36742,
    "source": "OA",
    "source_id": "73dc93c0c3af9485",
    "housenumber": 75,
    "lat": 52.4487093,
    "lon": 13.3150605,
    "parity": "L",
    "proj_lat": 52.447111,
    "proj_lon": 13.315397,
    "marker-color": "#3366ff",
    "marker-symbol": "o"
  },
  {
    "rowid": 185532,
    "id": 36742,
    "source": "OA",
    "source_id": "73dc93c0c3af9485",
    "housenumber": 75,
    "lat": 52.4487093,
    "lon": 13.3150605,
    "parity": "L",
    "proj_lat": 52.447111,
    "proj_lon": 13.315397,
    "marker-color": "#3366ff",
    "marker-symbol": "o"
  },
  {
    "rowid": 185533,
    "id": 36742,
    "source": "OA",
    "source_id": "85234eb7958f914e",
    "housenumber": 75.03,
    "lat": 52.4484655,
    "lon": 13.3150549,
    "parity": "L",
    "proj_lat": 52.447111,
    "proj_lon": 13.315397,
    "marker-color": "#3366ff",
    "marker-symbol": "o"
  },
  {
    "rowid": 185533,
    "id": 36742,
    "source": "OA",
    "source_id": "85234eb7958f914e",
    "housenumber": 75.03,
    "lat": 52.4484655,
    "lon": 13.3150549,
    "parity": "L",
    "proj_lat": 52.447111,
    "proj_lon": 13.315397,
    "marker-color": "#3366ff",
    "marker-symbol": "o"
  },
  {
    "rowid": 185534,
    "id": 36742,
    "source": "OA",
    "source_id": "d7d079ca1bc5538c",
    "housenumber": 76,
    "lat": 52.4483265,
    "lon": 13.3150518,
    "parity": "L",
    "proj_lat": 52.447111,
    "proj_lon": 13.315397,
    "marker-color": "#3366ff",
    "marker-symbol": "e"
  },
  {
    "rowid": 185534,
    "id": 36742,
    "source": "OA",
    "source_id": "d7d079ca1bc5538c",
    "housenumber": 76,
    "lat": 52.4483265,
    "lon": 13.3150518,
    "parity": "L",
    "proj_lat": 52.447111,
    "proj_lon": 13.315397,
    "marker-color": "#3366ff",
    "marker-symbol": "e"
  },
  {
    "rowid": 185535,
    "id": 36742,
    "source": "OA",
    "source_id": "a1a547b661a4bf0e",
    "housenumber": 76.03,
    "lat": 52.4482018,
    "lon": 13.3150489,
    "parity": "L",
    "proj_lat": 52.447111,
    "proj_lon": 13.315397,
    "marker-color": "#3366ff",
    "marker-symbol": "e"
  },
  {
    "rowid": 185535,
    "id": 36742,
    "source": "OA",
    "source_id": "a1a547b661a4bf0e",
    "housenumber": 76.03,
    "lat": 52.4482018,
    "lon": 13.3150489,
    "parity": "L",
    "proj_lat": 52.447111,
    "proj_lon": 13.315397,
    "marker-color": "#3366ff",
    "marker-symbol": "e"
  },
  {
    "rowid": 185536,
    "id": 36742,
    "source": "OA",
    "source_id": "c6735e44c635b6ac",
    "housenumber": 76.09,
    "lat": 52.4477063,
    "lon": 13.3150377,
    "parity": "L",
    "proj_lat": 52.447111,
    "proj_lon": 13.315397,
    "marker-color": "#3366ff",
    "marker-symbol": "e"
  },
  {
    "rowid": 185536,
    "id": 36742,
    "source": "OA",
    "source_id": "c6735e44c635b6ac",
    "housenumber": 76.09,
    "lat": 52.4477063,
    "lon": 13.3150377,
    "parity": "L",
    "proj_lat": 52.447111,
    "proj_lon": 13.315397,
    "marker-color": "#3366ff",
    "marker-symbol": "e"
  },
  {
    "rowid": 185537,
    "id": 36742,
    "source": "OA",
    "source_id": "9cda86a03ee18109",
    "housenumber": 77,
    "lat": 52.4475368,
    "lon": 13.3150356,
    "parity": "L",
    "proj_lat": 52.44710289687207,
    "proj_lon": 13.315368574741699,
    "marker-color": "#3366ff",
    "marker-symbol": "o"
  },
  {
    "rowid": 185537,
    "id": 36742,
    "source": "OA",
    "source_id": "9cda86a03ee18109",
    "housenumber": 77,
    "lat": 52.4475368,
    "lon": 13.3150356,
    "parity": "L",
    "proj_lat": 52.44710289687207,
    "proj_lon": 13.315368574741699,
    "marker-color": "#3366ff",
    "marker-symbol": "o"
  },
  {
    "rowid": 185538,
    "id": 36742,
    "source": "OA",
    "source_id": "16e6231210a3a00e",
    "housenumber": 77.03,
    "lat": 52.4473772,
    "lon": 13.3150333,
    "parity": "L",
    "proj_lat": 52.44707371134002,
    "proj_lon": 13.31526619374831,
    "marker-color": "#3366ff",
    "marker-symbol": "o"
  },
  {
    "rowid": 185538,
    "id": 36742,
    "source": "OA",
    "source_id": "16e6231210a3a00e",
    "housenumber": 77.03,
    "lat": 52.4473772,
    "lon": 13.3150333,
    "parity": "L",
    "proj_lat": 52.44707371134002,
    "proj_lon": 13.31526619374831,
    "marker-color": "#3366ff",
    "marker-symbol": "o"
  },
  {
    "rowid": 185539,
    "id": 36742,
    "source": "OA",
    "source_id": "4c7fc5a796a6e101",
    "housenumber": 78,
    "lat": 52.4472111,
    "lon": 13.3150282,
    "parity": "L",
    "proj_lat": 52.447048,
    "proj_lon": 13.315176,
    "marker-color": "#3366ff",
    "marker-symbol": "e"
  },
  {
    "rowid": 185539,
    "id": 36742,
    "source": "OA",
    "source_id": "4c7fc5a796a6e101",
    "housenumber": 78,
    "lat": 52.4472111,
    "lon": 13.3150282,
    "parity": "L",
    "proj_lat": 52.447048,
    "proj_lon": 13.315176,
    "marker-color": "#3366ff",
    "marker-symbol": "e"
  },
  {
    "rowid": 185540,
    "id": 36742,
    "source": "OA",
    "source_id": "b711b45885831bdd",
    "housenumber": 79,
    "lat": 52.4466974,
    "lon": 13.315003,
    "parity": "R",
    "proj_lat": 52.447048,
    "proj_lon": 13.315176,
    "marker-color": "#ff0000",
    "marker-symbol": "o"
  },
  {
    "rowid": 185540,
    "id": 36742,
    "source": "OA",
    "source_id": "b711b45885831bdd",
    "housenumber": 79,
    "lat": 52.4466974,
    "lon": 13.315003,
    "parity": "R",
    "proj_lat": 52.447048,
    "proj_lon": 13.315176,
    "marker-color": "#ff0000",
    "marker-symbol": "o"
  },
  {
    "rowid": 185541,
    "id": 36742,
    "source": "OA",
    "source_id": "499aec82f3c09ab8",
    "housenumber": 80,
    "lat": 52.4465138,
    "lon": 13.3150234,
    "parity": "R",
    "proj_lat": 52.447048,
    "proj_lon": 13.315176,
    "marker-color": "#ff0000",
    "marker-symbol": "e"
  },
  {
    "rowid": 185541,
    "id": 36742,
    "source": "OA",
    "source_id": "499aec82f3c09ab8",
    "housenumber": 80,
    "lat": 52.4465138,
    "lon": 13.3150234,
    "parity": "R",
    "proj_lat": 52.447048,
    "proj_lon": 13.315176,
    "marker-color": "#ff0000",
    "marker-symbol": "e"
  },
  {
    "rowid": 185542,
    "id": 36742,
    "source": "OA",
    "source_id": "6485c48dbe1421af",
    "housenumber": 81,
    "lat": 52.4454524,
    "lon": 13.3151406,
    "parity": "R",
    "proj_lat": 52.447048,
    "proj_lon": 13.315176,
    "marker-color": "#ff0000",
    "marker-symbol": "o"
  },
  {
    "rowid": 185542,
    "id": 36742,
    "source": "OA",
    "source_id": "6485c48dbe1421af",
    "housenumber": 81,
    "lat": 52.4454524,
    "lon": 13.3151406,
    "parity": "R",
    "proj_lat": 52.447048,
    "proj_lon": 13.315176,
    "marker-color": "#ff0000",
    "marker-symbol": "o"
  },
  {
    "rowid": 185543,
    "id": 36742,
    "source": "OA",
    "source_id": "0f1bfb907dfc59f9",
    "housenumber": 82,
    "lat": 52.4454524,
    "lon": 13.3151406,
    "parity": "R",
    "proj_lat": 52.447048,
    "proj_lon": 13.315176,
    "marker-color": "#ff0000",
    "marker-symbol": "e"
  },
  {
    "rowid": 185543,
    "id": 36742,
    "source": "OA",
    "source_id": "0f1bfb907dfc59f9",
    "housenumber": 82,
    "lat": 52.4454524,
    "lon": 13.3151406,
    "parity": "R",
    "proj_lat": 52.447048,
    "proj_lon": 13.315176,
    "marker-color": "#ff0000",
    "marker-symbol": "e"
  },
  {
    "rowid": 185545,
    "id": 36742,
    "source": "OA",
    "source_id": "bf00e9a51edd9312",
    "housenumber": 83.03,
    "lat": 52.4452447,
    "lon": 13.3151365,
    "parity": "R",
    "proj_lat": 52.447048,
    "proj_lon": 13.315176,
    "marker-color": "#ff0000",
    "marker-symbol": "o"
  },
  {
    "rowid": 185545,
    "id": 36742,
    "source": "OA",
    "source_id": "bf00e9a51edd9312",
    "housenumber": 83.03,
    "lat": 52.4452447,
    "lon": 13.3151365,
    "parity": "R",
    "proj_lat": 52.447048,
    "proj_lon": 13.315176,
    "marker-color": "#ff0000",
    "marker-symbol": "o"
  },
  {
    "rowid": 185546,
    "id": 36742,
    "source": "OA",
    "source_id": "58f4ea2f49bdf419",
    "housenumber": 83.06,
    "lat": 52.4451,
    "lon": 13.3151514,
    "parity": "R",
    "proj_lat": 52.447048,
    "proj_lon": 13.315176,
    "marker-color": "#ff0000",
    "marker-symbol": "o"
  },
  {
    "rowid": 185546,
    "id": 36742,
    "source": "OA",
    "source_id": "58f4ea2f49bdf419",
    "housenumber": 83.06,
    "lat": 52.4451,
    "lon": 13.3151514,
    "parity": "R",
    "proj_lat": 52.447048,
    "proj_lon": 13.315176,
    "marker-color": "#ff0000",
    "marker-symbol": "o"
  }
]
