[
  {
    "rowid": 354051,
    "id": 32305,
    "source": "OA",
    "source_id": "77f13956903bf025",
    "housenumber": 1,
    "lat": 52.4523564,
    "lon": 13.3148157,
    "parity": "L",
    "proj_lat": 52.452347764617926,
    "proj_lon": 13.314791784399237,
    "marker-color": "#3366ff",
    "marker-symbol": "o"
  },
  {
    "rowid": 354051,
    "id": 32305,
    "source": "OA",
    "source_id": "77f13956903bf025",
    "housenumber": 1,
    "lat": 52.4523564,
    "lon": 13.3148157,
    "parity": "L",
    "proj_lat": 52.452347764617926,
    "proj_lon": 13.314791784399237,
    "marker-color": "#3366ff",
    "marker-symbol": "o"
  },
  {
    "rowid": 318502,
    "id": 32305,
    "source": "OA",
    "source_id": "890a29e9f6b88e62",
    "housenumber": 2,
    "lat": 52.4523026,
    "lon": 13.3145131,
    "parity": "R",
    "proj_lat": 52.45235421308134,
    "proj_lon": 13.314465784191194,
    "marker-color": "#ff0000",
    "marker-symbol": "e"
  },
  {
    "rowid": 318502,
    "id": 32305,
    "source": "OA",
    "source_id": "890a29e9f6b88e62",
    "housenumber": 2,
    "lat": 52.4523026,
    "lon": 13.3145131,
    "parity": "R",
    "proj_lat": 52.45235421308134,
    "proj_lon": 13.314465784191194,
    "marker-color": "#ff0000",
    "marker-symbol": "e"
  },
  {
    "rowid": 318503,
    "id": 32305,
    "source": "OA",
    "source_id": "c92245b71c124f4d",
    "housenumber": 2.03,
    "lat": 52.4522019,
    "lon": 13.3142362,
    "parity": "R",
    "proj_lat": 52.452258408344136,
    "proj_lon": 13.314184396741783,
    "marker-color": "#ff0000",
    "marker-symbol": "e"
  },
  {
    "rowid": 318503,
    "id": 32305,
    "source": "OA",
    "source_id": "c92245b71c124f4d",
    "housenumber": 2.03,
    "lat": 52.4522019,
    "lon": 13.3142362,
    "parity": "R",
    "proj_lat": 52.452258408344136,
    "proj_lon": 13.314184396741783,
    "marker-color": "#ff0000",
    "marker-symbol": "e"
  },
  {
    "rowid": 318504,
    "id": 32305,
    "source": "OA",
    "source_id": "97d8bebce65adb62",
    "housenumber": 3,
    "lat": 52.4520884,
    "lon": 13.3139279,
    "parity": "R",
    "proj_lat": 52.45215141106645,
    "proj_lon": 13.313870135757014,
    "marker-color": "#ff0000",
    "marker-symbol": "o"
  },
  {
    "rowid": 318504,
    "id": 32305,
    "source": "OA",
    "source_id": "97d8bebce65adb62",
    "housenumber": 3,
    "lat": 52.4520884,
    "lon": 13.3139279,
    "parity": "R",
    "proj_lat": 52.45215141106645,
    "proj_lon": 13.313870135757014,
    "marker-color": "#ff0000",
    "marker-symbol": "o"
  },
  {
    "rowid": 318505,
    "id": 32305,
    "source": "OA",
    "source_id": "fb108d46e9d3f014",
    "housenumber": 4,
    "lat": 52.4519882,
    "lon": 13.3136585,
    "parity": "R",
    "proj_lat": 52.45205767141068,
    "proj_lon": 13.313594813644377,
    "marker-color": "#ff0000",
    "marker-symbol": "e"
  },
  {
    "rowid": 318505,
    "id": 32305,
    "source": "OA",
    "source_id": "fb108d46e9d3f014",
    "housenumber": 4,
    "lat": 52.4519882,
    "lon": 13.3136585,
    "parity": "R",
    "proj_lat": 52.45205767141068,
    "proj_lon": 13.313594813644377,
    "marker-color": "#ff0000",
    "marker-symbol": "e"
  },
  {
    "rowid": 318506,
    "id": 32302,
    "source": "OA",
    "source_id": "6b5f2bdfad986bab",
    "housenumber": 4.03,
    "lat": 52.4518259,
    "lon": 13.3132329,
    "parity": "R",
    "proj_lat": 52.45191303238986,
    "proj_lon": 13.313157252348308,
    "marker-color": "#ff0000",
    "marker-symbol": "e"
  },
  {
    "rowid": 318506,
    "id": 32302,
    "source": "OA",
    "source_id": "6b5f2bdfad986bab",
    "housenumber": 4.03,
    "lat": 52.4518259,
    "lon": 13.3132329,
    "parity": "R",
    "proj_lat": 52.45191303238986,
    "proj_lon": 13.313157252348308,
    "marker-color": "#ff0000",
    "marker-symbol": "e"
  },
  {
    "rowid": 318507,
    "id": 32301,
    "source": "OA",
    "source_id": "2719924e94c60b12",
    "housenumber": 4.06,
    "lat": 52.4519847,
    "lon": 13.31278,
    "parity": "R",
    "proj_lat": 52.45202304769352,
    "proj_lon": 13.312899608401318,
    "marker-color": "#ff0000",
    "marker-symbol": "e"
  },
  {
    "rowid": 318507,
    "id": 32301,
    "source": "OA",
    "source_id": "2719924e94c60b12",
    "housenumber": 4.06,
    "lat": 52.4519847,
    "lon": 13.31278,
    "parity": "R",
    "proj_lat": 52.45202304769352,
    "proj_lon": 13.312899608401318,
    "marker-color": "#ff0000",
    "marker-symbol": "e"
  },
  {
    "rowid": 318508,
    "id": 32302,
    "source": "OA",
    "source_id": "7de1a4e7250e9eb0",
    "housenumber": 5,
    "lat": 52.451753,
    "lon": 13.3129765,
    "parity": "R",
    "proj_lat": 52.45184066459658,
    "proj_lon": 13.312913184273459,
    "marker-color": "#ff0000",
    "marker-symbol": "o"
  },
  {
    "rowid": 318508,
    "id": 32302,
    "source": "OA",
    "source_id": "7de1a4e7250e9eb0",
    "housenumber": 5,
    "lat": 52.451753,
    "lon": 13.3129765,
    "parity": "R",
    "proj_lat": 52.45184066459658,
    "proj_lon": 13.312913184273459,
    "marker-color": "#ff0000",
    "marker-symbol": "o"
  },
  {
    "rowid": 318509,
    "id": 32302,
    "source": "OA",
    "source_id": "d89554b58517aab0",
    "housenumber": 6,
    "lat": 52.4516817,
    "lon": 13.3127459,
    "parity": "R",
    "proj_lat": 52.451777274545506,
    "proj_lon": 13.31267687153891,
    "marker-color": "#ff0000",
    "marker-symbol": "e"
  },
  {
    "rowid": 318509,
    "id": 32302,
    "source": "OA",
    "source_id": "d89554b58517aab0",
    "housenumber": 6,
    "lat": 52.4516817,
    "lon": 13.3127459,
    "parity": "R",
    "proj_lat": 52.451777274545506,
    "proj_lon": 13.31267687153891,
    "marker-color": "#ff0000",
    "marker-symbol": "e"
  },
  {
    "rowid": 318510,
    "id": 32302,
    "source": "OA",
    "source_id": "63fbb55afc5d094e",
    "housenumber": 7,
    "lat": 52.4516084,
    "lon": 13.312447,
    "parity": "R",
    "proj_lat": 52.45169821214916,
    "proj_lon": 13.312382133630253,
    "marker-color": "#ff0000",
    "marker-symbol": "o"
  },
  {
    "rowid": 318510,
    "id": 32302,
    "source": "OA",
    "source_id": "63fbb55afc5d094e",
    "housenumber": 7,
    "lat": 52.4516084,
    "lon": 13.312447,
    "parity": "R",
    "proj_lat": 52.45169821214916,
    "proj_lon": 13.312382133630253,
    "marker-color": "#ff0000",
    "marker-symbol": "o"
  },
  {
    "rowid": 318511,
    "id": 32302,
    "source": "OA",
    "source_id": "a308795998d19791",
    "housenumber": 8,
    "lat": 52.4515415,
    "lon": 13.3121614,
    "parity": "R",
    "proj_lat": 52.45162317709486,
    "proj_lon": 13.312102409311226,
    "marker-color": "#ff0000",
    "marker-symbol": "e"
  },
  {
    "rowid": 318511,
    "id": 32302,
    "source": "OA",
    "source_id": "a308795998d19791",
    "housenumber": 8,
    "lat": 52.4515415,
    "lon": 13.3121614,
    "parity": "R",
    "proj_lat": 52.45162317709486,
    "proj_lon": 13.312102409311226,
    "marker-color": "#ff0000",
    "marker-symbol": "e"
  },
  {
    "rowid": 318512,
    "id": 32304,
    "source": "OA",
    "source_id": "b2960308056e9faf",
    "housenumber": 9,
    "lat": 52.4514358,
    "lon": 13.3119443,
    "parity": "L",
    "proj_lat": 52.451299361262265,
    "proj_lon": 13.312027789553946,
    "marker-color": "#3366ff",
    "marker-symbol": "o"
  },
  {
    "rowid": 318512,
    "id": 32304,
    "source": "OA",
    "source_id": "b2960308056e9faf",
    "housenumber": 9,
    "lat": 52.4514358,
    "lon": 13.3119443,
    "parity": "L",
    "proj_lat": 52.451299361262265,
    "proj_lon": 13.312027789553946,
    "marker-color": "#3366ff",
    "marker-symbol": "o"
  },
  {
    "rowid": 318513,
    "id": 32304,
    "source": "OA",
    "source_id": "14d2ead578eb0101",
    "housenumber": 10,
    "lat": 52.4513924,
    "lon": 13.3117847,
    "parity": "L",
    "proj_lat": 52.45126210641094,
    "proj_lon": 13.311887317265276,
    "marker-color": "#3366ff",
    "marker-symbol": "e"
  },
  {
    "rowid": 318513,
    "id": 32304,
    "source": "OA",
    "source_id": "14d2ead578eb0101",
    "housenumber": 10,
    "lat": 52.4513924,
    "lon": 13.3117847,
    "parity": "L",
    "proj_lat": 52.45126210641094,
    "proj_lon": 13.311887317265276,
    "marker-color": "#3366ff",
    "marker-symbol": "e"
  },
  {
    "rowid": 318514,
    "id": 32304,
    "source": "OA",
    "source_id": "ce4d8b76cd20471d",
    "housenumber": 10.03,
    "lat": 52.4513427,
    "lon": 13.3115955,
    "parity": "L",
    "proj_lat": 52.45120781898369,
    "proj_lon": 13.31170173001401,
    "marker-color": "#3366ff",
    "marker-symbol": "e"
  },
  {
    "rowid": 318514,
    "id": 32304,
    "source": "OA",
    "source_id": "ce4d8b76cd20471d",
    "housenumber": 10.03,
    "lat": 52.4513427,
    "lon": 13.3115955,
    "parity": "L",
    "proj_lat": 52.45120781898369,
    "proj_lon": 13.31170173001401,
    "marker-color": "#3366ff",
    "marker-symbol": "e"
  },
  {
    "rowid": 318515,
    "id": 32304,
    "source": "OA",
    "source_id": "771ad0b92fd7acd9",
    "housenumber": 11,
    "lat": 52.4509856,
    "lon": 13.3116233,
    "parity": "R",
    "proj_lat": 52.45114477683506,
    "proj_lon": 13.311488995743318,
    "marker-color": "#ff0000",
    "marker-symbol": "o"
  },
  {
    "rowid": 318515,
    "id": 32304,
    "source": "OA",
    "source_id": "771ad0b92fd7acd9",
    "housenumber": 11,
    "lat": 52.4509856,
    "lon": 13.3116233,
    "parity": "R",
    "proj_lat": 52.45114477683506,
    "proj_lon": 13.311488995743318,
    "marker-color": "#ff0000",
    "marker-symbol": "o"
  },
  {
    "rowid": 318516,
    "id": 32304,
    "source": "OA",
    "source_id": "2874c30fe0722f87",
    "housenumber": 12,
    "lat": 52.4510599,
    "lon": 13.3118642,
    "parity": "R",
    "proj_lat": 52.45121874885598,
    "proj_lon": 13.311739094926255,
    "marker-color": "#ff0000",
    "marker-symbol": "e"
  },
  {
    "rowid": 318516,
    "id": 32304,
    "source": "OA",
    "source_id": "2874c30fe0722f87",
    "housenumber": 12,
    "lat": 52.4510599,
    "lon": 13.3118642,
    "parity": "R",
    "proj_lat": 52.45121874885598,
    "proj_lon": 13.311739094926255,
    "marker-color": "#ff0000",
    "marker-symbol": "e"
  },
  {
    "rowid": 318517,
    "id": 32304,
    "source": "OA",
    "source_id": "b435d494cae71130",
    "housenumber": 13,
    "lat": 52.451133,
    "lon": 13.3121325,
    "parity": "R",
    "proj_lat": 52.451299942299904,
    "proj_lon": 13.312030346119563,
    "marker-color": "#ff0000",
    "marker-symbol": "o"
  },
  {
    "rowid": 318517,
    "id": 32304,
    "source": "OA",
    "source_id": "b435d494cae71130",
    "housenumber": 13,
    "lat": 52.451133,
    "lon": 13.3121325,
    "parity": "R",
    "proj_lat": 52.451299942299904,
    "proj_lon": 13.312030346119563,
    "marker-color": "#ff0000",
    "marker-symbol": "o"
  },
  {
    "rowid": 318518,
    "id": 32304,
    "source": "OA",
    "source_id": "58b0034e02cacaa6",
    "housenumber": 14,
    "lat": 52.4512034,
    "lon": 13.3124248,
    "parity": "R",
    "proj_lat": 52.45136685853519,
    "proj_lon": 13.31232477755481,
    "marker-color": "#ff0000",
    "marker-symbol": "e"
  },
  {
    "rowid": 318518,
    "id": 32304,
    "source": "OA",
    "source_id": "58b0034e02cacaa6",
    "housenumber": 14,
    "lat": 52.4512034,
    "lon": 13.3124248,
    "parity": "R",
    "proj_lat": 52.45136685853519,
    "proj_lon": 13.31232477755481,
    "marker-color": "#ff0000",
    "marker-symbol": "e"
  }
]
