[
  {
    "rowid": 353896,
    "id": 7191,
    "source": "OA",
    "source_id": "baa69abd8ddac4e6",
    "housenumber": 1,
    "lat": 52.4627104,
    "lon": 13.3808242,
    "parity": "R",
    "proj_lat": 52.4626275417699,
    "proj_lon": 13.380801075090579,
    "marker-color": "#ff0000",
    "marker-symbol": "o"
  },
  {
    "rowid": 353896,
    "id": 7191,
    "source": "OA",
    "source_id": "baa69abd8ddac4e6",
    "housenumber": 1,
    "lat": 52.4627104,
    "lon": 13.3808242,
    "parity": "R",
    "proj_lat": 52.4626275417699,
    "proj_lon": 13.380801075090579,
    "marker-color": "#ff0000",
    "marker-symbol": "o"
  },
  {
    "rowid": 314566,
    "id": 7191,
    "source": "OA",
    "source_id": "b9406d175e09f191",
    "housenumber": 3,
    "lat": 52.4627889,
    "lon": 13.380487,
    "parity": "R",
    "proj_lat": 52.462658382013636,
    "proj_lon": 13.380455808004195,
    "marker-color": "#ff0000",
    "marker-symbol": "o"
  },
  {
    "rowid": 314566,
    "id": 7191,
    "source": "OA",
    "source_id": "b9406d175e09f191",
    "housenumber": 3,
    "lat": 52.4627889,
    "lon": 13.380487,
    "parity": "R",
    "proj_lat": 52.462658382013636,
    "proj_lon": 13.380455808004195,
    "marker-color": "#ff0000",
    "marker-symbol": "o"
  },
  {
    "rowid": 314567,
    "id": 7191,
    "source": "OA",
    "source_id": "75165bc2b963b54e",
    "housenumber": 5,
    "lat": 52.4628022,
    "lon": 13.3798553,
    "parity": "R",
    "proj_lat": 52.462713536488614,
    "proj_lon": 13.379834110632746,
    "marker-color": "#ff0000",
    "marker-symbol": "o"
  },
  {
    "rowid": 314567,
    "id": 7191,
    "source": "OA",
    "source_id": "75165bc2b963b54e",
    "housenumber": 5,
    "lat": 52.4628022,
    "lon": 13.3798553,
    "parity": "R",
    "proj_lat": 52.462713536488614,
    "proj_lon": 13.379834110632746,
    "marker-color": "#ff0000",
    "marker-symbol": "o"
  },
  {
    "rowid": 314568,
    "id": 7191,
    "source": "OA",
    "source_id": "24cb3e0d6dd29ddb",
    "housenumber": 6,
    "lat": 52.4628531,
    "lon": 13.3792851,
    "parity": "R",
    "proj_lat": 52.462764147970574,
    "proj_lon": 13.37926382359879,
    "marker-color": "#ff0000",
    "marker-symbol": "e"
  },
  {
    "rowid": 314568,
    "id": 7191,
    "source": "OA",
    "source_id": "24cb3e0d6dd29ddb",
    "housenumber": 6,
    "lat": 52.4628531,
    "lon": 13.3792851,
    "parity": "R",
    "proj_lat": 52.462764147970574,
    "proj_lon": 13.37926382359879,
    "marker-color": "#ff0000",
    "marker-symbol": "e"
  },
  {
    "rowid": 314569,
    "id": 7191,
    "source": "OA",
    "source_id": "f4ccb2dfb8f5623d",
    "housenumber": 12,
    "lat": 52.4630666,
    "lon": 13.3776723,
    "parity": "R",
    "proj_lat": 52.46290881239016,
    "proj_lon": 13.377634558477103,
    "marker-color": "#ff0000",
    "marker-symbol": "e"
  },
  {
    "rowid": 314569,
    "id": 7191,
    "source": "OA",
    "source_id": "f4ccb2dfb8f5623d",
    "housenumber": 12,
    "lat": 52.4630666,
    "lon": 13.3776723,
    "parity": "R",
    "proj_lat": 52.46290881239016,
    "proj_lon": 13.377634558477103,
    "marker-color": "#ff0000",
    "marker-symbol": "e"
  },
  {
    "rowid": 314570,
    "id": 7191,
    "source": "OA",
    "source_id": "9fc659d4b85cba21",
    "housenumber": 17,
    "lat": 52.463327,
    "lon": 13.3759375,
    "parity": "R",
    "proj_lat": 52.46306863053026,
    "proj_lon": 13.375874969692964,
    "marker-color": "#ff0000",
    "marker-symbol": "o"
  },
  {
    "rowid": 314570,
    "id": 7191,
    "source": "OA",
    "source_id": "9fc659d4b85cba21",
    "housenumber": 17,
    "lat": 52.463327,
    "lon": 13.3759375,
    "parity": "R",
    "proj_lat": 52.46306863053026,
    "proj_lon": 13.375874969692964,
    "marker-color": "#ff0000",
    "marker-symbol": "o"
  },
  {
    "rowid": 314571,
    "id": 7191,
    "source": "OA",
    "source_id": "32364d50a2771656",
    "housenumber": 18,
    "lat": 52.4633536,
    "lon": 13.3756929,
    "parity": "R",
    "proj_lat": 52.46309070372236,
    "proj_lon": 13.375629274042794,
    "marker-color": "#ff0000",
    "marker-symbol": "e"
  },
  {
    "rowid": 314571,
    "id": 7191,
    "source": "OA",
    "source_id": "32364d50a2771656",
    "housenumber": 18,
    "lat": 52.4633536,
    "lon": 13.3756929,
    "parity": "R",
    "proj_lat": 52.46309070372236,
    "proj_lon": 13.375629274042794,
    "marker-color": "#ff0000",
    "marker-symbol": "e"
  },
  {
    "rowid": 314572,
    "id": 7191,
    "source": "OA",
    "source_id": "58285b4148378c44",
    "housenumber": 19,
    "lat": 52.463325,
    "lon": 13.3747517,
    "parity": "R",
    "proj_lat": 52.463129,
    "proj_lon": 13.375203,
    "marker-color": "#ff0000",
    "marker-symbol": "o"
  },
  {
    "rowid": 314572,
    "id": 7191,
    "source": "OA",
    "source_id": "58285b4148378c44",
    "housenumber": 19,
    "lat": 52.463325,
    "lon": 13.3747517,
    "parity": "R",
    "proj_lat": 52.463129,
    "proj_lon": 13.375203,
    "marker-color": "#ff0000",
    "marker-symbol": "o"
  },
  {
    "rowid": 314573,
    "id": 7192,
    "source": "OA",
    "source_id": "b81352a2eed5f553",
    "housenumber": 20,
    "lat": 52.4633283,
    "lon": 13.3745968,
    "parity": "L",
    "proj_lat": 52.46291546087174,
    "proj_lon": 13.374556346198188,
    "marker-color": "#3366ff",
    "marker-symbol": "e"
  },
  {
    "rowid": 314573,
    "id": 7192,
    "source": "OA",
    "source_id": "b81352a2eed5f553",
    "housenumber": 20,
    "lat": 52.4633283,
    "lon": 13.3745968,
    "parity": "L",
    "proj_lat": 52.46291546087174,
    "proj_lon": 13.374556346198188,
    "marker-color": "#3366ff",
    "marker-symbol": "e"
  },
  {
    "rowid": 314574,
    "id": 7192,
    "source": "OA",
    "source_id": "50f2bea6827d936d",
    "housenumber": 21,
    "lat": 52.4633882,
    "lon": 13.3736349,
    "parity": "L",
    "proj_lat": 52.4629505379631,
    "proj_lon": 13.373592013702966,
    "marker-color": "#3366ff",
    "marker-symbol": "o"
  },
  {
    "rowid": 314574,
    "id": 7192,
    "source": "OA",
    "source_id": "50f2bea6827d936d",
    "housenumber": 21,
    "lat": 52.4633882,
    "lon": 13.3736349,
    "parity": "L",
    "proj_lat": 52.4629505379631,
    "proj_lon": 13.373592013702966,
    "marker-color": "#3366ff",
    "marker-symbol": "o"
  },
  {
    "rowid": 314575,
    "id": 7192,
    "source": "OA",
    "source_id": "c43408bb381e8cb4",
    "housenumber": 22,
    "lat": 52.4633894,
    "lon": 13.3707139,
    "parity": "L",
    "proj_lat": 52.46315651824334,
    "proj_lon": 13.370702088690196,
    "marker-color": "#3366ff",
    "marker-symbol": "e"
  },
  {
    "rowid": 314575,
    "id": 7192,
    "source": "OA",
    "source_id": "c43408bb381e8cb4",
    "housenumber": 22,
    "lat": 52.4633894,
    "lon": 13.3707139,
    "parity": "L",
    "proj_lat": 52.46315651824334,
    "proj_lon": 13.370702088690196,
    "marker-color": "#3366ff",
    "marker-symbol": "e"
  },
  {
    "rowid": 314576,
    "id": 7192,
    "source": "OA",
    "source_id": "435ff3d479d97f4b",
    "housenumber": 23,
    "lat": 52.4633949,
    "lon": 13.3704897,
    "parity": "L",
    "proj_lat": 52.46316074046278,
    "proj_lon": 13.370477823880682,
    "marker-color": "#3366ff",
    "marker-symbol": "o"
  },
  {
    "rowid": 314576,
    "id": 7192,
    "source": "OA",
    "source_id": "435ff3d479d97f4b",
    "housenumber": 23,
    "lat": 52.4633949,
    "lon": 13.3704897,
    "parity": "L",
    "proj_lat": 52.46316074046278,
    "proj_lon": 13.370477823880682,
    "marker-color": "#3366ff",
    "marker-symbol": "o"
  },
  {
    "rowid": 314577,
    "id": 7192,
    "source": "OA",
    "source_id": "a16a20bb4ef8e4d4",
    "housenumber": 24,
    "lat": 52.463018,
    "lon": 13.3704993,
    "parity": "R",
    "proj_lat": 52.46316020035329,
    "proj_lon": 13.37050651200369,
    "marker-color": "#ff0000",
    "marker-symbol": "e"
  },
  {
    "rowid": 314577,
    "id": 7192,
    "source": "OA",
    "source_id": "a16a20bb4ef8e4d4",
    "housenumber": 24,
    "lat": 52.463018,
    "lon": 13.3704993,
    "parity": "R",
    "proj_lat": 52.46316020035329,
    "proj_lon": 13.37050651200369,
    "marker-color": "#ff0000",
    "marker-symbol": "e"
  },
  {
    "rowid": 314578,
    "id": 7192,
    "source": "OA",
    "source_id": "f482bb4905da2234",
    "housenumber": 25,
    "lat": 52.4630159,
    "lon": 13.3706804,
    "parity": "R",
    "proj_lat": 52.46315679204426,
    "proj_lon": 13.370687545649236,
    "marker-color": "#ff0000",
    "marker-symbol": "o"
  },
  {
    "rowid": 314578,
    "id": 7192,
    "source": "OA",
    "source_id": "f482bb4905da2234",
    "housenumber": 25,
    "lat": 52.4630159,
    "lon": 13.3706804,
    "parity": "R",
    "proj_lat": 52.46315679204426,
    "proj_lon": 13.370687545649236,
    "marker-color": "#ff0000",
    "marker-symbol": "o"
  },
  {
    "rowid": 314579,
    "id": 7192,
    "source": "OA",
    "source_id": "2548be1d62cef9c9",
    "housenumber": 26,
    "lat": 52.4630138,
    "lon": 13.3708615,
    "parity": "R",
    "proj_lat": 52.46315338373522,
    "proj_lon": 13.370868579294797,
    "marker-color": "#ff0000",
    "marker-symbol": "e"
  },
  {
    "rowid": 314579,
    "id": 7192,
    "source": "OA",
    "source_id": "2548be1d62cef9c9",
    "housenumber": 26,
    "lat": 52.4630138,
    "lon": 13.3708615,
    "parity": "R",
    "proj_lat": 52.46315338373522,
    "proj_lon": 13.370868579294797,
    "marker-color": "#ff0000",
    "marker-symbol": "e"
  },
  {
    "rowid": 314580,
    "id": 7192,
    "source": "OA",
    "source_id": "ff399c2114716bdc",
    "housenumber": 27,
    "lat": 52.4630109,
    "lon": 13.3711102,
    "parity": "R",
    "proj_lat": 52.46314870317617,
    "proj_lon": 13.371117188988924,
    "marker-color": "#ff0000",
    "marker-symbol": "o"
  },
  {
    "rowid": 314580,
    "id": 7192,
    "source": "OA",
    "source_id": "ff399c2114716bdc",
    "housenumber": 27,
    "lat": 52.4630109,
    "lon": 13.3711102,
    "parity": "R",
    "proj_lat": 52.46314870317617,
    "proj_lon": 13.371117188988924,
    "marker-color": "#ff0000",
    "marker-symbol": "o"
  },
  {
    "rowid": 314581,
    "id": 7192,
    "source": "OA",
    "source_id": "02d0bebd0b30cbd0",
    "housenumber": 28,
    "lat": 52.4628728,
    "lon": 13.3717858,
    "parity": "R",
    "proj_lat": 52.463011805990874,
    "proj_lon": 13.371798422270892,
    "marker-color": "#ff0000",
    "marker-symbol": "e"
  },
  {
    "rowid": 314581,
    "id": 7192,
    "source": "OA",
    "source_id": "02d0bebd0b30cbd0",
    "housenumber": 28,
    "lat": 52.4628728,
    "lon": 13.3717858,
    "parity": "R",
    "proj_lat": 52.463011805990874,
    "proj_lon": 13.371798422270892,
    "marker-color": "#ff0000",
    "marker-symbol": "e"
  },
  {
    "rowid": 314582,
    "id": 7192,
    "source": "OA",
    "source_id": "65ea3d1379f2904e",
    "housenumber": 28.03,
    "lat": 52.4628659,
    "lon": 13.3719887,
    "parity": "R",
    "proj_lat": 52.463004966480014,
    "proj_lon": 13.372001327759577,
    "marker-color": "#ff0000",
    "marker-symbol": "e"
  },
  {
    "rowid": 314582,
    "id": 7192,
    "source": "OA",
    "source_id": "65ea3d1379f2904e",
    "housenumber": 28.03,
    "lat": 52.4628659,
    "lon": 13.3719887,
    "parity": "R",
    "proj_lat": 52.463004966480014,
    "proj_lon": 13.372001327759577,
    "marker-color": "#ff0000",
    "marker-symbol": "e"
  },
  {
    "rowid": 314583,
    "id": 7192,
    "source": "OA",
    "source_id": "05e0af5a0ccbe2fa",
    "housenumber": 28.06,
    "lat": 52.4628586,
    "lon": 13.3722007,
    "parity": "R",
    "proj_lat": 52.46299781994302,
    "proj_lon": 13.372213341690404,
    "marker-color": "#ff0000",
    "marker-symbol": "e"
  },
  {
    "rowid": 314583,
    "id": 7192,
    "source": "OA",
    "source_id": "05e0af5a0ccbe2fa",
    "housenumber": 28.06,
    "lat": 52.4628586,
    "lon": 13.3722007,
    "parity": "R",
    "proj_lat": 52.46299781994302,
    "proj_lon": 13.372213341690404,
    "marker-color": "#ff0000",
    "marker-symbol": "e"
  },
  {
    "rowid": 314584,
    "id": 7192,
    "source": "OA",
    "source_id": "ee99bb309800fec9",
    "housenumber": 29,
    "lat": 52.4628516,
    "lon": 13.3724031,
    "parity": "R",
    "proj_lat": 52.46299099692953,
    "proj_lon": 13.372415757757413,
    "marker-color": "#ff0000",
    "marker-symbol": "o"
  },
  {
    "rowid": 314584,
    "id": 7192,
    "source": "OA",
    "source_id": "ee99bb309800fec9",
    "housenumber": 29,
    "lat": 52.4628516,
    "lon": 13.3724031,
    "parity": "R",
    "proj_lat": 52.46299099692953,
    "proj_lon": 13.372415757757413,
    "marker-color": "#ff0000",
    "marker-symbol": "o"
  },
  {
    "rowid": 314585,
    "id": 7192,
    "source": "OA",
    "source_id": "4d2cc9f6af54ad3f",
    "housenumber": 30,
    "lat": 52.4628209,
    "lon": 13.3732615,
    "parity": "R",
    "proj_lat": 52.46296205711073,
    "proj_lon": 13.373275331562372,
    "marker-color": "#ff0000",
    "marker-symbol": "e"
  },
  {
    "rowid": 314585,
    "id": 7192,
    "source": "OA",
    "source_id": "4d2cc9f6af54ad3f",
    "housenumber": 30,
    "lat": 52.4628209,
    "lon": 13.3732615,
    "parity": "R",
    "proj_lat": 52.46296205711073,
    "proj_lon": 13.373275331562372,
    "marker-color": "#ff0000",
    "marker-symbol": "e"
  },
  {
    "rowid": 314586,
    "id": 7192,
    "source": "OA",
    "source_id": "980df46329c7caee",
    "housenumber": 30.03,
    "lat": 52.462813,
    "lon": 13.3734852,
    "parity": "R",
    "proj_lat": 52.46295392098175,
    "proj_lon": 13.373499008419843,
    "marker-color": "#ff0000",
    "marker-symbol": "e"
  },
  {
    "rowid": 314586,
    "id": 7192,
    "source": "OA",
    "source_id": "980df46329c7caee",
    "housenumber": 30.03,
    "lat": 52.462813,
    "lon": 13.3734852,
    "parity": "R",
    "proj_lat": 52.46295392098175,
    "proj_lon": 13.373499008419843,
    "marker-color": "#ff0000",
    "marker-symbol": "e"
  },
  {
    "rowid": 314587,
    "id": 7192,
    "source": "OA",
    "source_id": "2ca575f38d13e20c",
    "housenumber": 30.06,
    "lat": 52.4628053,
    "lon": 13.3737046,
    "parity": "R",
    "proj_lat": 52.46294594141783,
    "proj_lon": 13.373718381021401,
    "marker-color": "#ff0000",
    "marker-symbol": "e"
  },
  {
    "rowid": 314587,
    "id": 7192,
    "source": "OA",
    "source_id": "2ca575f38d13e20c",
    "housenumber": 30.06,
    "lat": 52.4628053,
    "lon": 13.3737046,
    "parity": "R",
    "proj_lat": 52.46294594141783,
    "proj_lon": 13.373718381021401,
    "marker-color": "#ff0000",
    "marker-symbol": "e"
  },
  {
    "rowid": 314588,
    "id": 7192,
    "source": "OA",
    "source_id": "0b2e89b80e7949fb",
    "housenumber": 31,
    "lat": 52.4627975,
    "lon": 13.3739236,
    "parity": "R",
    "proj_lat": 52.462937975996866,
    "proj_lon": 13.37393736480743,
    "marker-color": "#ff0000",
    "marker-symbol": "o"
  },
  {
    "rowid": 314588,
    "id": 7192,
    "source": "OA",
    "source_id": "0b2e89b80e7949fb",
    "housenumber": 31,
    "lat": 52.4627975,
    "lon": 13.3739236,
    "parity": "R",
    "proj_lat": 52.462937975996866,
    "proj_lon": 13.37393736480743,
    "marker-color": "#ff0000",
    "marker-symbol": "o"
  },
  {
    "rowid": 314589,
    "id": 7192,
    "source": "OA",
    "source_id": "6e7905956defdedd",
    "housenumber": 31.03,
    "lat": 52.4627897,
    "lon": 13.3741434,
    "parity": "R",
    "proj_lat": 52.46292998157968,
    "proj_lon": 13.374157145752221,
    "marker-color": "#ff0000",
    "marker-symbol": "o"
  },
  {
    "rowid": 314589,
    "id": 7192,
    "source": "OA",
    "source_id": "6e7905956defdedd",
    "housenumber": 31.03,
    "lat": 52.4627897,
    "lon": 13.3741434,
    "parity": "R",
    "proj_lat": 52.46292998157968,
    "proj_lon": 13.374157145752221,
    "marker-color": "#ff0000",
    "marker-symbol": "o"
  },
  {
    "rowid": 314590,
    "id": 7192,
    "source": "OA",
    "source_id": "123b3857f0938de0",
    "housenumber": 31.06,
    "lat": 52.4627817,
    "lon": 13.3743695,
    "parity": "R",
    "proj_lat": 52.46292175810684,
    "proj_lon": 13.374383223849833,
    "marker-color": "#ff0000",
    "marker-symbol": "o"
  },
  {
    "rowid": 314590,
    "id": 7192,
    "source": "OA",
    "source_id": "123b3857f0938de0",
    "housenumber": 31.06,
    "lat": 52.4627817,
    "lon": 13.3743695,
    "parity": "R",
    "proj_lat": 52.46292175810684,
    "proj_lon": 13.374383223849833,
    "marker-color": "#ff0000",
    "marker-symbol": "o"
  },
  {
    "rowid": 314591,
    "id": 7191,
    "source": "OA",
    "source_id": "316ecb75cf3953a1",
    "housenumber": 32,
    "lat": 52.4629238,
    "lon": 13.3757292,
    "parity": "L",
    "proj_lat": 52.463078365773804,
    "proj_lon": 13.375766607160623,
    "marker-color": "#3366ff",
    "marker-symbol": "e"
  },
  {
    "rowid": 314591,
    "id": 7191,
    "source": "OA",
    "source_id": "316ecb75cf3953a1",
    "housenumber": 32,
    "lat": 52.4629238,
    "lon": 13.3757292,
    "parity": "L",
    "proj_lat": 52.463078365773804,
    "proj_lon": 13.375766607160623,
    "marker-color": "#3366ff",
    "marker-symbol": "e"
  },
  {
    "rowid": 314592,
    "id": 7191,
    "source": "OA",
    "source_id": "7dacc1d3d1af80af",
    "housenumber": 33,
    "lat": 52.4629046,
    "lon": 13.3759411,
    "parity": "L",
    "proj_lat": 52.46305932530284,
    "proj_lon": 13.3759785457363,
    "marker-color": "#3366ff",
    "marker-symbol": "o"
  },
  {
    "rowid": 314592,
    "id": 7191,
    "source": "OA",
    "source_id": "7dacc1d3d1af80af",
    "housenumber": 33,
    "lat": 52.4629046,
    "lon": 13.3759411,
    "parity": "L",
    "proj_lat": 52.46305932530284,
    "proj_lon": 13.3759785457363,
    "marker-color": "#3366ff",
    "marker-symbol": "o"
  },
  {
    "rowid": 314593,
    "id": 7191,
    "source": "OA",
    "source_id": "7e8dbd4a5ea5cde4",
    "housenumber": 34,
    "lat": 52.4628867,
    "lon": 13.3761393,
    "parity": "L",
    "proj_lat": 52.46304151710633,
    "proj_lon": 13.37617676792359,
    "marker-color": "#3366ff",
    "marker-symbol": "e"
  },
  {
    "rowid": 314593,
    "id": 7191,
    "source": "OA",
    "source_id": "7e8dbd4a5ea5cde4",
    "housenumber": 34,
    "lat": 52.4628867,
    "lon": 13.3761393,
    "parity": "L",
    "proj_lat": 52.46304151710633,
    "proj_lon": 13.37617676792359,
    "marker-color": "#3366ff",
    "marker-symbol": "e"
  },
  {
    "rowid": 314594,
    "id": 7191,
    "source": "OA",
    "source_id": "b2831b85f67e4bfc",
    "housenumber": 35,
    "lat": 52.4628686,
    "lon": 13.3763404,
    "parity": "L",
    "proj_lat": 52.46302344966326,
    "proj_lon": 13.376377875772011,
    "marker-color": "#3366ff",
    "marker-symbol": "o"
  },
  {
    "rowid": 314594,
    "id": 7191,
    "source": "OA",
    "source_id": "b2831b85f67e4bfc",
    "housenumber": 35,
    "lat": 52.4628686,
    "lon": 13.3763404,
    "parity": "L",
    "proj_lat": 52.46302344966326,
    "proj_lon": 13.376377875772011,
    "marker-color": "#3366ff",
    "marker-symbol": "o"
  },
  {
    "rowid": 314595,
    "id": 7191,
    "source": "OA",
    "source_id": "853448f30ec7567d",
    "housenumber": 36,
    "lat": 52.4628499,
    "lon": 13.3765469,
    "parity": "L",
    "proj_lat": 52.463004894642275,
    "proj_lon": 13.37658441082708,
    "marker-color": "#3366ff",
    "marker-symbol": "e"
  },
  {
    "rowid": 314595,
    "id": 7191,
    "source": "OA",
    "source_id": "853448f30ec7567d",
    "housenumber": 36,
    "lat": 52.4628499,
    "lon": 13.3765469,
    "parity": "L",
    "proj_lat": 52.463004894642275,
    "proj_lon": 13.37658441082708,
    "marker-color": "#3366ff",
    "marker-symbol": "e"
  },
  {
    "rowid": 314596,
    "id": 7191,
    "source": "OA",
    "source_id": "4f41667a511a8f9d",
    "housenumber": 37,
    "lat": 52.4627689,
    "lon": 13.3774826,
    "parity": "L",
    "proj_lat": 52.462919114728656,
    "proj_lon": 13.377518529664897,
    "marker-color": "#3366ff",
    "marker-symbol": "o"
  },
  {
    "rowid": 314596,
    "id": 7191,
    "source": "OA",
    "source_id": "4f41667a511a8f9d",
    "housenumber": 37,
    "lat": 52.4627689,
    "lon": 13.3774826,
    "parity": "L",
    "proj_lat": 52.462919114728656,
    "proj_lon": 13.377518529664897,
    "marker-color": "#3366ff",
    "marker-symbol": "o"
  },
  {
    "rowid": 314597,
    "id": 7191,
    "source": "OA",
    "source_id": "bbb2c32db2d41b00",
    "housenumber": 38,
    "lat": 52.46269,
    "lon": 13.3777296,
    "parity": "L",
    "proj_lat": 52.462895998586376,
    "proj_lon": 13.377778872356405,
    "marker-color": "#3366ff",
    "marker-symbol": "e"
  },
  {
    "rowid": 314597,
    "id": 7191,
    "source": "OA",
    "source_id": "bbb2c32db2d41b00",
    "housenumber": 38,
    "lat": 52.46269,
    "lon": 13.3777296,
    "parity": "L",
    "proj_lat": 52.462895998586376,
    "proj_lon": 13.377778872356405,
    "marker-color": "#3366ff",
    "marker-symbol": "e"
  },
  {
    "rowid": 314598,
    "id": 7191,
    "source": "OA",
    "source_id": "5c5ef005a23b570f",
    "housenumber": 39,
    "lat": 52.4626672,
    "lon": 13.3779646,
    "parity": "L",
    "proj_lat": 52.46287509243573,
    "proj_lon": 13.378014325290634,
    "marker-color": "#3366ff",
    "marker-symbol": "o"
  },
  {
    "rowid": 314598,
    "id": 7191,
    "source": "OA",
    "source_id": "5c5ef005a23b570f",
    "housenumber": 39,
    "lat": 52.4626672,
    "lon": 13.3779646,
    "parity": "L",
    "proj_lat": 52.46287509243573,
    "proj_lon": 13.378014325290634,
    "marker-color": "#3366ff",
    "marker-symbol": "o"
  },
  {
    "rowid": 314599,
    "id": 7191,
    "source": "OA",
    "source_id": "2da7b2e8e3b8d7f3",
    "housenumber": 40,
    "lat": 52.4626421,
    "lon": 13.3782243,
    "parity": "L",
    "proj_lat": 52.46285199092056,
    "proj_lon": 13.378274503246155,
    "marker-color": "#3366ff",
    "marker-symbol": "e"
  },
  {
    "rowid": 314599,
    "id": 7191,
    "source": "OA",
    "source_id": "2da7b2e8e3b8d7f3",
    "housenumber": 40,
    "lat": 52.4626421,
    "lon": 13.3782243,
    "parity": "L",
    "proj_lat": 52.46285199092056,
    "proj_lon": 13.378274503246155,
    "marker-color": "#3366ff",
    "marker-symbol": "e"
  },
  {
    "rowid": 314600,
    "id": 7191,
    "source": "OA",
    "source_id": "2d16dae191b36e59",
    "housenumber": 41,
    "lat": 52.4626431,
    "lon": 13.3785583,
    "parity": "L",
    "proj_lat": 52.46282297218645,
    "proj_lon": 13.378601323147638,
    "marker-color": "#3366ff",
    "marker-symbol": "o"
  },
  {
    "rowid": 314600,
    "id": 7191,
    "source": "OA",
    "source_id": "2d16dae191b36e59",
    "housenumber": 41,
    "lat": 52.4626431,
    "lon": 13.3785583,
    "parity": "L",
    "proj_lat": 52.46282297218645,
    "proj_lon": 13.378601323147638,
    "marker-color": "#3366ff",
    "marker-symbol": "o"
  },
  {
    "rowid": 353897,
    "id": 7191,
    "source": "OA",
    "source_id": "b043e1f62d77f1b1",
    "housenumber": 42,
    "lat": 52.4626756,
    "lon": 13.3788654,
    "parity": "L",
    "proj_lat": 52.46279694733749,
    "proj_lon": 13.378894424788253,
    "marker-color": "#3366ff",
    "marker-symbol": "e"
  },
  {
    "rowid": 353897,
    "id": 7191,
    "source": "OA",
    "source_id": "b043e1f62d77f1b1",
    "housenumber": 42,
    "lat": 52.4626756,
    "lon": 13.3788654,
    "parity": "L",
    "proj_lat": 52.46279694733749,
    "proj_lon": 13.378894424788253,
    "marker-color": "#3366ff",
    "marker-symbol": "e"
  },
  {
    "rowid": 314601,
    "id": 7191,
    "source": "OA",
    "source_id": "8952deb0f45f31e5",
    "housenumber": 43,
    "lat": 52.4625947,
    "lon": 13.3791485,
    "parity": "L",
    "proj_lat": 52.46277065090242,
    "proj_lon": 13.379190585133653,
    "marker-color": "#3366ff",
    "marker-symbol": "o"
  },
  {
    "rowid": 314601,
    "id": 7191,
    "source": "OA",
    "source_id": "8952deb0f45f31e5",
    "housenumber": 43,
    "lat": 52.4625947,
    "lon": 13.3791485,
    "parity": "L",
    "proj_lat": 52.46277065090242,
    "proj_lon": 13.379190585133653,
    "marker-color": "#3366ff",
    "marker-symbol": "o"
  },
  {
    "rowid": 314602,
    "id": 7191,
    "source": "OA",
    "source_id": "65564fa8cdd592b3",
    "housenumber": 44,
    "lat": 52.4625482,
    "lon": 13.3798644,
    "parity": "L",
    "proj_lat": 52.46270747249789,
    "proj_lon": 13.37990246351063,
    "marker-color": "#3366ff",
    "marker-symbol": "e"
  },
  {
    "rowid": 314602,
    "id": 7191,
    "source": "OA",
    "source_id": "65564fa8cdd592b3",
    "housenumber": 44,
    "lat": 52.4625482,
    "lon": 13.3798644,
    "parity": "L",
    "proj_lat": 52.46270747249789,
    "proj_lon": 13.37990246351063,
    "marker-color": "#3366ff",
    "marker-symbol": "e"
  },
  {
    "rowid": 314603,
    "id": 7191,
    "source": "OA",
    "source_id": "946b3a0a8562a572",
    "housenumber": 45,
    "lat": 52.462516,
    "lon": 13.3801921,
    "parity": "L",
    "proj_lat": 52.46267833534754,
    "proj_lon": 13.380230895424631,
    "marker-color": "#3366ff",
    "marker-symbol": "o"
  },
  {
    "rowid": 314603,
    "id": 7191,
    "source": "OA",
    "source_id": "946b3a0a8562a572",
    "housenumber": 45,
    "lat": 52.462516,
    "lon": 13.3801921,
    "parity": "L",
    "proj_lat": 52.46267833534754,
    "proj_lon": 13.380230895424631,
    "marker-color": "#3366ff",
    "marker-symbol": "o"
  },
  {
    "rowid": 314604,
    "id": 7191,
    "source": "OA",
    "source_id": "6844fca63b95f9b0",
    "housenumber": 46,
    "lat": 52.4625004,
    "lon": 13.3803513,
    "parity": "L",
    "proj_lat": 52.46266418111757,
    "proj_lon": 13.380390440911672,
    "marker-color": "#3366ff",
    "marker-symbol": "e"
  },
  {
    "rowid": 314604,
    "id": 7191,
    "source": "OA",
    "source_id": "6844fca63b95f9b0",
    "housenumber": 46,
    "lat": 52.4625004,
    "lon": 13.3803513,
    "parity": "L",
    "proj_lat": 52.46266418111757,
    "proj_lon": 13.380390440911672,
    "marker-color": "#3366ff",
    "marker-symbol": "e"
  },
  {
    "rowid": 314605,
    "id": 7191,
    "source": "OA",
    "source_id": "60ee40f58e88e6fa",
    "housenumber": 47,
    "lat": 52.4624818,
    "lon": 13.3806425,
    "parity": "L",
    "proj_lat": 52.462638497224695,
    "proj_lon": 13.380679947949679,
    "marker-color": "#3366ff",
    "marker-symbol": "o"
  },
  {
    "rowid": 314605,
    "id": 7191,
    "source": "OA",
    "source_id": "60ee40f58e88e6fa",
    "housenumber": 47,
    "lat": 52.4624818,
    "lon": 13.3806425,
    "parity": "L",
    "proj_lat": 52.462638497224695,
    "proj_lon": 13.380679947949679,
    "marker-color": "#3366ff",
    "marker-symbol": "o"
  }
]
