[
  {
    "rowid": 79084,
    "id": 43305,
    "source": "OA",
    "source_id": "aed7e782f454860c",
    "housenumber": 1,
    "lat": 52.4227569,
    "lon": 13.5097107,
    "parity": "R",
    "proj_lat": 52.422720999571496,
    "proj_lon": 13.509449413951415,
    "marker-color": "#ff0000",
    "marker-symbol": "o"
  },
  {
    "rowid": 79084,
    "id": 43305,
    "source": "OA",
    "source_id": "aed7e782f454860c",
    "housenumber": 1,
    "lat": 52.4227569,
    "lon": 13.5097107,
    "parity": "R",
    "proj_lat": 52.422720999571496,
    "proj_lon": 13.509449413951415,
    "marker-color": "#ff0000",
    "marker-symbol": "o"
  },
  {
    "rowid": 79085,
    "id": 43305,
    "source": "OA",
    "source_id": "7361089fb5047f68",
    "housenumber": 2,
    "lat": 52.4225294,
    "lon": 13.5092586,
    "parity": "L",
    "proj_lat": 52.42256391246043,
    "proj_lon": 13.50950305175113,
    "marker-color": "#3366ff",
    "marker-symbol": "e"
  },
  {
    "rowid": 79085,
    "id": 43305,
    "source": "OA",
    "source_id": "7361089fb5047f68",
    "housenumber": 2,
    "lat": 52.4225294,
    "lon": 13.5092586,
    "parity": "L",
    "proj_lat": 52.42256391246043,
    "proj_lon": 13.50950305175113,
    "marker-color": "#3366ff",
    "marker-symbol": "e"
  },
  {
    "rowid": 79086,
    "id": 43305,
    "source": "OA",
    "source_id": "60a30fbe84b76499",
    "housenumber": 3,
    "lat": 52.4224976,
    "lon": 13.5098543,
    "parity": "R",
    "proj_lat": 52.422453905679845,
    "proj_lon": 13.509544813584503,
    "marker-color": "#ff0000",
    "marker-symbol": "o"
  },
  {
    "rowid": 79086,
    "id": 43305,
    "source": "OA",
    "source_id": "60a30fbe84b76499",
    "housenumber": 3,
    "lat": 52.4224976,
    "lon": 13.5098543,
    "parity": "R",
    "proj_lat": 52.422453905679845,
    "proj_lon": 13.509544813584503,
    "marker-color": "#ff0000",
    "marker-symbol": "o"
  },
  {
    "rowid": 79087,
    "id": 43305,
    "source": "OA",
    "source_id": "600a28002e1660a7",
    "housenumber": 3.03,
    "lat": 52.4225333,
    "lon": 13.5101415,
    "parity": "R",
    "proj_lat": 52.422449304573114,
    "proj_lon": 13.509546560300947,
    "marker-color": "#ff0000",
    "marker-symbol": "o"
  },
  {
    "rowid": 79087,
    "id": 43305,
    "source": "OA",
    "source_id": "600a28002e1660a7",
    "housenumber": 3.03,
    "lat": 52.4225333,
    "lon": 13.5101415,
    "parity": "R",
    "proj_lat": 52.422449304573114,
    "proj_lon": 13.509546560300947,
    "marker-color": "#ff0000",
    "marker-symbol": "o"
  },
  {
    "rowid": 79088,
    "id": 43305,
    "source": "OA",
    "source_id": "3b88e52624a7e004",
    "housenumber": 4,
    "lat": 52.4223647,
    "lon": 13.5093184,
    "parity": "L",
    "proj_lat": 52.42239957786056,
    "proj_lon": 13.509565438034416,
    "marker-color": "#3366ff",
    "marker-symbol": "e"
  },
  {
    "rowid": 79088,
    "id": 43305,
    "source": "OA",
    "source_id": "3b88e52624a7e004",
    "housenumber": 4,
    "lat": 52.4223647,
    "lon": 13.5093184,
    "parity": "L",
    "proj_lat": 52.42239957786056,
    "proj_lon": 13.509565438034416,
    "marker-color": "#3366ff",
    "marker-symbol": "e"
  },
  {
    "rowid": 79089,
    "id": 43305,
    "source": "OA",
    "source_id": "8019900e023d7009",
    "housenumber": 5,
    "lat": 52.4222856,
    "lon": 13.5099243,
    "parity": "R",
    "proj_lat": 52.42224330982502,
    "proj_lon": 13.509624762010871,
    "marker-color": "#ff0000",
    "marker-symbol": "o"
  },
  {
    "rowid": 79089,
    "id": 43305,
    "source": "OA",
    "source_id": "8019900e023d7009",
    "housenumber": 5,
    "lat": 52.4222856,
    "lon": 13.5099243,
    "parity": "R",
    "proj_lat": 52.42224330982502,
    "proj_lon": 13.509624762010871,
    "marker-color": "#ff0000",
    "marker-symbol": "o"
  },
  {
    "rowid": 79090,
    "id": 43305,
    "source": "OA",
    "source_id": "5350d913ed6812a6",
    "housenumber": 6,
    "lat": 52.4221423,
    "lon": 13.5094025,
    "parity": "L",
    "proj_lat": 52.422177222365974,
    "proj_lon": 13.50964985076847,
    "marker-color": "#3366ff",
    "marker-symbol": "e"
  },
  {
    "rowid": 79090,
    "id": 43305,
    "source": "OA",
    "source_id": "5350d913ed6812a6",
    "housenumber": 6,
    "lat": 52.4221423,
    "lon": 13.5094025,
    "parity": "L",
    "proj_lat": 52.422177222365974,
    "proj_lon": 13.50964985076847,
    "marker-color": "#3366ff",
    "marker-symbol": "e"
  },
  {
    "rowid": 79091,
    "id": 43305,
    "source": "OA",
    "source_id": "a861d18f3ec5c5cd",
    "housenumber": 6.03,
    "lat": 52.4221342,
    "lon": 13.5090395,
    "parity": "L",
    "proj_lat": 52.42221817763829,
    "proj_lon": 13.50963430293361,
    "marker-color": "#3366ff",
    "marker-symbol": "e"
  },
  {
    "rowid": 79091,
    "id": 43305,
    "source": "OA",
    "source_id": "a861d18f3ec5c5cd",
    "housenumber": 6.03,
    "lat": 52.4221342,
    "lon": 13.5090395,
    "parity": "L",
    "proj_lat": 52.42221817763829,
    "proj_lon": 13.50963430293361,
    "marker-color": "#3366ff",
    "marker-symbol": "e"
  },
  {
    "rowid": 79092,
    "id": 43305,
    "source": "OA",
    "source_id": "75a12056c9f2ba1f",
    "housenumber": 7,
    "lat": 52.4221435,
    "lon": 13.5103263,
    "parity": "R",
    "proj_lat": 52.42205456911402,
    "proj_lon": 13.509696413577085,
    "marker-color": "#ff0000",
    "marker-symbol": "o"
  },
  {
    "rowid": 79092,
    "id": 43305,
    "source": "OA",
    "source_id": "75a12056c9f2ba1f",
    "housenumber": 7,
    "lat": 52.4221435,
    "lon": 13.5103263,
    "parity": "R",
    "proj_lat": 52.42205456911402,
    "proj_lon": 13.509696413577085,
    "marker-color": "#ff0000",
    "marker-symbol": "o"
  },
  {
    "rowid": 79093,
    "id": 43305,
    "source": "OA",
    "source_id": "fbaea231e230dd2f",
    "housenumber": 7.03,
    "lat": 52.4220989,
    "lon": 13.5099891,
    "parity": "R",
    "proj_lat": 52.42205742380454,
    "proj_lon": 13.50969532985198,
    "marker-color": "#ff0000",
    "marker-symbol": "o"
  },
  {
    "rowid": 79093,
    "id": 43305,
    "source": "OA",
    "source_id": "fbaea231e230dd2f",
    "housenumber": 7.03,
    "lat": 52.4220989,
    "lon": 13.5099891,
    "parity": "R",
    "proj_lat": 52.42205742380454,
    "proj_lon": 13.50969532985198,
    "marker-color": "#ff0000",
    "marker-symbol": "o"
  },
  {
    "rowid": 79094,
    "id": 43305,
    "source": "OA",
    "source_id": "918d3fd538602afc",
    "housenumber": 8,
    "lat": 52.4219376,
    "lon": 13.5091689,
    "parity": "L",
    "proj_lat": 52.4220142396208,
    "proj_lon": 13.509711723847659,
    "marker-color": "#3366ff",
    "marker-symbol": "e"
  },
  {
    "rowid": 79094,
    "id": 43305,
    "source": "OA",
    "source_id": "918d3fd538602afc",
    "housenumber": 8,
    "lat": 52.4219376,
    "lon": 13.5091689,
    "parity": "L",
    "proj_lat": 52.4220142396208,
    "proj_lon": 13.509711723847659,
    "marker-color": "#3366ff",
    "marker-symbol": "e"
  },
  {
    "rowid": 79095,
    "id": 43305,
    "source": "OA",
    "source_id": "d468aff8e34423f6",
    "housenumber": 8.03,
    "lat": 52.4219752,
    "lon": 13.5094828,
    "parity": "L",
    "proj_lat": 52.4220078627849,
    "proj_lon": 13.509714144683509,
    "marker-color": "#3366ff",
    "marker-symbol": "e"
  },
  {
    "rowid": 79095,
    "id": 43305,
    "source": "OA",
    "source_id": "d468aff8e34423f6",
    "housenumber": 8.03,
    "lat": 52.4219752,
    "lon": 13.5094828,
    "parity": "L",
    "proj_lat": 52.4220078627849,
    "proj_lon": 13.509714144683509,
    "marker-color": "#3366ff",
    "marker-symbol": "e"
  },
  {
    "rowid": 79096,
    "id": 43305,
    "source": "OA",
    "source_id": "44de98cd6090fe98",
    "housenumber": 9,
    "lat": 52.4218553,
    "lon": 13.5100797,
    "parity": "R",
    "proj_lat": 52.42181407500097,
    "proj_lon": 13.50978771226815,
    "marker-color": "#ff0000",
    "marker-symbol": "o"
  },
  {
    "rowid": 79096,
    "id": 43305,
    "source": "OA",
    "source_id": "44de98cd6090fe98",
    "housenumber": 9,
    "lat": 52.4218553,
    "lon": 13.5100797,
    "parity": "R",
    "proj_lat": 52.42181407500097,
    "proj_lon": 13.50978771226815,
    "marker-color": "#ff0000",
    "marker-symbol": "o"
  },
  {
    "rowid": 79097,
    "id": 43305,
    "source": "OA",
    "source_id": "dd375cfbdfe7ebc7",
    "housenumber": 10,
    "lat": 52.4217681,
    "lon": 13.5095471,
    "parity": "L",
    "proj_lat": 52.42180268220745,
    "proj_lon": 13.509792037310136,
    "marker-color": "#3366ff",
    "marker-symbol": "e"
  },
  {
    "rowid": 79097,
    "id": 43305,
    "source": "OA",
    "source_id": "dd375cfbdfe7ebc7",
    "housenumber": 10,
    "lat": 52.4217681,
    "lon": 13.5095471,
    "parity": "L",
    "proj_lat": 52.42180268220745,
    "proj_lon": 13.509792037310136,
    "marker-color": "#3366ff",
    "marker-symbol": "e"
  },
  {
    "rowid": 79098,
    "id": 43305,
    "source": "OA",
    "source_id": "0d045fae02898f57",
    "housenumber": 11,
    "lat": 52.4217009,
    "lon": 13.5101098,
    "parity": "R",
    "proj_lat": 52.42166349587765,
    "proj_lon": 13.509844876564966,
    "marker-color": "#ff0000",
    "marker-symbol": "o"
  },
  {
    "rowid": 79098,
    "id": 43305,
    "source": "OA",
    "source_id": "0d045fae02898f57",
    "housenumber": 11,
    "lat": 52.4217009,
    "lon": 13.5101098,
    "parity": "R",
    "proj_lat": 52.42166349587765,
    "proj_lon": 13.509844876564966,
    "marker-color": "#ff0000",
    "marker-symbol": "o"
  },
  {
    "rowid": 79099,
    "id": 43305,
    "source": "OA",
    "source_id": "1e2a01aa83f535c6",
    "housenumber": 11.03,
    "lat": 52.4215538,
    "lon": 13.5102018,
    "parity": "R",
    "proj_lat": 52.42151155043164,
    "proj_lon": 13.509902559558359,
    "marker-color": "#ff0000",
    "marker-symbol": "o"
  },
  {
    "rowid": 79099,
    "id": 43305,
    "source": "OA",
    "source_id": "1e2a01aa83f535c6",
    "housenumber": 11.03,
    "lat": 52.4215538,
    "lon": 13.5102018,
    "parity": "R",
    "proj_lat": 52.42151155043164,
    "proj_lon": 13.509902559558359,
    "marker-color": "#ff0000",
    "marker-symbol": "o"
  },
  {
    "rowid": 79100,
    "id": 43305,
    "source": "OA",
    "source_id": "e01e09de4c61f4e9",
    "housenumber": 12,
    "lat": 52.4214328,
    "lon": 13.5095684,
    "parity": "L",
    "proj_lat": 52.42148158612116,
    "proj_lon": 13.50991393489845,
    "marker-color": "#3366ff",
    "marker-symbol": "e"
  },
  {
    "rowid": 79100,
    "id": 43305,
    "source": "OA",
    "source_id": "e01e09de4c61f4e9",
    "housenumber": 12,
    "lat": 52.4214328,
    "lon": 13.5095684,
    "parity": "L",
    "proj_lat": 52.42148158612116,
    "proj_lon": 13.50991393489845,
    "marker-color": "#3366ff",
    "marker-symbol": "e"
  },
  {
    "rowid": 79101,
    "id": 43305,
    "source": "OA",
    "source_id": "c0d9068d3a4d0292",
    "housenumber": 14,
    "lat": 52.4211348,
    "lon": 13.5096091,
    "parity": "L",
    "proj_lat": 52.42112406737305,
    "proj_lon": 13.509956212251916,
    "marker-color": "#3366ff",
    "marker-symbol": "e"
  },
  {
    "rowid": 79101,
    "id": 43305,
    "source": "OA",
    "source_id": "c0d9068d3a4d0292",
    "housenumber": 14,
    "lat": 52.4211348,
    "lon": 13.5096091,
    "parity": "L",
    "proj_lat": 52.42112406737305,
    "proj_lon": 13.509956212251916,
    "marker-color": "#3366ff",
    "marker-symbol": "e"
  },
  {
    "rowid": 79102,
    "id": 43305,
    "source": "OA",
    "source_id": "fb007daab8b5de5f",
    "housenumber": 15,
    "lat": 52.4210234,
    "lon": 13.5101752,
    "parity": "R",
    "proj_lat": 52.42103041182772,
    "proj_lon": 13.50994842616145,
    "marker-color": "#ff0000",
    "marker-symbol": "o"
  },
  {
    "rowid": 79102,
    "id": 43305,
    "source": "OA",
    "source_id": "fb007daab8b5de5f",
    "housenumber": 15,
    "lat": 52.4210234,
    "lon": 13.5101752,
    "parity": "R",
    "proj_lat": 52.42103041182772,
    "proj_lon": 13.50994842616145,
    "marker-color": "#ff0000",
    "marker-symbol": "o"
  },
  {
    "rowid": 79103,
    "id": 43305,
    "source": "OA",
    "source_id": "772b70ded0afeb11",
    "housenumber": 16,
    "lat": 52.4208225,
    "lon": 13.5096967,
    "parity": "L",
    "proj_lat": 52.420856672138875,
    "proj_lon": 13.509955178640142,
    "marker-color": "#3366ff",
    "marker-symbol": "e"
  },
  {
    "rowid": 79103,
    "id": 43305,
    "source": "OA",
    "source_id": "772b70ded0afeb11",
    "housenumber": 16,
    "lat": 52.4208225,
    "lon": 13.5096967,
    "parity": "L",
    "proj_lat": 52.420856672138875,
    "proj_lon": 13.509955178640142,
    "marker-color": "#3366ff",
    "marker-symbol": "e"
  },
  {
    "rowid": 147796,
    "id": 43305,
    "source": "OA",
    "source_id": "df8b2a37df4ee929",
    "housenumber": 17,
    "lat": 52.4207818,
    "lon": 13.5105867,
    "parity": "R",
    "proj_lat": 52.42070541764344,
    "proj_lon": 13.51000894362139,
    "marker-color": "#ff0000",
    "marker-symbol": "o"
  },
  {
    "rowid": 147796,
    "id": 43305,
    "source": "OA",
    "source_id": "df8b2a37df4ee929",
    "housenumber": 17,
    "lat": 52.4207818,
    "lon": 13.5105867,
    "parity": "R",
    "proj_lat": 52.42070541764344,
    "proj_lon": 13.51000894362139,
    "marker-color": "#ff0000",
    "marker-symbol": "o"
  },
  {
    "rowid": 79104,
    "id": 43305,
    "source": "OA",
    "source_id": "423f4cbee37950dd",
    "housenumber": 18,
    "lat": 52.4206121,
    "lon": 13.5097783,
    "parity": "L",
    "proj_lat": 52.420645412394,
    "proj_lon": 13.510030273110482,
    "marker-color": "#3366ff",
    "marker-symbol": "e"
  },
  {
    "rowid": 79104,
    "id": 43305,
    "source": "OA",
    "source_id": "423f4cbee37950dd",
    "housenumber": 18,
    "lat": 52.4206121,
    "lon": 13.5097783,
    "parity": "L",
    "proj_lat": 52.420645412394,
    "proj_lon": 13.510030273110482,
    "marker-color": "#3366ff",
    "marker-symbol": "e"
  },
  {
    "rowid": 79105,
    "id": 43305,
    "source": "OA",
    "source_id": "6ea5f66e88c071a9",
    "housenumber": 20,
    "lat": 52.4203898,
    "lon": 13.5096275,
    "parity": "L",
    "proj_lat": 52.42045213270445,
    "proj_lon": 13.510098976383428,
    "marker-color": "#3366ff",
    "marker-symbol": "e"
  },
  {
    "rowid": 79105,
    "id": 43305,
    "source": "OA",
    "source_id": "6ea5f66e88c071a9",
    "housenumber": 20,
    "lat": 52.4203898,
    "lon": 13.5096275,
    "parity": "L",
    "proj_lat": 52.42045213270445,
    "proj_lon": 13.510098976383428,
    "marker-color": "#3366ff",
    "marker-symbol": "e"
  },
  {
    "rowid": 79106,
    "id": 43305,
    "source": "OA",
    "source_id": "90542df1dfdc341f",
    "housenumber": 22,
    "lat": 52.4202394,
    "lon": 13.5099365,
    "parity": "L",
    "proj_lat": 52.42027392564928,
    "proj_lon": 13.51016939618249,
    "marker-color": "#3366ff",
    "marker-symbol": "e"
  },
  {
    "rowid": 79106,
    "id": 43305,
    "source": "OA",
    "source_id": "90542df1dfdc341f",
    "housenumber": 22,
    "lat": 52.4202394,
    "lon": 13.5099365,
    "parity": "L",
    "proj_lat": 52.42027392564928,
    "proj_lon": 13.51016939618249,
    "marker-color": "#3366ff",
    "marker-symbol": "e"
  },
  {
    "rowid": 79107,
    "id": 43305,
    "source": "OA",
    "source_id": "720df778b6de1a8f",
    "housenumber": 23,
    "lat": 52.4200637,
    "lon": 13.5105708,
    "parity": "R",
    "proj_lat": 52.42001924207696,
    "proj_lon": 13.510270907072526,
    "marker-color": "#ff0000",
    "marker-symbol": "o"
  },
  {
    "rowid": 79107,
    "id": 43305,
    "source": "OA",
    "source_id": "720df778b6de1a8f",
    "housenumber": 23,
    "lat": 52.4200637,
    "lon": 13.5105708,
    "parity": "R",
    "proj_lat": 52.42001924207696,
    "proj_lon": 13.510270907072526,
    "marker-color": "#ff0000",
    "marker-symbol": "o"
  },
  {
    "rowid": 79108,
    "id": 43305,
    "source": "OA",
    "source_id": "42b8a9e530f200aa",
    "housenumber": 24,
    "lat": 52.4200807,
    "lon": 13.5100109,
    "parity": "L",
    "proj_lat": 52.42011366573425,
    "proj_lon": 13.510233272020512,
    "marker-color": "#3366ff",
    "marker-symbol": "e"
  },
  {
    "rowid": 79108,
    "id": 43305,
    "source": "OA",
    "source_id": "42b8a9e530f200aa",
    "housenumber": 24,
    "lat": 52.4200807,
    "lon": 13.5100109,
    "parity": "L",
    "proj_lat": 52.42011366573425,
    "proj_lon": 13.510233272020512,
    "marker-color": "#3366ff",
    "marker-symbol": "e"
  },
  {
    "rowid": 79109,
    "id": 43305,
    "source": "OA",
    "source_id": "10ccc34c3cd62d85",
    "housenumber": 24.03,
    "lat": 52.4199563,
    "lon": 13.5098142,
    "parity": "L",
    "proj_lat": 52.42002373957403,
    "proj_lon": 13.51026911447583,
    "marker-color": "#3366ff",
    "marker-symbol": "e"
  },
  {
    "rowid": 79109,
    "id": 43305,
    "source": "OA",
    "source_id": "10ccc34c3cd62d85",
    "housenumber": 24.03,
    "lat": 52.4199563,
    "lon": 13.5098142,
    "parity": "L",
    "proj_lat": 52.42002373957403,
    "proj_lon": 13.51026911447583,
    "marker-color": "#3366ff",
    "marker-symbol": "e"
  },
  {
    "rowid": 79110,
    "id": 43305,
    "source": "OA",
    "source_id": "af87c3a3f8d735f0",
    "housenumber": 25,
    "lat": 52.4199028,
    "lon": 13.5106918,
    "parity": "R",
    "proj_lat": 52.41985038145949,
    "proj_lon": 13.510338210948529,
    "marker-color": "#ff0000",
    "marker-symbol": "o"
  },
  {
    "rowid": 79110,
    "id": 43305,
    "source": "OA",
    "source_id": "af87c3a3f8d735f0",
    "housenumber": 25,
    "lat": 52.4199028,
    "lon": 13.5106918,
    "parity": "R",
    "proj_lat": 52.41985038145949,
    "proj_lon": 13.510338210948529,
    "marker-color": "#ff0000",
    "marker-symbol": "o"
  },
  {
    "rowid": 79111,
    "id": 43305,
    "source": "OA",
    "source_id": "2535ea6f7332037a",
    "housenumber": 26,
    "lat": 52.4198214,
    "lon": 13.5101108,
    "parity": "L",
    "proj_lat": 52.41985484914441,
    "proj_lon": 13.510336430234258,
    "marker-color": "#3366ff",
    "marker-symbol": "e"
  },
  {
    "rowid": 79111,
    "id": 43305,
    "source": "OA",
    "source_id": "2535ea6f7332037a",
    "housenumber": 26,
    "lat": 52.4198214,
    "lon": 13.5101108,
    "parity": "L",
    "proj_lat": 52.41985484914441,
    "proj_lon": 13.510336430234258,
    "marker-color": "#3366ff",
    "marker-symbol": "e"
  },
  {
    "rowid": 79112,
    "id": 43305,
    "source": "OA",
    "source_id": "7cb6871bb0dbf72d",
    "housenumber": 26.03,
    "lat": 52.4197723,
    "lon": 13.510129,
    "parity": "L",
    "proj_lat": 52.41980594099814,
    "proj_lon": 13.510355923872629,
    "marker-color": "#3366ff",
    "marker-symbol": "e"
  },
  {
    "rowid": 79112,
    "id": 43305,
    "source": "OA",
    "source_id": "7cb6871bb0dbf72d",
    "housenumber": 26.03,
    "lat": 52.4197723,
    "lon": 13.510129,
    "parity": "L",
    "proj_lat": 52.41980594099814,
    "proj_lon": 13.510355923872629,
    "marker-color": "#3366ff",
    "marker-symbol": "e"
  },
  {
    "rowid": 79113,
    "id": 43305,
    "source": "OA",
    "source_id": "c0f053bb8a33f429",
    "housenumber": 26.06,
    "lat": 52.4197183,
    "lon": 13.5101499,
    "parity": "L",
    "proj_lat": 52.41975202830022,
    "proj_lon": 13.51037741220774,
    "marker-color": "#3366ff",
    "marker-symbol": "e"
  },
  {
    "rowid": 79113,
    "id": 43305,
    "source": "OA",
    "source_id": "c0f053bb8a33f429",
    "housenumber": 26.06,
    "lat": 52.4197183,
    "lon": 13.5101499,
    "parity": "L",
    "proj_lat": 52.41975202830022,
    "proj_lon": 13.51037741220774,
    "marker-color": "#3366ff",
    "marker-symbol": "e"
  },
  {
    "rowid": 79114,
    "id": 43305,
    "source": "OA",
    "source_id": "8be67741a77b4a2d",
    "housenumber": 27,
    "lat": 52.4197462,
    "lon": 13.5106606,
    "parity": "R",
    "proj_lat": 52.419706885357705,
    "proj_lon": 13.510395405124331,
    "marker-color": "#ff0000",
    "marker-symbol": "o"
  },
  {
    "rowid": 79114,
    "id": 43305,
    "source": "OA",
    "source_id": "8be67741a77b4a2d",
    "housenumber": 27,
    "lat": 52.4197462,
    "lon": 13.5106606,
    "parity": "R",
    "proj_lat": 52.419706885357705,
    "proj_lon": 13.510395405124331,
    "marker-color": "#ff0000",
    "marker-symbol": "o"
  }
]
