[
  {
    "rowid": 340037,
    "id": 32403,
    "source": "OA",
    "source_id": "39f4cfa06c996639",
    "housenumber": 1,
    "lat": 52.4250724,
    "lon": 13.7221253,
    "parity": "L",
    "proj_lat": 52.4249011719579,
    "proj_lon": 13.721970338028223,
    "marker-color": "#3366ff",
    "marker-symbol": "o"
  },
  {
    "rowid": 340037,
    "id": 32403,
    "source": "OA",
    "source_id": "39f4cfa06c996639",
    "housenumber": 1,
    "lat": 52.4250724,
    "lon": 13.7221253,
    "parity": "L",
    "proj_lat": 52.4249011719579,
    "proj_lon": 13.721970338028223,
    "marker-color": "#3366ff",
    "marker-symbol": "o"
  },
  {
    "rowid": 340038,
    "id": 32403,
    "source": "OA",
    "source_id": "b26841ab92fd818e",
    "housenumber": 1.03,
    "lat": 52.4249254,
    "lon": 13.722285,
    "parity": "L",
    "proj_lat": 52.424825656648515,
    "proj_lon": 13.722194732523079,
    "marker-color": "#3366ff",
    "marker-symbol": "o"
  },
  {
    "rowid": 340038,
    "id": 32403,
    "source": "OA",
    "source_id": "b26841ab92fd818e",
    "housenumber": 1.03,
    "lat": 52.4249254,
    "lon": 13.722285,
    "parity": "L",
    "proj_lat": 52.424825656648515,
    "proj_lon": 13.722194732523079,
    "marker-color": "#3366ff",
    "marker-symbol": "o"
  },
  {
    "rowid": 340039,
    "id": 32403,
    "source": "OA",
    "source_id": "c6693b5610a2dac0",
    "housenumber": 1.06,
    "lat": 52.4248912,
    "lon": 13.7225851,
    "parity": "L",
    "proj_lat": 52.42474025732131,
    "proj_lon": 13.722448497475414,
    "marker-color": "#3366ff",
    "marker-symbol": "o"
  },
  {
    "rowid": 340039,
    "id": 32403,
    "source": "OA",
    "source_id": "c6693b5610a2dac0",
    "housenumber": 1.06,
    "lat": 52.4248912,
    "lon": 13.7225851,
    "parity": "L",
    "proj_lat": 52.42474025732131,
    "proj_lon": 13.722448497475414,
    "marker-color": "#3366ff",
    "marker-symbol": "o"
  },
  {
    "rowid": 340040,
    "id": 32403,
    "source": "OA",
    "source_id": "e097f73b18481deb",
    "housenumber": 1.09,
    "lat": 52.4249437,
    "lon": 13.723052,
    "parity": "L",
    "proj_lat": 52.424632070454855,
    "proj_lon": 13.722769975827873,
    "marker-color": "#3366ff",
    "marker-symbol": "o"
  },
  {
    "rowid": 340040,
    "id": 32403,
    "source": "OA",
    "source_id": "e097f73b18481deb",
    "housenumber": 1.09,
    "lat": 52.4249437,
    "lon": 13.723052,
    "parity": "L",
    "proj_lat": 52.424632070454855,
    "proj_lon": 13.722769975827873,
    "marker-color": "#3366ff",
    "marker-symbol": "o"
  },
  {
    "rowid": 340041,
    "id": 32403,
    "source": "OA",
    "source_id": "184800a151e66fda",
    "housenumber": 1.12,
    "lat": 52.4247532,
    "lon": 13.7228583,
    "parity": "L",
    "proj_lat": 52.4246375643016,
    "proj_lon": 13.7227536508075,
    "marker-color": "#3366ff",
    "marker-symbol": "o"
  },
  {
    "rowid": 340041,
    "id": 32403,
    "source": "OA",
    "source_id": "184800a151e66fda",
    "housenumber": 1.12,
    "lat": 52.4247532,
    "lon": 13.7228583,
    "parity": "L",
    "proj_lat": 52.4246375643016,
    "proj_lon": 13.7227536508075,
    "marker-color": "#3366ff",
    "marker-symbol": "o"
  },
  {
    "rowid": 340042,
    "id": 32403,
    "source": "OA",
    "source_id": "7a85367735570ad4",
    "housenumber": 2,
    "lat": 52.4249594,
    "lon": 13.7212904,
    "parity": "R",
    "proj_lat": 52.425090165295984,
    "proj_lon": 13.72140874243956,
    "marker-color": "#ff0000",
    "marker-symbol": "e"
  },
  {
    "rowid": 340042,
    "id": 32403,
    "source": "OA",
    "source_id": "7a85367735570ad4",
    "housenumber": 2,
    "lat": 52.4249594,
    "lon": 13.7212904,
    "parity": "R",
    "proj_lat": 52.425090165295984,
    "proj_lon": 13.72140874243956,
    "marker-color": "#ff0000",
    "marker-symbol": "e"
  },
  {
    "rowid": 358044,
    "id": 32403,
    "source": "OA",
    "source_id": "0ab764b8ac13ed4d",
    "housenumber": 3,
    "lat": 52.4248554,
    "lon": 13.7215313,
    "parity": "R",
    "proj_lat": 52.425003742367004,
    "proj_lon": 13.721665549034801,
    "marker-color": "#ff0000",
    "marker-symbol": "o"
  },
  {
    "rowid": 358044,
    "id": 32403,
    "source": "OA",
    "source_id": "0ab764b8ac13ed4d",
    "housenumber": 3,
    "lat": 52.4248554,
    "lon": 13.7215313,
    "parity": "R",
    "proj_lat": 52.425003742367004,
    "proj_lon": 13.721665549034801,
    "marker-color": "#ff0000",
    "marker-symbol": "o"
  },
  {
    "rowid": 340043,
    "id": 32403,
    "source": "OA",
    "source_id": "9e886f0959d57769",
    "housenumber": 4,
    "lat": 52.4248067,
    "lon": 13.7217671,
    "parity": "R",
    "proj_lat": 52.42493154511217,
    "proj_lon": 13.721880083897435,
    "marker-color": "#ff0000",
    "marker-symbol": "e"
  },
  {
    "rowid": 340043,
    "id": 32403,
    "source": "OA",
    "source_id": "9e886f0959d57769",
    "housenumber": 4,
    "lat": 52.4248067,
    "lon": 13.7217671,
    "parity": "R",
    "proj_lat": 52.42493154511217,
    "proj_lon": 13.721880083897435,
    "marker-color": "#ff0000",
    "marker-symbol": "e"
  },
  {
    "rowid": 340044,
    "id": 32403,
    "source": "OA",
    "source_id": "78cb2d7514231359",
    "housenumber": 5,
    "lat": 52.4247213,
    "lon": 13.7220024,
    "parity": "R",
    "proj_lat": 52.42485090904716,
    "proj_lon": 13.722119694768692,
    "marker-color": "#ff0000",
    "marker-symbol": "o"
  },
  {
    "rowid": 340044,
    "id": 32403,
    "source": "OA",
    "source_id": "78cb2d7514231359",
    "housenumber": 5,
    "lat": 52.4247213,
    "lon": 13.7220024,
    "parity": "R",
    "proj_lat": 52.42485090904716,
    "proj_lon": 13.722119694768692,
    "marker-color": "#ff0000",
    "marker-symbol": "o"
  },
  {
    "rowid": 352975,
    "id": 32403,
    "source": "OA",
    "source_id": "67b646feb5cc7fac",
    "housenumber": 6,
    "lat": 52.424643,
    "lon": 13.7223713,
    "parity": "R",
    "proj_lat": 52.424737466392735,
    "proj_lon": 13.722456790747502,
    "marker-color": "#ff0000",
    "marker-symbol": "e"
  },
  {
    "rowid": 352975,
    "id": 32403,
    "source": "OA",
    "source_id": "67b646feb5cc7fac",
    "housenumber": 6,
    "lat": 52.424643,
    "lon": 13.7223713,
    "parity": "R",
    "proj_lat": 52.424737466392735,
    "proj_lon": 13.722456790747502,
    "marker-color": "#ff0000",
    "marker-symbol": "e"
  },
  {
    "rowid": 340045,
    "id": 32403,
    "source": "OA",
    "source_id": "d0de4bce37390873",
    "housenumber": 7,
    "lat": 52.4245502,
    "lon": 13.7225669,
    "parity": "R",
    "proj_lat": 52.424665343975796,
    "proj_lon": 13.722671103228611,
    "marker-color": "#ff0000",
    "marker-symbol": "o"
  },
  {
    "rowid": 340045,
    "id": 32403,
    "source": "OA",
    "source_id": "d0de4bce37390873",
    "housenumber": 7,
    "lat": 52.4245502,
    "lon": 13.7225669,
    "parity": "R",
    "proj_lat": 52.424665343975796,
    "proj_lon": 13.722671103228611,
    "marker-color": "#ff0000",
    "marker-symbol": "o"
  },
  {
    "rowid": 340046,
    "id": 32403,
    "source": "OA",
    "source_id": "c61a6ab9435f92cd",
    "housenumber": 8,
    "lat": 52.4244598,
    "lon": 13.7228362,
    "parity": "R",
    "proj_lat": 52.424574769830755,
    "proj_lon": 13.722940245203766,
    "marker-color": "#ff0000",
    "marker-symbol": "e"
  },
  {
    "rowid": 340046,
    "id": 32403,
    "source": "OA",
    "source_id": "c61a6ab9435f92cd",
    "housenumber": 8,
    "lat": 52.4244598,
    "lon": 13.7228362,
    "parity": "R",
    "proj_lat": 52.424574769830755,
    "proj_lon": 13.722940245203766,
    "marker-color": "#ff0000",
    "marker-symbol": "e"
  },
  {
    "rowid": 340047,
    "id": 32403,
    "source": "OA",
    "source_id": "c4bb83b42c522579",
    "housenumber": 9,
    "lat": 52.4243609,
    "lon": 13.7231067,
    "parity": "R",
    "proj_lat": 52.4244819017921,
    "proj_lon": 13.723216203506661,
    "marker-color": "#ff0000",
    "marker-symbol": "o"
  },
  {
    "rowid": 340047,
    "id": 32403,
    "source": "OA",
    "source_id": "c4bb83b42c522579",
    "housenumber": 9,
    "lat": 52.4243609,
    "lon": 13.7231067,
    "parity": "R",
    "proj_lat": 52.4244819017921,
    "proj_lon": 13.723216203506661,
    "marker-color": "#ff0000",
    "marker-symbol": "o"
  },
  {
    "rowid": 340048,
    "id": 32403,
    "source": "OA",
    "source_id": "f70d72e8814b0b38",
    "housenumber": 10,
    "lat": 52.4242733,
    "lon": 13.7234083,
    "parity": "R",
    "proj_lat": 52.42445,
    "proj_lon": 13.723311,
    "marker-color": "#ff0000",
    "marker-symbol": "e"
  },
  {
    "rowid": 340048,
    "id": 32403,
    "source": "OA",
    "source_id": "f70d72e8814b0b38",
    "housenumber": 10,
    "lat": 52.4242733,
    "lon": 13.7234083,
    "parity": "R",
    "proj_lat": 52.42445,
    "proj_lon": 13.723311,
    "marker-color": "#ff0000",
    "marker-symbol": "e"
  }
]
