[
  {
    "rowid": 159121,
    "id": 20353,
    "source": "OA",
    "source_id": "edf8145fed7ee794",
    "housenumber": 2,
    "lat": 52.4015131,
    "lon": 13.4024983,
    "parity": "L",
    "proj_lat": 52.401126,
    "proj_lon": 13.401829,
    "marker-color": "#3366ff",
    "marker-symbol": "e"
  },
  {
    "rowid": 159121,
    "id": 20353,
    "source": "OA",
    "source_id": "edf8145fed7ee794",
    "housenumber": 2,
    "lat": 52.4015131,
    "lon": 13.4024983,
    "parity": "L",
    "proj_lat": 52.401126,
    "proj_lon": 13.401829,
    "marker-color": "#3366ff",
    "marker-symbol": "e"
  },
  {
    "rowid": 152608,
    "id": 20353,
    "source": "OA",
    "source_id": "0278d18cc4b51194",
    "housenumber": 4,
    "lat": 52.4012464,
    "lon": 13.4014483,
    "parity": "L",
    "proj_lat": 52.401103001508304,
    "proj_lon": 13.401473199804993,
    "marker-color": "#3366ff",
    "marker-symbol": "e"
  },
  {
    "rowid": 152608,
    "id": 20353,
    "source": "OA",
    "source_id": "0278d18cc4b51194",
    "housenumber": 4,
    "lat": 52.4012464,
    "lon": 13.4014483,
    "parity": "L",
    "proj_lat": 52.401103001508304,
    "proj_lon": 13.401473199804993,
    "marker-color": "#3366ff",
    "marker-symbol": "e"
  },
  {
    "rowid": 152609,
    "id": 20353,
    "source": "OA",
    "source_id": "ba1ccbcf029b7734",
    "housenumber": 4.03,
    "lat": 52.4012207,
    "lon": 13.4013298,
    "parity": "L",
    "proj_lat": 52.401095141575375,
    "proj_lon": 13.40135160201904,
    "marker-color": "#3366ff",
    "marker-symbol": "e"
  },
  {
    "rowid": 152609,
    "id": 20353,
    "source": "OA",
    "source_id": "ba1ccbcf029b7734",
    "housenumber": 4.03,
    "lat": 52.4012207,
    "lon": 13.4013298,
    "parity": "L",
    "proj_lat": 52.401095141575375,
    "proj_lon": 13.40135160201904,
    "marker-color": "#3366ff",
    "marker-symbol": "e"
  },
  {
    "rowid": 20876,
    "id": 20353,
    "source": "OA",
    "source_id": "7075503b48dc57eb",
    "housenumber": 5,
    "lat": 52.4012979,
    "lon": 13.4007115,
    "parity": "L",
    "proj_lat": 52.40103661544023,
    "proj_lon": 13.400869743152684,
    "marker-color": "#3366ff",
    "marker-symbol": "o"
  },
  {
    "rowid": 20876,
    "id": 20353,
    "source": "OA",
    "source_id": "7075503b48dc57eb",
    "housenumber": 5,
    "lat": 52.4012979,
    "lon": 13.4007115,
    "parity": "L",
    "proj_lat": 52.40103661544023,
    "proj_lon": 13.400869743152684,
    "marker-color": "#3366ff",
    "marker-symbol": "o"
  },
  {
    "rowid": 152610,
    "id": 20353,
    "source": "OA",
    "source_id": "32157ca401a14117",
    "housenumber": 5.03,
    "lat": 52.4011237,
    "lon": 13.4008623,
    "parity": "L",
    "proj_lat": 52.401045601007056,
    "proj_lon": 13.400909599133515,
    "marker-color": "#3366ff",
    "marker-symbol": "o"
  },
  {
    "rowid": 152610,
    "id": 20353,
    "source": "OA",
    "source_id": "32157ca401a14117",
    "housenumber": 5.03,
    "lat": 52.4011237,
    "lon": 13.4008623,
    "parity": "L",
    "proj_lat": 52.401045601007056,
    "proj_lon": 13.400909599133515,
    "marker-color": "#3366ff",
    "marker-symbol": "o"
  },
  {
    "rowid": 141528,
    "id": 20353,
    "source": "OA",
    "source_id": "e8e76d1e17182189",
    "housenumber": 6,
    "lat": 52.4012716,
    "lon": 13.4004583,
    "parity": "L",
    "proj_lat": 52.40098322955894,
    "proj_lon": 13.400632947110315,
    "marker-color": "#3366ff",
    "marker-symbol": "e"
  },
  {
    "rowid": 141528,
    "id": 20353,
    "source": "OA",
    "source_id": "e8e76d1e17182189",
    "housenumber": 6,
    "lat": 52.4012716,
    "lon": 13.4004583,
    "parity": "L",
    "proj_lat": 52.40098322955894,
    "proj_lon": 13.400632947110315,
    "marker-color": "#3366ff",
    "marker-symbol": "e"
  },
  {
    "rowid": 152611,
    "id": 20353,
    "source": "OA",
    "source_id": "fff528ecda216166",
    "housenumber": 6.03,
    "lat": 52.401007,
    "lon": 13.4003053,
    "parity": "L",
    "proj_lat": 52.400921091150146,
    "proj_lon": 13.40035732874597,
    "marker-color": "#3366ff",
    "marker-symbol": "e"
  },
  {
    "rowid": 152611,
    "id": 20353,
    "source": "OA",
    "source_id": "fff528ecda216166",
    "housenumber": 6.03,
    "lat": 52.401007,
    "lon": 13.4003053,
    "parity": "L",
    "proj_lat": 52.400921091150146,
    "proj_lon": 13.40035732874597,
    "marker-color": "#3366ff",
    "marker-symbol": "e"
  },
  {
    "rowid": 152612,
    "id": 20353,
    "source": "OA",
    "source_id": "ea8a51f76eb5a4a5",
    "housenumber": 7,
    "lat": 52.4008847,
    "lon": 13.3995947,
    "parity": "L",
    "proj_lat": 52.40080267854277,
    "proj_lon": 13.399619370433676,
    "marker-color": "#3366ff",
    "marker-symbol": "o"
  },
  {
    "rowid": 152612,
    "id": 20353,
    "source": "OA",
    "source_id": "ea8a51f76eb5a4a5",
    "housenumber": 7,
    "lat": 52.4008847,
    "lon": 13.3995947,
    "parity": "L",
    "proj_lat": 52.40080267854277,
    "proj_lon": 13.399619370433676,
    "marker-color": "#3366ff",
    "marker-symbol": "o"
  },
  {
    "rowid": 152613,
    "id": 20353,
    "source": "OA",
    "source_id": "d9507ac64b1c5978",
    "housenumber": 7.03,
    "lat": 52.4008755,
    "lon": 13.3995189,
    "parity": "L",
    "proj_lat": 52.40079416806127,
    "proj_lon": 13.399543363029935,
    "marker-color": "#3366ff",
    "marker-symbol": "o"
  },
  {
    "rowid": 152613,
    "id": 20353,
    "source": "OA",
    "source_id": "d9507ac64b1c5978",
    "housenumber": 7.03,
    "lat": 52.4008755,
    "lon": 13.3995189,
    "parity": "L",
    "proj_lat": 52.40079416806127,
    "proj_lon": 13.399543363029935,
    "marker-color": "#3366ff",
    "marker-symbol": "o"
  },
  {
    "rowid": 152614,
    "id": 20353,
    "source": "OA",
    "source_id": "b5771db87f75c1bb",
    "housenumber": 7.06,
    "lat": 52.4008657,
    "lon": 13.3994289,
    "parity": "L",
    "proj_lat": 52.40078409987206,
    "proj_lon": 13.39945344368501,
    "marker-color": "#3366ff",
    "marker-symbol": "o"
  },
  {
    "rowid": 152614,
    "id": 20353,
    "source": "OA",
    "source_id": "b5771db87f75c1bb",
    "housenumber": 7.06,
    "lat": 52.4008657,
    "lon": 13.3994289,
    "parity": "L",
    "proj_lat": 52.40078409987206,
    "proj_lon": 13.39945344368501,
    "marker-color": "#3366ff",
    "marker-symbol": "o"
  },
  {
    "rowid": 152615,
    "id": 20353,
    "source": "OA",
    "source_id": "a2428182aa730bc6",
    "housenumber": 8,
    "lat": 52.4008014,
    "lon": 13.3988706,
    "parity": "L",
    "proj_lat": 52.400721529266356,
    "proj_lon": 13.398894623447807,
    "marker-color": "#3366ff",
    "marker-symbol": "e"
  },
  {
    "rowid": 152615,
    "id": 20353,
    "source": "OA",
    "source_id": "a2428182aa730bc6",
    "housenumber": 8,
    "lat": 52.4008014,
    "lon": 13.3988706,
    "parity": "L",
    "proj_lat": 52.400721529266356,
    "proj_lon": 13.398894623447807,
    "marker-color": "#3366ff",
    "marker-symbol": "e"
  },
  {
    "rowid": 20877,
    "id": 20353,
    "source": "OA",
    "source_id": "c0c179f279226b99",
    "housenumber": 9,
    "lat": 52.4008601,
    "lon": 13.3977093,
    "parity": "L",
    "proj_lat": 52.400594973704976,
    "proj_lon": 13.397792241275079,
    "marker-color": "#3366ff",
    "marker-symbol": "o"
  },
  {
    "rowid": 20877,
    "id": 20353,
    "source": "OA",
    "source_id": "c0c179f279226b99",
    "housenumber": 9,
    "lat": 52.4008601,
    "lon": 13.3977093,
    "parity": "L",
    "proj_lat": 52.400594973704976,
    "proj_lon": 13.397792241275079,
    "marker-color": "#3366ff",
    "marker-symbol": "o"
  },
  {
    "rowid": 160387,
    "id": 20353,
    "source": "OA",
    "source_id": "4259f1867fdc77b2",
    "housenumber": 10,
    "lat": 52.4007713,
    "lon": 13.3975186,
    "parity": "L",
    "proj_lat": 52.40057042444278,
    "proj_lon": 13.397581441023684,
    "marker-color": "#3366ff",
    "marker-symbol": "e"
  },
  {
    "rowid": 160387,
    "id": 20353,
    "source": "OA",
    "source_id": "4259f1867fdc77b2",
    "housenumber": 10,
    "lat": 52.4007713,
    "lon": 13.3975186,
    "parity": "L",
    "proj_lat": 52.40057042444278,
    "proj_lon": 13.397581441023684,
    "marker-color": "#3366ff",
    "marker-symbol": "e"
  },
  {
    "rowid": 160388,
    "id": 20353,
    "source": "OA",
    "source_id": "9d01982dfa5b9ff5",
    "housenumber": 10.03,
    "lat": 52.4007519,
    "lon": 13.397426,
    "parity": "L",
    "proj_lat": 52.400559337610034,
    "proj_lon": 13.39748624031612,
    "marker-color": "#3366ff",
    "marker-symbol": "e"
  },
  {
    "rowid": 160388,
    "id": 20353,
    "source": "OA",
    "source_id": "9d01982dfa5b9ff5",
    "housenumber": 10.03,
    "lat": 52.4007519,
    "lon": 13.397426,
    "parity": "L",
    "proj_lat": 52.400559337610034,
    "proj_lon": 13.39748624031612,
    "marker-color": "#3366ff",
    "marker-symbol": "e"
  },
  {
    "rowid": 20878,
    "id": 20353,
    "source": "OA",
    "source_id": "dd012e599ef5638c",
    "housenumber": 11,
    "lat": 52.4005957,
    "lon": 13.3966533,
    "parity": "L",
    "proj_lat": 52.40046686177025,
    "proj_lon": 13.3966937861005,
    "marker-color": "#3366ff",
    "marker-symbol": "o"
  },
  {
    "rowid": 20878,
    "id": 20353,
    "source": "OA",
    "source_id": "dd012e599ef5638c",
    "housenumber": 11,
    "lat": 52.4005957,
    "lon": 13.3966533,
    "parity": "L",
    "proj_lat": 52.40046686177025,
    "proj_lon": 13.3966937861005,
    "marker-color": "#3366ff",
    "marker-symbol": "o"
  },
  {
    "rowid": 20879,
    "id": 20353,
    "source": "OA",
    "source_id": "188534bff4bca12a",
    "housenumber": 11.03,
    "lat": 52.4005793,
    "lon": 13.3965257,
    "parity": "L",
    "proj_lat": 52.400451882739304,
    "proj_lon": 13.39656573954569,
    "marker-color": "#3366ff",
    "marker-symbol": "o"
  },
  {
    "rowid": 20879,
    "id": 20353,
    "source": "OA",
    "source_id": "188534bff4bca12a",
    "housenumber": 11.03,
    "lat": 52.4005793,
    "lon": 13.3965257,
    "parity": "L",
    "proj_lat": 52.400451882739304,
    "proj_lon": 13.39656573954569,
    "marker-color": "#3366ff",
    "marker-symbol": "o"
  },
  {
    "rowid": 20880,
    "id": 20353,
    "source": "OA",
    "source_id": "e16313ae5e80d297",
    "housenumber": 12,
    "lat": 52.4005783,
    "lon": 13.3960829,
    "parity": "L",
    "proj_lat": 52.400401884667794,
    "proj_lon": 13.396138336676287,
    "marker-color": "#3366ff",
    "marker-symbol": "e"
  },
  {
    "rowid": 20880,
    "id": 20353,
    "source": "OA",
    "source_id": "e16313ae5e80d297",
    "housenumber": 12,
    "lat": 52.4005783,
    "lon": 13.3960829,
    "parity": "L",
    "proj_lat": 52.400401884667794,
    "proj_lon": 13.396138336676287,
    "marker-color": "#3366ff",
    "marker-symbol": "e"
  },
  {
    "rowid": 20881,
    "id": 20353,
    "source": "OA",
    "source_id": "f76b131d4a4ae37f",
    "housenumber": 12.03,
    "lat": 52.400506,
    "lon": 13.3958482,
    "parity": "L",
    "proj_lat": 52.400372839141305,
    "proj_lon": 13.39589004427245,
    "marker-color": "#3366ff",
    "marker-symbol": "e"
  },
  {
    "rowid": 20881,
    "id": 20353,
    "source": "OA",
    "source_id": "f76b131d4a4ae37f",
    "housenumber": 12.03,
    "lat": 52.400506,
    "lon": 13.3958482,
    "parity": "L",
    "proj_lat": 52.400372839141305,
    "proj_lon": 13.39589004427245,
    "marker-color": "#3366ff",
    "marker-symbol": "e"
  },
  {
    "rowid": 20882,
    "id": 20353,
    "source": "OA",
    "source_id": "042ec1e9b740d83c",
    "housenumber": 13,
    "lat": 52.4004664,
    "lon": 13.3955992,
    "parity": "L",
    "proj_lat": 52.400343339540825,
    "proj_lon": 13.395637870268342,
    "marker-color": "#3366ff",
    "marker-symbol": "o"
  },
  {
    "rowid": 20882,
    "id": 20353,
    "source": "OA",
    "source_id": "042ec1e9b740d83c",
    "housenumber": 13,
    "lat": 52.4004664,
    "lon": 13.3955992,
    "parity": "L",
    "proj_lat": 52.400343339540825,
    "proj_lon": 13.395637870268342,
    "marker-color": "#3366ff",
    "marker-symbol": "o"
  },
  {
    "rowid": 20886,
    "id": 20353,
    "source": "OA",
    "source_id": "c4659837a157b221",
    "housenumber": 42,
    "lat": 52.4002082,
    "lon": 13.3958128,
    "parity": "R",
    "proj_lat": 52.40035828593744,
    "proj_lon": 13.395765637852318,
    "marker-color": "#ff0000",
    "marker-symbol": "e"
  },
  {
    "rowid": 20886,
    "id": 20353,
    "source": "OA",
    "source_id": "c4659837a157b221",
    "housenumber": 42,
    "lat": 52.4002082,
    "lon": 13.3958128,
    "parity": "R",
    "proj_lat": 52.40035828593744,
    "proj_lon": 13.395765637852318,
    "marker-color": "#ff0000",
    "marker-symbol": "e"
  },
  {
    "rowid": 20887,
    "id": 20353,
    "source": "OA",
    "source_id": "6ee9d17ef0540f41",
    "housenumber": 42.03,
    "lat": 52.4002307,
    "lon": 13.3960375,
    "parity": "R",
    "proj_lat": 52.40038443736738,
    "proj_lon": 13.395989190398561,
    "marker-color": "#ff0000",
    "marker-symbol": "e"
  },
  {
    "rowid": 20887,
    "id": 20353,
    "source": "OA",
    "source_id": "6ee9d17ef0540f41",
    "housenumber": 42.03,
    "lat": 52.4002307,
    "lon": 13.3960375,
    "parity": "R",
    "proj_lat": 52.40038443736738,
    "proj_lon": 13.395989190398561,
    "marker-color": "#ff0000",
    "marker-symbol": "e"
  },
  {
    "rowid": 20888,
    "id": 20353,
    "source": "OA",
    "source_id": "9eec6237c7279254",
    "housenumber": 43,
    "lat": 52.4002499,
    "lon": 13.3963426,
    "parity": "R",
    "proj_lat": 52.400419543599874,
    "proj_lon": 13.396289292063429,
    "marker-color": "#ff0000",
    "marker-symbol": "o"
  },
  {
    "rowid": 20888,
    "id": 20353,
    "source": "OA",
    "source_id": "9eec6237c7279254",
    "housenumber": 43,
    "lat": 52.4002499,
    "lon": 13.3963426,
    "parity": "R",
    "proj_lat": 52.400419543599874,
    "proj_lon": 13.396289292063429,
    "marker-color": "#ff0000",
    "marker-symbol": "o"
  },
  {
    "rowid": 20889,
    "id": 20353,
    "source": "OA",
    "source_id": "90902dd0038636b4",
    "housenumber": 44,
    "lat": 52.4002944,
    "lon": 13.3966053,
    "parity": "R",
    "proj_lat": 52.400450762730486,
    "proj_lon": 13.396556165276742,
    "marker-color": "#ff0000",
    "marker-symbol": "e"
  },
  {
    "rowid": 20889,
    "id": 20353,
    "source": "OA",
    "source_id": "90902dd0038636b4",
    "housenumber": 44,
    "lat": 52.4002944,
    "lon": 13.3966053,
    "parity": "R",
    "proj_lat": 52.400450762730486,
    "proj_lon": 13.396556165276742,
    "marker-color": "#ff0000",
    "marker-symbol": "e"
  },
  {
    "rowid": 20890,
    "id": 20353,
    "source": "OA",
    "source_id": "d498119f29ed10f9",
    "housenumber": 44.03,
    "lat": 52.400324,
    "lon": 13.3968781,
    "parity": "R",
    "proj_lat": 52.400482593184826,
    "proj_lon": 13.396828264321908,
    "marker-color": "#ff0000",
    "marker-symbol": "e"
  },
  {
    "rowid": 20890,
    "id": 20353,
    "source": "OA",
    "source_id": "d498119f29ed10f9",
    "housenumber": 44.03,
    "lat": 52.400324,
    "lon": 13.3968781,
    "parity": "R",
    "proj_lat": 52.400482593184826,
    "proj_lon": 13.396828264321908,
    "marker-color": "#ff0000",
    "marker-symbol": "e"
  },
  {
    "rowid": 145309,
    "id": 20353,
    "source": "OA",
    "source_id": "4ef187ad967b93aa",
    "housenumber": 45,
    "lat": 52.4004175,
    "lon": 13.3975546,
    "parity": "R",
    "proj_lat": 52.400562033055834,
    "proj_lon": 13.397509385641152,
    "marker-color": "#ff0000",
    "marker-symbol": "o"
  },
  {
    "rowid": 145309,
    "id": 20353,
    "source": "OA",
    "source_id": "4ef187ad967b93aa",
    "housenumber": 45,
    "lat": 52.4004175,
    "lon": 13.3975546,
    "parity": "R",
    "proj_lat": 52.400562033055834,
    "proj_lon": 13.397509385641152,
    "marker-color": "#ff0000",
    "marker-symbol": "o"
  },
  {
    "rowid": 20891,
    "id": 20353,
    "source": "OA",
    "source_id": "754dc361144fb39c",
    "housenumber": 45.03,
    "lat": 52.4004502,
    "lon": 13.3979309,
    "parity": "R",
    "proj_lat": 52.40060546500958,
    "proj_lon": 13.397882328285906,
    "marker-color": "#ff0000",
    "marker-symbol": "o"
  },
  {
    "rowid": 20891,
    "id": 20353,
    "source": "OA",
    "source_id": "754dc361144fb39c",
    "housenumber": 45.03,
    "lat": 52.4004502,
    "lon": 13.3979309,
    "parity": "R",
    "proj_lat": 52.40060546500958,
    "proj_lon": 13.397882328285906,
    "marker-color": "#ff0000",
    "marker-symbol": "o"
  },
  {
    "rowid": 20892,
    "id": 20353,
    "source": "OA",
    "source_id": "b6a0702bc95eda59",
    "housenumber": 47,
    "lat": 52.4005502,
    "lon": 13.3988172,
    "parity": "R",
    "proj_lat": 52.40070756070307,
    "proj_lon": 13.398769869727444,
    "marker-color": "#ff0000",
    "marker-symbol": "o"
  },
  {
    "rowid": 20892,
    "id": 20353,
    "source": "OA",
    "source_id": "b6a0702bc95eda59",
    "housenumber": 47,
    "lat": 52.4005502,
    "lon": 13.3988172,
    "parity": "R",
    "proj_lat": 52.40070756070307,
    "proj_lon": 13.398769869727444,
    "marker-color": "#ff0000",
    "marker-symbol": "o"
  },
  {
    "rowid": 20893,
    "id": 20353,
    "source": "OA",
    "source_id": "24e57ae14d2a3ed1",
    "housenumber": 47.03,
    "lat": 52.4005991,
    "lon": 13.3991967,
    "parity": "R",
    "proj_lat": 52.40075026173602,
    "proj_lon": 13.399151234125199,
    "marker-color": "#ff0000",
    "marker-symbol": "o"
  },
  {
    "rowid": 20893,
    "id": 20353,
    "source": "OA",
    "source_id": "24e57ae14d2a3ed1",
    "housenumber": 47.03,
    "lat": 52.4005991,
    "lon": 13.3991967,
    "parity": "R",
    "proj_lat": 52.40075026173602,
    "proj_lon": 13.399151234125199,
    "marker-color": "#ff0000",
    "marker-symbol": "o"
  },
  {
    "rowid": 20894,
    "id": 20353,
    "source": "OA",
    "source_id": "edd5b7ac47f4c4af",
    "housenumber": 48,
    "lat": 52.4006311,
    "lon": 13.3994953,
    "parity": "R",
    "proj_lat": 52.40078364898607,
    "proj_lon": 13.399449416806643,
    "marker-color": "#ff0000",
    "marker-symbol": "e"
  },
  {
    "rowid": 20894,
    "id": 20353,
    "source": "OA",
    "source_id": "edd5b7ac47f4c4af",
    "housenumber": 48,
    "lat": 52.4006311,
    "lon": 13.3994953,
    "parity": "R",
    "proj_lat": 52.40078364898607,
    "proj_lon": 13.399449416806643,
    "marker-color": "#ff0000",
    "marker-symbol": "e"
  },
  {
    "rowid": 20895,
    "id": 20353,
    "source": "OA",
    "source_id": "5b5cecaed6014860",
    "housenumber": 49,
    "lat": 52.4007048,
    "lon": 13.4003721,
    "parity": "R",
    "proj_lat": 52.40089803724114,
    "proj_lon": 13.400255071851818,
    "marker-color": "#ff0000",
    "marker-symbol": "o"
  },
  {
    "rowid": 20895,
    "id": 20353,
    "source": "OA",
    "source_id": "5b5cecaed6014860",
    "housenumber": 49,
    "lat": 52.4007048,
    "lon": 13.4003721,
    "parity": "R",
    "proj_lat": 52.40089803724114,
    "proj_lon": 13.400255071851818,
    "marker-color": "#ff0000",
    "marker-symbol": "o"
  },
  {
    "rowid": 20896,
    "id": 20353,
    "source": "OA",
    "source_id": "73963f318b60fd69",
    "housenumber": 49.03,
    "lat": 52.4008125,
    "lon": 13.4006391,
    "parity": "R",
    "proj_lat": 52.40096393948588,
    "proj_lon": 13.40054738491957,
    "marker-color": "#ff0000",
    "marker-symbol": "o"
  },
  {
    "rowid": 20896,
    "id": 20353,
    "source": "OA",
    "source_id": "73963f318b60fd69",
    "housenumber": 49.03,
    "lat": 52.4008125,
    "lon": 13.4006391,
    "parity": "R",
    "proj_lat": 52.40096393948588,
    "proj_lon": 13.40054738491957,
    "marker-color": "#ff0000",
    "marker-symbol": "o"
  },
  {
    "rowid": 20897,
    "id": 20353,
    "source": "OA",
    "source_id": "1db7f47fcaf51ea1",
    "housenumber": 50,
    "lat": 52.4008977,
    "lon": 13.4009387,
    "parity": "R",
    "proj_lat": 52.401033605485985,
    "proj_lon": 13.400856392333383,
    "marker-color": "#ff0000",
    "marker-symbol": "e"
  },
  {
    "rowid": 20897,
    "id": 20353,
    "source": "OA",
    "source_id": "1db7f47fcaf51ea1",
    "housenumber": 50,
    "lat": 52.4008977,
    "lon": 13.4009387,
    "parity": "R",
    "proj_lat": 52.401033605485985,
    "proj_lon": 13.400856392333383,
    "marker-color": "#ff0000",
    "marker-symbol": "e"
  },
  {
    "rowid": 20898,
    "id": 20353,
    "source": "OA",
    "source_id": "40a1819b9a475acb",
    "housenumber": 50.03,
    "lat": 52.4009022,
    "lon": 13.4010357,
    "parity": "R",
    "proj_lat": 52.401053387619,
    "proj_lon": 13.400944137083389,
    "marker-color": "#ff0000",
    "marker-symbol": "e"
  },
  {
    "rowid": 20898,
    "id": 20353,
    "source": "OA",
    "source_id": "40a1819b9a475acb",
    "housenumber": 50.03,
    "lat": 52.4009022,
    "lon": 13.4010357,
    "parity": "R",
    "proj_lat": 52.401053387619,
    "proj_lon": 13.400944137083389,
    "marker-color": "#ff0000",
    "marker-symbol": "e"
  },
  {
    "rowid": 20899,
    "id": 20353,
    "source": "OA",
    "source_id": "02dc52e568472d4e",
    "housenumber": 51,
    "lat": 52.4009635,
    "lon": 13.4013053,
    "parity": "R",
    "proj_lat": 52.40109072077183,
    "proj_lon": 13.401283209587818,
    "marker-color": "#ff0000",
    "marker-symbol": "o"
  },
  {
    "rowid": 20899,
    "id": 20353,
    "source": "OA",
    "source_id": "02dc52e568472d4e",
    "housenumber": 51,
    "lat": 52.4009635,
    "lon": 13.4013053,
    "parity": "R",
    "proj_lat": 52.40109072077183,
    "proj_lon": 13.401283209587818,
    "marker-color": "#ff0000",
    "marker-symbol": "o"
  }
]
