[
  {
    "rowid": 336324,
    "id": 9705,
    "source": "OA",
    "source_id": "dd654058c6deed50",
    "housenumber": 1,
    "lat": 52.5046067,
    "lon": 13.4251405,
    "parity": "R",
    "proj_lat": 52.504551163213335,
    "proj_lon": 13.425364423538719,
    "marker-color": "#ff0000",
    "marker-symbol": "o"
  },
  {
    "rowid": 336324,
    "id": 9705,
    "source": "OA",
    "source_id": "dd654058c6deed50",
    "housenumber": 1,
    "lat": 52.5046067,
    "lon": 13.4251405,
    "parity": "R",
    "proj_lat": 52.504551163213335,
    "proj_lon": 13.425364423538719,
    "marker-color": "#ff0000",
    "marker-symbol": "o"
  },
  {
    "rowid": 336325,
    "id": 9705,
    "source": "OA",
    "source_id": "caf762915b7191a4",
    "housenumber": 1.03,
    "lat": 52.5047206,
    "lon": 13.4243855,
    "parity": "R",
    "proj_lat": 52.50448825565071,
    "proj_lon": 13.425322313986598,
    "marker-color": "#ff0000",
    "marker-symbol": "o"
  },
  {
    "rowid": 336325,
    "id": 9705,
    "source": "OA",
    "source_id": "caf762915b7191a4",
    "housenumber": 1.03,
    "lat": 52.5047206,
    "lon": 13.4243855,
    "parity": "R",
    "proj_lat": 52.50448825565071,
    "proj_lon": 13.425322313986598,
    "marker-color": "#ff0000",
    "marker-symbol": "o"
  },
  {
    "rowid": 336326,
    "id": 9705,
    "source": "OA",
    "source_id": "c9da1cad6de5c8ce",
    "housenumber": 2,
    "lat": 52.503836,
    "lon": 13.4244473,
    "parity": "R",
    "proj_lat": 52.503927,
    "proj_lon": 13.424709,
    "marker-color": "#ff0000",
    "marker-symbol": "e"
  },
  {
    "rowid": 336326,
    "id": 9705,
    "source": "OA",
    "source_id": "c9da1cad6de5c8ce",
    "housenumber": 2,
    "lat": 52.503836,
    "lon": 13.4244473,
    "parity": "R",
    "proj_lat": 52.503927,
    "proj_lon": 13.424709,
    "marker-color": "#ff0000",
    "marker-symbol": "e"
  },
  {
    "rowid": 356112,
    "id": 9704,
    "source": "OA",
    "source_id": "945e0fe0984f380f",
    "housenumber": 2.03,
    "lat": 52.5035085,
    "lon": 13.4238697,
    "parity": "R",
    "proj_lat": 52.503505458265266,
    "proj_lon": 13.424460756364795,
    "marker-color": "#ff0000",
    "marker-symbol": "e"
  },
  {
    "rowid": 356112,
    "id": 9704,
    "source": "OA",
    "source_id": "945e0fe0984f380f",
    "housenumber": 2.03,
    "lat": 52.5035085,
    "lon": 13.4238697,
    "parity": "R",
    "proj_lat": 52.503505458265266,
    "proj_lon": 13.424460756364795,
    "marker-color": "#ff0000",
    "marker-symbol": "e"
  },
  {
    "rowid": 356113,
    "id": 9704,
    "source": "OA",
    "source_id": "f1eed22d41c0c52a",
    "housenumber": 2.06,
    "lat": 52.5036751,
    "lon": 13.4232108,
    "parity": "R",
    "proj_lat": 52.503595,
    "proj_lon": 13.424462,
    "marker-color": "#ff0000",
    "marker-symbol": "e"
  },
  {
    "rowid": 356113,
    "id": 9704,
    "source": "OA",
    "source_id": "f1eed22d41c0c52a",
    "housenumber": 2.06,
    "lat": 52.5036751,
    "lon": 13.4232108,
    "parity": "R",
    "proj_lat": 52.503595,
    "proj_lon": 13.424462,
    "marker-color": "#ff0000",
    "marker-symbol": "e"
  },
  {
    "rowid": 336327,
    "id": 9704,
    "source": "OA",
    "source_id": "fd34af48930f5dc7",
    "housenumber": 3,
    "lat": 52.5029854,
    "lon": 13.4240568,
    "parity": "R",
    "proj_lat": 52.50293147707246,
    "proj_lon": 13.424280509320093,
    "marker-color": "#ff0000",
    "marker-symbol": "o"
  },
  {
    "rowid": 336327,
    "id": 9704,
    "source": "OA",
    "source_id": "fd34af48930f5dc7",
    "housenumber": 3,
    "lat": 52.5029854,
    "lon": 13.4240568,
    "parity": "R",
    "proj_lat": 52.50293147707246,
    "proj_lon": 13.424280509320093,
    "marker-color": "#ff0000",
    "marker-symbol": "o"
  },
  {
    "rowid": 336328,
    "id": 9704,
    "source": "OA",
    "source_id": "ffc87a8f4c7828dd",
    "housenumber": 4,
    "lat": 52.5020835,
    "lon": 13.4235538,
    "parity": "R",
    "proj_lat": 52.502089820654206,
    "proj_lon": 13.423829152702837,
    "marker-color": "#ff0000",
    "marker-symbol": "e"
  },
  {
    "rowid": 336328,
    "id": 9704,
    "source": "OA",
    "source_id": "ffc87a8f4c7828dd",
    "housenumber": 4,
    "lat": 52.5020835,
    "lon": 13.4235538,
    "parity": "R",
    "proj_lat": 52.502089820654206,
    "proj_lon": 13.423829152702837,
    "marker-color": "#ff0000",
    "marker-symbol": "e"
  },
  {
    "rowid": 336329,
    "id": 9704,
    "source": "OA",
    "source_id": "8097d6e647b87aad",
    "housenumber": 5,
    "lat": 52.5019177,
    "lon": 13.4236442,
    "parity": "R",
    "proj_lat": 52.501983,
    "proj_lon": 13.423869,
    "marker-color": "#ff0000",
    "marker-symbol": "o"
  },
  {
    "rowid": 336329,
    "id": 9704,
    "source": "OA",
    "source_id": "8097d6e647b87aad",
    "housenumber": 5,
    "lat": 52.5019177,
    "lon": 13.4236442,
    "parity": "R",
    "proj_lat": 52.501983,
    "proj_lon": 13.423869,
    "marker-color": "#ff0000",
    "marker-symbol": "o"
  },
  {
    "rowid": 336330,
    "id": 9704,
    "source": "OA",
    "source_id": "990810455e1754d1",
    "housenumber": 6,
    "lat": 52.5017699,
    "lon": 13.4238016,
    "parity": "R",
    "proj_lat": 52.50188566636801,
    "proj_lon": 13.423973424785444,
    "marker-color": "#ff0000",
    "marker-symbol": "e"
  },
  {
    "rowid": 336330,
    "id": 9704,
    "source": "OA",
    "source_id": "990810455e1754d1",
    "housenumber": 6,
    "lat": 52.5017699,
    "lon": 13.4238016,
    "parity": "R",
    "proj_lat": 52.50188566636801,
    "proj_lon": 13.423973424785444,
    "marker-color": "#ff0000",
    "marker-symbol": "e"
  },
  {
    "rowid": 336331,
    "id": 9704,
    "source": "OA",
    "source_id": "b19b7d0bae753d07",
    "housenumber": 7,
    "lat": 52.5016584,
    "lon": 13.4245333,
    "parity": "R",
    "proj_lat": 52.50178220181523,
    "proj_lon": 13.424511027228412,
    "marker-color": "#ff0000",
    "marker-symbol": "o"
  },
  {
    "rowid": 336331,
    "id": 9704,
    "source": "OA",
    "source_id": "b19b7d0bae753d07",
    "housenumber": 7,
    "lat": 52.5016584,
    "lon": 13.4245333,
    "parity": "R",
    "proj_lat": 52.50178220181523,
    "proj_lon": 13.424511027228412,
    "marker-color": "#ff0000",
    "marker-symbol": "o"
  },
  {
    "rowid": 336332,
    "id": 9704,
    "source": "OA",
    "source_id": "8ecbbff4e782a654",
    "housenumber": 8,
    "lat": 52.5017009,
    "lon": 13.4247139,
    "parity": "R",
    "proj_lat": 52.50181133096102,
    "proj_lon": 13.424644291926855,
    "marker-color": "#ff0000",
    "marker-symbol": "e"
  },
  {
    "rowid": 336332,
    "id": 9704,
    "source": "OA",
    "source_id": "8ecbbff4e782a654",
    "housenumber": 8,
    "lat": 52.5017009,
    "lon": 13.4247139,
    "parity": "R",
    "proj_lat": 52.50181133096102,
    "proj_lon": 13.424644291926855,
    "marker-color": "#ff0000",
    "marker-symbol": "e"
  },
  {
    "rowid": 336333,
    "id": 9704,
    "source": "OA",
    "source_id": "d0ffab4827660a61",
    "housenumber": 9,
    "lat": 52.5017697,
    "lon": 13.4248811,
    "parity": "R",
    "proj_lat": 52.50185007106427,
    "proj_lon": 13.424746333119053,
    "marker-color": "#ff0000",
    "marker-symbol": "o"
  },
  {
    "rowid": 336333,
    "id": 9704,
    "source": "OA",
    "source_id": "d0ffab4827660a61",
    "housenumber": 9,
    "lat": 52.5017697,
    "lon": 13.4248811,
    "parity": "R",
    "proj_lat": 52.50185007106427,
    "proj_lon": 13.424746333119053,
    "marker-color": "#ff0000",
    "marker-symbol": "o"
  },
  {
    "rowid": 336334,
    "id": 9704,
    "source": "OA",
    "source_id": "27b53d2e7f511ed0",
    "housenumber": 9.03,
    "lat": 52.5018844,
    "lon": 13.4250281,
    "parity": "R",
    "proj_lat": 52.5019309555395,
    "proj_lon": 13.42486018256193,
    "marker-color": "#ff0000",
    "marker-symbol": "o"
  },
  {
    "rowid": 336334,
    "id": 9704,
    "source": "OA",
    "source_id": "27b53d2e7f511ed0",
    "housenumber": 9.03,
    "lat": 52.5018844,
    "lon": 13.4250281,
    "parity": "R",
    "proj_lat": 52.5019309555395,
    "proj_lon": 13.42486018256193,
    "marker-color": "#ff0000",
    "marker-symbol": "o"
  },
  {
    "rowid": 336335,
    "id": 9704,
    "source": "OA",
    "source_id": "0aea7ef8b4bebd63",
    "housenumber": 12,
    "lat": 52.5025529,
    "lon": 13.4254854,
    "parity": "R",
    "proj_lat": 52.50259557445903,
    "proj_lon": 13.425312287730353,
    "marker-color": "#ff0000",
    "marker-symbol": "e"
  },
  {
    "rowid": 336335,
    "id": 9704,
    "source": "OA",
    "source_id": "0aea7ef8b4bebd63",
    "housenumber": 12,
    "lat": 52.5025529,
    "lon": 13.4254854,
    "parity": "R",
    "proj_lat": 52.50259557445903,
    "proj_lon": 13.425312287730353,
    "marker-color": "#ff0000",
    "marker-symbol": "e"
  },
  {
    "rowid": 336336,
    "id": 9704,
    "source": "OA",
    "source_id": "99cfeda91884bb7a",
    "housenumber": 13,
    "lat": 52.5027082,
    "lon": 13.4255911,
    "parity": "R",
    "proj_lat": 52.50275137907271,
    "proj_lon": 13.42541593948804,
    "marker-color": "#ff0000",
    "marker-symbol": "o"
  },
  {
    "rowid": 336336,
    "id": 9704,
    "source": "OA",
    "source_id": "99cfeda91884bb7a",
    "housenumber": 13,
    "lat": 52.5027082,
    "lon": 13.4255911,
    "parity": "R",
    "proj_lat": 52.50275137907271,
    "proj_lon": 13.42541593948804,
    "marker-color": "#ff0000",
    "marker-symbol": "o"
  },
  {
    "rowid": 336337,
    "id": 9704,
    "source": "OA",
    "source_id": "b0ac293d048c6e18",
    "housenumber": 14,
    "lat": 52.5028669,
    "lon": 13.4257105,
    "parity": "R",
    "proj_lat": 52.50291300602178,
    "proj_lon": 13.425523464656676,
    "marker-color": "#ff0000",
    "marker-symbol": "e"
  },
  {
    "rowid": 336337,
    "id": 9704,
    "source": "OA",
    "source_id": "b0ac293d048c6e18",
    "housenumber": 14,
    "lat": 52.5028669,
    "lon": 13.4257105,
    "parity": "R",
    "proj_lat": 52.50291300602178,
    "proj_lon": 13.425523464656676,
    "marker-color": "#ff0000",
    "marker-symbol": "e"
  },
  {
    "rowid": 336338,
    "id": 9704,
    "source": "OA",
    "source_id": "db5a48ee49da8bc1",
    "housenumber": 15,
    "lat": 52.5030413,
    "lon": 13.4258176,
    "parity": "R",
    "proj_lat": 52.503085149369966,
    "proj_lon": 13.425637246274302,
    "marker-color": "#ff0000",
    "marker-symbol": "o"
  },
  {
    "rowid": 336338,
    "id": 9704,
    "source": "OA",
    "source_id": "db5a48ee49da8bc1",
    "housenumber": 15,
    "lat": 52.5030413,
    "lon": 13.4258176,
    "parity": "R",
    "proj_lat": 52.503085149369966,
    "proj_lon": 13.425637246274302,
    "marker-color": "#ff0000",
    "marker-symbol": "o"
  },
  {
    "rowid": 336339,
    "id": 9704,
    "source": "OA",
    "source_id": "d5c3e567672d43e4",
    "housenumber": 18,
    "lat": 52.5035237,
    "lon": 13.4261446,
    "parity": "R",
    "proj_lat": 52.503568772680225,
    "proj_lon": 13.425960397052979,
    "marker-color": "#ff0000",
    "marker-symbol": "e"
  },
  {
    "rowid": 336339,
    "id": 9704,
    "source": "OA",
    "source_id": "d5c3e567672d43e4",
    "housenumber": 18,
    "lat": 52.5035237,
    "lon": 13.4261446,
    "parity": "R",
    "proj_lat": 52.503568772680225,
    "proj_lon": 13.425960397052979,
    "marker-color": "#ff0000",
    "marker-symbol": "e"
  },
  {
    "rowid": 336340,
    "id": 9704,
    "source": "OA",
    "source_id": "3ebcb43e4abda549",
    "housenumber": 19,
    "lat": 52.5036494,
    "lon": 13.4262296,
    "parity": "R",
    "proj_lat": 52.50369505569415,
    "proj_lon": 13.426044171046154,
    "marker-color": "#ff0000",
    "marker-symbol": "o"
  },
  {
    "rowid": 336340,
    "id": 9704,
    "source": "OA",
    "source_id": "3ebcb43e4abda549",
    "housenumber": 19,
    "lat": 52.5036494,
    "lon": 13.4262296,
    "parity": "R",
    "proj_lat": 52.50369505569415,
    "proj_lon": 13.426044171046154,
    "marker-color": "#ff0000",
    "marker-symbol": "o"
  },
  {
    "rowid": 336341,
    "id": 9704,
    "source": "OA",
    "source_id": "2496df2bb7a93be6",
    "housenumber": 20,
    "lat": 52.5037568,
    "lon": 13.4263022,
    "parity": "R",
    "proj_lat": 52.503802716327755,
    "proj_lon": 13.426115711580913,
    "marker-color": "#ff0000",
    "marker-symbol": "e"
  },
  {
    "rowid": 336341,
    "id": 9704,
    "source": "OA",
    "source_id": "2496df2bb7a93be6",
    "housenumber": 20,
    "lat": 52.5037568,
    "lon": 13.4263022,
    "parity": "R",
    "proj_lat": 52.503802716327755,
    "proj_lon": 13.426115711580913,
    "marker-color": "#ff0000",
    "marker-symbol": "e"
  },
  {
    "rowid": 336342,
    "id": 9704,
    "source": "OA",
    "source_id": "7ed046e637f4bd45",
    "housenumber": 21,
    "lat": 52.5038984,
    "lon": 13.4263973,
    "parity": "R",
    "proj_lat": 52.50394452909518,
    "proj_lon": 13.426209946222466,
    "marker-color": "#ff0000",
    "marker-symbol": "o"
  },
  {
    "rowid": 336342,
    "id": 9704,
    "source": "OA",
    "source_id": "7ed046e637f4bd45",
    "housenumber": 21,
    "lat": 52.5038984,
    "lon": 13.4263973,
    "parity": "R",
    "proj_lat": 52.50394452909518,
    "proj_lon": 13.426209946222466,
    "marker-color": "#ff0000",
    "marker-symbol": "o"
  },
  {
    "rowid": 358681,
    "id": 9704,
    "source": "OA",
    "source_id": "645aacfdec11e6c4",
    "housenumber": 21.03,
    "lat": 52.5037924,
    "lon": 13.4265544,
    "parity": "R",
    "proj_lat": 52.50388667517911,
    "proj_lon": 13.426171502271742,
    "marker-color": "#ff0000",
    "marker-symbol": "o"
  },
  {
    "rowid": 358681,
    "id": 9704,
    "source": "OA",
    "source_id": "645aacfdec11e6c4",
    "housenumber": 21.03,
    "lat": 52.5037924,
    "lon": 13.4265544,
    "parity": "R",
    "proj_lat": 52.50388667517911,
    "proj_lon": 13.426171502271742,
    "marker-color": "#ff0000",
    "marker-symbol": "o"
  },
  {
    "rowid": 358682,
    "id": 9704,
    "source": "OA",
    "source_id": "9ffd76de6d414d28",
    "housenumber": 21.06,
    "lat": 52.5037585,
    "lon": 13.4266949,
    "parity": "R",
    "proj_lat": 52.50388727109321,
    "proj_lon": 13.426171898256902,
    "marker-color": "#ff0000",
    "marker-symbol": "o"
  },
  {
    "rowid": 358682,
    "id": 9704,
    "source": "OA",
    "source_id": "9ffd76de6d414d28",
    "housenumber": 21.06,
    "lat": 52.5037585,
    "lon": 13.4266949,
    "parity": "R",
    "proj_lat": 52.50388727109321,
    "proj_lon": 13.426171898256902,
    "marker-color": "#ff0000",
    "marker-symbol": "o"
  },
  {
    "rowid": 358683,
    "id": 9704,
    "source": "OA",
    "source_id": "b656ab7793ff9250",
    "housenumber": 21.09,
    "lat": 52.5037152,
    "lon": 13.4268726,
    "parity": "R",
    "proj_lat": 52.50388766024385,
    "proj_lon": 13.42617215684766,
    "marker-color": "#ff0000",
    "marker-symbol": "o"
  },
  {
    "rowid": 358683,
    "id": 9704,
    "source": "OA",
    "source_id": "b656ab7793ff9250",
    "housenumber": 21.09,
    "lat": 52.5037152,
    "lon": 13.4268726,
    "parity": "R",
    "proj_lat": 52.50388766024385,
    "proj_lon": 13.42617215684766,
    "marker-color": "#ff0000",
    "marker-symbol": "o"
  },
  {
    "rowid": 358684,
    "id": 9704,
    "source": "OA",
    "source_id": "d9433e0637fe9f83",
    "housenumber": 21.12,
    "lat": 52.5036289,
    "lon": 13.4272162,
    "parity": "R",
    "proj_lat": 52.50388619995703,
    "proj_lon": 13.426171186486474,
    "marker-color": "#ff0000",
    "marker-symbol": "o"
  },
  {
    "rowid": 358684,
    "id": 9704,
    "source": "OA",
    "source_id": "d9433e0637fe9f83",
    "housenumber": 21.12,
    "lat": 52.5036289,
    "lon": 13.4272162,
    "parity": "R",
    "proj_lat": 52.50388619995703,
    "proj_lon": 13.426171186486474,
    "marker-color": "#ff0000",
    "marker-symbol": "o"
  },
  {
    "rowid": 359013,
    "id": 9704,
    "source": "OA",
    "source_id": "7ac7b531af0a0e99",
    "housenumber": 21.15,
    "lat": 52.5039088,
    "lon": 13.4272261,
    "parity": "R",
    "proj_lat": 52.504128836623245,
    "proj_lon": 13.426332418649729,
    "marker-color": "#ff0000",
    "marker-symbol": "o"
  },
  {
    "rowid": 359013,
    "id": 9704,
    "source": "OA",
    "source_id": "7ac7b531af0a0e99",
    "housenumber": 21.15,
    "lat": 52.5039088,
    "lon": 13.4272261,
    "parity": "R",
    "proj_lat": 52.504128836623245,
    "proj_lon": 13.426332418649729,
    "marker-color": "#ff0000",
    "marker-symbol": "o"
  },
  {
    "rowid": 359014,
    "id": 9704,
    "source": "OA",
    "source_id": "4437d0173d1e9e78",
    "housenumber": 21.18,
    "lat": 52.5038303,
    "lon": 13.4274544,
    "parity": "R",
    "proj_lat": 52.504109682075615,
    "proj_lon": 13.426319690445046,
    "marker-color": "#ff0000",
    "marker-symbol": "o"
  },
  {
    "rowid": 359014,
    "id": 9704,
    "source": "OA",
    "source_id": "4437d0173d1e9e78",
    "housenumber": 21.18,
    "lat": 52.5038303,
    "lon": 13.4274544,
    "parity": "R",
    "proj_lat": 52.504109682075615,
    "proj_lon": 13.426319690445046,
    "marker-color": "#ff0000",
    "marker-symbol": "o"
  },
  {
    "rowid": 359015,
    "id": 9704,
    "source": "OA",
    "source_id": "8a425961bdb1b9f9",
    "housenumber": 21.21,
    "lat": 52.5038894,
    "lon": 13.4275057,
    "parity": "R",
    "proj_lat": 52.504171326500675,
    "proj_lon": 13.426360653190539,
    "marker-color": "#ff0000",
    "marker-symbol": "o"
  },
  {
    "rowid": 359015,
    "id": 9704,
    "source": "OA",
    "source_id": "8a425961bdb1b9f9",
    "housenumber": 21.21,
    "lat": 52.5038894,
    "lon": 13.4275057,
    "parity": "R",
    "proj_lat": 52.504171326500675,
    "proj_lon": 13.426360653190539,
    "marker-color": "#ff0000",
    "marker-symbol": "o"
  },
  {
    "rowid": 336343,
    "id": 9704,
    "source": "OA",
    "source_id": "0179f22c388c3c8a",
    "housenumber": 22,
    "lat": 52.5040582,
    "lon": 13.4265053,
    "parity": "R",
    "proj_lat": 52.504104712391346,
    "proj_lon": 13.42631638808783,
    "marker-color": "#ff0000",
    "marker-symbol": "e"
  },
  {
    "rowid": 336343,
    "id": 9704,
    "source": "OA",
    "source_id": "0179f22c388c3c8a",
    "housenumber": 22,
    "lat": 52.5040582,
    "lon": 13.4265053,
    "parity": "R",
    "proj_lat": 52.504104712391346,
    "proj_lon": 13.42631638808783,
    "marker-color": "#ff0000",
    "marker-symbol": "e"
  },
  {
    "rowid": 336344,
    "id": 9704,
    "source": "OA",
    "source_id": "7adb1e3adb319597",
    "housenumber": 23,
    "lat": 52.5041937,
    "lon": 13.4265974,
    "parity": "R",
    "proj_lat": 52.50424064806676,
    "proj_lon": 13.426406717399361,
    "marker-color": "#ff0000",
    "marker-symbol": "o"
  },
  {
    "rowid": 336344,
    "id": 9704,
    "source": "OA",
    "source_id": "7adb1e3adb319597",
    "housenumber": 23,
    "lat": 52.5041937,
    "lon": 13.4265974,
    "parity": "R",
    "proj_lat": 52.50424064806676,
    "proj_lon": 13.426406717399361,
    "marker-color": "#ff0000",
    "marker-symbol": "o"
  },
  {
    "rowid": 336345,
    "id": 9704,
    "source": "OA",
    "source_id": "89e90c8ab9132b1e",
    "housenumber": 24,
    "lat": 52.5043286,
    "lon": 13.4266881,
    "parity": "R",
    "proj_lat": 52.504375771872255,
    "proj_lon": 13.426496507222993,
    "marker-color": "#ff0000",
    "marker-symbol": "e"
  },
  {
    "rowid": 336345,
    "id": 9704,
    "source": "OA",
    "source_id": "89e90c8ab9132b1e",
    "housenumber": 24,
    "lat": 52.5043286,
    "lon": 13.4266881,
    "parity": "R",
    "proj_lat": 52.504375771872255,
    "proj_lon": 13.426496507222993,
    "marker-color": "#ff0000",
    "marker-symbol": "e"
  },
  {
    "rowid": 336346,
    "id": 9704,
    "source": "OA",
    "source_id": "14f96768c86c8377",
    "housenumber": 25,
    "lat": 52.5044258,
    "lon": 13.4267539,
    "parity": "R",
    "proj_lat": 52.5044732278362,
    "proj_lon": 13.42656126675062,
    "marker-color": "#ff0000",
    "marker-symbol": "o"
  },
  {
    "rowid": 336346,
    "id": 9704,
    "source": "OA",
    "source_id": "14f96768c86c8377",
    "housenumber": 25,
    "lat": 52.5044258,
    "lon": 13.4267539,
    "parity": "R",
    "proj_lat": 52.5044732278362,
    "proj_lon": 13.42656126675062,
    "marker-color": "#ff0000",
    "marker-symbol": "o"
  },
  {
    "rowid": 336347,
    "id": 9704,
    "source": "OA",
    "source_id": "ba5a78bc8bc5f1b1",
    "housenumber": 26,
    "lat": 52.504535,
    "lon": 13.4268302,
    "parity": "R",
    "proj_lat": 52.50458321825038,
    "proj_lon": 13.426634355425515,
    "marker-color": "#ff0000",
    "marker-symbol": "e"
  },
  {
    "rowid": 336347,
    "id": 9704,
    "source": "OA",
    "source_id": "ba5a78bc8bc5f1b1",
    "housenumber": 26,
    "lat": 52.504535,
    "lon": 13.4268302,
    "parity": "R",
    "proj_lat": 52.50458321825038,
    "proj_lon": 13.426634355425515,
    "marker-color": "#ff0000",
    "marker-symbol": "e"
  },
  {
    "rowid": 336348,
    "id": 9704,
    "source": "OA",
    "source_id": "60448c01df33515d",
    "housenumber": 28,
    "lat": 52.5052259,
    "lon": 13.4273811,
    "parity": "R",
    "proj_lat": 52.505287,
    "proj_lon": 13.427147,
    "marker-color": "#ff0000",
    "marker-symbol": "e"
  },
  {
    "rowid": 336348,
    "id": 9704,
    "source": "OA",
    "source_id": "60448c01df33515d",
    "housenumber": 28,
    "lat": 52.5052259,
    "lon": 13.4273811,
    "parity": "R",
    "proj_lat": 52.505287,
    "proj_lon": 13.427147,
    "marker-color": "#ff0000",
    "marker-symbol": "e"
  }
]
