[
  {
    "rowid": 88433,
    "id": 46408,
    "source": "OA",
    "source_id": "88dae594acafee09",
    "housenumber": 1,
    "lat": 52.4910032,
    "lon": 13.4429815,
    "parity": "R",
    "proj_lat": 52.49111611548341,
    "proj_lon": 13.44314205928921,
    "marker-color": "#ff0000",
    "marker-symbol": "o"
  },
  {
    "rowid": 88434,
    "id": 46408,
    "source": "OA",
    "source_id": "ea6b530271bdc3d3",
    "housenumber": 1.03,
    "lat": 52.4908713,
    "lon": 13.4425733,
    "parity": "R",
    "proj_lat": 52.491182862436375,
    "proj_lon": 13.443015143993563,
    "marker-color": "#ff0000",
    "marker-symbol": "o"
  },
  {
    "rowid": 88435,
    "id": 46408,
    "source": "OA",
    "source_id": "3b90a450f4101380",
    "housenumber": 2,
    "lat": 52.4909038,
    "lon": 13.4431538,
    "parity": "R",
    "proj_lat": 52.49102165177651,
    "proj_lon": 13.44332125425476,
    "marker-color": "#ff0000",
    "marker-symbol": "e"
  },
  {
    "rowid": 88436,
    "id": 46408,
    "source": "OA",
    "source_id": "0e41c175a9428eb8",
    "housenumber": 3,
    "lat": 52.4907953,
    "lon": 13.4433419,
    "parity": "R",
    "proj_lat": 52.49091853469988,
    "proj_lon": 13.443517001925642,
    "marker-color": "#ff0000",
    "marker-symbol": "o"
  },
  {
    "rowid": 88437,
    "id": 46408,
    "source": "OA",
    "source_id": "8d6399181cbe6e50",
    "housenumber": 4,
    "lat": 52.4906868,
    "lon": 13.4435299,
    "parity": "R",
    "proj_lat": 52.49081497390333,
    "proj_lon": 13.4437128193227,
    "marker-color": "#ff0000",
    "marker-symbol": "e"
  },
  {
    "rowid": 88438,
    "id": 46408,
    "source": "OA",
    "source_id": "551e95fe29779597",
    "housenumber": 5,
    "lat": 52.4905857,
    "lon": 13.4437053,
    "parity": "R",
    "proj_lat": 52.490722562325146,
    "proj_lon": 13.443889875349717,
    "marker-color": "#ff0000",
    "marker-symbol": "o"
  },
  {
    "rowid": 88439,
    "id": 46408,
    "source": "OA",
    "source_id": "e58030ae3f0622d2",
    "housenumber": 6,
    "lat": 52.4903314,
    "lon": 13.4435487,
    "parity": "R",
    "proj_lat": 52.490657109882704,
    "proj_lon": 13.44401379244378,
    "marker-color": "#ff0000",
    "marker-symbol": "e"
  },
  {
    "rowid": 88440,
    "id": 46408,
    "source": "OA",
    "source_id": "c5ba84096379fdfc",
    "housenumber": 7,
    "lat": 52.4896702,
    "lon": 13.4453535,
    "parity": "R",
    "proj_lat": 52.48979260200815,
    "proj_lon": 13.445546283116565,
    "marker-color": "#ff0000",
    "marker-symbol": "o"
  },
  {
    "rowid": 88441,
    "id": 46408,
    "source": "OA",
    "source_id": "8ee2f04ab088cbe9",
    "housenumber": 8,
    "lat": 52.4895761,
    "lon": 13.4455197,
    "parity": "R",
    "proj_lat": 52.48969696392281,
    "proj_lon": 13.445710059818158,
    "marker-color": "#ff0000",
    "marker-symbol": "e"
  },
  {
    "rowid": 88442,
    "id": 46408,
    "source": "OA",
    "source_id": "ca20e0ab722be4a6",
    "housenumber": 9,
    "lat": 52.4894858,
    "lon": 13.4456794,
    "parity": "R",
    "proj_lat": 52.489605123582415,
    "proj_lon": 13.44586733302129,
    "marker-color": "#ff0000",
    "marker-symbol": "o"
  },
  {
    "rowid": 88443,
    "id": 46408,
    "source": "OA",
    "source_id": "6ca04a7e880a1675",
    "housenumber": 10,
    "lat": 52.4893882,
    "lon": 13.4458519,
    "parity": "R",
    "proj_lat": 52.48950589229686,
    "proj_lon": 13.446037262946012,
    "marker-color": "#ff0000",
    "marker-symbol": "e"
  },
  {
    "rowid": 88444,
    "id": 46408,
    "source": "OA",
    "source_id": "37692e53295ac8bb",
    "housenumber": 15,
    "lat": 52.4887528,
    "lon": 13.4469874,
    "parity": "R",
    "proj_lat": 52.48886927515553,
    "proj_lon": 13.447156575348462,
    "marker-color": "#ff0000",
    "marker-symbol": "o"
  },
  {
    "rowid": 170406,
    "id": 46408,
    "source": "OA",
    "source_id": "a95ec256fd7d24ea",
    "housenumber": 16,
    "lat": 52.4885953,
    "lon": 13.4472943,
    "parity": "R",
    "proj_lat": 52.488707410831346,
    "proj_lon": 13.44745713518179,
    "marker-color": "#ff0000",
    "marker-symbol": "e"
  },
  {
    "rowid": 88445,
    "id": 46408,
    "source": "OA",
    "source_id": "3013cdf8d1a23eb3",
    "housenumber": 17,
    "lat": 52.4883233,
    "lon": 13.4478243,
    "parity": "R",
    "proj_lat": 52.488440525284986,
    "proj_lon": 13.447977859707388,
    "marker-color": "#ff0000",
    "marker-symbol": "o"
  },
  {
    "rowid": 88446,
    "id": 46408,
    "source": "OA",
    "source_id": "87a8da57dcb00225",
    "housenumber": 18,
    "lat": 52.4881249,
    "lon": 13.4482109,
    "parity": "R",
    "proj_lat": 52.488248617863206,
    "proj_lon": 13.448372963222814,
    "marker-color": "#ff0000",
    "marker-symbol": "e"
  },
  {
    "rowid": 172273,
    "id": 46408,
    "source": "OA",
    "source_id": "5988c1cd80a36ae3",
    "housenumber": 90,
    "lat": 52.4888974,
    "lon": 13.447448,
    "parity": "L",
    "proj_lat": 52.48879355767297,
    "proj_lon": 13.447297172320969,
    "marker-color": "#3366ff",
    "marker-symbol": "e"
  },
  {
    "rowid": 88484,
    "id": 46408,
    "source": "OA",
    "source_id": "a3b78e3bdc8559f5",
    "housenumber": 91,
    "lat": 52.489535,
    "lon": 13.4463776,
    "parity": "L",
    "proj_lat": 52.48941631148702,
    "proj_lon": 13.446190666786217,
    "marker-color": "#3366ff",
    "marker-symbol": "o"
  },
  {
    "rowid": 88485,
    "id": 46408,
    "source": "OA",
    "source_id": "d66ddee11b1c7821",
    "housenumber": 92,
    "lat": 52.4896288,
    "lon": 13.4462136,
    "parity": "L",
    "proj_lat": 52.4895111371267,
    "proj_lon": 13.446028281367923,
    "marker-color": "#3366ff",
    "marker-symbol": "e"
  },
  {
    "rowid": 88486,
    "id": 46408,
    "source": "OA",
    "source_id": "5cb0b17091ccd548",
    "housenumber": 93,
    "lat": 52.4897212,
    "lon": 13.4460522,
    "parity": "L",
    "proj_lat": 52.48960450114537,
    "proj_lon": 13.445868398921816,
    "marker-color": "#3366ff",
    "marker-symbol": "o"
  },
  {
    "rowid": 88487,
    "id": 46408,
    "source": "OA",
    "source_id": "c2344a678345ab82",
    "housenumber": 94,
    "lat": 52.4898172,
    "lon": 13.4458844,
    "parity": "L",
    "proj_lat": 52.48970153669301,
    "proj_lon": 13.445702229117467,
    "marker-color": "#3366ff",
    "marker-symbol": "e"
  },
  {
    "rowid": 88488,
    "id": 46408,
    "source": "OA",
    "source_id": "932cf91a6a4c7e05",
    "housenumber": 95,
    "lat": 52.4898965,
    "lon": 13.4457459,
    "parity": "L",
    "proj_lat": 52.48978165869833,
    "proj_lon": 13.445565023131916,
    "marker-color": "#3366ff",
    "marker-symbol": "o"
  },
  {
    "rowid": 88489,
    "id": 46408,
    "source": "OA",
    "source_id": "c2aa8cef2f3e2737",
    "housenumber": 96,
    "lat": 52.4906909,
    "lon": 13.4443615,
    "parity": "L",
    "proj_lat": 52.4905667395374,
    "proj_lon": 13.444184890122473,
    "marker-color": "#3366ff",
    "marker-symbol": "e"
  },
  {
    "rowid": 88490,
    "id": 46408,
    "source": "OA",
    "source_id": "505ef1d42f8661dc",
    "housenumber": 97,
    "lat": 52.4907645,
    "lon": 13.4442364,
    "parity": "L",
    "proj_lat": 52.490636229099664,
    "proj_lon": 13.444053233922851,
    "marker-color": "#3366ff",
    "marker-symbol": "o"
  },
  {
    "rowid": 88491,
    "id": 46408,
    "source": "OA",
    "source_id": "81d71b8da8da3b3e",
    "housenumber": 98,
    "lat": 52.4908395,
    "lon": 13.4441087,
    "parity": "L",
    "proj_lat": 52.490707018473856,
    "proj_lon": 13.443919520660494,
    "marker-color": "#3366ff",
    "marker-symbol": "e"
  },
  {
    "rowid": 88492,
    "id": 46408,
    "source": "OA",
    "source_id": "44ad9d2b8e284ae1",
    "housenumber": 99,
    "lat": 52.4909162,
    "lon": 13.4439783,
    "parity": "L",
    "proj_lat": 52.490778122170966,
    "proj_lon": 13.443782967060686,
    "marker-color": "#3366ff",
    "marker-symbol": "o"
  },
  {
    "rowid": 88493,
    "id": 46408,
    "source": "OA",
    "source_id": "cb1110306f7330b8",
    "housenumber": 100,
    "lat": 52.4909775,
    "lon": 13.4438264,
    "parity": "L",
    "proj_lat": 52.490850657189704,
    "proj_lon": 13.443645377911457,
    "marker-color": "#3366ff",
    "marker-symbol": "e"
  },
  {
    "rowid": 88494,
    "id": 46408,
    "source": "OA",
    "source_id": "5a089b811f80fc11",
    "housenumber": 101,
    "lat": 52.4910532,
    "lon": 13.4436966,
    "parity": "L",
    "proj_lat": 52.490922073990575,
    "proj_lon": 13.44351028327213,
    "marker-color": "#3366ff",
    "marker-symbol": "o"
  },
  {
    "rowid": 88495,
    "id": 46408,
    "source": "OA",
    "source_id": "49fb7738fc9f089e",
    "housenumber": 102,
    "lat": 52.4911264,
    "lon": 13.4435712,
    "parity": "L",
    "proj_lat": 52.49099119009122,
    "proj_lon": 13.443379079826824,
    "marker-color": "#3366ff",
    "marker-symbol": "e"
  },
  {
    "rowid": 88496,
    "id": 46408,
    "source": "OA",
    "source_id": "956f5ccd0bdbedd5",
    "housenumber": 103,
    "lat": 52.4912039,
    "lon": 13.4434384,
    "parity": "L",
    "proj_lat": 52.491064436611396,
    "proj_lon": 13.443240089314461,
    "marker-color": "#3366ff",
    "marker-symbol": "o"
  },
  {
    "rowid": 88497,
    "id": 46408,
    "source": "OA",
    "source_id": "d0456f6124508926",
    "housenumber": 104,
    "lat": 52.4912644,
    "lon": 13.4432917,
    "parity": "L",
    "proj_lat": 52.49113439432626,
    "proj_lon": 13.443107328438295,
    "marker-color": "#3366ff",
    "marker-symbol": "e"
  },
  {
    "rowid": 88498,
    "id": 46408,
    "source": "OA",
    "source_id": "dfcd1f49216b247a",
    "housenumber": 105,
    "lat": 52.4913398,
    "lon": 13.4431625,
    "parity": "L",
    "proj_lat": 52.491205515234725,
    "proj_lon": 13.442972059259452,
    "marker-color": "#3366ff",
    "marker-symbol": "o"
  },
  {
    "rowid": 88499,
    "id": 46408,
    "source": "OA",
    "source_id": "61092e18c0a74cc3",
    "housenumber": 106,
    "lat": 52.4914141,
    "lon": 13.4430357,
    "parity": "L",
    "proj_lat": 52.49127544343315,
    "proj_lon": 13.442839058568323,
    "marker-color": "#3366ff",
    "marker-symbol": "e"
  },
  {
    "rowid": 88500,
    "id": 46408,
    "source": "OA",
    "source_id": "8d874e4b4ca4c5e3",
    "housenumber": 107,
    "lat": 52.4914885,
    "lon": 13.4429084,
    "parity": "L",
    "proj_lat": 52.49134556495453,
    "proj_lon": 13.442705690184532,
    "marker-color": "#3366ff",
    "marker-symbol": "o"
  }
]
