[
  {
    "rowid": 240101,
    "id": 6908,
    "source": "OA",
    "source_id": "9f2e5fea9f4061b1",
    "housenumber": 1,
    "lat": 52.50907,
    "lon": 13.3745058,
    "parity": "R",
    "proj_lat": 52.509238888044024,
    "proj_lon": 13.374466526424083,
    "marker-color": "#ff0000",
    "marker-symbol": "o"
  },
  {
    "rowid": 240102,
    "id": 6908,
    "source": "OA",
    "source_id": "7eee14c675771204",
    "housenumber": 2,
    "lat": 52.5095228,
    "lon": 13.3736202,
    "parity": "L",
    "proj_lat": 52.50917726379878,
    "proj_lon": 13.373689764574594,
    "marker-color": "#3366ff",
    "marker-symbol": "e"
  },
  {
    "rowid": 262015,
    "id": 6908,
    "source": "OA",
    "source_id": "893d6c4b8840b38d",
    "housenumber": 3,
    "lat": 52.5089893,
    "lon": 13.3736976,
    "parity": "R",
    "proj_lat": 52.509175059221846,
    "proj_lon": 13.373660203201977,
    "marker-color": "#ff0000",
    "marker-symbol": "o"
  },
  {
    "rowid": 240103,
    "id": 6908,
    "source": "OA",
    "source_id": "a97aab44de281fd3",
    "housenumber": 4,
    "lat": 52.5096568,
    "lon": 13.3727255,
    "parity": "L",
    "proj_lat": 52.50911327307776,
    "proj_lon": 13.372838174124974,
    "marker-color": "#3366ff",
    "marker-symbol": "e"
  },
  {
    "rowid": 262016,
    "id": 6908,
    "source": "OA",
    "source_id": "d0d602821f80a3fc",
    "housenumber": 5,
    "lat": 52.5089709,
    "lon": 13.3734633,
    "parity": "R",
    "proj_lat": 52.50915757229534,
    "proj_lon": 13.37342571941471,
    "marker-color": "#ff0000",
    "marker-symbol": "o"
  },
  {
    "rowid": 240104,
    "id": 6908,
    "source": "OA",
    "source_id": "aa43156a72679883",
    "housenumber": 6,
    "lat": 52.5098517,
    "lon": 13.3721037,
    "parity": "L",
    "proj_lat": 52.509069327093,
    "proj_lon": 13.372265888772914,
    "marker-color": "#3366ff",
    "marker-symbol": "e"
  },
  {
    "rowid": 240105,
    "id": 6908,
    "source": "OA",
    "source_id": "3f2e12e7b91ea0b5",
    "housenumber": 7,
    "lat": 52.5089036,
    "lon": 13.3726168,
    "parity": "R",
    "proj_lat": 52.50909325471651,
    "proj_lon": 13.372577485577969,
    "marker-color": "#ff0000",
    "marker-symbol": "o"
  },
  {
    "rowid": 240106,
    "id": 6908,
    "source": "OA",
    "source_id": "92245166e343b8de",
    "housenumber": 8,
    "lat": 52.5094255,
    "lon": 13.372251,
    "parity": "L",
    "proj_lat": 52.50907378263062,
    "proj_lon": 13.372323910886442,
    "marker-color": "#3366ff",
    "marker-symbol": "e"
  },
  {
    "rowid": 240107,
    "id": 6908,
    "source": "OA",
    "source_id": "d47f8d76efdfde52",
    "housenumber": 33,
    "lat": 52.5082562,
    "lon": 13.3714122,
    "parity": "R",
    "proj_lat": 52.508826032481345,
    "proj_lon": 13.370647841763699,
    "marker-color": "#ff0000",
    "marker-symbol": "o"
  },
  {
    "rowid": 240108,
    "id": 6908,
    "source": "OA",
    "source_id": "4a7f297e525b5689",
    "housenumber": 35,
    "lat": 52.5071784,
    "lon": 13.3698038,
    "parity": "R",
    "proj_lat": 52.507273058867995,
    "proj_lon": 13.369165023547199,
    "marker-color": "#ff0000",
    "marker-symbol": "o"
  },
  {
    "rowid": 240109,
    "id": 6908,
    "source": "OA",
    "source_id": "e15262641dc1c519",
    "housenumber": 37,
    "lat": 52.5069125,
    "lon": 13.3696871,
    "parity": "R",
    "proj_lat": 52.50704468806948,
    "proj_lon": 13.369051371284026,
    "marker-color": "#ff0000",
    "marker-symbol": "o"
  },
  {
    "rowid": 240110,
    "id": 6909,
    "source": "OA",
    "source_id": "bf7637c990daa195",
    "housenumber": 50,
    "lat": 52.5068847,
    "lon": 13.3680072,
    "parity": "R",
    "proj_lat": 52.50676894097131,
    "proj_lon": 13.368636433016578,
    "marker-color": "#ff0000",
    "marker-symbol": "e"
  },
  {
    "rowid": 240111,
    "id": 6896,
    "source": "OA",
    "source_id": "27e30f118a46aba7",
    "housenumber": 53,
    "lat": 52.5050763,
    "lon": 13.3682226,
    "parity": "R",
    "proj_lat": 52.50517284667252,
    "proj_lon": 13.36791901006058,
    "marker-color": "#ff0000",
    "marker-symbol": "o"
  },
  {
    "rowid": 240112,
    "id": 6896,
    "source": "OA",
    "source_id": "450e0817d2f43ccc",
    "housenumber": 55,
    "lat": 52.5049176,
    "lon": 13.3680031,
    "parity": "R",
    "proj_lat": 52.50501929010708,
    "proj_lon": 13.367775198838629,
    "marker-color": "#ff0000",
    "marker-symbol": "o"
  },
  {
    "rowid": 240113,
    "id": 6896,
    "source": "OA",
    "source_id": "3b1ed2d0d63c993f",
    "housenumber": 57,
    "lat": 52.5047734,
    "lon": 13.3678311,
    "parity": "R",
    "proj_lat": 52.50487557240244,
    "proj_lon": 13.367602119452402,
    "marker-color": "#ff0000",
    "marker-symbol": "o"
  },
  {
    "rowid": 261464,
    "id": 6896,
    "source": "OA",
    "source_id": "b0419b4a72fb24f8",
    "housenumber": 58,
    "lat": 52.505492,
    "lon": 13.3675597,
    "parity": "R",
    "proj_lat": 52.505416610965035,
    "proj_lon": 13.36782701730174,
    "marker-color": "#ff0000",
    "marker-symbol": "e"
  },
  {
    "rowid": 240114,
    "id": 6896,
    "source": "OA",
    "source_id": "aca699a66304fd39",
    "housenumber": 59,
    "lat": 52.5046765,
    "lon": 13.3676716,
    "parity": "R",
    "proj_lat": 52.50476624943694,
    "proj_lon": 13.367470461687498,
    "marker-color": "#ff0000",
    "marker-symbol": "o"
  },
  {
    "rowid": 240115,
    "id": 6896,
    "source": "OA",
    "source_id": "3107b0dac476a670",
    "housenumber": 60,
    "lat": 52.5051295,
    "lon": 13.3671152,
    "parity": "R",
    "proj_lat": 52.50499953222971,
    "proj_lon": 13.367460840401868,
    "marker-color": "#ff0000",
    "marker-symbol": "e"
  },
  {
    "rowid": 240116,
    "id": 6896,
    "source": "OA",
    "source_id": "bdae280867bfe5e0",
    "housenumber": 61,
    "lat": 52.5041108,
    "lon": 13.3670707,
    "parity": "R",
    "proj_lat": 52.50420451411935,
    "proj_lon": 13.366838391759108,
    "marker-color": "#ff0000",
    "marker-symbol": "o"
  },
  {
    "rowid": 240117,
    "id": 6896,
    "source": "OA",
    "source_id": "9074cf1d3164f5c7",
    "housenumber": 62,
    "lat": 52.5051295,
    "lon": 13.3671152,
    "parity": "R",
    "proj_lat": 52.50499953222971,
    "proj_lon": 13.367460840401868,
    "marker-color": "#ff0000",
    "marker-symbol": "e"
  },
  {
    "rowid": 240118,
    "id": 6896,
    "source": "OA",
    "source_id": "68f244a0a99b751f",
    "housenumber": 63,
    "lat": 52.5037701,
    "lon": 13.3667238,
    "parity": "R",
    "proj_lat": 52.50390485831926,
    "proj_lon": 13.366488026130769,
    "marker-color": "#ff0000",
    "marker-symbol": "o"
  },
  {
    "rowid": 240119,
    "id": 6896,
    "source": "OA",
    "source_id": "a8e7eb74e6e9014a",
    "housenumber": 64,
    "lat": 52.5051295,
    "lon": 13.3671152,
    "parity": "R",
    "proj_lat": 52.50499953222971,
    "proj_lon": 13.367460840401868,
    "marker-color": "#ff0000",
    "marker-symbol": "e"
  },
  {
    "rowid": 240120,
    "id": 6896,
    "source": "OA",
    "source_id": "b0c97ee7228360f1",
    "housenumber": 65,
    "lat": 52.5035982,
    "lon": 13.3665483,
    "parity": "L",
    "proj_lat": 52.503755,
    "proj_lon": 13.366274,
    "marker-color": "#3366ff",
    "marker-symbol": "o"
  },
  {
    "rowid": 240121,
    "id": 6896,
    "source": "OA",
    "source_id": "9346baea1ec0e71b",
    "housenumber": 66,
    "lat": 52.5049061,
    "lon": 13.3669197,
    "parity": "R",
    "proj_lat": 52.504784629794194,
    "proj_lon": 13.367242738426365,
    "marker-color": "#ff0000",
    "marker-symbol": "e"
  },
  {
    "rowid": 240122,
    "id": 6896,
    "source": "OA",
    "source_id": "f477b107ae13dc4f",
    "housenumber": 67,
    "lat": 52.5033938,
    "lon": 13.3663095,
    "parity": "L",
    "proj_lat": 52.503755,
    "proj_lon": 13.366274,
    "marker-color": "#3366ff",
    "marker-symbol": "o"
  },
  {
    "rowid": 240123,
    "id": 6896,
    "source": "OA",
    "source_id": "514541676b8b61d4",
    "housenumber": 68,
    "lat": 52.5047163,
    "lon": 13.3667865,
    "parity": "R",
    "proj_lat": 52.504609014946034,
    "proj_lon": 13.367063470170848,
    "marker-color": "#ff0000",
    "marker-symbol": "e"
  },
  {
    "rowid": 240124,
    "id": 6896,
    "source": "OA",
    "source_id": "7089da1bb818dc32",
    "housenumber": 69,
    "lat": 52.5031876,
    "lon": 13.3661289,
    "parity": "L",
    "proj_lat": 52.503755,
    "proj_lon": 13.366274,
    "marker-color": "#3366ff",
    "marker-symbol": "o"
  },
  {
    "rowid": 240125,
    "id": 6896,
    "source": "OA",
    "source_id": "14fd659c9d875995",
    "housenumber": 70,
    "lat": 52.5046066,
    "lon": 13.3666904,
    "parity": "R",
    "proj_lat": 52.5045007667432,
    "proj_lon": 13.366946514651929,
    "marker-color": "#ff0000",
    "marker-symbol": "e"
  },
  {
    "rowid": 240126,
    "id": 6896,
    "source": "OA",
    "source_id": "7a4c84cdf4d082d7",
    "housenumber": 71,
    "lat": 52.5028393,
    "lon": 13.3658196,
    "parity": "L",
    "proj_lat": 52.503755,
    "proj_lon": 13.366274,
    "marker-color": "#3366ff",
    "marker-symbol": "o"
  },
  {
    "rowid": 240127,
    "id": 6896,
    "source": "OA",
    "source_id": "c5b227cc9b9dc90a",
    "housenumber": 72,
    "lat": 52.5044529,
    "lon": 13.3665557,
    "parity": "R",
    "proj_lat": 52.50435745271416,
    "proj_lon": 13.36678667916646,
    "marker-color": "#ff0000",
    "marker-symbol": "e"
  },
  {
    "rowid": 240128,
    "id": 6896,
    "source": "OA",
    "source_id": "d73bbb8450c433f8",
    "housenumber": 73,
    "lat": 52.5027368,
    "lon": 13.3657304,
    "parity": "L",
    "proj_lat": 52.503755,
    "proj_lon": 13.366274,
    "marker-color": "#3366ff",
    "marker-symbol": "o"
  },
  {
    "rowid": 240129,
    "id": 6896,
    "source": "OA",
    "source_id": "ca81dfec5e50c3ba",
    "housenumber": 74,
    "lat": 52.5042732,
    "lon": 13.3663981,
    "parity": "R",
    "proj_lat": 52.504189863447415,
    "proj_lon": 13.366599769957435,
    "marker-color": "#ff0000",
    "marker-symbol": "e"
  },
  {
    "rowid": 240130,
    "id": 6896,
    "source": "OA",
    "source_id": "afae53b324353b73",
    "housenumber": 75,
    "lat": 52.5025957,
    "lon": 13.3656075,
    "parity": "L",
    "proj_lat": 52.503755,
    "proj_lon": 13.366274,
    "marker-color": "#3366ff",
    "marker-symbol": "o"
  },
  {
    "rowid": 240131,
    "id": 6896,
    "source": "OA",
    "source_id": "80e33947a7212f54",
    "housenumber": 76,
    "lat": 52.5040631,
    "lon": 13.366213,
    "parity": "R",
    "proj_lat": 52.50399691849955,
    "proj_lon": 13.366453597574612,
    "marker-color": "#ff0000",
    "marker-symbol": "e"
  },
  {
    "rowid": 240132,
    "id": 6896,
    "source": "OA",
    "source_id": "7582fcd1c6a87026",
    "housenumber": 77,
    "lat": 52.5023753,
    "lon": 13.3654273,
    "parity": "L",
    "proj_lat": 52.503755,
    "proj_lon": 13.366274,
    "marker-color": "#3366ff",
    "marker-symbol": "o"
  },
  {
    "rowid": 240133,
    "id": 6896,
    "source": "OA",
    "source_id": "f2eac32731375eb3",
    "housenumber": 78,
    "lat": 52.5039244,
    "lon": 13.3660926,
    "parity": "R",
    "proj_lat": 52.503854236533165,
    "proj_lon": 13.366347672086683,
    "marker-color": "#ff0000",
    "marker-symbol": "e"
  },
  {
    "rowid": 240134,
    "id": 6896,
    "source": "OA",
    "source_id": "88301a6d98454af7",
    "housenumber": 79,
    "lat": 52.5023753,
    "lon": 13.3654273,
    "parity": "L",
    "proj_lat": 52.503755,
    "proj_lon": 13.366274,
    "marker-color": "#3366ff",
    "marker-symbol": "o"
  },
  {
    "rowid": 240135,
    "id": 6896,
    "source": "OA",
    "source_id": "2fc6a3d61e95d43d",
    "housenumber": 80,
    "lat": 52.5037474,
    "lon": 13.3659375,
    "parity": "R",
    "proj_lat": 52.503755,
    "proj_lon": 13.366274,
    "marker-color": "#ff0000",
    "marker-symbol": "e"
  },
  {
    "rowid": 240136,
    "id": 6896,
    "source": "OA",
    "source_id": "e5b7f03cbdaf3ed4",
    "housenumber": 81,
    "lat": 52.5021477,
    "lon": 13.3652291,
    "parity": "L",
    "proj_lat": 52.503755,
    "proj_lon": 13.366274,
    "marker-color": "#3366ff",
    "marker-symbol": "o"
  },
  {
    "rowid": 240137,
    "id": 6896,
    "source": "OA",
    "source_id": "38d4908f9fcb2d36",
    "housenumber": 81.03,
    "lat": 52.5021887,
    "lon": 13.3658332,
    "parity": "L",
    "proj_lat": 52.503755,
    "proj_lon": 13.366274,
    "marker-color": "#3366ff",
    "marker-symbol": "o"
  },
  {
    "rowid": 240138,
    "id": 6896,
    "source": "OA",
    "source_id": "c154d506aacb253b",
    "housenumber": 81.06,
    "lat": 52.5021573,
    "lon": 13.3659781,
    "parity": "L",
    "proj_lat": 52.503755,
    "proj_lon": 13.366274,
    "marker-color": "#3366ff",
    "marker-symbol": "o"
  },
  {
    "rowid": 240139,
    "id": 6896,
    "source": "OA",
    "source_id": "6d7bbb380cdec05a",
    "housenumber": 81.09,
    "lat": 52.5020928,
    "lon": 13.366183,
    "parity": "L",
    "proj_lat": 52.503755,
    "proj_lon": 13.366274,
    "marker-color": "#3366ff",
    "marker-symbol": "o"
  },
  {
    "rowid": 240140,
    "id": 6896,
    "source": "OA",
    "source_id": "f0d8a12fe71eaea9",
    "housenumber": 82,
    "lat": 52.5036208,
    "lon": 13.3658271,
    "parity": "R",
    "proj_lat": 52.503755,
    "proj_lon": 13.366274,
    "marker-color": "#ff0000",
    "marker-symbol": "e"
  },
  {
    "rowid": 240141,
    "id": 6896,
    "source": "OA",
    "source_id": "af79a4b38a3111ab",
    "housenumber": 83,
    "lat": 52.5021477,
    "lon": 13.3652291,
    "parity": "L",
    "proj_lat": 52.503755,
    "proj_lon": 13.366274,
    "marker-color": "#3366ff",
    "marker-symbol": "o"
  },
  {
    "rowid": 240142,
    "id": 6896,
    "source": "OA",
    "source_id": "627f1d8dbe3129f6",
    "housenumber": 84,
    "lat": 52.5034332,
    "lon": 13.3656647,
    "parity": "R",
    "proj_lat": 52.503755,
    "proj_lon": 13.366274,
    "marker-color": "#ff0000",
    "marker-symbol": "e"
  },
  {
    "rowid": 240143,
    "id": 6896,
    "source": "OA",
    "source_id": "2e0c9f74ea33f62e",
    "housenumber": 85,
    "lat": 52.5019628,
    "lon": 13.3650561,
    "parity": "L",
    "proj_lat": 52.503755,
    "proj_lon": 13.366274,
    "marker-color": "#3366ff",
    "marker-symbol": "o"
  },
  {
    "rowid": 240144,
    "id": 6896,
    "source": "OA",
    "source_id": "dfc246545b5d7cef",
    "housenumber": 86,
    "lat": 52.5033051,
    "lon": 13.3655552,
    "parity": "R",
    "proj_lat": 52.503755,
    "proj_lon": 13.366274,
    "marker-color": "#ff0000",
    "marker-symbol": "e"
  },
  {
    "rowid": 240145,
    "id": 6896,
    "source": "OA",
    "source_id": "6ac36f2d43432aa1",
    "housenumber": 87,
    "lat": 52.5018352,
    "lon": 13.3649444,
    "parity": "L",
    "proj_lat": 52.503755,
    "proj_lon": 13.366274,
    "marker-color": "#3366ff",
    "marker-symbol": "o"
  },
  {
    "rowid": 240146,
    "id": 6896,
    "source": "OA",
    "source_id": "31a4ccd3ddbdff5a",
    "housenumber": 88,
    "lat": 52.5029368,
    "lon": 13.3652133,
    "parity": "R",
    "proj_lat": 52.503755,
    "proj_lon": 13.366274,
    "marker-color": "#ff0000",
    "marker-symbol": "e"
  },
  {
    "rowid": 240147,
    "id": 6896,
    "source": "OA",
    "source_id": "c0e412f54f622157",
    "housenumber": 89,
    "lat": 52.5016935,
    "lon": 13.3648227,
    "parity": "L",
    "proj_lat": 52.503755,
    "proj_lon": 13.366274,
    "marker-color": "#3366ff",
    "marker-symbol": "o"
  },
  {
    "rowid": 240148,
    "id": 6896,
    "source": "OA",
    "source_id": "397efe3ed24e578f",
    "housenumber": 90,
    "lat": 52.5027197,
    "lon": 13.3650212,
    "parity": "R",
    "proj_lat": 52.503755,
    "proj_lon": 13.366274,
    "marker-color": "#ff0000",
    "marker-symbol": "e"
  },
  {
    "rowid": 240149,
    "id": 6896,
    "source": "OA",
    "source_id": "434a37e59331c75c",
    "housenumber": 91,
    "lat": 52.5015358,
    "lon": 13.364682,
    "parity": "L",
    "proj_lat": 52.503755,
    "proj_lon": 13.366274,
    "marker-color": "#3366ff",
    "marker-symbol": "o"
  },
  {
    "rowid": 240150,
    "id": 6896,
    "source": "OA",
    "source_id": "84428f5ef56963cf",
    "housenumber": 92,
    "lat": 52.5025852,
    "lon": 13.3649039,
    "parity": "R",
    "proj_lat": 52.503755,
    "proj_lon": 13.366274,
    "marker-color": "#ff0000",
    "marker-symbol": "e"
  },
  {
    "rowid": 240151,
    "id": 6896,
    "source": "OA",
    "source_id": "9212d935f73a40e3",
    "housenumber": 93,
    "lat": 52.5013666,
    "lon": 13.3645233,
    "parity": "L",
    "proj_lat": 52.503755,
    "proj_lon": 13.366274,
    "marker-color": "#3366ff",
    "marker-symbol": "o"
  },
  {
    "rowid": 240152,
    "id": 6896,
    "source": "OA",
    "source_id": "0b7dd5947857e1da",
    "housenumber": 94,
    "lat": 52.5022996,
    "lon": 13.3646547,
    "parity": "R",
    "proj_lat": 52.503755,
    "proj_lon": 13.366274,
    "marker-color": "#ff0000",
    "marker-symbol": "e"
  },
  {
    "rowid": 240153,
    "id": 6896,
    "source": "OA",
    "source_id": "7e6318604913dfa2",
    "housenumber": 95,
    "lat": 52.5012163,
    "lon": 13.3644735,
    "parity": "L",
    "proj_lat": 52.503755,
    "proj_lon": 13.366274,
    "marker-color": "#3366ff",
    "marker-symbol": "o"
  },
  {
    "rowid": 240154,
    "id": 6896,
    "source": "OA",
    "source_id": "2a823b17f456d214",
    "housenumber": 96,
    "lat": 52.5021288,
    "lon": 13.3645057,
    "parity": "R",
    "proj_lat": 52.503755,
    "proj_lon": 13.366274,
    "marker-color": "#ff0000",
    "marker-symbol": "e"
  },
  {
    "rowid": 240155,
    "id": 6896,
    "source": "OA",
    "source_id": "aa7cc046f99f8824",
    "housenumber": 97,
    "lat": 52.5010417,
    "lon": 13.3642491,
    "parity": "R",
    "proj_lat": 52.503755,
    "proj_lon": 13.366274,
    "marker-color": "#ff0000",
    "marker-symbol": "o"
  },
  {
    "rowid": 240156,
    "id": 6896,
    "source": "OA",
    "source_id": "9c5c263d5ff98fbc",
    "housenumber": 98,
    "lat": 52.5018124,
    "lon": 13.3642298,
    "parity": "R",
    "proj_lat": 52.503755,
    "proj_lon": 13.366274,
    "marker-color": "#ff0000",
    "marker-symbol": "e"
  },
  {
    "rowid": 266182,
    "id": 6896,
    "source": "OA",
    "source_id": "d5e0ed904744fe1c",
    "housenumber": 98.03,
    "lat": 52.5021222,
    "lon": 13.3630234,
    "parity": "R",
    "proj_lat": 52.503755,
    "proj_lon": 13.366274,
    "marker-color": "#ff0000",
    "marker-symbol": "e"
  },
  {
    "rowid": 240157,
    "id": 6896,
    "source": "OA",
    "source_id": "a7d6a2e958e89dd4",
    "housenumber": 99,
    "lat": 52.5009146,
    "lon": 13.3641377,
    "parity": "R",
    "proj_lat": 52.503755,
    "proj_lon": 13.366274,
    "marker-color": "#ff0000",
    "marker-symbol": "o"
  },
  {
    "rowid": 240158,
    "id": 6896,
    "source": "OA",
    "source_id": "de93ecb55b4e539a",
    "housenumber": 100,
    "lat": 52.5015689,
    "lon": 13.3640174,
    "parity": "R",
    "proj_lat": 52.503755,
    "proj_lon": 13.366274,
    "marker-color": "#ff0000",
    "marker-symbol": "e"
  },
  {
    "rowid": 261465,
    "id": 6896,
    "source": "OA",
    "source_id": "c22ab56fc5098172",
    "housenumber": 101,
    "lat": 52.5005544,
    "lon": 13.3638236,
    "parity": "R",
    "proj_lat": 52.503755,
    "proj_lon": 13.366274,
    "marker-color": "#ff0000",
    "marker-symbol": "o"
  },
  {
    "rowid": 240159,
    "id": 6896,
    "source": "OA",
    "source_id": "1f9157fb7ab51cd7",
    "housenumber": 102,
    "lat": 52.5014812,
    "lon": 13.3639411,
    "parity": "R",
    "proj_lat": 52.503755,
    "proj_lon": 13.366274,
    "marker-color": "#ff0000",
    "marker-symbol": "e"
  },
  {
    "rowid": 240160,
    "id": 6896,
    "source": "OA",
    "source_id": "58e032a4988b2885",
    "housenumber": 103,
    "lat": 52.5004232,
    "lon": 13.3637085,
    "parity": "R",
    "proj_lat": 52.503755,
    "proj_lon": 13.366274,
    "marker-color": "#ff0000",
    "marker-symbol": "o"
  },
  {
    "rowid": 240161,
    "id": 6896,
    "source": "OA",
    "source_id": "389774e7c368047d",
    "housenumber": 104,
    "lat": 52.5012749,
    "lon": 13.3637462,
    "parity": "R",
    "proj_lat": 52.503755,
    "proj_lon": 13.366274,
    "marker-color": "#ff0000",
    "marker-symbol": "e"
  },
  {
    "rowid": 240162,
    "id": 6896,
    "source": "OA",
    "source_id": "d94e99e5df9b389f",
    "housenumber": 105,
    "lat": 52.5002227,
    "lon": 13.3635353,
    "parity": "R",
    "proj_lat": 52.503755,
    "proj_lon": 13.366274,
    "marker-color": "#ff0000",
    "marker-symbol": "o"
  },
  {
    "rowid": 240163,
    "id": 6896,
    "source": "OA",
    "source_id": "c30ffeec9b0a75aa",
    "housenumber": 106,
    "lat": 52.5011248,
    "lon": 13.3636135,
    "parity": "R",
    "proj_lat": 52.503755,
    "proj_lon": 13.366274,
    "marker-color": "#ff0000",
    "marker-symbol": "e"
  },
  {
    "rowid": 240164,
    "id": 6896,
    "source": "OA",
    "source_id": "e8f3801120ce69f3",
    "housenumber": 107,
    "lat": 52.5000557,
    "lon": 13.3633882,
    "parity": "R",
    "proj_lat": 52.503755,
    "proj_lon": 13.366274,
    "marker-color": "#ff0000",
    "marker-symbol": "o"
  },
  {
    "rowid": 240165,
    "id": 6896,
    "source": "OA",
    "source_id": "055b88bf3b21ee70",
    "housenumber": 109,
    "lat": 52.4998945,
    "lon": 13.3632702,
    "parity": "R",
    "proj_lat": 52.503755,
    "proj_lon": 13.366274,
    "marker-color": "#ff0000",
    "marker-symbol": "o"
  },
  {
    "rowid": 240167,
    "id": 6896,
    "source": "OA",
    "source_id": "3c5062a41de238e8",
    "housenumber": 112,
    "lat": 52.5005702,
    "lon": 13.3631471,
    "parity": "R",
    "proj_lat": 52.503755,
    "proj_lon": 13.366274,
    "marker-color": "#ff0000",
    "marker-symbol": "e"
  },
  {
    "rowid": 240169,
    "id": 6896,
    "source": "OA",
    "source_id": "3ad0cfe1bd615567",
    "housenumber": 114,
    "lat": 52.5004255,
    "lon": 13.3630212,
    "parity": "R",
    "proj_lat": 52.503755,
    "proj_lon": 13.366274,
    "marker-color": "#ff0000",
    "marker-symbol": "e"
  },
  {
    "rowid": 240171,
    "id": 6896,
    "source": "OA",
    "source_id": "f434db99f23560f3",
    "housenumber": 116,
    "lat": 52.5003381,
    "lon": 13.3629451,
    "parity": "R",
    "proj_lat": 52.503755,
    "proj_lon": 13.366274,
    "marker-color": "#ff0000",
    "marker-symbol": "e"
  },
  {
    "rowid": 240173,
    "id": 6896,
    "source": "OA",
    "source_id": "0ad47b84675dbd4e",
    "housenumber": 118,
    "lat": 52.500187,
    "lon": 13.3628136,
    "parity": "R",
    "proj_lat": 52.503755,
    "proj_lon": 13.366274,
    "marker-color": "#ff0000",
    "marker-symbol": "e"
  },
  {
    "rowid": 240175,
    "id": 6896,
    "source": "OA",
    "source_id": "ddc20857292d3e94",
    "housenumber": 120,
    "lat": 52.5000383,
    "lon": 13.3626985,
    "parity": "R",
    "proj_lat": 52.503755,
    "proj_lon": 13.366274,
    "marker-color": "#ff0000",
    "marker-symbol": "e"
  }
]
