[
  {
    "rowid": 114016,
    "id": 2365,
    "source": "OA",
    "source_id": "5d506713c5a353f7",
    "housenumber": 70,
    "lat": 52.4417524,
    "lon": 13.4984902,
    "parity": "L",
    "proj_lat": 52.441713,
    "proj_lon": 13.496559,
    "marker-color": "#3366ff",
    "marker-symbol": "e"
  },
  {
    "rowid": 114016,
    "id": 2365,
    "source": "OA",
    "source_id": "5d506713c5a353f7",
    "housenumber": 70,
    "lat": 52.4417524,
    "lon": 13.4984902,
    "parity": "L",
    "proj_lat": 52.441713,
    "proj_lon": 13.496559,
    "marker-color": "#3366ff",
    "marker-symbol": "e"
  },
  {
    "rowid": 142930,
    "id": 2365,
    "source": "OA",
    "source_id": "52706bce3346cc39",
    "housenumber": 70.03,
    "lat": 52.4419289,
    "lon": 13.4985959,
    "parity": "L",
    "proj_lat": 52.441713,
    "proj_lon": 13.496559,
    "marker-color": "#3366ff",
    "marker-symbol": "e"
  },
  {
    "rowid": 142930,
    "id": 2365,
    "source": "OA",
    "source_id": "52706bce3346cc39",
    "housenumber": 70.03,
    "lat": 52.4419289,
    "lon": 13.4985959,
    "parity": "L",
    "proj_lat": 52.441713,
    "proj_lon": 13.496559,
    "marker-color": "#3366ff",
    "marker-symbol": "e"
  },
  {
    "rowid": 114017,
    "id": 2365,
    "source": "OA",
    "source_id": "326557843cc97e74",
    "housenumber": 71,
    "lat": 52.4414341,
    "lon": 13.4984705,
    "parity": "L",
    "proj_lat": 52.441463330901975,
    "proj_lon": 13.496548779627565,
    "marker-color": "#3366ff",
    "marker-symbol": "o"
  },
  {
    "rowid": 114017,
    "id": 2365,
    "source": "OA",
    "source_id": "326557843cc97e74",
    "housenumber": 71,
    "lat": 52.4414341,
    "lon": 13.4984705,
    "parity": "L",
    "proj_lat": 52.441463330901975,
    "proj_lon": 13.496548779627565,
    "marker-color": "#3366ff",
    "marker-symbol": "o"
  },
  {
    "rowid": 114018,
    "id": 2365,
    "source": "OA",
    "source_id": "cd12e20a27b8abb9",
    "housenumber": 72,
    "lat": 52.4417579,
    "lon": 13.4982359,
    "parity": "L",
    "proj_lat": 52.441713,
    "proj_lon": 13.496559,
    "marker-color": "#3366ff",
    "marker-symbol": "e"
  },
  {
    "rowid": 114018,
    "id": 2365,
    "source": "OA",
    "source_id": "cd12e20a27b8abb9",
    "housenumber": 72,
    "lat": 52.4417579,
    "lon": 13.4982359,
    "parity": "L",
    "proj_lat": 52.441713,
    "proj_lon": 13.496559,
    "marker-color": "#3366ff",
    "marker-symbol": "e"
  },
  {
    "rowid": 114019,
    "id": 2365,
    "source": "OA",
    "source_id": "440b116b184cb970",
    "housenumber": 73,
    "lat": 52.4414204,
    "lon": 13.4982119,
    "parity": "L",
    "proj_lat": 52.441445708378055,
    "proj_lon": 13.496548058237698,
    "marker-color": "#3366ff",
    "marker-symbol": "o"
  },
  {
    "rowid": 114019,
    "id": 2365,
    "source": "OA",
    "source_id": "440b116b184cb970",
    "housenumber": 73,
    "lat": 52.4414204,
    "lon": 13.4982119,
    "parity": "L",
    "proj_lat": 52.441445708378055,
    "proj_lon": 13.496548058237698,
    "marker-color": "#3366ff",
    "marker-symbol": "o"
  },
  {
    "rowid": 114020,
    "id": 2365,
    "source": "OA",
    "source_id": "27b5244c273ba9a0",
    "housenumber": 73.03,
    "lat": 52.4413359,
    "lon": 13.4981893,
    "parity": "L",
    "proj_lat": 52.441371,
    "proj_lon": 13.496545,
    "marker-color": "#3366ff",
    "marker-symbol": "o"
  },
  {
    "rowid": 114020,
    "id": 2365,
    "source": "OA",
    "source_id": "27b5244c273ba9a0",
    "housenumber": 73.03,
    "lat": 52.4413359,
    "lon": 13.4981893,
    "parity": "L",
    "proj_lat": 52.441371,
    "proj_lon": 13.496545,
    "marker-color": "#3366ff",
    "marker-symbol": "o"
  },
  {
    "rowid": 114021,
    "id": 2365,
    "source": "OA",
    "source_id": "8cae928477f607e0",
    "housenumber": 74,
    "lat": 52.4417994,
    "lon": 13.49802,
    "parity": "L",
    "proj_lat": 52.441713,
    "proj_lon": 13.496559,
    "marker-color": "#3366ff",
    "marker-symbol": "e"
  },
  {
    "rowid": 114021,
    "id": 2365,
    "source": "OA",
    "source_id": "8cae928477f607e0",
    "housenumber": 74,
    "lat": 52.4417994,
    "lon": 13.49802,
    "parity": "L",
    "proj_lat": 52.441713,
    "proj_lon": 13.496559,
    "marker-color": "#3366ff",
    "marker-symbol": "e"
  },
  {
    "rowid": 114022,
    "id": 2365,
    "source": "OA",
    "source_id": "2a712d0be5ddd771",
    "housenumber": 75,
    "lat": 52.4414976,
    "lon": 13.4978538,
    "parity": "L",
    "proj_lat": 52.44151741666794,
    "proj_lon": 13.49655099366477,
    "marker-color": "#3366ff",
    "marker-symbol": "o"
  },
  {
    "rowid": 114022,
    "id": 2365,
    "source": "OA",
    "source_id": "2a712d0be5ddd771",
    "housenumber": 75,
    "lat": 52.4414976,
    "lon": 13.4978538,
    "parity": "L",
    "proj_lat": 52.44151741666794,
    "proj_lon": 13.49655099366477,
    "marker-color": "#3366ff",
    "marker-symbol": "o"
  },
  {
    "rowid": 114023,
    "id": 2365,
    "source": "OA",
    "source_id": "f2078299e095ea6f",
    "housenumber": 77,
    "lat": 52.44153,
    "lon": 13.4974754,
    "parity": "L",
    "proj_lat": 52.44154404431757,
    "proj_lon": 13.496552083685513,
    "marker-color": "#3366ff",
    "marker-symbol": "o"
  },
  {
    "rowid": 114023,
    "id": 2365,
    "source": "OA",
    "source_id": "f2078299e095ea6f",
    "housenumber": 77,
    "lat": 52.44153,
    "lon": 13.4974754,
    "parity": "L",
    "proj_lat": 52.44154404431757,
    "proj_lon": 13.496552083685513,
    "marker-color": "#3366ff",
    "marker-symbol": "o"
  },
  {
    "rowid": 114024,
    "id": 2365,
    "source": "OA",
    "source_id": "b2b55cec3b9256a3",
    "housenumber": 77.03,
    "lat": 52.4415406,
    "lon": 13.4971857,
    "parity": "L",
    "proj_lat": 52.44155023390968,
    "proj_lon": 13.49655233706063,
    "marker-color": "#3366ff",
    "marker-symbol": "o"
  },
  {
    "rowid": 114024,
    "id": 2365,
    "source": "OA",
    "source_id": "b2b55cec3b9256a3",
    "housenumber": 77.03,
    "lat": 52.4415406,
    "lon": 13.4971857,
    "parity": "L",
    "proj_lat": 52.44155023390968,
    "proj_lon": 13.49655233706063,
    "marker-color": "#3366ff",
    "marker-symbol": "o"
  },
  {
    "rowid": 114025,
    "id": 2365,
    "source": "OA",
    "source_id": "19495d51d5851620",
    "housenumber": 79,
    "lat": 52.4412023,
    "lon": 13.4966732,
    "parity": "L",
    "proj_lat": 52.44123943640759,
    "proj_lon": 13.496477732372673,
    "marker-color": "#3366ff",
    "marker-symbol": "o"
  },
  {
    "rowid": 114025,
    "id": 2365,
    "source": "OA",
    "source_id": "19495d51d5851620",
    "housenumber": 79,
    "lat": 52.4412023,
    "lon": 13.4966732,
    "parity": "L",
    "proj_lat": 52.44123943640759,
    "proj_lon": 13.496477732372673,
    "marker-color": "#3366ff",
    "marker-symbol": "o"
  },
  {
    "rowid": 114026,
    "id": 2365,
    "source": "OA",
    "source_id": "80b90b38e92bbf92",
    "housenumber": 80,
    "lat": 52.4418363,
    "lon": 13.4969148,
    "parity": "L",
    "proj_lat": 52.441713,
    "proj_lon": 13.496559,
    "marker-color": "#3366ff",
    "marker-symbol": "e"
  },
  {
    "rowid": 114026,
    "id": 2365,
    "source": "OA",
    "source_id": "80b90b38e92bbf92",
    "housenumber": 80,
    "lat": 52.4418363,
    "lon": 13.4969148,
    "parity": "L",
    "proj_lat": 52.441713,
    "proj_lon": 13.496559,
    "marker-color": "#3366ff",
    "marker-symbol": "e"
  },
  {
    "rowid": 114027,
    "id": 2365,
    "source": "OA",
    "source_id": "026d329127d24ca5",
    "housenumber": 81,
    "lat": 52.4410786,
    "lon": 13.4966139,
    "parity": "L",
    "proj_lat": 52.441116420092236,
    "proj_lon": 13.49641483491369,
    "marker-color": "#3366ff",
    "marker-symbol": "o"
  },
  {
    "rowid": 114027,
    "id": 2365,
    "source": "OA",
    "source_id": "026d329127d24ca5",
    "housenumber": 81,
    "lat": 52.4410786,
    "lon": 13.4966139,
    "parity": "L",
    "proj_lat": 52.441116420092236,
    "proj_lon": 13.49641483491369,
    "marker-color": "#3366ff",
    "marker-symbol": "o"
  },
  {
    "rowid": 114028,
    "id": 2365,
    "source": "OA",
    "source_id": "bcdde0fef2514f29",
    "housenumber": 82,
    "lat": 52.4418461,
    "lon": 13.4966554,
    "parity": "L",
    "proj_lat": 52.441848040108,
    "proj_lon": 13.496486166391717,
    "marker-color": "#3366ff",
    "marker-symbol": "e"
  },
  {
    "rowid": 114028,
    "id": 2365,
    "source": "OA",
    "source_id": "bcdde0fef2514f29",
    "housenumber": 82,
    "lat": 52.4418461,
    "lon": 13.4966554,
    "parity": "L",
    "proj_lat": 52.441848040108,
    "proj_lon": 13.496486166391717,
    "marker-color": "#3366ff",
    "marker-symbol": "e"
  },
  {
    "rowid": 114029,
    "id": 2365,
    "source": "OA",
    "source_id": "06edaa32ebf57ef6",
    "housenumber": 83,
    "lat": 52.4409592,
    "lon": 13.4965566,
    "parity": "L",
    "proj_lat": 52.44099766939233,
    "proj_lon": 13.496354118436738,
    "marker-color": "#3366ff",
    "marker-symbol": "o"
  },
  {
    "rowid": 114029,
    "id": 2365,
    "source": "OA",
    "source_id": "06edaa32ebf57ef6",
    "housenumber": 83,
    "lat": 52.4409592,
    "lon": 13.4965566,
    "parity": "L",
    "proj_lat": 52.44099766939233,
    "proj_lon": 13.496354118436738,
    "marker-color": "#3366ff",
    "marker-symbol": "o"
  },
  {
    "rowid": 114030,
    "id": 2365,
    "source": "OA",
    "source_id": "f983a41487b25394",
    "housenumber": 84,
    "lat": 52.4423158,
    "lon": 13.4964151,
    "parity": "R",
    "proj_lat": 52.442264,
    "proj_lon": 13.496499,
    "marker-color": "#ff0000",
    "marker-symbol": "e"
  },
  {
    "rowid": 114030,
    "id": 2365,
    "source": "OA",
    "source_id": "f983a41487b25394",
    "housenumber": 84,
    "lat": 52.4423158,
    "lon": 13.4964151,
    "parity": "R",
    "proj_lat": 52.442264,
    "proj_lon": 13.496499,
    "marker-color": "#ff0000",
    "marker-symbol": "e"
  },
  {
    "rowid": 114031,
    "id": 2365,
    "source": "OA",
    "source_id": "7a839c605102563e",
    "housenumber": 84.03,
    "lat": 52.4418413,
    "lon": 13.496349,
    "parity": "R",
    "proj_lat": 52.441839730452,
    "proj_lon": 13.496485910013945,
    "marker-color": "#ff0000",
    "marker-symbol": "e"
  },
  {
    "rowid": 114031,
    "id": 2365,
    "source": "OA",
    "source_id": "7a839c605102563e",
    "housenumber": 84.03,
    "lat": 52.4418413,
    "lon": 13.496349,
    "parity": "R",
    "proj_lat": 52.441839730452,
    "proj_lon": 13.496485910013945,
    "marker-color": "#ff0000",
    "marker-symbol": "e"
  },
  {
    "rowid": 114032,
    "id": 2365,
    "source": "OA",
    "source_id": "aba8601483957544",
    "housenumber": 85,
    "lat": 52.440831,
    "lon": 13.4964951,
    "parity": "L",
    "proj_lat": 52.44087051000997,
    "proj_lon": 13.496289039165145,
    "marker-color": "#3366ff",
    "marker-symbol": "o"
  },
  {
    "rowid": 114032,
    "id": 2365,
    "source": "OA",
    "source_id": "aba8601483957544",
    "housenumber": 85,
    "lat": 52.440831,
    "lon": 13.4964951,
    "parity": "L",
    "proj_lat": 52.44087051000997,
    "proj_lon": 13.496289039165145,
    "marker-color": "#3366ff",
    "marker-symbol": "o"
  },
  {
    "rowid": 114033,
    "id": 2367,
    "source": "OA",
    "source_id": "d2073813e81400eb",
    "housenumber": 86.03,
    "lat": 52.4418847,
    "lon": 13.4960088,
    "parity": "L",
    "proj_lat": 52.441883962225376,
    "proj_lon": 13.49615828412823,
    "marker-color": "#3366ff",
    "marker-symbol": "e"
  },
  {
    "rowid": 114033,
    "id": 2367,
    "source": "OA",
    "source_id": "d2073813e81400eb",
    "housenumber": 86.03,
    "lat": 52.4418847,
    "lon": 13.4960088,
    "parity": "L",
    "proj_lat": 52.441883962225376,
    "proj_lon": 13.49615828412823,
    "marker-color": "#3366ff",
    "marker-symbol": "e"
  },
  {
    "rowid": 149868,
    "id": 2367,
    "source": "OA",
    "source_id": "259878084e63f834",
    "housenumber": 86.06,
    "lat": 52.4419831,
    "lon": 13.4960449,
    "parity": "L",
    "proj_lat": 52.4419825339364,
    "proj_lon": 13.496159593429894,
    "marker-color": "#3366ff",
    "marker-symbol": "e"
  },
  {
    "rowid": 149868,
    "id": 2367,
    "source": "OA",
    "source_id": "259878084e63f834",
    "housenumber": 86.06,
    "lat": 52.4419831,
    "lon": 13.4960449,
    "parity": "L",
    "proj_lat": 52.4419825339364,
    "proj_lon": 13.496159593429894,
    "marker-color": "#3366ff",
    "marker-symbol": "e"
  },
  {
    "rowid": 114034,
    "id": 2367,
    "source": "OA",
    "source_id": "725ba1339e611986",
    "housenumber": 86.09,
    "lat": 52.4422732,
    "lon": 13.4960585,
    "parity": "L",
    "proj_lat": 52.442239,
    "proj_lon": 13.496163,
    "marker-color": "#3366ff",
    "marker-symbol": "e"
  },
  {
    "rowid": 114034,
    "id": 2367,
    "source": "OA",
    "source_id": "725ba1339e611986",
    "housenumber": 86.09,
    "lat": 52.4422732,
    "lon": 13.4960585,
    "parity": "L",
    "proj_lat": 52.442239,
    "proj_lon": 13.496163,
    "marker-color": "#3366ff",
    "marker-symbol": "e"
  },
  {
    "rowid": 149869,
    "id": 2367,
    "source": "OA",
    "source_id": "8ccde7a889e316a6",
    "housenumber": 86.12,
    "lat": 52.441979,
    "lon": 13.4959572,
    "parity": "L",
    "proj_lat": 52.441978001394446,
    "proj_lon": 13.496159533225352,
    "marker-color": "#3366ff",
    "marker-symbol": "e"
  },
  {
    "rowid": 149869,
    "id": 2367,
    "source": "OA",
    "source_id": "8ccde7a889e316a6",
    "housenumber": 86.12,
    "lat": 52.441979,
    "lon": 13.4959572,
    "parity": "L",
    "proj_lat": 52.441978001394446,
    "proj_lon": 13.496159533225352,
    "marker-color": "#3366ff",
    "marker-symbol": "e"
  },
  {
    "rowid": 114035,
    "id": 2365,
    "source": "OA",
    "source_id": "536ed40a238125fa",
    "housenumber": 87,
    "lat": 52.440705,
    "lon": 13.4964347,
    "parity": "L",
    "proj_lat": 52.44074531560649,
    "proj_lon": 13.49622443885295,
    "marker-color": "#3366ff",
    "marker-symbol": "o"
  },
  {
    "rowid": 114035,
    "id": 2365,
    "source": "OA",
    "source_id": "536ed40a238125fa",
    "housenumber": 87,
    "lat": 52.440705,
    "lon": 13.4964347,
    "parity": "L",
    "proj_lat": 52.44074531560649,
    "proj_lon": 13.49622443885295,
    "marker-color": "#3366ff",
    "marker-symbol": "o"
  },
  {
    "rowid": 142931,
    "id": 2367,
    "source": "OA",
    "source_id": "41c893f425083e5b",
    "housenumber": 88,
    "lat": 52.4422003,
    "lon": 13.4957132,
    "parity": "L",
    "proj_lat": 52.44219808273916,
    "proj_lon": 13.49616245650697,
    "marker-color": "#3366ff",
    "marker-symbol": "e"
  },
  {
    "rowid": 142931,
    "id": 2367,
    "source": "OA",
    "source_id": "41c893f425083e5b",
    "housenumber": 88,
    "lat": 52.4422003,
    "lon": 13.4957132,
    "parity": "L",
    "proj_lat": 52.44219808273916,
    "proj_lon": 13.49616245650697,
    "marker-color": "#3366ff",
    "marker-symbol": "e"
  },
  {
    "rowid": 114036,
    "id": 2367,
    "source": "OA",
    "source_id": "1f414de27ada5b51",
    "housenumber": 88.03,
    "lat": 52.4420068,
    "lon": 13.4956934,
    "parity": "L",
    "proj_lat": 52.442004497688586,
    "proj_lon": 13.496159885168538,
    "marker-color": "#3366ff",
    "marker-symbol": "e"
  },
  {
    "rowid": 114036,
    "id": 2367,
    "source": "OA",
    "source_id": "1f414de27ada5b51",
    "housenumber": 88.03,
    "lat": 52.4420068,
    "lon": 13.4956934,
    "parity": "L",
    "proj_lat": 52.442004497688586,
    "proj_lon": 13.496159885168538,
    "marker-color": "#3366ff",
    "marker-symbol": "e"
  },
  {
    "rowid": 114037,
    "id": 2365,
    "source": "OA",
    "source_id": "1ad79e2c2da2c693",
    "housenumber": 89,
    "lat": 52.4405812,
    "lon": 13.4963753,
    "parity": "L",
    "proj_lat": 52.4406222976181,
    "proj_lon": 13.496160961570938,
    "marker-color": "#3366ff",
    "marker-symbol": "o"
  },
  {
    "rowid": 114037,
    "id": 2365,
    "source": "OA",
    "source_id": "1ad79e2c2da2c693",
    "housenumber": 89,
    "lat": 52.4405812,
    "lon": 13.4963753,
    "parity": "L",
    "proj_lat": 52.4406222976181,
    "proj_lon": 13.496160961570938,
    "marker-color": "#3366ff",
    "marker-symbol": "o"
  },
  {
    "rowid": 114038,
    "id": 2364,
    "source": "OA",
    "source_id": "5a6f050ce714ca4b",
    "housenumber": 90,
    "lat": 52.4418267,
    "lon": 13.49541,
    "parity": "R",
    "proj_lat": 52.441683,
    "proj_lon": 13.494961,
    "marker-color": "#ff0000",
    "marker-symbol": "e"
  },
  {
    "rowid": 114038,
    "id": 2364,
    "source": "OA",
    "source_id": "5a6f050ce714ca4b",
    "housenumber": 90,
    "lat": 52.4418267,
    "lon": 13.49541,
    "parity": "R",
    "proj_lat": 52.441683,
    "proj_lon": 13.494961,
    "marker-color": "#ff0000",
    "marker-symbol": "e"
  },
  {
    "rowid": 114039,
    "id": 2367,
    "source": "OA",
    "source_id": "c335690939831422",
    "housenumber": 90.03,
    "lat": 52.4420963,
    "lon": 13.4954425,
    "parity": "L",
    "proj_lat": 52.44209275361438,
    "proj_lon": 13.496161057448388,
    "marker-color": "#3366ff",
    "marker-symbol": "e"
  },
  {
    "rowid": 114039,
    "id": 2367,
    "source": "OA",
    "source_id": "c335690939831422",
    "housenumber": 90.03,
    "lat": 52.4420963,
    "lon": 13.4954425,
    "parity": "L",
    "proj_lat": 52.44209275361438,
    "proj_lon": 13.496161057448388,
    "marker-color": "#3366ff",
    "marker-symbol": "e"
  },
  {
    "rowid": 114040,
    "id": 2367,
    "source": "OA",
    "source_id": "7dfcf0b0ca0cc525",
    "housenumber": 91,
    "lat": 52.4415112,
    "lon": 13.4959041,
    "parity": "L",
    "proj_lat": 52.441712,
    "proj_lon": 13.496156,
    "marker-color": "#3366ff",
    "marker-symbol": "o"
  },
  {
    "rowid": 114040,
    "id": 2367,
    "source": "OA",
    "source_id": "7dfcf0b0ca0cc525",
    "housenumber": 91,
    "lat": 52.4415112,
    "lon": 13.4959041,
    "parity": "L",
    "proj_lat": 52.441712,
    "proj_lon": 13.496156,
    "marker-color": "#3366ff",
    "marker-symbol": "o"
  },
  {
    "rowid": 114041,
    "id": 2364,
    "source": "OA",
    "source_id": "6e306d06f6295480",
    "housenumber": 92,
    "lat": 52.4420265,
    "lon": 13.4950176,
    "parity": "R",
    "proj_lat": 52.441683,
    "proj_lon": 13.494961,
    "marker-color": "#ff0000",
    "marker-symbol": "e"
  },
  {
    "rowid": 114041,
    "id": 2364,
    "source": "OA",
    "source_id": "6e306d06f6295480",
    "housenumber": 92,
    "lat": 52.4420265,
    "lon": 13.4950176,
    "parity": "R",
    "proj_lat": 52.441683,
    "proj_lon": 13.494961,
    "marker-color": "#ff0000",
    "marker-symbol": "e"
  },
  {
    "rowid": 114042,
    "id": 2367,
    "source": "OA",
    "source_id": "1e8bdc5956ca0148",
    "housenumber": 93,
    "lat": 52.4414729,
    "lon": 13.4956153,
    "parity": "L",
    "proj_lat": 52.441712,
    "proj_lon": 13.496156,
    "marker-color": "#3366ff",
    "marker-symbol": "o"
  },
  {
    "rowid": 114042,
    "id": 2367,
    "source": "OA",
    "source_id": "1e8bdc5956ca0148",
    "housenumber": 93,
    "lat": 52.4414729,
    "lon": 13.4956153,
    "parity": "L",
    "proj_lat": 52.441712,
    "proj_lon": 13.496156,
    "marker-color": "#3366ff",
    "marker-symbol": "o"
  },
  {
    "rowid": 114043,
    "id": 2364,
    "source": "OA",
    "source_id": "c1e2d6e3fa1be4c1",
    "housenumber": 94,
    "lat": 52.4418136,
    "lon": 13.4948376,
    "parity": "R",
    "proj_lat": 52.441679243074546,
    "proj_lon": 13.494849818487408,
    "marker-color": "#ff0000",
    "marker-symbol": "e"
  },
  {
    "rowid": 114043,
    "id": 2364,
    "source": "OA",
    "source_id": "c1e2d6e3fa1be4c1",
    "housenumber": 94,
    "lat": 52.4418136,
    "lon": 13.4948376,
    "parity": "R",
    "proj_lat": 52.441679243074546,
    "proj_lon": 13.494849818487408,
    "marker-color": "#ff0000",
    "marker-symbol": "e"
  },
  {
    "rowid": 176321,
    "id": 2364,
    "source": "OA",
    "source_id": "0a7574d60f758057",
    "housenumber": 96,
    "lat": 52.4418186,
    "lon": 13.4945239,
    "parity": "R",
    "proj_lat": 52.441668690655476,
    "proj_lon": 13.494537532835434,
    "marker-color": "#ff0000",
    "marker-symbol": "e"
  },
  {
    "rowid": 176321,
    "id": 2364,
    "source": "OA",
    "source_id": "0a7574d60f758057",
    "housenumber": 96,
    "lat": 52.4418186,
    "lon": 13.4945239,
    "parity": "R",
    "proj_lat": 52.441668690655476,
    "proj_lon": 13.494537532835434,
    "marker-color": "#ff0000",
    "marker-symbol": "e"
  },
  {
    "rowid": 114044,
    "id": 2364,
    "source": "OA",
    "source_id": "bcd92e0666f97785",
    "housenumber": 97,
    "lat": 52.44153,
    "lon": 13.4947255,
    "parity": "L",
    "proj_lat": 52.44167459790031,
    "proj_lon": 13.494712350362402,
    "marker-color": "#3366ff",
    "marker-symbol": "o"
  },
  {
    "rowid": 114044,
    "id": 2364,
    "source": "OA",
    "source_id": "bcd92e0666f97785",
    "housenumber": 97,
    "lat": 52.44153,
    "lon": 13.4947255,
    "parity": "L",
    "proj_lat": 52.44167459790031,
    "proj_lon": 13.494712350362402,
    "marker-color": "#3366ff",
    "marker-symbol": "o"
  },
  {
    "rowid": 114045,
    "id": 2364,
    "source": "OA",
    "source_id": "6d7e67c9b63af1f5",
    "housenumber": 98,
    "lat": 52.441842,
    "lon": 13.4941056,
    "parity": "R",
    "proj_lat": 52.44181,
    "proj_lon": 13.493824,
    "marker-color": "#ff0000",
    "marker-symbol": "e"
  },
  {
    "rowid": 114045,
    "id": 2364,
    "source": "OA",
    "source_id": "6d7e67c9b63af1f5",
    "housenumber": 98,
    "lat": 52.441842,
    "lon": 13.4941056,
    "parity": "R",
    "proj_lat": 52.44181,
    "proj_lon": 13.493824,
    "marker-color": "#ff0000",
    "marker-symbol": "e"
  },
  {
    "rowid": 114046,
    "id": 2364,
    "source": "OA",
    "source_id": "e0755183867e8aff",
    "housenumber": 99,
    "lat": 52.4412604,
    "lon": 13.4944475,
    "parity": "L",
    "proj_lat": 52.441664406896024,
    "proj_lon": 13.49441076032922,
    "marker-color": "#3366ff",
    "marker-symbol": "o"
  },
  {
    "rowid": 114046,
    "id": 2364,
    "source": "OA",
    "source_id": "e0755183867e8aff",
    "housenumber": 99,
    "lat": 52.4412604,
    "lon": 13.4944475,
    "parity": "L",
    "proj_lat": 52.441664406896024,
    "proj_lon": 13.49441076032922,
    "marker-color": "#3366ff",
    "marker-symbol": "o"
  },
  {
    "rowid": 142221,
    "id": 2364,
    "source": "OA",
    "source_id": "29485b20e66835f0",
    "housenumber": 101,
    "lat": 52.4414772,
    "lon": 13.4941198,
    "parity": "L",
    "proj_lat": 52.441654031690184,
    "proj_lon": 13.494103719081375,
    "marker-color": "#3366ff",
    "marker-symbol": "o"
  },
  {
    "rowid": 142221,
    "id": 2364,
    "source": "OA",
    "source_id": "29485b20e66835f0",
    "housenumber": 101,
    "lat": 52.4414772,
    "lon": 13.4941198,
    "parity": "L",
    "proj_lat": 52.441654031690184,
    "proj_lon": 13.494103719081375,
    "marker-color": "#3366ff",
    "marker-symbol": "o"
  },
  {
    "rowid": 114047,
    "id": 2366,
    "source": "OA",
    "source_id": "6668ccd681eb58e4",
    "housenumber": 102,
    "lat": 52.4417146,
    "lon": 13.4932888,
    "parity": "R",
    "proj_lat": 52.44159669514431,
    "proj_lon": 13.493317646587432,
    "marker-color": "#ff0000",
    "marker-symbol": "e"
  },
  {
    "rowid": 114047,
    "id": 2366,
    "source": "OA",
    "source_id": "6668ccd681eb58e4",
    "housenumber": 102,
    "lat": 52.4417146,
    "lon": 13.4932888,
    "parity": "R",
    "proj_lat": 52.44159669514431,
    "proj_lon": 13.493317646587432,
    "marker-color": "#ff0000",
    "marker-symbol": "e"
  },
  {
    "rowid": 114048,
    "id": 2364,
    "source": "OA",
    "source_id": "903a0838d3cd7c6b",
    "housenumber": 103,
    "lat": 52.4413773,
    "lon": 13.4938578,
    "parity": "L",
    "proj_lat": 52.441652,
    "proj_lon": 13.493896,
    "marker-color": "#3366ff",
    "marker-symbol": "o"
  },
  {
    "rowid": 114048,
    "id": 2364,
    "source": "OA",
    "source_id": "903a0838d3cd7c6b",
    "housenumber": 103,
    "lat": 52.4413773,
    "lon": 13.4938578,
    "parity": "L",
    "proj_lat": 52.441652,
    "proj_lon": 13.493896,
    "marker-color": "#3366ff",
    "marker-symbol": "o"
  },
  {
    "rowid": 114049,
    "id": 2366,
    "source": "OA",
    "source_id": "05d05ee4db1353da",
    "housenumber": 105,
    "lat": 52.4414325,
    "lon": 13.4935717,
    "parity": "L",
    "proj_lat": 52.441615715908405,
    "proj_lon": 13.493526874992508,
    "marker-color": "#3366ff",
    "marker-symbol": "o"
  },
  {
    "rowid": 114049,
    "id": 2366,
    "source": "OA",
    "source_id": "05d05ee4db1353da",
    "housenumber": 105,
    "lat": 52.4414325,
    "lon": 13.4935717,
    "parity": "L",
    "proj_lat": 52.441615715908405,
    "proj_lon": 13.493526874992508,
    "marker-color": "#3366ff",
    "marker-symbol": "o"
  },
  {
    "rowid": 114050,
    "id": 2366,
    "source": "OA",
    "source_id": "922a977efcb68cb4",
    "housenumber": 107,
    "lat": 52.4413559,
    "lon": 13.4932703,
    "parity": "L",
    "proj_lat": 52.44158724545199,
    "proj_lon": 13.493213699971927,
    "marker-color": "#3366ff",
    "marker-symbol": "o"
  },
  {
    "rowid": 114050,
    "id": 2366,
    "source": "OA",
    "source_id": "922a977efcb68cb4",
    "housenumber": 107,
    "lat": 52.4413559,
    "lon": 13.4932703,
    "parity": "L",
    "proj_lat": 52.44158724545199,
    "proj_lon": 13.493213699971927,
    "marker-color": "#3366ff",
    "marker-symbol": "o"
  },
  {
    "rowid": 114051,
    "id": 2366,
    "source": "OA",
    "source_id": "daef7c99d8c90e8b",
    "housenumber": 109,
    "lat": 52.4413283,
    "lon": 13.4929885,
    "parity": "L",
    "proj_lat": 52.44156158415707,
    "proj_lon": 13.492931425727813,
    "marker-color": "#3366ff",
    "marker-symbol": "o"
  },
  {
    "rowid": 114051,
    "id": 2366,
    "source": "OA",
    "source_id": "daef7c99d8c90e8b",
    "housenumber": 109,
    "lat": 52.4413283,
    "lon": 13.4929885,
    "parity": "L",
    "proj_lat": 52.44156158415707,
    "proj_lon": 13.492931425727813,
    "marker-color": "#3366ff",
    "marker-symbol": "o"
  },
  {
    "rowid": 114052,
    "id": 2366,
    "source": "OA",
    "source_id": "59a0b6caa983a6e7",
    "housenumber": 111,
    "lat": 52.4413013,
    "lon": 13.4927435,
    "parity": "L",
    "proj_lat": 52.44153920858251,
    "proj_lon": 13.492685294407636,
    "marker-color": "#3366ff",
    "marker-symbol": "o"
  },
  {
    "rowid": 114052,
    "id": 2366,
    "source": "OA",
    "source_id": "59a0b6caa983a6e7",
    "housenumber": 111,
    "lat": 52.4413013,
    "lon": 13.4927435,
    "parity": "L",
    "proj_lat": 52.44153920858251,
    "proj_lon": 13.492685294407636,
    "marker-color": "#3366ff",
    "marker-symbol": "o"
  },
  {
    "rowid": 114053,
    "id": 2366,
    "source": "OA",
    "source_id": "29c54e14069f4502",
    "housenumber": 113,
    "lat": 52.4412524,
    "lon": 13.4924321,
    "parity": "L",
    "proj_lat": 52.441537,
    "proj_lon": 13.492661,
    "marker-color": "#3366ff",
    "marker-symbol": "o"
  },
  {
    "rowid": 114053,
    "id": 2366,
    "source": "OA",
    "source_id": "29c54e14069f4502",
    "housenumber": 113,
    "lat": 52.4412524,
    "lon": 13.4924321,
    "parity": "L",
    "proj_lat": 52.441537,
    "proj_lon": 13.492661,
    "marker-color": "#3366ff",
    "marker-symbol": "o"
  }
]
