[
  {
    "rowid": 288773,
    "id": 31252,
    "source": "OA",
    "source_id": "2bcd6f1fab431166",
    "housenumber": 1,
    "lat": 52.4933055,
    "lon": 13.3871834,
    "parity": "R",
    "proj_lat": 52.493157688563514,
    "proj_lon": 13.387102026038766,
    "marker-color": "#ff0000",
    "marker-symbol": "o"
  },
  {
    "rowid": 288773,
    "id": 31252,
    "source": "OA",
    "source_id": "2bcd6f1fab431166",
    "housenumber": 1,
    "lat": 52.4933055,
    "lon": 13.3871834,
    "parity": "R",
    "proj_lat": 52.493157688563514,
    "proj_lon": 13.387102026038766,
    "marker-color": "#ff0000",
    "marker-symbol": "o"
  },
  {
    "rowid": 288774,
    "id": 31252,
    "source": "OA",
    "source_id": "c84068faf1584fc5",
    "housenumber": 2,
    "lat": 52.4933439,
    "lon": 13.3869839,
    "parity": "R",
    "proj_lat": 52.49319478977968,
    "proj_lon": 13.386909382049486,
    "marker-color": "#ff0000",
    "marker-symbol": "e"
  },
  {
    "rowid": 288774,
    "id": 31252,
    "source": "OA",
    "source_id": "c84068faf1584fc5",
    "housenumber": 2,
    "lat": 52.4933439,
    "lon": 13.3869839,
    "parity": "R",
    "proj_lat": 52.49319478977968,
    "proj_lon": 13.386909382049486,
    "marker-color": "#ff0000",
    "marker-symbol": "e"
  },
  {
    "rowid": 288775,
    "id": 31252,
    "source": "OA",
    "source_id": "aff65601701c6a7c",
    "housenumber": 3,
    "lat": 52.4933823,
    "lon": 13.3867772,
    "parity": "R",
    "proj_lat": 52.49323309189425,
    "proj_lon": 13.386702633000938,
    "marker-color": "#ff0000",
    "marker-symbol": "o"
  },
  {
    "rowid": 288775,
    "id": 31252,
    "source": "OA",
    "source_id": "aff65601701c6a7c",
    "housenumber": 3,
    "lat": 52.4933823,
    "lon": 13.3867772,
    "parity": "R",
    "proj_lat": 52.49323309189425,
    "proj_lon": 13.386702633000938,
    "marker-color": "#ff0000",
    "marker-symbol": "o"
  },
  {
    "rowid": 288776,
    "id": 31252,
    "source": "OA",
    "source_id": "6be013d9dcb1fbb8",
    "housenumber": 4,
    "lat": 52.4937837,
    "lon": 13.3852864,
    "parity": "R",
    "proj_lat": 52.49351356114058,
    "proj_lon": 13.385154741202768,
    "marker-color": "#ff0000",
    "marker-symbol": "e"
  },
  {
    "rowid": 288776,
    "id": 31252,
    "source": "OA",
    "source_id": "6be013d9dcb1fbb8",
    "housenumber": 4,
    "lat": 52.4937837,
    "lon": 13.3852864,
    "parity": "R",
    "proj_lat": 52.49351356114058,
    "proj_lon": 13.385154741202768,
    "marker-color": "#ff0000",
    "marker-symbol": "e"
  },
  {
    "rowid": 288777,
    "id": 31252,
    "source": "OA",
    "source_id": "855c6606dcbcb436",
    "housenumber": 5,
    "lat": 52.4937837,
    "lon": 13.3852864,
    "parity": "R",
    "proj_lat": 52.49351356114058,
    "proj_lon": 13.385154741202768,
    "marker-color": "#ff0000",
    "marker-symbol": "o"
  },
  {
    "rowid": 288777,
    "id": 31252,
    "source": "OA",
    "source_id": "855c6606dcbcb436",
    "housenumber": 5,
    "lat": 52.4937837,
    "lon": 13.3852864,
    "parity": "R",
    "proj_lat": 52.49351356114058,
    "proj_lon": 13.385154741202768,
    "marker-color": "#ff0000",
    "marker-symbol": "o"
  },
  {
    "rowid": 288778,
    "id": 31252,
    "source": "OA",
    "source_id": "1578ddac9a3312e5",
    "housenumber": 6,
    "lat": 52.4937837,
    "lon": 13.3852864,
    "parity": "R",
    "proj_lat": 52.49351356114058,
    "proj_lon": 13.385154741202768,
    "marker-color": "#ff0000",
    "marker-symbol": "e"
  },
  {
    "rowid": 288778,
    "id": 31252,
    "source": "OA",
    "source_id": "1578ddac9a3312e5",
    "housenumber": 6,
    "lat": 52.4937837,
    "lon": 13.3852864,
    "parity": "R",
    "proj_lat": 52.49351356114058,
    "proj_lon": 13.385154741202768,
    "marker-color": "#ff0000",
    "marker-symbol": "e"
  },
  {
    "rowid": 288779,
    "id": 31252,
    "source": "OA",
    "source_id": "0d275b53a527aabb",
    "housenumber": 7,
    "lat": 52.4937837,
    "lon": 13.3852864,
    "parity": "R",
    "proj_lat": 52.49351356114058,
    "proj_lon": 13.385154741202768,
    "marker-color": "#ff0000",
    "marker-symbol": "o"
  },
  {
    "rowid": 288779,
    "id": 31252,
    "source": "OA",
    "source_id": "0d275b53a527aabb",
    "housenumber": 7,
    "lat": 52.4937837,
    "lon": 13.3852864,
    "parity": "R",
    "proj_lat": 52.49351356114058,
    "proj_lon": 13.385154741202768,
    "marker-color": "#ff0000",
    "marker-symbol": "o"
  },
  {
    "rowid": 288780,
    "id": 31252,
    "source": "OA",
    "source_id": "ff0f94ea27e28d9e",
    "housenumber": 8,
    "lat": 52.4937837,
    "lon": 13.3852864,
    "parity": "R",
    "proj_lat": 52.49351356114058,
    "proj_lon": 13.385154741202768,
    "marker-color": "#ff0000",
    "marker-symbol": "e"
  },
  {
    "rowid": 288780,
    "id": 31252,
    "source": "OA",
    "source_id": "ff0f94ea27e28d9e",
    "housenumber": 8,
    "lat": 52.4937837,
    "lon": 13.3852864,
    "parity": "R",
    "proj_lat": 52.49351356114058,
    "proj_lon": 13.385154741202768,
    "marker-color": "#ff0000",
    "marker-symbol": "e"
  },
  {
    "rowid": 288781,
    "id": 31252,
    "source": "OA",
    "source_id": "63e7ba2cc9c4b737",
    "housenumber": 9,
    "lat": 52.4937837,
    "lon": 13.3852864,
    "parity": "R",
    "proj_lat": 52.49351356114058,
    "proj_lon": 13.385154741202768,
    "marker-color": "#ff0000",
    "marker-symbol": "o"
  },
  {
    "rowid": 288781,
    "id": 31252,
    "source": "OA",
    "source_id": "63e7ba2cc9c4b737",
    "housenumber": 9,
    "lat": 52.4937837,
    "lon": 13.3852864,
    "parity": "R",
    "proj_lat": 52.49351356114058,
    "proj_lon": 13.385154741202768,
    "marker-color": "#ff0000",
    "marker-symbol": "o"
  },
  {
    "rowid": 288782,
    "id": 31252,
    "source": "OA",
    "source_id": "df7c5dcc60349e1a",
    "housenumber": 10,
    "lat": 52.4937837,
    "lon": 13.3852864,
    "parity": "R",
    "proj_lat": 52.49351356114058,
    "proj_lon": 13.385154741202768,
    "marker-color": "#ff0000",
    "marker-symbol": "e"
  },
  {
    "rowid": 288782,
    "id": 31252,
    "source": "OA",
    "source_id": "df7c5dcc60349e1a",
    "housenumber": 10,
    "lat": 52.4937837,
    "lon": 13.3852864,
    "parity": "R",
    "proj_lat": 52.49351356114058,
    "proj_lon": 13.385154741202768,
    "marker-color": "#ff0000",
    "marker-symbol": "e"
  },
  {
    "rowid": 288783,
    "id": 31252,
    "source": "OA",
    "source_id": "5ea6434f0c339b09",
    "housenumber": 11,
    "lat": 52.4937837,
    "lon": 13.3852864,
    "parity": "R",
    "proj_lat": 52.49351356114058,
    "proj_lon": 13.385154741202768,
    "marker-color": "#ff0000",
    "marker-symbol": "o"
  },
  {
    "rowid": 288783,
    "id": 31252,
    "source": "OA",
    "source_id": "5ea6434f0c339b09",
    "housenumber": 11,
    "lat": 52.4937837,
    "lon": 13.3852864,
    "parity": "R",
    "proj_lat": 52.49351356114058,
    "proj_lon": 13.385154741202768,
    "marker-color": "#ff0000",
    "marker-symbol": "o"
  },
  {
    "rowid": 288784,
    "id": 31252,
    "source": "OA",
    "source_id": "372aeb83654e5fe2",
    "housenumber": 12,
    "lat": 52.4937845,
    "lon": 13.3846704,
    "parity": "R",
    "proj_lat": 52.49361941520412,
    "proj_lon": 13.384583951978772,
    "marker-color": "#ff0000",
    "marker-symbol": "e"
  },
  {
    "rowid": 288784,
    "id": 31252,
    "source": "OA",
    "source_id": "372aeb83654e5fe2",
    "housenumber": 12,
    "lat": 52.4937845,
    "lon": 13.3846704,
    "parity": "R",
    "proj_lat": 52.49361941520412,
    "proj_lon": 13.384583951978772,
    "marker-color": "#ff0000",
    "marker-symbol": "e"
  },
  {
    "rowid": 288785,
    "id": 31252,
    "source": "OA",
    "source_id": "8426e264571df3fb",
    "housenumber": 13,
    "lat": 52.4938292,
    "lon": 13.3844418,
    "parity": "R",
    "proj_lat": 52.49366382049045,
    "proj_lon": 13.38435519747345,
    "marker-color": "#ff0000",
    "marker-symbol": "o"
  },
  {
    "rowid": 288785,
    "id": 31252,
    "source": "OA",
    "source_id": "8426e264571df3fb",
    "housenumber": 13,
    "lat": 52.4938292,
    "lon": 13.3844418,
    "parity": "R",
    "proj_lat": 52.49366382049045,
    "proj_lon": 13.38435519747345,
    "marker-color": "#ff0000",
    "marker-symbol": "o"
  },
  {
    "rowid": 288786,
    "id": 31252,
    "source": "OA",
    "source_id": "8622d10d4e2cc416",
    "housenumber": 14,
    "lat": 52.4938752,
    "lon": 13.384198,
    "parity": "R",
    "proj_lat": 52.49371102406276,
    "proj_lon": 13.384112027555483,
    "marker-color": "#ff0000",
    "marker-symbol": "e"
  },
  {
    "rowid": 288786,
    "id": 31252,
    "source": "OA",
    "source_id": "8622d10d4e2cc416",
    "housenumber": 14,
    "lat": 52.4938752,
    "lon": 13.384198,
    "parity": "R",
    "proj_lat": 52.49371102406276,
    "proj_lon": 13.384112027555483,
    "marker-color": "#ff0000",
    "marker-symbol": "e"
  },
  {
    "rowid": 288787,
    "id": 31252,
    "source": "OA",
    "source_id": "124b74f8d5ebadbe",
    "housenumber": 15,
    "lat": 52.4935503,
    "lon": 13.3820323,
    "parity": "R",
    "proj_lat": 52.493397676078274,
    "proj_lon": 13.382162261815969,
    "marker-color": "#ff0000",
    "marker-symbol": "o"
  },
  {
    "rowid": 288787,
    "id": 31252,
    "source": "OA",
    "source_id": "124b74f8d5ebadbe",
    "housenumber": 15,
    "lat": 52.4935503,
    "lon": 13.3820323,
    "parity": "R",
    "proj_lat": 52.493397676078274,
    "proj_lon": 13.382162261815969,
    "marker-color": "#ff0000",
    "marker-symbol": "o"
  },
  {
    "rowid": 288788,
    "id": 31252,
    "source": "OA",
    "source_id": "d1eb357d137629c7",
    "housenumber": 16,
    "lat": 52.493438,
    "lon": 13.3816762,
    "parity": "R",
    "proj_lat": 52.49328529291799,
    "proj_lon": 13.381806231964198,
    "marker-color": "#ff0000",
    "marker-symbol": "e"
  },
  {
    "rowid": 288788,
    "id": 31252,
    "source": "OA",
    "source_id": "d1eb357d137629c7",
    "housenumber": 16,
    "lat": 52.493438,
    "lon": 13.3816762,
    "parity": "R",
    "proj_lat": 52.49328529291799,
    "proj_lon": 13.381806231964198,
    "marker-color": "#ff0000",
    "marker-symbol": "e"
  },
  {
    "rowid": 288789,
    "id": 31252,
    "source": "OA",
    "source_id": "f2050b3d53b36c95",
    "housenumber": 17,
    "lat": 52.4933748,
    "lon": 13.3814774,
    "parity": "R",
    "proj_lat": 52.49322244550482,
    "proj_lon": 13.38160713135927,
    "marker-color": "#ff0000",
    "marker-symbol": "o"
  },
  {
    "rowid": 288789,
    "id": 31252,
    "source": "OA",
    "source_id": "f2050b3d53b36c95",
    "housenumber": 17,
    "lat": 52.4933748,
    "lon": 13.3814774,
    "parity": "R",
    "proj_lat": 52.49322244550482,
    "proj_lon": 13.38160713135927,
    "marker-color": "#ff0000",
    "marker-symbol": "o"
  },
  {
    "rowid": 288790,
    "id": 31252,
    "source": "OA",
    "source_id": "019168aaa3be8dcf",
    "housenumber": 18,
    "lat": 52.4933016,
    "lon": 13.3812471,
    "parity": "R",
    "proj_lat": 52.49314966328878,
    "proj_lon": 13.381376865189457,
    "marker-color": "#ff0000",
    "marker-symbol": "e"
  },
  {
    "rowid": 288790,
    "id": 31252,
    "source": "OA",
    "source_id": "019168aaa3be8dcf",
    "housenumber": 18,
    "lat": 52.4933016,
    "lon": 13.3812471,
    "parity": "R",
    "proj_lat": 52.49314966328878,
    "proj_lon": 13.381376865189457,
    "marker-color": "#ff0000",
    "marker-symbol": "e"
  },
  {
    "rowid": 288791,
    "id": 31252,
    "source": "OA",
    "source_id": "ef2359650862051d",
    "housenumber": 19,
    "lat": 52.4932056,
    "lon": 13.3809453,
    "parity": "R",
    "proj_lat": 52.49305401552862,
    "proj_lon": 13.381074763785334,
    "marker-color": "#ff0000",
    "marker-symbol": "o"
  },
  {
    "rowid": 288791,
    "id": 31252,
    "source": "OA",
    "source_id": "ef2359650862051d",
    "housenumber": 19,
    "lat": 52.4932056,
    "lon": 13.3809453,
    "parity": "R",
    "proj_lat": 52.49305401552862,
    "proj_lon": 13.381074763785334,
    "marker-color": "#ff0000",
    "marker-symbol": "o"
  },
  {
    "rowid": 288792,
    "id": 31252,
    "source": "OA",
    "source_id": "8fbd41eeeca3a3cb",
    "housenumber": 20,
    "lat": 52.4931152,
    "lon": 13.3806611,
    "parity": "R",
    "proj_lat": 52.49296394597564,
    "proj_lon": 13.380790281029249,
    "marker-color": "#ff0000",
    "marker-symbol": "e"
  },
  {
    "rowid": 288792,
    "id": 31252,
    "source": "OA",
    "source_id": "8fbd41eeeca3a3cb",
    "housenumber": 20,
    "lat": 52.4931152,
    "lon": 13.3806611,
    "parity": "R",
    "proj_lat": 52.49296394597564,
    "proj_lon": 13.380790281029249,
    "marker-color": "#ff0000",
    "marker-symbol": "e"
  },
  {
    "rowid": 288793,
    "id": 31252,
    "source": "OA",
    "source_id": "3a021129c359ac6f",
    "housenumber": 21,
    "lat": 52.4930383,
    "lon": 13.3804191,
    "parity": "R",
    "proj_lat": 52.49288726692109,
    "proj_lon": 13.380548091875962,
    "marker-color": "#ff0000",
    "marker-symbol": "o"
  },
  {
    "rowid": 288793,
    "id": 31252,
    "source": "OA",
    "source_id": "3a021129c359ac6f",
    "housenumber": 21,
    "lat": 52.4930383,
    "lon": 13.3804191,
    "parity": "R",
    "proj_lat": 52.49288726692109,
    "proj_lon": 13.380548091875962,
    "marker-color": "#ff0000",
    "marker-symbol": "o"
  },
  {
    "rowid": 288794,
    "id": 31252,
    "source": "OA",
    "source_id": "29c0f7eaf801fe8c",
    "housenumber": 22,
    "lat": 52.4929304,
    "lon": 13.3800799,
    "parity": "R",
    "proj_lat": 52.49277976547394,
    "proj_lon": 13.380208550855096,
    "marker-color": "#ff0000",
    "marker-symbol": "e"
  },
  {
    "rowid": 288794,
    "id": 31252,
    "source": "OA",
    "source_id": "29c0f7eaf801fe8c",
    "housenumber": 22,
    "lat": 52.4929304,
    "lon": 13.3800799,
    "parity": "R",
    "proj_lat": 52.49277976547394,
    "proj_lon": 13.380208550855096,
    "marker-color": "#ff0000",
    "marker-symbol": "e"
  },
  {
    "rowid": 312369,
    "id": 31252,
    "source": "OA",
    "source_id": "f616a811b72aa69c",
    "housenumber": 24,
    "lat": 52.4923718,
    "lon": 13.3785651,
    "parity": "R",
    "proj_lat": 52.49228143382573,
    "proj_lon": 13.37864305166433,
    "marker-color": "#ff0000",
    "marker-symbol": "e"
  },
  {
    "rowid": 312369,
    "id": 31252,
    "source": "OA",
    "source_id": "f616a811b72aa69c",
    "housenumber": 24,
    "lat": 52.4923718,
    "lon": 13.3785651,
    "parity": "R",
    "proj_lat": 52.49228143382573,
    "proj_lon": 13.37864305166433,
    "marker-color": "#ff0000",
    "marker-symbol": "e"
  },
  {
    "rowid": 288795,
    "id": 31252,
    "source": "OA",
    "source_id": "4a61c07d8682d68f",
    "housenumber": 35,
    "lat": 52.492632,
    "lon": 13.3717522,
    "parity": "R",
    "proj_lat": 52.491595,
    "proj_lon": 13.376234,
    "marker-color": "#ff0000",
    "marker-symbol": "o"
  },
  {
    "rowid": 288795,
    "id": 31252,
    "source": "OA",
    "source_id": "4a61c07d8682d68f",
    "housenumber": 35,
    "lat": 52.492632,
    "lon": 13.3717522,
    "parity": "R",
    "proj_lat": 52.491595,
    "proj_lon": 13.376234,
    "marker-color": "#ff0000",
    "marker-symbol": "o"
  },
  {
    "rowid": 288796,
    "id": 31252,
    "source": "OA",
    "source_id": "eb68cc051f903fd3",
    "housenumber": 53,
    "lat": 52.4926503,
    "lon": 13.3701517,
    "parity": "R",
    "proj_lat": 52.491595,
    "proj_lon": 13.376234,
    "marker-color": "#ff0000",
    "marker-symbol": "o"
  },
  {
    "rowid": 288796,
    "id": 31252,
    "source": "OA",
    "source_id": "eb68cc051f903fd3",
    "housenumber": 53,
    "lat": 52.4926503,
    "lon": 13.3701517,
    "parity": "R",
    "proj_lat": 52.491595,
    "proj_lon": 13.376234,
    "marker-color": "#ff0000",
    "marker-symbol": "o"
  },
  {
    "rowid": 288797,
    "id": 31252,
    "source": "OA",
    "source_id": "1fa82dfc9442055c",
    "housenumber": 54,
    "lat": 52.4925545,
    "lon": 13.3704879,
    "parity": "R",
    "proj_lat": 52.491595,
    "proj_lon": 13.376234,
    "marker-color": "#ff0000",
    "marker-symbol": "e"
  },
  {
    "rowid": 288797,
    "id": 31252,
    "source": "OA",
    "source_id": "1fa82dfc9442055c",
    "housenumber": 54,
    "lat": 52.4925545,
    "lon": 13.3704879,
    "parity": "R",
    "proj_lat": 52.491595,
    "proj_lon": 13.376234,
    "marker-color": "#ff0000",
    "marker-symbol": "e"
  },
  {
    "rowid": 288798,
    "id": 31252,
    "source": "OA",
    "source_id": "f49183d0e26cb461",
    "housenumber": 55,
    "lat": 52.4924289,
    "lon": 13.3712438,
    "parity": "R",
    "proj_lat": 52.491595,
    "proj_lon": 13.376234,
    "marker-color": "#ff0000",
    "marker-symbol": "o"
  },
  {
    "rowid": 288798,
    "id": 31252,
    "source": "OA",
    "source_id": "f49183d0e26cb461",
    "housenumber": 55,
    "lat": 52.4924289,
    "lon": 13.3712438,
    "parity": "R",
    "proj_lat": 52.491595,
    "proj_lon": 13.376234,
    "marker-color": "#ff0000",
    "marker-symbol": "o"
  },
  {
    "rowid": 288799,
    "id": 31252,
    "source": "OA",
    "source_id": "1d2e50949196a525",
    "housenumber": 56,
    "lat": 52.4923773,
    "lon": 13.3715033,
    "parity": "R",
    "proj_lat": 52.491595,
    "proj_lon": 13.376234,
    "marker-color": "#ff0000",
    "marker-symbol": "e"
  },
  {
    "rowid": 288799,
    "id": 31252,
    "source": "OA",
    "source_id": "1d2e50949196a525",
    "housenumber": 56,
    "lat": 52.4923773,
    "lon": 13.3715033,
    "parity": "R",
    "proj_lat": 52.491595,
    "proj_lon": 13.376234,
    "marker-color": "#ff0000",
    "marker-symbol": "e"
  },
  {
    "rowid": 288800,
    "id": 31252,
    "source": "OA",
    "source_id": "26f89469020ca865",
    "housenumber": 56.03,
    "lat": 52.4923467,
    "lon": 13.3716567,
    "parity": "R",
    "proj_lat": 52.491595,
    "proj_lon": 13.376234,
    "marker-color": "#ff0000",
    "marker-symbol": "e"
  },
  {
    "rowid": 288800,
    "id": 31252,
    "source": "OA",
    "source_id": "26f89469020ca865",
    "housenumber": 56.03,
    "lat": 52.4923467,
    "lon": 13.3716567,
    "parity": "R",
    "proj_lat": 52.491595,
    "proj_lon": 13.376234,
    "marker-color": "#ff0000",
    "marker-symbol": "e"
  },
  {
    "rowid": 288801,
    "id": 31252,
    "source": "OA",
    "source_id": "f495d36392b5db46",
    "housenumber": 56.06,
    "lat": 52.4923062,
    "lon": 13.3718595,
    "parity": "R",
    "proj_lat": 52.491595,
    "proj_lon": 13.376234,
    "marker-color": "#ff0000",
    "marker-symbol": "e"
  },
  {
    "rowid": 288801,
    "id": 31252,
    "source": "OA",
    "source_id": "f495d36392b5db46",
    "housenumber": 56.06,
    "lat": 52.4923062,
    "lon": 13.3718595,
    "parity": "R",
    "proj_lat": 52.491595,
    "proj_lon": 13.376234,
    "marker-color": "#ff0000",
    "marker-symbol": "e"
  },
  {
    "rowid": 288802,
    "id": 31252,
    "source": "OA",
    "source_id": "3d6371753f1e6d66",
    "housenumber": 57,
    "lat": 52.4912437,
    "lon": 13.3760074,
    "parity": "R",
    "proj_lat": 52.49158130753569,
    "proj_lon": 13.376279777791128,
    "marker-color": "#ff0000",
    "marker-symbol": "o"
  },
  {
    "rowid": 288802,
    "id": 31252,
    "source": "OA",
    "source_id": "3d6371753f1e6d66",
    "housenumber": 57,
    "lat": 52.4912437,
    "lon": 13.3760074,
    "parity": "R",
    "proj_lat": 52.49158130753569,
    "proj_lon": 13.376279777791128,
    "marker-color": "#ff0000",
    "marker-symbol": "o"
  },
  {
    "rowid": 288803,
    "id": 31252,
    "source": "OA",
    "source_id": "55be84083723572a",
    "housenumber": 58,
    "lat": 52.4913495,
    "lon": 13.3772669,
    "parity": "R",
    "proj_lat": 52.491464,
    "proj_lon": 13.376777,
    "marker-color": "#ff0000",
    "marker-symbol": "e"
  },
  {
    "rowid": 288803,
    "id": 31252,
    "source": "OA",
    "source_id": "55be84083723572a",
    "housenumber": 58,
    "lat": 52.4913495,
    "lon": 13.3772669,
    "parity": "R",
    "proj_lat": 52.491464,
    "proj_lon": 13.376777,
    "marker-color": "#ff0000",
    "marker-symbol": "e"
  },
  {
    "rowid": 288804,
    "id": 31252,
    "source": "OA",
    "source_id": "b97aa49464d4a348",
    "housenumber": 59,
    "lat": 52.491431,
    "lon": 13.3774879,
    "parity": "L",
    "proj_lat": 52.49177577993161,
    "proj_lon": 13.377123163996234,
    "marker-color": "#3366ff",
    "marker-symbol": "o"
  },
  {
    "rowid": 288804,
    "id": 31252,
    "source": "OA",
    "source_id": "b97aa49464d4a348",
    "housenumber": 59,
    "lat": 52.491431,
    "lon": 13.3774879,
    "parity": "L",
    "proj_lat": 52.49177577993161,
    "proj_lon": 13.377123163996234,
    "marker-color": "#3366ff",
    "marker-symbol": "o"
  },
  {
    "rowid": 305376,
    "id": 31252,
    "source": "OA",
    "source_id": "45575e15ff7e7561",
    "housenumber": 59.03,
    "lat": 52.4911577,
    "lon": 13.3776461,
    "parity": "R",
    "proj_lat": 52.491464,
    "proj_lon": 13.376777,
    "marker-color": "#ff0000",
    "marker-symbol": "o"
  },
  {
    "rowid": 305376,
    "id": 31252,
    "source": "OA",
    "source_id": "45575e15ff7e7561",
    "housenumber": 59.03,
    "lat": 52.4911577,
    "lon": 13.3776461,
    "parity": "R",
    "proj_lat": 52.491464,
    "proj_lon": 13.376777,
    "marker-color": "#ff0000",
    "marker-symbol": "o"
  },
  {
    "rowid": 288805,
    "id": 31252,
    "source": "OA",
    "source_id": "3c8a780e03ac85bc",
    "housenumber": 60,
    "lat": 52.4915118,
    "lon": 13.3777427,
    "parity": "L",
    "proj_lat": 52.49187010060021,
    "proj_lon": 13.377363659350305,
    "marker-color": "#3366ff",
    "marker-symbol": "e"
  },
  {
    "rowid": 288805,
    "id": 31252,
    "source": "OA",
    "source_id": "3c8a780e03ac85bc",
    "housenumber": 60,
    "lat": 52.4915118,
    "lon": 13.3777427,
    "parity": "L",
    "proj_lat": 52.49187010060021,
    "proj_lon": 13.377363659350305,
    "marker-color": "#3366ff",
    "marker-symbol": "e"
  },
  {
    "rowid": 288806,
    "id": 31248,
    "source": "OA",
    "source_id": "7dbbb4ca114a73dd",
    "housenumber": 61,
    "lat": 52.4916003,
    "lon": 13.3780211,
    "parity": "R",
    "proj_lat": 52.491843,
    "proj_lon": 13.378334,
    "marker-color": "#ff0000",
    "marker-symbol": "o"
  },
  {
    "rowid": 288806,
    "id": 31248,
    "source": "OA",
    "source_id": "7dbbb4ca114a73dd",
    "housenumber": 61,
    "lat": 52.4916003,
    "lon": 13.3780211,
    "parity": "R",
    "proj_lat": 52.491843,
    "proj_lon": 13.378334,
    "marker-color": "#ff0000",
    "marker-symbol": "o"
  },
  {
    "rowid": 288807,
    "id": 31248,
    "source": "OA",
    "source_id": "5675cbeaa5e595e9",
    "housenumber": 62,
    "lat": 52.4916565,
    "lon": 13.3782813,
    "parity": "R",
    "proj_lat": 52.491805,
    "proj_lon": 13.378428,
    "marker-color": "#ff0000",
    "marker-symbol": "e"
  },
  {
    "rowid": 288807,
    "id": 31248,
    "source": "OA",
    "source_id": "5675cbeaa5e595e9",
    "housenumber": 62,
    "lat": 52.4916565,
    "lon": 13.3782813,
    "parity": "R",
    "proj_lat": 52.491805,
    "proj_lon": 13.378428,
    "marker-color": "#ff0000",
    "marker-symbol": "e"
  },
  {
    "rowid": 288808,
    "id": 31248,
    "source": "OA",
    "source_id": "5d7ceb5ac5c883c1",
    "housenumber": 63,
    "lat": 52.4916408,
    "lon": 13.3785492,
    "parity": "R",
    "proj_lat": 52.49178452550961,
    "proj_lon": 13.378566253414872,
    "marker-color": "#ff0000",
    "marker-symbol": "o"
  },
  {
    "rowid": 288808,
    "id": 31248,
    "source": "OA",
    "source_id": "5d7ceb5ac5c883c1",
    "housenumber": 63,
    "lat": 52.4916408,
    "lon": 13.3785492,
    "parity": "R",
    "proj_lat": 52.49178452550961,
    "proj_lon": 13.378566253414872,
    "marker-color": "#ff0000",
    "marker-symbol": "o"
  },
  {
    "rowid": 288809,
    "id": 31248,
    "source": "OA",
    "source_id": "3dd358609f48ba09",
    "housenumber": 64,
    "lat": 52.4916296,
    "lon": 13.3787388,
    "parity": "R",
    "proj_lat": 52.491776170485196,
    "proj_lon": 13.37875619096995,
    "marker-color": "#ff0000",
    "marker-symbol": "e"
  },
  {
    "rowid": 288809,
    "id": 31248,
    "source": "OA",
    "source_id": "3dd358609f48ba09",
    "housenumber": 64,
    "lat": 52.4916296,
    "lon": 13.3787388,
    "parity": "R",
    "proj_lat": 52.491776170485196,
    "proj_lon": 13.37875619096995,
    "marker-color": "#ff0000",
    "marker-symbol": "e"
  },
  {
    "rowid": 288810,
    "id": 31248,
    "source": "OA",
    "source_id": "3230c1de0fca8b73",
    "housenumber": 65,
    "lat": 52.4916131,
    "lon": 13.379021,
    "parity": "R",
    "proj_lat": 52.49176373577797,
    "proj_lon": 13.37903887331412,
    "marker-color": "#ff0000",
    "marker-symbol": "o"
  },
  {
    "rowid": 288810,
    "id": 31248,
    "source": "OA",
    "source_id": "3230c1de0fca8b73",
    "housenumber": 65,
    "lat": 52.4916131,
    "lon": 13.379021,
    "parity": "R",
    "proj_lat": 52.49176373577797,
    "proj_lon": 13.37903887331412,
    "marker-color": "#ff0000",
    "marker-symbol": "o"
  },
  {
    "rowid": 288811,
    "id": 31248,
    "source": "OA",
    "source_id": "14dcb07d394b00aa",
    "housenumber": 66,
    "lat": 52.492048,
    "lon": 13.3797994,
    "parity": "L",
    "proj_lat": 52.491757,
    "proj_lon": 13.379192,
    "marker-color": "#3366ff",
    "marker-symbol": "e"
  },
  {
    "rowid": 288811,
    "id": 31248,
    "source": "OA",
    "source_id": "14dcb07d394b00aa",
    "housenumber": 66,
    "lat": 52.492048,
    "lon": 13.3797994,
    "parity": "L",
    "proj_lat": 52.491757,
    "proj_lon": 13.379192,
    "marker-color": "#3366ff",
    "marker-symbol": "e"
  },
  {
    "rowid": 288812,
    "id": 31252,
    "source": "OA",
    "source_id": "b5025fff8005c9b8",
    "housenumber": 67,
    "lat": 52.4922545,
    "lon": 13.3800831,
    "parity": "L",
    "proj_lat": 52.49263670170926,
    "proj_lon": 13.379756687015147,
    "marker-color": "#3366ff",
    "marker-symbol": "o"
  },
  {
    "rowid": 288812,
    "id": 31252,
    "source": "OA",
    "source_id": "b5025fff8005c9b8",
    "housenumber": 67,
    "lat": 52.4922545,
    "lon": 13.3800831,
    "parity": "L",
    "proj_lat": 52.49263670170926,
    "proj_lon": 13.379756687015147,
    "marker-color": "#3366ff",
    "marker-symbol": "o"
  },
  {
    "rowid": 288813,
    "id": 31252,
    "source": "OA",
    "source_id": "053beb870360285a",
    "housenumber": 68,
    "lat": 52.4923159,
    "lon": 13.3802759,
    "parity": "L",
    "proj_lat": 52.49269781971703,
    "proj_lon": 13.3799497269351,
    "marker-color": "#3366ff",
    "marker-symbol": "e"
  },
  {
    "rowid": 288813,
    "id": 31252,
    "source": "OA",
    "source_id": "053beb870360285a",
    "housenumber": 68,
    "lat": 52.4923159,
    "lon": 13.3802759,
    "parity": "L",
    "proj_lat": 52.49269781971703,
    "proj_lon": 13.3799497269351,
    "marker-color": "#3366ff",
    "marker-symbol": "e"
  },
  {
    "rowid": 288814,
    "id": 31252,
    "source": "OA",
    "source_id": "9a4592faa1fb1933",
    "housenumber": 69,
    "lat": 52.4923632,
    "lon": 13.3804244,
    "parity": "L",
    "proj_lat": 52.49274489623141,
    "proj_lon": 13.380098417098566,
    "marker-color": "#3366ff",
    "marker-symbol": "o"
  },
  {
    "rowid": 288814,
    "id": 31252,
    "source": "OA",
    "source_id": "9a4592faa1fb1933",
    "housenumber": 69,
    "lat": 52.4923632,
    "lon": 13.3804244,
    "parity": "L",
    "proj_lat": 52.49274489623141,
    "proj_lon": 13.380098417098566,
    "marker-color": "#3366ff",
    "marker-symbol": "o"
  },
  {
    "rowid": 288815,
    "id": 31252,
    "source": "OA",
    "source_id": "f82c21993196d9cd",
    "housenumber": 70,
    "lat": 52.4924349,
    "lon": 13.3806497,
    "parity": "L",
    "proj_lat": 52.492816306144555,
    "proj_lon": 13.380323963781455,
    "marker-color": "#3366ff",
    "marker-symbol": "e"
  },
  {
    "rowid": 288815,
    "id": 31252,
    "source": "OA",
    "source_id": "f82c21993196d9cd",
    "housenumber": 70,
    "lat": 52.4924349,
    "lon": 13.3806497,
    "parity": "L",
    "proj_lat": 52.492816306144555,
    "proj_lon": 13.380323963781455,
    "marker-color": "#3366ff",
    "marker-symbol": "e"
  },
  {
    "rowid": 288816,
    "id": 31252,
    "source": "OA",
    "source_id": "8e3838385c61e6da",
    "housenumber": 71,
    "lat": 52.4925173,
    "lon": 13.3809081,
    "parity": "L",
    "proj_lat": 52.492898242631156,
    "proj_lon": 13.380582758421381,
    "marker-color": "#3366ff",
    "marker-symbol": "o"
  },
  {
    "rowid": 288816,
    "id": 31252,
    "source": "OA",
    "source_id": "8e3838385c61e6da",
    "housenumber": 71,
    "lat": 52.4925173,
    "lon": 13.3809081,
    "parity": "L",
    "proj_lat": 52.492898242631156,
    "proj_lon": 13.380582758421381,
    "marker-color": "#3366ff",
    "marker-symbol": "o"
  },
  {
    "rowid": 288817,
    "id": 31252,
    "source": "OA",
    "source_id": "701bfd992b09cb95",
    "housenumber": 72,
    "lat": 52.4926224,
    "lon": 13.3812297,
    "parity": "L",
    "proj_lat": 52.493000761300586,
    "proj_lon": 13.380906561445434,
    "marker-color": "#3366ff",
    "marker-symbol": "e"
  },
  {
    "rowid": 288817,
    "id": 31252,
    "source": "OA",
    "source_id": "701bfd992b09cb95",
    "housenumber": 72,
    "lat": 52.4926224,
    "lon": 13.3812297,
    "parity": "L",
    "proj_lat": 52.493000761300586,
    "proj_lon": 13.380906561445434,
    "marker-color": "#3366ff",
    "marker-symbol": "e"
  },
  {
    "rowid": 288818,
    "id": 31252,
    "source": "OA",
    "source_id": "14473db7fc7ba6bb",
    "housenumber": 73,
    "lat": 52.4926987,
    "lon": 13.3814788,
    "parity": "L",
    "proj_lat": 52.493079081712345,
    "proj_lon": 13.38115393479035,
    "marker-color": "#3366ff",
    "marker-symbol": "o"
  },
  {
    "rowid": 288818,
    "id": 31252,
    "source": "OA",
    "source_id": "14473db7fc7ba6bb",
    "housenumber": 73,
    "lat": 52.4926987,
    "lon": 13.3814788,
    "parity": "L",
    "proj_lat": 52.493079081712345,
    "proj_lon": 13.38115393479035,
    "marker-color": "#3366ff",
    "marker-symbol": "o"
  },
  {
    "rowid": 288819,
    "id": 31252,
    "source": "OA",
    "source_id": "f210a91a2b9489de",
    "housenumber": 74,
    "lat": 52.4927683,
    "lon": 13.381698,
    "parity": "L",
    "proj_lat": 52.49314852442033,
    "proj_lon": 13.3813732680978,
    "marker-color": "#3366ff",
    "marker-symbol": "e"
  },
  {
    "rowid": 288819,
    "id": 31252,
    "source": "OA",
    "source_id": "f210a91a2b9489de",
    "housenumber": 74,
    "lat": 52.4927683,
    "lon": 13.381698,
    "parity": "L",
    "proj_lat": 52.49314852442033,
    "proj_lon": 13.3813732680978,
    "marker-color": "#3366ff",
    "marker-symbol": "e"
  },
  {
    "rowid": 288820,
    "id": 31252,
    "source": "OA",
    "source_id": "eb1762798b97df6f",
    "housenumber": 75,
    "lat": 52.4928662,
    "lon": 13.3820059,
    "parity": "L",
    "proj_lat": 52.49324618709456,
    "proj_lon": 13.381682344715571,
    "marker-color": "#3366ff",
    "marker-symbol": "o"
  },
  {
    "rowid": 288820,
    "id": 31252,
    "source": "OA",
    "source_id": "eb1762798b97df6f",
    "housenumber": 75,
    "lat": 52.4928662,
    "lon": 13.3820059,
    "parity": "L",
    "proj_lat": 52.49324618709456,
    "proj_lon": 13.381682344715571,
    "marker-color": "#3366ff",
    "marker-symbol": "o"
  },
  {
    "rowid": 288821,
    "id": 31252,
    "source": "OA",
    "source_id": "fa81bb31273d4141",
    "housenumber": 76,
    "lat": 52.4929527,
    "lon": 13.3822779,
    "parity": "L",
    "proj_lat": 52.49333218124156,
    "proj_lon": 13.381954774173268,
    "marker-color": "#3366ff",
    "marker-symbol": "e"
  },
  {
    "rowid": 288821,
    "id": 31252,
    "source": "OA",
    "source_id": "fa81bb31273d4141",
    "housenumber": 76,
    "lat": 52.4929527,
    "lon": 13.3822779,
    "parity": "L",
    "proj_lat": 52.49333218124156,
    "proj_lon": 13.381954774173268,
    "marker-color": "#3366ff",
    "marker-symbol": "e"
  },
  {
    "rowid": 288822,
    "id": 31252,
    "source": "OA",
    "source_id": "0c12a1dc1b6f3d0b",
    "housenumber": 77,
    "lat": 52.493039,
    "lon": 13.3825493,
    "parity": "L",
    "proj_lat": 52.49341798374939,
    "proj_lon": 13.382226596518072,
    "marker-color": "#3366ff",
    "marker-symbol": "o"
  },
  {
    "rowid": 288822,
    "id": 31252,
    "source": "OA",
    "source_id": "0c12a1dc1b6f3d0b",
    "housenumber": 77,
    "lat": 52.493039,
    "lon": 13.3825493,
    "parity": "L",
    "proj_lat": 52.49341798374939,
    "proj_lon": 13.382226596518072,
    "marker-color": "#3366ff",
    "marker-symbol": "o"
  },
  {
    "rowid": 288823,
    "id": 31252,
    "source": "OA",
    "source_id": "dd2066b455859776",
    "housenumber": 78,
    "lat": 52.4931337,
    "lon": 13.3828471,
    "parity": "L",
    "proj_lat": 52.49351213368357,
    "proj_lon": 13.38252486350955,
    "marker-color": "#3366ff",
    "marker-symbol": "e"
  },
  {
    "rowid": 288823,
    "id": 31252,
    "source": "OA",
    "source_id": "dd2066b455859776",
    "housenumber": 78,
    "lat": 52.4931337,
    "lon": 13.3828471,
    "parity": "L",
    "proj_lat": 52.49351213368357,
    "proj_lon": 13.38252486350955,
    "marker-color": "#3366ff",
    "marker-symbol": "e"
  },
  {
    "rowid": 288824,
    "id": 31252,
    "source": "OA",
    "source_id": "405e2174d58da530",
    "housenumber": 80,
    "lat": 52.493289,
    "lon": 13.3839826,
    "parity": "L",
    "proj_lat": 52.49369488992114,
    "proj_lon": 13.384195142830512,
    "marker-color": "#3366ff",
    "marker-symbol": "e"
  },
  {
    "rowid": 288824,
    "id": 31252,
    "source": "OA",
    "source_id": "405e2174d58da530",
    "housenumber": 80,
    "lat": 52.493289,
    "lon": 13.3839826,
    "parity": "L",
    "proj_lat": 52.49369488992114,
    "proj_lon": 13.384195142830512,
    "marker-color": "#3366ff",
    "marker-symbol": "e"
  },
  {
    "rowid": 288825,
    "id": 31252,
    "source": "OA",
    "source_id": "4fd94d1086dd8d1d",
    "housenumber": 81,
    "lat": 52.4932463,
    "lon": 13.3842036,
    "parity": "L",
    "proj_lat": 52.49365200844781,
    "proj_lon": 13.384416047390067,
    "marker-color": "#3366ff",
    "marker-symbol": "o"
  },
  {
    "rowid": 288825,
    "id": 31252,
    "source": "OA",
    "source_id": "4fd94d1086dd8d1d",
    "housenumber": 81,
    "lat": 52.4932463,
    "lon": 13.3842036,
    "parity": "L",
    "proj_lat": 52.49365200844781,
    "proj_lon": 13.384416047390067,
    "marker-color": "#3366ff",
    "marker-symbol": "o"
  },
  {
    "rowid": 288826,
    "id": 31252,
    "source": "OA",
    "source_id": "98e0dc2777fa8b62",
    "housenumber": 82,
    "lat": 52.4931892,
    "lon": 13.3845038,
    "parity": "L",
    "proj_lat": 52.49359384276263,
    "proj_lon": 13.384715688798593,
    "marker-color": "#3366ff",
    "marker-symbol": "e"
  },
  {
    "rowid": 288826,
    "id": 31252,
    "source": "OA",
    "source_id": "98e0dc2777fa8b62",
    "housenumber": 82,
    "lat": 52.4931892,
    "lon": 13.3845038,
    "parity": "L",
    "proj_lat": 52.49359384276263,
    "proj_lon": 13.384715688798593,
    "marker-color": "#3366ff",
    "marker-symbol": "e"
  },
  {
    "rowid": 288827,
    "id": 31252,
    "source": "OA",
    "source_id": "e773ede726dc6065",
    "housenumber": 83,
    "lat": 52.4931428,
    "lon": 13.3847246,
    "parity": "L",
    "proj_lat": 52.493554981049776,
    "proj_lon": 13.384925480686293,
    "marker-color": "#3366ff",
    "marker-symbol": "o"
  },
  {
    "rowid": 288827,
    "id": 31252,
    "source": "OA",
    "source_id": "e773ede726dc6065",
    "housenumber": 83,
    "lat": 52.4931428,
    "lon": 13.3847246,
    "parity": "L",
    "proj_lat": 52.493554981049776,
    "proj_lon": 13.384925480686293,
    "marker-color": "#3366ff",
    "marker-symbol": "o"
  },
  {
    "rowid": 288828,
    "id": 31252,
    "source": "OA",
    "source_id": "40eabb5e364a73de",
    "housenumber": 83.03,
    "lat": 52.4929008,
    "lon": 13.3847554,
    "parity": "L",
    "proj_lat": 52.493530283584754,
    "proj_lon": 13.385062181941725,
    "marker-color": "#3366ff",
    "marker-symbol": "o"
  },
  {
    "rowid": 288828,
    "id": 31252,
    "source": "OA",
    "source_id": "40eabb5e364a73de",
    "housenumber": 83.03,
    "lat": 52.4929008,
    "lon": 13.3847554,
    "parity": "L",
    "proj_lat": 52.493530283584754,
    "proj_lon": 13.385062181941725,
    "marker-color": "#3366ff",
    "marker-symbol": "o"
  },
  {
    "rowid": 288829,
    "id": 31252,
    "source": "OA",
    "source_id": "742e1c4d324417ce",
    "housenumber": 84,
    "lat": 52.4931054,
    "lon": 13.3849212,
    "parity": "L",
    "proj_lat": 52.493519309687485,
    "proj_lon": 13.385122922812595,
    "marker-color": "#3366ff",
    "marker-symbol": "e"
  },
  {
    "rowid": 288829,
    "id": 31252,
    "source": "OA",
    "source_id": "742e1c4d324417ce",
    "housenumber": 84,
    "lat": 52.4931054,
    "lon": 13.3849212,
    "parity": "L",
    "proj_lat": 52.493519309687485,
    "proj_lon": 13.385122922812595,
    "marker-color": "#3366ff",
    "marker-symbol": "e"
  },
  {
    "rowid": 288830,
    "id": 31252,
    "source": "OA",
    "source_id": "346ef59ae5c14b4d",
    "housenumber": 84.03,
    "lat": 52.4927538,
    "lon": 13.3847034,
    "parity": "L",
    "proj_lat": 52.49352702264201,
    "proj_lon": 13.38508023136366,
    "marker-color": "#3366ff",
    "marker-symbol": "e"
  },
  {
    "rowid": 288830,
    "id": 31252,
    "source": "OA",
    "source_id": "346ef59ae5c14b4d",
    "housenumber": 84.03,
    "lat": 52.4927538,
    "lon": 13.3847034,
    "parity": "L",
    "proj_lat": 52.49352702264201,
    "proj_lon": 13.38508023136366,
    "marker-color": "#3366ff",
    "marker-symbol": "e"
  },
  {
    "rowid": 288831,
    "id": 31252,
    "source": "OA",
    "source_id": "d9b8208008097999",
    "housenumber": 84.06,
    "lat": 52.4925632,
    "lon": 13.3846134,
    "parity": "L",
    "proj_lat": 52.49352654356873,
    "proj_lon": 13.385082883049531,
    "marker-color": "#3366ff",
    "marker-symbol": "e"
  },
  {
    "rowid": 288831,
    "id": 31252,
    "source": "OA",
    "source_id": "d9b8208008097999",
    "housenumber": 84.06,
    "lat": 52.4925632,
    "lon": 13.3846134,
    "parity": "L",
    "proj_lat": 52.49352654356873,
    "proj_lon": 13.385082883049531,
    "marker-color": "#3366ff",
    "marker-symbol": "e"
  },
  {
    "rowid": 288832,
    "id": 31252,
    "source": "OA",
    "source_id": "c024fe747d0c3029",
    "housenumber": 85,
    "lat": 52.4930648,
    "lon": 13.3851319,
    "parity": "L",
    "proj_lat": 52.49348103810933,
    "proj_lon": 13.385334757216498,
    "marker-color": "#3366ff",
    "marker-symbol": "o"
  },
  {
    "rowid": 288832,
    "id": 31252,
    "source": "OA",
    "source_id": "c024fe747d0c3029",
    "housenumber": 85,
    "lat": 52.4930648,
    "lon": 13.3851319,
    "parity": "L",
    "proj_lat": 52.49348103810933,
    "proj_lon": 13.385334757216498,
    "marker-color": "#3366ff",
    "marker-symbol": "o"
  },
  {
    "rowid": 288833,
    "id": 31252,
    "source": "OA",
    "source_id": "e864a1d8a5fd8d6c",
    "housenumber": 86,
    "lat": 52.4930346,
    "lon": 13.3853412,
    "parity": "L",
    "proj_lat": 52.49344384059485,
    "proj_lon": 13.385540646643793,
    "marker-color": "#3366ff",
    "marker-symbol": "e"
  },
  {
    "rowid": 288833,
    "id": 31252,
    "source": "OA",
    "source_id": "e864a1d8a5fd8d6c",
    "housenumber": 86,
    "lat": 52.4930346,
    "lon": 13.3853412,
    "parity": "L",
    "proj_lat": 52.49344384059485,
    "proj_lon": 13.385540646643793,
    "marker-color": "#3366ff",
    "marker-symbol": "e"
  },
  {
    "rowid": 288834,
    "id": 31252,
    "source": "OA",
    "source_id": "9c4d0955d3dda81f",
    "housenumber": 87,
    "lat": 52.4929899,
    "lon": 13.3855487,
    "parity": "L",
    "proj_lat": 52.49340576858426,
    "proj_lon": 13.385751376434879,
    "marker-color": "#3366ff",
    "marker-symbol": "o"
  },
  {
    "rowid": 288834,
    "id": 31252,
    "source": "OA",
    "source_id": "9c4d0955d3dda81f",
    "housenumber": 87,
    "lat": 52.4929899,
    "lon": 13.3855487,
    "parity": "L",
    "proj_lat": 52.49340576858426,
    "proj_lon": 13.385751376434879,
    "marker-color": "#3366ff",
    "marker-symbol": "o"
  },
  {
    "rowid": 288835,
    "id": 31252,
    "source": "OA",
    "source_id": "26bcdb477e068e0c",
    "housenumber": 88,
    "lat": 52.4929483,
    "lon": 13.3857665,
    "parity": "L",
    "proj_lat": 52.49336623715052,
    "proj_lon": 13.385970184179609,
    "marker-color": "#3366ff",
    "marker-symbol": "e"
  },
  {
    "rowid": 288835,
    "id": 31252,
    "source": "OA",
    "source_id": "26bcdb477e068e0c",
    "housenumber": 88,
    "lat": 52.4929483,
    "lon": 13.3857665,
    "parity": "L",
    "proj_lat": 52.49336623715052,
    "proj_lon": 13.385970184179609,
    "marker-color": "#3366ff",
    "marker-symbol": "e"
  },
  {
    "rowid": 288836,
    "id": 31252,
    "source": "OA",
    "source_id": "e6fe09a6faa7af0c",
    "housenumber": 88.03,
    "lat": 52.4927113,
    "lon": 13.3855929,
    "parity": "L",
    "proj_lat": 52.49337588450628,
    "proj_lon": 13.385916785758255,
    "marker-color": "#3366ff",
    "marker-symbol": "e"
  },
  {
    "rowid": 288836,
    "id": 31252,
    "source": "OA",
    "source_id": "e6fe09a6faa7af0c",
    "housenumber": 88.03,
    "lat": 52.4927113,
    "lon": 13.3855929,
    "parity": "L",
    "proj_lat": 52.49337588450628,
    "proj_lon": 13.385916785758255,
    "marker-color": "#3366ff",
    "marker-symbol": "e"
  },
  {
    "rowid": 288837,
    "id": 31252,
    "source": "OA",
    "source_id": "53c95d9b4c1d98cf",
    "housenumber": 88.06,
    "lat": 52.4922707,
    "lon": 13.3855229,
    "parity": "L",
    "proj_lat": 52.49335185478372,
    "proj_lon": 13.386049791037896,
    "marker-color": "#3366ff",
    "marker-symbol": "e"
  },
  {
    "rowid": 288837,
    "id": 31252,
    "source": "OA",
    "source_id": "53c95d9b4c1d98cf",
    "housenumber": 88.06,
    "lat": 52.4922707,
    "lon": 13.3855229,
    "parity": "L",
    "proj_lat": 52.49335185478372,
    "proj_lon": 13.386049791037896,
    "marker-color": "#3366ff",
    "marker-symbol": "e"
  },
  {
    "rowid": 288838,
    "id": 31252,
    "source": "OA",
    "source_id": "a01a64b710aa7e55",
    "housenumber": 88.09,
    "lat": 52.4922213,
    "lon": 13.385799,
    "parity": "L",
    "proj_lat": 52.49330201172853,
    "proj_lon": 13.386325673935703,
    "marker-color": "#3366ff",
    "marker-symbol": "e"
  },
  {
    "rowid": 288838,
    "id": 31252,
    "source": "OA",
    "source_id": "a01a64b710aa7e55",
    "housenumber": 88.09,
    "lat": 52.4922213,
    "lon": 13.385799,
    "parity": "L",
    "proj_lat": 52.49330201172853,
    "proj_lon": 13.386325673935703,
    "marker-color": "#3366ff",
    "marker-symbol": "e"
  },
  {
    "rowid": 288839,
    "id": 31252,
    "source": "OA",
    "source_id": "954b90431a955a39",
    "housenumber": 88.12,
    "lat": 52.4919627,
    "lon": 13.3857777,
    "parity": "L",
    "proj_lat": 52.49328462347622,
    "proj_lon": 13.386421918465992,
    "marker-color": "#3366ff",
    "marker-symbol": "e"
  },
  {
    "rowid": 288839,
    "id": 31252,
    "source": "OA",
    "source_id": "954b90431a955a39",
    "housenumber": 88.12,
    "lat": 52.4919627,
    "lon": 13.3857777,
    "parity": "L",
    "proj_lat": 52.49328462347622,
    "proj_lon": 13.386421918465992,
    "marker-color": "#3366ff",
    "marker-symbol": "e"
  },
  {
    "rowid": 288840,
    "id": 31252,
    "source": "OA",
    "source_id": "fae315ef80a6f0a7",
    "housenumber": 88.15,
    "lat": 52.4919186,
    "lon": 13.3858778,
    "parity": "L",
    "proj_lat": 52.49326157095922,
    "proj_lon": 13.386548907295374,
    "marker-color": "#3366ff",
    "marker-symbol": "e"
  },
  {
    "rowid": 288840,
    "id": 31252,
    "source": "OA",
    "source_id": "fae315ef80a6f0a7",
    "housenumber": 88.15,
    "lat": 52.4919186,
    "lon": 13.3858778,
    "parity": "L",
    "proj_lat": 52.49326157095922,
    "proj_lon": 13.386548907295374,
    "marker-color": "#3366ff",
    "marker-symbol": "e"
  },
  {
    "rowid": 288841,
    "id": 31252,
    "source": "OA",
    "source_id": "2a68726b7c3c0965",
    "housenumber": 88.18,
    "lat": 52.4921421,
    "lon": 13.3861051,
    "parity": "L",
    "proj_lat": 52.4932419665176,
    "proj_lon": 13.38665472912002,
    "marker-color": "#3366ff",
    "marker-symbol": "e"
  },
  {
    "rowid": 288841,
    "id": 31252,
    "source": "OA",
    "source_id": "2a68726b7c3c0965",
    "housenumber": 88.18,
    "lat": 52.4921421,
    "lon": 13.3861051,
    "parity": "L",
    "proj_lat": 52.4932419665176,
    "proj_lon": 13.38665472912002,
    "marker-color": "#3366ff",
    "marker-symbol": "e"
  },
  {
    "rowid": 288842,
    "id": 31252,
    "source": "OA",
    "source_id": "54801c15fe605e43",
    "housenumber": 88.21,
    "lat": 52.4923298,
    "lon": 13.3862021,
    "parity": "L",
    "proj_lat": 52.49324142293938,
    "proj_lon": 13.386657663273459,
    "marker-color": "#3366ff",
    "marker-symbol": "e"
  },
  {
    "rowid": 288842,
    "id": 31252,
    "source": "OA",
    "source_id": "54801c15fe605e43",
    "housenumber": 88.21,
    "lat": 52.4923298,
    "lon": 13.3862021,
    "parity": "L",
    "proj_lat": 52.49324142293938,
    "proj_lon": 13.386657663273459,
    "marker-color": "#3366ff",
    "marker-symbol": "e"
  },
  {
    "rowid": 288843,
    "id": 31252,
    "source": "OA",
    "source_id": "54c6791c0cc93d7c",
    "housenumber": 88.24,
    "lat": 52.4925126,
    "lon": 13.3862846,
    "parity": "L",
    "proj_lat": 52.493242923080345,
    "proj_lon": 13.386649565738333,
    "marker-color": "#3366ff",
    "marker-symbol": "e"
  },
  {
    "rowid": 288843,
    "id": 31252,
    "source": "OA",
    "source_id": "54c6791c0cc93d7c",
    "housenumber": 88.24,
    "lat": 52.4925126,
    "lon": 13.3862846,
    "parity": "L",
    "proj_lat": 52.493242923080345,
    "proj_lon": 13.386649565738333,
    "marker-color": "#3366ff",
    "marker-symbol": "e"
  },
  {
    "rowid": 288844,
    "id": 31252,
    "source": "OA",
    "source_id": "40c326965d3b4738",
    "housenumber": 89,
    "lat": 52.4928376,
    "lon": 13.3863486,
    "parity": "L",
    "proj_lat": 52.493259609539315,
    "proj_lon": 13.386559494744764,
    "marker-color": "#3366ff",
    "marker-symbol": "o"
  },
  {
    "rowid": 288844,
    "id": 31252,
    "source": "OA",
    "source_id": "40c326965d3b4738",
    "housenumber": 89,
    "lat": 52.4928376,
    "lon": 13.3863486,
    "parity": "L",
    "proj_lat": 52.493259609539315,
    "proj_lon": 13.386559494744764,
    "marker-color": "#3366ff",
    "marker-symbol": "o"
  },
  {
    "rowid": 288845,
    "id": 31252,
    "source": "OA",
    "source_id": "5d5afd0085022b56",
    "housenumber": 89.03,
    "lat": 52.4928,
    "lon": 13.3865459,
    "parity": "L",
    "proj_lat": 52.493222969169004,
    "proj_lon": 13.38675727394796,
    "marker-color": "#3366ff",
    "marker-symbol": "o"
  },
  {
    "rowid": 288845,
    "id": 31252,
    "source": "OA",
    "source_id": "5d5afd0085022b56",
    "housenumber": 89.03,
    "lat": 52.4928,
    "lon": 13.3865459,
    "parity": "L",
    "proj_lat": 52.493222969169004,
    "proj_lon": 13.38675727394796,
    "marker-color": "#3366ff",
    "marker-symbol": "o"
  },
  {
    "rowid": 288846,
    "id": 31252,
    "source": "OA",
    "source_id": "cc184fe407dcfcc9",
    "housenumber": 90,
    "lat": 52.4927601,
    "lon": 13.3867696,
    "parity": "L",
    "proj_lat": 52.49318165750302,
    "proj_lon": 13.386980268101942,
    "marker-color": "#3366ff",
    "marker-symbol": "e"
  },
  {
    "rowid": 288846,
    "id": 31252,
    "source": "OA",
    "source_id": "cc184fe407dcfcc9",
    "housenumber": 90,
    "lat": 52.4927601,
    "lon": 13.3867696,
    "parity": "L",
    "proj_lat": 52.49318165750302,
    "proj_lon": 13.386980268101942,
    "marker-color": "#3366ff",
    "marker-symbol": "e"
  }
]
