[
  {
    "rowid": 133293,
    "id": 27781,
    "source": "OA",
    "source_id": "788a0d177742ab5e",
    "housenumber": 1,
    "lat": 52.4775794,
    "lon": 13.6002847,
    "parity": "L",
    "proj_lat": 52.47768576521607,
    "proj_lon": 13.600410459783625,
    "marker-color": "#3366ff",
    "marker-symbol": "o"
  },
  {
    "rowid": 133293,
    "id": 27781,
    "source": "OA",
    "source_id": "788a0d177742ab5e",
    "housenumber": 1,
    "lat": 52.4775794,
    "lon": 13.6002847,
    "parity": "L",
    "proj_lat": 52.47768576521607,
    "proj_lon": 13.600410459783625,
    "marker-color": "#3366ff",
    "marker-symbol": "o"
  },
  {
    "rowid": 133294,
    "id": 27781,
    "source": "OA",
    "source_id": "cea01f4d6efacf70",
    "housenumber": 1.03,
    "lat": 52.4774695,
    "lon": 13.5997758,
    "parity": "L",
    "proj_lat": 52.47779522036974,
    "proj_lon": 13.600160910096243,
    "marker-color": "#3366ff",
    "marker-symbol": "o"
  },
  {
    "rowid": 133294,
    "id": 27781,
    "source": "OA",
    "source_id": "cea01f4d6efacf70",
    "housenumber": 1.03,
    "lat": 52.4774695,
    "lon": 13.5997758,
    "parity": "L",
    "proj_lat": 52.47779522036974,
    "proj_lon": 13.600160910096243,
    "marker-color": "#3366ff",
    "marker-symbol": "o"
  },
  {
    "rowid": 133295,
    "id": 27781,
    "source": "OA",
    "source_id": "1c9347ae5a33ac92",
    "housenumber": 1.06,
    "lat": 52.477684,
    "lon": 13.6000481,
    "parity": "L",
    "proj_lat": 52.47778982196212,
    "proj_lon": 13.600173218067958,
    "marker-color": "#3366ff",
    "marker-symbol": "o"
  },
  {
    "rowid": 133295,
    "id": 27781,
    "source": "OA",
    "source_id": "1c9347ae5a33ac92",
    "housenumber": 1.06,
    "lat": 52.477684,
    "lon": 13.6000481,
    "parity": "L",
    "proj_lat": 52.47778982196212,
    "proj_lon": 13.600173218067958,
    "marker-color": "#3366ff",
    "marker-symbol": "o"
  },
  {
    "rowid": 133296,
    "id": 27781,
    "source": "OA",
    "source_id": "e9f7237892a72d02",
    "housenumber": 2,
    "lat": 52.4777765,
    "lon": 13.5998274,
    "parity": "L",
    "proj_lat": 52.477885154286014,
    "proj_lon": 13.599955867392111,
    "marker-color": "#3366ff",
    "marker-symbol": "e"
  },
  {
    "rowid": 133296,
    "id": 27781,
    "source": "OA",
    "source_id": "e9f7237892a72d02",
    "housenumber": 2,
    "lat": 52.4777765,
    "lon": 13.5998274,
    "parity": "L",
    "proj_lat": 52.477885154286014,
    "proj_lon": 13.599955867392111,
    "marker-color": "#3366ff",
    "marker-symbol": "e"
  },
  {
    "rowid": 133297,
    "id": 27781,
    "source": "OA",
    "source_id": "f4df2f9ffecb9986",
    "housenumber": 3,
    "lat": 52.4778329,
    "lon": 13.5995108,
    "parity": "L",
    "proj_lat": 52.47799585719082,
    "proj_lon": 13.599703472924064,
    "marker-color": "#3366ff",
    "marker-symbol": "o"
  },
  {
    "rowid": 133297,
    "id": 27781,
    "source": "OA",
    "source_id": "f4df2f9ffecb9986",
    "housenumber": 3,
    "lat": 52.4778329,
    "lon": 13.5995108,
    "parity": "L",
    "proj_lat": 52.47799585719082,
    "proj_lon": 13.599703472924064,
    "marker-color": "#3366ff",
    "marker-symbol": "o"
  },
  {
    "rowid": 176540,
    "id": 27781,
    "source": "OA",
    "source_id": "1bc8de988be5df07",
    "housenumber": 4,
    "lat": 52.4781599,
    "lon": 13.598937,
    "parity": "L",
    "proj_lat": 52.4782734030397,
    "proj_lon": 13.59907185977014,
    "marker-color": "#3366ff",
    "marker-symbol": "e"
  },
  {
    "rowid": 176540,
    "id": 27781,
    "source": "OA",
    "source_id": "1bc8de988be5df07",
    "housenumber": 4,
    "lat": 52.4781599,
    "lon": 13.598937,
    "parity": "L",
    "proj_lat": 52.4782734030397,
    "proj_lon": 13.59907185977014,
    "marker-color": "#3366ff",
    "marker-symbol": "e"
  },
  {
    "rowid": 133298,
    "id": 27781,
    "source": "OA",
    "source_id": "2a712ea0f903c752",
    "housenumber": 4.03,
    "lat": 52.4782972,
    "lon": 13.5986331,
    "parity": "L",
    "proj_lat": 52.47840850186015,
    "proj_lon": 13.598765345242022,
    "marker-color": "#3366ff",
    "marker-symbol": "e"
  },
  {
    "rowid": 133298,
    "id": 27781,
    "source": "OA",
    "source_id": "2a712ea0f903c752",
    "housenumber": 4.03,
    "lat": 52.4782972,
    "lon": 13.5986331,
    "parity": "L",
    "proj_lat": 52.47840850186015,
    "proj_lon": 13.598765345242022,
    "marker-color": "#3366ff",
    "marker-symbol": "e"
  },
  {
    "rowid": 133299,
    "id": 27781,
    "source": "OA",
    "source_id": "e35e6275a63f1a62",
    "housenumber": 5,
    "lat": 52.4783942,
    "lon": 13.5984057,
    "parity": "L",
    "proj_lat": 52.47850762050915,
    "proj_lon": 13.598540463145902,
    "marker-color": "#3366ff",
    "marker-symbol": "o"
  },
  {
    "rowid": 133299,
    "id": 27781,
    "source": "OA",
    "source_id": "e35e6275a63f1a62",
    "housenumber": 5,
    "lat": 52.4783942,
    "lon": 13.5984057,
    "parity": "L",
    "proj_lat": 52.47850762050915,
    "proj_lon": 13.598540463145902,
    "marker-color": "#3366ff",
    "marker-symbol": "o"
  },
  {
    "rowid": 133300,
    "id": 27781,
    "source": "OA",
    "source_id": "983412b1b375d65d",
    "housenumber": 5.03,
    "lat": 52.4781976,
    "lon": 13.5982024,
    "parity": "L",
    "proj_lat": 52.47849885810493,
    "proj_lon": 13.59856034343935,
    "marker-color": "#3366ff",
    "marker-symbol": "o"
  },
  {
    "rowid": 133300,
    "id": 27781,
    "source": "OA",
    "source_id": "983412b1b375d65d",
    "housenumber": 5.03,
    "lat": 52.4781976,
    "lon": 13.5982024,
    "parity": "L",
    "proj_lat": 52.47849885810493,
    "proj_lon": 13.59856034343935,
    "marker-color": "#3366ff",
    "marker-symbol": "o"
  },
  {
    "rowid": 151795,
    "id": 27781,
    "source": "OA",
    "source_id": "2650e1c196ef60d6",
    "housenumber": 6,
    "lat": 52.4786061,
    "lon": 13.5979131,
    "parity": "L",
    "proj_lat": 52.478722944383016,
    "proj_lon": 13.59805193263639,
    "marker-color": "#3366ff",
    "marker-symbol": "e"
  },
  {
    "rowid": 151795,
    "id": 27781,
    "source": "OA",
    "source_id": "2650e1c196ef60d6",
    "housenumber": 6,
    "lat": 52.4786061,
    "lon": 13.5979131,
    "parity": "L",
    "proj_lat": 52.478722944383016,
    "proj_lon": 13.59805193263639,
    "marker-color": "#3366ff",
    "marker-symbol": "e"
  },
  {
    "rowid": 133301,
    "id": 27781,
    "source": "OA",
    "source_id": "f7463826ea26c3b8",
    "housenumber": 6.03,
    "lat": 52.4784914,
    "lon": 13.5981715,
    "parity": "L",
    "proj_lat": 52.478608774918094,
    "proj_lon": 13.598310962282598,
    "marker-color": "#3366ff",
    "marker-symbol": "e"
  },
  {
    "rowid": 133301,
    "id": 27781,
    "source": "OA",
    "source_id": "f7463826ea26c3b8",
    "housenumber": 6.03,
    "lat": 52.4784914,
    "lon": 13.5981715,
    "parity": "L",
    "proj_lat": 52.478608774918094,
    "proj_lon": 13.598310962282598,
    "marker-color": "#3366ff",
    "marker-symbol": "e"
  },
  {
    "rowid": 133302,
    "id": 27781,
    "source": "OA",
    "source_id": "00d84f346aad064c",
    "housenumber": 7,
    "lat": 52.4788181,
    "lon": 13.5972815,
    "parity": "L",
    "proj_lat": 52.47897710675635,
    "proj_lon": 13.597465329361938,
    "marker-color": "#3366ff",
    "marker-symbol": "o"
  },
  {
    "rowid": 133302,
    "id": 27781,
    "source": "OA",
    "source_id": "00d84f346aad064c",
    "housenumber": 7,
    "lat": 52.4788181,
    "lon": 13.5972815,
    "parity": "L",
    "proj_lat": 52.47897710675635,
    "proj_lon": 13.597465329361938,
    "marker-color": "#3366ff",
    "marker-symbol": "o"
  },
  {
    "rowid": 133303,
    "id": 27781,
    "source": "OA",
    "source_id": "7a24c61796f73e8c",
    "housenumber": 8,
    "lat": 52.4787934,
    "lon": 13.5967478,
    "parity": "L",
    "proj_lat": 52.47912193472339,
    "proj_lon": 13.59712762197833,
    "marker-color": "#3366ff",
    "marker-symbol": "e"
  },
  {
    "rowid": 133303,
    "id": 27781,
    "source": "OA",
    "source_id": "7a24c61796f73e8c",
    "housenumber": 8,
    "lat": 52.4787934,
    "lon": 13.5967478,
    "parity": "L",
    "proj_lat": 52.47912193472339,
    "proj_lon": 13.59712762197833,
    "marker-color": "#3366ff",
    "marker-symbol": "e"
  },
  {
    "rowid": 133304,
    "id": 27781,
    "source": "OA",
    "source_id": "72de7121418fb2b5",
    "housenumber": 9,
    "lat": 52.4788557,
    "lon": 13.5965143,
    "parity": "L",
    "proj_lat": 52.47920953045022,
    "proj_lon": 13.596923367756382,
    "marker-color": "#3366ff",
    "marker-symbol": "o"
  },
  {
    "rowid": 133304,
    "id": 27781,
    "source": "OA",
    "source_id": "72de7121418fb2b5",
    "housenumber": 9,
    "lat": 52.4788557,
    "lon": 13.5965143,
    "parity": "L",
    "proj_lat": 52.47920953045022,
    "proj_lon": 13.596923367756382,
    "marker-color": "#3366ff",
    "marker-symbol": "o"
  },
  {
    "rowid": 133305,
    "id": 27781,
    "source": "OA",
    "source_id": "1a0c965e1af9b439",
    "housenumber": 9.03,
    "lat": 52.4790955,
    "lon": 13.5968154,
    "parity": "L",
    "proj_lat": 52.47920268804094,
    "proj_lon": 13.596939322769648,
    "marker-color": "#3366ff",
    "marker-symbol": "o"
  },
  {
    "rowid": 133305,
    "id": 27781,
    "source": "OA",
    "source_id": "1a0c965e1af9b439",
    "housenumber": 9.03,
    "lat": 52.4790955,
    "lon": 13.5968154,
    "parity": "L",
    "proj_lat": 52.47920268804094,
    "proj_lon": 13.596939322769648,
    "marker-color": "#3366ff",
    "marker-symbol": "o"
  },
  {
    "rowid": 133306,
    "id": 27781,
    "source": "OA",
    "source_id": "2ef0b6432dd9e765",
    "housenumber": 10,
    "lat": 52.4791817,
    "lon": 13.5965898,
    "parity": "L",
    "proj_lat": 52.479295940919975,
    "proj_lon": 13.596721877296677,
    "marker-color": "#3366ff",
    "marker-symbol": "e"
  },
  {
    "rowid": 133306,
    "id": 27781,
    "source": "OA",
    "source_id": "2ef0b6432dd9e765",
    "housenumber": 10,
    "lat": 52.4791817,
    "lon": 13.5965898,
    "parity": "L",
    "proj_lat": 52.479295940919975,
    "proj_lon": 13.596721877296677,
    "marker-color": "#3366ff",
    "marker-symbol": "e"
  },
  {
    "rowid": 133307,
    "id": 27781,
    "source": "OA",
    "source_id": "12df6d239b1400a3",
    "housenumber": 12,
    "lat": 52.4794402,
    "lon": 13.5952038,
    "parity": "L",
    "proj_lat": 52.479780451176694,
    "proj_lon": 13.595603165452957,
    "marker-color": "#3366ff",
    "marker-symbol": "e"
  },
  {
    "rowid": 133307,
    "id": 27781,
    "source": "OA",
    "source_id": "12df6d239b1400a3",
    "housenumber": 12,
    "lat": 52.4794402,
    "lon": 13.5952038,
    "parity": "L",
    "proj_lat": 52.479780451176694,
    "proj_lon": 13.595603165452957,
    "marker-color": "#3366ff",
    "marker-symbol": "e"
  },
  {
    "rowid": 133308,
    "id": 27781,
    "source": "OA",
    "source_id": "98a123b7a1c0708f",
    "housenumber": 13,
    "lat": 52.4797565,
    "lon": 13.5952533,
    "parity": "L",
    "proj_lat": 52.479873159683635,
    "proj_lon": 13.595390229775628,
    "marker-color": "#3366ff",
    "marker-symbol": "o"
  },
  {
    "rowid": 133308,
    "id": 27781,
    "source": "OA",
    "source_id": "98a123b7a1c0708f",
    "housenumber": 13,
    "lat": 52.4797565,
    "lon": 13.5952533,
    "parity": "L",
    "proj_lat": 52.479873159683635,
    "proj_lon": 13.595390229775628,
    "marker-color": "#3366ff",
    "marker-symbol": "o"
  },
  {
    "rowid": 133309,
    "id": 27781,
    "source": "OA",
    "source_id": "3dbfaebbde2322d5",
    "housenumber": 14,
    "lat": 52.4798428,
    "lon": 13.5950684,
    "parity": "L",
    "proj_lat": 52.47995562259283,
    "proj_lon": 13.595200826494283,
    "marker-color": "#3366ff",
    "marker-symbol": "e"
  },
  {
    "rowid": 133309,
    "id": 27781,
    "source": "OA",
    "source_id": "3dbfaebbde2322d5",
    "housenumber": 14,
    "lat": 52.4798428,
    "lon": 13.5950684,
    "parity": "L",
    "proj_lat": 52.47995562259283,
    "proj_lon": 13.595200826494283,
    "marker-color": "#3366ff",
    "marker-symbol": "e"
  },
  {
    "rowid": 133310,
    "id": 27781,
    "source": "OA",
    "source_id": "0a2150a72795b133",
    "housenumber": 15,
    "lat": 52.4801483,
    "lon": 13.5943179,
    "parity": "L",
    "proj_lat": 52.48027544350832,
    "proj_lon": 13.594468253141663,
    "marker-color": "#3366ff",
    "marker-symbol": "o"
  },
  {
    "rowid": 133310,
    "id": 27781,
    "source": "OA",
    "source_id": "0a2150a72795b133",
    "housenumber": 15,
    "lat": 52.4801483,
    "lon": 13.5943179,
    "parity": "L",
    "proj_lat": 52.48027544350832,
    "proj_lon": 13.594468253141663,
    "marker-color": "#3366ff",
    "marker-symbol": "o"
  },
  {
    "rowid": 133311,
    "id": 27781,
    "source": "OA",
    "source_id": "8dff61fea9d4e548",
    "housenumber": 16,
    "lat": 52.4803748,
    "lon": 13.5937152,
    "parity": "L",
    "proj_lat": 52.48052687609843,
    "proj_lon": 13.593895038946584,
    "marker-color": "#3366ff",
    "marker-symbol": "e"
  },
  {
    "rowid": 133311,
    "id": 27781,
    "source": "OA",
    "source_id": "8dff61fea9d4e548",
    "housenumber": 16,
    "lat": 52.4803748,
    "lon": 13.5937152,
    "parity": "L",
    "proj_lat": 52.48052687609843,
    "proj_lon": 13.593895038946584,
    "marker-color": "#3366ff",
    "marker-symbol": "e"
  },
  {
    "rowid": 133312,
    "id": 27781,
    "source": "OA",
    "source_id": "7502646b5197d266",
    "housenumber": 17,
    "lat": 52.4803064,
    "lon": 13.5934408,
    "parity": "L",
    "proj_lat": 52.48058276700867,
    "proj_lon": 13.593767619254843,
    "marker-color": "#3366ff",
    "marker-symbol": "o"
  },
  {
    "rowid": 133312,
    "id": 27781,
    "source": "OA",
    "source_id": "7502646b5197d266",
    "housenumber": 17,
    "lat": 52.4803064,
    "lon": 13.5934408,
    "parity": "L",
    "proj_lat": 52.48058276700867,
    "proj_lon": 13.593767619254843,
    "marker-color": "#3366ff",
    "marker-symbol": "o"
  },
  {
    "rowid": 133313,
    "id": 27781,
    "source": "OA",
    "source_id": "17d8be4873ea3948",
    "housenumber": 17.03,
    "lat": 52.4803428,
    "lon": 13.593353,
    "parity": "L",
    "proj_lat": 52.4806205576836,
    "proj_lon": 13.593681464348277,
    "marker-color": "#3366ff",
    "marker-symbol": "o"
  },
  {
    "rowid": 133313,
    "id": 27781,
    "source": "OA",
    "source_id": "17d8be4873ea3948",
    "housenumber": 17.03,
    "lat": 52.4803428,
    "lon": 13.593353,
    "parity": "L",
    "proj_lat": 52.4806205576836,
    "proj_lon": 13.593681464348277,
    "marker-color": "#3366ff",
    "marker-symbol": "o"
  },
  {
    "rowid": 174912,
    "id": 27781,
    "source": "OA",
    "source_id": "0d8be39efbf25ca4",
    "housenumber": 17.06,
    "lat": 52.4806118,
    "lon": 13.5932799,
    "parity": "L",
    "proj_lat": 52.480733546298886,
    "proj_lon": 13.593423873722754,
    "marker-color": "#3366ff",
    "marker-symbol": "o"
  },
  {
    "rowid": 174912,
    "id": 27781,
    "source": "OA",
    "source_id": "0d8be39efbf25ca4",
    "housenumber": 17.06,
    "lat": 52.4806118,
    "lon": 13.5932799,
    "parity": "L",
    "proj_lat": 52.480733546298886,
    "proj_lon": 13.593423873722754,
    "marker-color": "#3366ff",
    "marker-symbol": "o"
  },
  {
    "rowid": 133314,
    "id": 27781,
    "source": "OA",
    "source_id": "2b33ded0e2ae0f1a",
    "housenumber": 18,
    "lat": 52.4807947,
    "lon": 13.5923542,
    "parity": "L",
    "proj_lat": 52.48106308809347,
    "proj_lon": 13.592646172985756,
    "marker-color": "#3366ff",
    "marker-symbol": "e"
  },
  {
    "rowid": 133314,
    "id": 27781,
    "source": "OA",
    "source_id": "2b33ded0e2ae0f1a",
    "housenumber": 18,
    "lat": 52.4807947,
    "lon": 13.5923542,
    "parity": "L",
    "proj_lat": 52.48106308809347,
    "proj_lon": 13.592646172985756,
    "marker-color": "#3366ff",
    "marker-symbol": "e"
  },
  {
    "rowid": 174913,
    "id": 27781,
    "source": "OA",
    "source_id": "147dfea6d47a7390",
    "housenumber": 19,
    "lat": 52.4810217,
    "lon": 13.5923378,
    "parity": "L",
    "proj_lat": 52.48113693454959,
    "proj_lon": 13.592463162203188,
    "marker-color": "#3366ff",
    "marker-symbol": "o"
  },
  {
    "rowid": 174913,
    "id": 27781,
    "source": "OA",
    "source_id": "147dfea6d47a7390",
    "housenumber": 19,
    "lat": 52.4810217,
    "lon": 13.5923378,
    "parity": "L",
    "proj_lat": 52.48113693454959,
    "proj_lon": 13.592463162203188,
    "marker-color": "#3366ff",
    "marker-symbol": "o"
  },
  {
    "rowid": 133315,
    "id": 27781,
    "source": "OA",
    "source_id": "f2b47e45f88f32cf",
    "housenumber": 20,
    "lat": 52.4811155,
    "lon": 13.5921281,
    "parity": "L",
    "proj_lat": 52.48122435192794,
    "proj_lon": 13.5922465191351,
    "marker-color": "#3366ff",
    "marker-symbol": "e"
  },
  {
    "rowid": 133315,
    "id": 27781,
    "source": "OA",
    "source_id": "f2b47e45f88f32cf",
    "housenumber": 20,
    "lat": 52.4811155,
    "lon": 13.5921281,
    "parity": "L",
    "proj_lat": 52.48122435192794,
    "proj_lon": 13.5922465191351,
    "marker-color": "#3366ff",
    "marker-symbol": "e"
  },
  {
    "rowid": 174914,
    "id": 27781,
    "source": "OA",
    "source_id": "bb83c1c21be85b0f",
    "housenumber": 21,
    "lat": 52.4812248,
    "lon": 13.5918692,
    "parity": "L",
    "proj_lat": 52.48133029411241,
    "proj_lon": 13.591983966764898,
    "marker-color": "#3366ff",
    "marker-symbol": "o"
  },
  {
    "rowid": 174914,
    "id": 27781,
    "source": "OA",
    "source_id": "bb83c1c21be85b0f",
    "housenumber": 21,
    "lat": 52.4812248,
    "lon": 13.5918692,
    "parity": "L",
    "proj_lat": 52.48133029411241,
    "proj_lon": 13.591983966764898,
    "marker-color": "#3366ff",
    "marker-symbol": "o"
  },
  {
    "rowid": 151796,
    "id": 27781,
    "source": "OA",
    "source_id": "12cfb8db480f7368",
    "housenumber": 22,
    "lat": 52.4813407,
    "lon": 13.5915924,
    "parity": "L",
    "proj_lat": 52.481443269109626,
    "proj_lon": 13.59170398525006,
    "marker-color": "#3366ff",
    "marker-symbol": "e"
  },
  {
    "rowid": 151796,
    "id": 27781,
    "source": "OA",
    "source_id": "12cfb8db480f7368",
    "housenumber": 22,
    "lat": 52.4813407,
    "lon": 13.5915924,
    "parity": "L",
    "proj_lat": 52.481443269109626,
    "proj_lon": 13.59170398525006,
    "marker-color": "#3366ff",
    "marker-symbol": "e"
  },
  {
    "rowid": 133316,
    "id": 27781,
    "source": "OA",
    "source_id": "a582ae78cf1d5669",
    "housenumber": 22.06,
    "lat": 52.4816142,
    "lon": 13.5909544,
    "parity": "L",
    "proj_lat": 52.48171372107749,
    "proj_lon": 13.59107110085084,
    "marker-color": "#3366ff",
    "marker-symbol": "e"
  },
  {
    "rowid": 133316,
    "id": 27781,
    "source": "OA",
    "source_id": "a582ae78cf1d5669",
    "housenumber": 22.06,
    "lat": 52.4816142,
    "lon": 13.5909544,
    "parity": "L",
    "proj_lat": 52.48171372107749,
    "proj_lon": 13.59107110085084,
    "marker-color": "#3366ff",
    "marker-symbol": "e"
  },
  {
    "rowid": 133317,
    "id": 27781,
    "source": "OA",
    "source_id": "1087f8477764f63d",
    "housenumber": 23,
    "lat": 52.4815135,
    "lon": 13.5906099,
    "parity": "L",
    "proj_lat": 52.481778936284364,
    "proj_lon": 13.590921155657634,
    "marker-color": "#3366ff",
    "marker-symbol": "o"
  },
  {
    "rowid": 133317,
    "id": 27781,
    "source": "OA",
    "source_id": "1087f8477764f63d",
    "housenumber": 23,
    "lat": 52.4815135,
    "lon": 13.5906099,
    "parity": "L",
    "proj_lat": 52.481778936284364,
    "proj_lon": 13.590921155657634,
    "marker-color": "#3366ff",
    "marker-symbol": "o"
  },
  {
    "rowid": 133318,
    "id": 27781,
    "source": "OA",
    "source_id": "b62b5e7505101496",
    "housenumber": 23.03,
    "lat": 52.481718,
    "lon": 13.5907149,
    "parity": "L",
    "proj_lat": 52.48181776264378,
    "proj_lon": 13.590831884669418,
    "marker-color": "#3366ff",
    "marker-symbol": "o"
  },
  {
    "rowid": 133318,
    "id": 27781,
    "source": "OA",
    "source_id": "b62b5e7505101496",
    "housenumber": 23.03,
    "lat": 52.481718,
    "lon": 13.5907149,
    "parity": "L",
    "proj_lat": 52.48181776264378,
    "proj_lon": 13.590831884669418,
    "marker-color": "#3366ff",
    "marker-symbol": "o"
  },
  {
    "rowid": 176541,
    "id": 27781,
    "source": "OA",
    "source_id": "0c6fa75faeedc63c",
    "housenumber": 24,
    "lat": 52.4817779,
    "lon": 13.5904807,
    "parity": "L",
    "proj_lat": 52.481905450380964,
    "proj_lon": 13.590630269811097,
    "marker-color": "#3366ff",
    "marker-symbol": "e"
  },
  {
    "rowid": 176541,
    "id": 27781,
    "source": "OA",
    "source_id": "0c6fa75faeedc63c",
    "housenumber": 24,
    "lat": 52.4817779,
    "lon": 13.5904807,
    "parity": "L",
    "proj_lat": 52.481905450380964,
    "proj_lon": 13.590630269811097,
    "marker-color": "#3366ff",
    "marker-symbol": "e"
  },
  {
    "rowid": 133319,
    "id": 27781,
    "source": "OA",
    "source_id": "0f99b3288209e324",
    "housenumber": 25,
    "lat": 52.4823668,
    "lon": 13.5891972,
    "parity": "L",
    "proj_lat": 52.482475698979954,
    "proj_lon": 13.589326148136962,
    "marker-color": "#3366ff",
    "marker-symbol": "o"
  },
  {
    "rowid": 133319,
    "id": 27781,
    "source": "OA",
    "source_id": "0f99b3288209e324",
    "housenumber": 25,
    "lat": 52.4823668,
    "lon": 13.5891972,
    "parity": "L",
    "proj_lat": 52.482475698979954,
    "proj_lon": 13.589326148136962,
    "marker-color": "#3366ff",
    "marker-symbol": "o"
  },
  {
    "rowid": 133320,
    "id": 27781,
    "source": "OA",
    "source_id": "aad6f34ee164f3ca",
    "housenumber": 26,
    "lat": 52.4824441,
    "lon": 13.5890143,
    "parity": "L",
    "proj_lat": 52.48255498854842,
    "proj_lon": 13.589145604462034,
    "marker-color": "#3366ff",
    "marker-symbol": "e"
  },
  {
    "rowid": 133320,
    "id": 27781,
    "source": "OA",
    "source_id": "aad6f34ee164f3ca",
    "housenumber": 26,
    "lat": 52.4824441,
    "lon": 13.5890143,
    "parity": "L",
    "proj_lat": 52.48255498854842,
    "proj_lon": 13.589145604462034,
    "marker-color": "#3366ff",
    "marker-symbol": "e"
  },
  {
    "rowid": 143725,
    "id": 27781,
    "source": "OA",
    "source_id": "7fff1c7b81a0803a",
    "housenumber": 27,
    "lat": 52.4828276,
    "lon": 13.588133,
    "parity": "L",
    "proj_lat": 52.482817,
    "proj_lon": 13.588549,
    "marker-color": "#3366ff",
    "marker-symbol": "o"
  },
  {
    "rowid": 143725,
    "id": 27781,
    "source": "OA",
    "source_id": "7fff1c7b81a0803a",
    "housenumber": 27,
    "lat": 52.4828276,
    "lon": 13.588133,
    "parity": "L",
    "proj_lat": 52.482817,
    "proj_lon": 13.588549,
    "marker-color": "#3366ff",
    "marker-symbol": "o"
  },
  {
    "rowid": 143726,
    "id": 27781,
    "source": "OA",
    "source_id": "957f8ed13e096347",
    "housenumber": 27.03,
    "lat": 52.4829638,
    "lon": 13.5878313,
    "parity": "L",
    "proj_lat": 52.482817,
    "proj_lon": 13.588549,
    "marker-color": "#3366ff",
    "marker-symbol": "o"
  },
  {
    "rowid": 143726,
    "id": 27781,
    "source": "OA",
    "source_id": "957f8ed13e096347",
    "housenumber": 27.03,
    "lat": 52.4829638,
    "lon": 13.5878313,
    "parity": "L",
    "proj_lat": 52.482817,
    "proj_lon": 13.588549,
    "marker-color": "#3366ff",
    "marker-symbol": "o"
  },
  {
    "rowid": 133321,
    "id": 27781,
    "source": "OA",
    "source_id": "9b6f374681379072",
    "housenumber": 28,
    "lat": 52.4829222,
    "lon": 13.5874581,
    "parity": "L",
    "proj_lat": 52.482817,
    "proj_lon": 13.588549,
    "marker-color": "#3366ff",
    "marker-symbol": "e"
  },
  {
    "rowid": 133321,
    "id": 27781,
    "source": "OA",
    "source_id": "9b6f374681379072",
    "housenumber": 28,
    "lat": 52.4829222,
    "lon": 13.5874581,
    "parity": "L",
    "proj_lat": 52.482817,
    "proj_lon": 13.588549,
    "marker-color": "#3366ff",
    "marker-symbol": "e"
  },
  {
    "rowid": 158708,
    "id": 27781,
    "source": "OA",
    "source_id": "46b7802ac209b844",
    "housenumber": 28.03,
    "lat": 52.4828088,
    "lon": 13.5869931,
    "parity": "L",
    "proj_lat": 52.482817,
    "proj_lon": 13.588549,
    "marker-color": "#3366ff",
    "marker-symbol": "e"
  },
  {
    "rowid": 158708,
    "id": 27781,
    "source": "OA",
    "source_id": "46b7802ac209b844",
    "housenumber": 28.03,
    "lat": 52.4828088,
    "lon": 13.5869931,
    "parity": "L",
    "proj_lat": 52.482817,
    "proj_lon": 13.588549,
    "marker-color": "#3366ff",
    "marker-symbol": "e"
  },
  {
    "rowid": 133322,
    "id": 27781,
    "source": "OA",
    "source_id": "53ec4ec2c732ed1c",
    "housenumber": 29,
    "lat": 52.4831436,
    "lon": 13.587395,
    "parity": "L",
    "proj_lat": 52.482817,
    "proj_lon": 13.588549,
    "marker-color": "#3366ff",
    "marker-symbol": "o"
  },
  {
    "rowid": 133322,
    "id": 27781,
    "source": "OA",
    "source_id": "53ec4ec2c732ed1c",
    "housenumber": 29,
    "lat": 52.4831436,
    "lon": 13.587395,
    "parity": "L",
    "proj_lat": 52.482817,
    "proj_lon": 13.588549,
    "marker-color": "#3366ff",
    "marker-symbol": "o"
  },
  {
    "rowid": 133323,
    "id": 27781,
    "source": "OA",
    "source_id": "9d95f671a6ba29a5",
    "housenumber": 30,
    "lat": 52.4832519,
    "lon": 13.5871141,
    "parity": "L",
    "proj_lat": 52.482817,
    "proj_lon": 13.588549,
    "marker-color": "#3366ff",
    "marker-symbol": "e"
  },
  {
    "rowid": 133323,
    "id": 27781,
    "source": "OA",
    "source_id": "9d95f671a6ba29a5",
    "housenumber": 30,
    "lat": 52.4832519,
    "lon": 13.5871141,
    "parity": "L",
    "proj_lat": 52.482817,
    "proj_lon": 13.588549,
    "marker-color": "#3366ff",
    "marker-symbol": "e"
  },
  {
    "rowid": 150593,
    "id": 27781,
    "source": "OA",
    "source_id": "71ffc7ef474368be",
    "housenumber": 30.03,
    "lat": 52.4831703,
    "lon": 13.5868126,
    "parity": "L",
    "proj_lat": 52.482817,
    "proj_lon": 13.588549,
    "marker-color": "#3366ff",
    "marker-symbol": "e"
  },
  {
    "rowid": 150593,
    "id": 27781,
    "source": "OA",
    "source_id": "71ffc7ef474368be",
    "housenumber": 30.03,
    "lat": 52.4831703,
    "lon": 13.5868126,
    "parity": "L",
    "proj_lat": 52.482817,
    "proj_lon": 13.588549,
    "marker-color": "#3366ff",
    "marker-symbol": "e"
  },
  {
    "rowid": 150594,
    "id": 27781,
    "source": "OA",
    "source_id": "e58e802432eed3e7",
    "housenumber": 30.06,
    "lat": 52.483085,
    "lon": 13.5867176,
    "parity": "L",
    "proj_lat": 52.482817,
    "proj_lon": 13.588549,
    "marker-color": "#3366ff",
    "marker-symbol": "e"
  },
  {
    "rowid": 150594,
    "id": 27781,
    "source": "OA",
    "source_id": "e58e802432eed3e7",
    "housenumber": 30.06,
    "lat": 52.483085,
    "lon": 13.5867176,
    "parity": "L",
    "proj_lat": 52.482817,
    "proj_lon": 13.588549,
    "marker-color": "#3366ff",
    "marker-symbol": "e"
  },
  {
    "rowid": 150595,
    "id": 27781,
    "source": "OA",
    "source_id": "4da19ebe883c1eb9",
    "housenumber": 31,
    "lat": 52.4828385,
    "lon": 13.5865694,
    "parity": "L",
    "proj_lat": 52.482817,
    "proj_lon": 13.588549,
    "marker-color": "#3366ff",
    "marker-symbol": "o"
  },
  {
    "rowid": 150595,
    "id": 27781,
    "source": "OA",
    "source_id": "4da19ebe883c1eb9",
    "housenumber": 31,
    "lat": 52.4828385,
    "lon": 13.5865694,
    "parity": "L",
    "proj_lat": 52.482817,
    "proj_lon": 13.588549,
    "marker-color": "#3366ff",
    "marker-symbol": "o"
  },
  {
    "rowid": 151797,
    "id": 27781,
    "source": "OA",
    "source_id": "097f1bc06bffc35c",
    "housenumber": 32,
    "lat": 52.4833903,
    "lon": 13.5867894,
    "parity": "L",
    "proj_lat": 52.482817,
    "proj_lon": 13.588549,
    "marker-color": "#3366ff",
    "marker-symbol": "e"
  },
  {
    "rowid": 151797,
    "id": 27781,
    "source": "OA",
    "source_id": "097f1bc06bffc35c",
    "housenumber": 32,
    "lat": 52.4833903,
    "lon": 13.5867894,
    "parity": "L",
    "proj_lat": 52.482817,
    "proj_lon": 13.588549,
    "marker-color": "#3366ff",
    "marker-symbol": "e"
  },
  {
    "rowid": 133324,
    "id": 27781,
    "source": "OA",
    "source_id": "552660cd88928032",
    "housenumber": 33,
    "lat": 52.4836355,
    "lon": 13.5870151,
    "parity": "R",
    "proj_lat": 52.482817,
    "proj_lon": 13.588549,
    "marker-color": "#ff0000",
    "marker-symbol": "o"
  },
  {
    "rowid": 133324,
    "id": 27781,
    "source": "OA",
    "source_id": "552660cd88928032",
    "housenumber": 33,
    "lat": 52.4836355,
    "lon": 13.5870151,
    "parity": "R",
    "proj_lat": 52.482817,
    "proj_lon": 13.588549,
    "marker-color": "#ff0000",
    "marker-symbol": "o"
  },
  {
    "rowid": 133325,
    "id": 27781,
    "source": "OA",
    "source_id": "f9d13b5d2488c370",
    "housenumber": 34,
    "lat": 52.4835149,
    "lon": 13.5872816,
    "parity": "R",
    "proj_lat": 52.482817,
    "proj_lon": 13.588549,
    "marker-color": "#ff0000",
    "marker-symbol": "e"
  },
  {
    "rowid": 133325,
    "id": 27781,
    "source": "OA",
    "source_id": "f9d13b5d2488c370",
    "housenumber": 34,
    "lat": 52.4835149,
    "lon": 13.5872816,
    "parity": "R",
    "proj_lat": 52.482817,
    "proj_lon": 13.588549,
    "marker-color": "#ff0000",
    "marker-symbol": "e"
  },
  {
    "rowid": 133326,
    "id": 27781,
    "source": "OA",
    "source_id": "b7564f35f01627c4",
    "housenumber": 34.06,
    "lat": 52.4835977,
    "lon": 13.5876836,
    "parity": "R",
    "proj_lat": 52.482817,
    "proj_lon": 13.588549,
    "marker-color": "#ff0000",
    "marker-symbol": "e"
  },
  {
    "rowid": 133326,
    "id": 27781,
    "source": "OA",
    "source_id": "b7564f35f01627c4",
    "housenumber": 34.06,
    "lat": 52.4835977,
    "lon": 13.5876836,
    "parity": "R",
    "proj_lat": 52.482817,
    "proj_lon": 13.588549,
    "marker-color": "#ff0000",
    "marker-symbol": "e"
  },
  {
    "rowid": 133327,
    "id": 27781,
    "source": "OA",
    "source_id": "686f831e0f8f86f2",
    "housenumber": 35,
    "lat": 52.4834278,
    "lon": 13.5874939,
    "parity": "R",
    "proj_lat": 52.482817,
    "proj_lon": 13.588549,
    "marker-color": "#ff0000",
    "marker-symbol": "o"
  },
  {
    "rowid": 133327,
    "id": 27781,
    "source": "OA",
    "source_id": "686f831e0f8f86f2",
    "housenumber": 35,
    "lat": 52.4834278,
    "lon": 13.5874939,
    "parity": "R",
    "proj_lat": 52.482817,
    "proj_lon": 13.588549,
    "marker-color": "#ff0000",
    "marker-symbol": "o"
  },
  {
    "rowid": 133328,
    "id": 27781,
    "source": "OA",
    "source_id": "22fa0022c7cab5f7",
    "housenumber": 36,
    "lat": 52.4835078,
    "lon": 13.5879671,
    "parity": "R",
    "proj_lat": 52.482817,
    "proj_lon": 13.588549,
    "marker-color": "#ff0000",
    "marker-symbol": "e"
  },
  {
    "rowid": 133328,
    "id": 27781,
    "source": "OA",
    "source_id": "22fa0022c7cab5f7",
    "housenumber": 36,
    "lat": 52.4835078,
    "lon": 13.5879671,
    "parity": "R",
    "proj_lat": 52.482817,
    "proj_lon": 13.588549,
    "marker-color": "#ff0000",
    "marker-symbol": "e"
  },
  {
    "rowid": 174915,
    "id": 27781,
    "source": "OA",
    "source_id": "639609c7e58e8a06",
    "housenumber": 37,
    "lat": 52.4832325,
    "lon": 13.5879468,
    "parity": "R",
    "proj_lat": 52.482817,
    "proj_lon": 13.588549,
    "marker-color": "#ff0000",
    "marker-symbol": "o"
  },
  {
    "rowid": 174915,
    "id": 27781,
    "source": "OA",
    "source_id": "639609c7e58e8a06",
    "housenumber": 37,
    "lat": 52.4832325,
    "lon": 13.5879468,
    "parity": "R",
    "proj_lat": 52.482817,
    "proj_lon": 13.588549,
    "marker-color": "#ff0000",
    "marker-symbol": "o"
  },
  {
    "rowid": 133329,
    "id": 27781,
    "source": "OA",
    "source_id": "4d0669d9ff164f53",
    "housenumber": 37.12,
    "lat": 52.4827722,
    "lon": 13.589024,
    "parity": "R",
    "proj_lat": 52.48266443522929,
    "proj_lon": 13.588896392537261,
    "marker-color": "#ff0000",
    "marker-symbol": "o"
  },
  {
    "rowid": 133329,
    "id": 27781,
    "source": "OA",
    "source_id": "4d0669d9ff164f53",
    "housenumber": 37.12,
    "lat": 52.4827722,
    "lon": 13.589024,
    "parity": "R",
    "proj_lat": 52.48266443522929,
    "proj_lon": 13.588896392537261,
    "marker-color": "#ff0000",
    "marker-symbol": "o"
  },
  {
    "rowid": 133330,
    "id": 27781,
    "source": "OA",
    "source_id": "3407856738a24cfc",
    "housenumber": 38,
    "lat": 52.4826803,
    "lon": 13.5892349,
    "parity": "R",
    "proj_lat": 52.48257206061867,
    "proj_lon": 13.589106731072242,
    "marker-color": "#ff0000",
    "marker-symbol": "e"
  },
  {
    "rowid": 133330,
    "id": 27781,
    "source": "OA",
    "source_id": "3407856738a24cfc",
    "housenumber": 38,
    "lat": 52.4826803,
    "lon": 13.5892349,
    "parity": "R",
    "proj_lat": 52.48257206061867,
    "proj_lon": 13.589106731072242,
    "marker-color": "#ff0000",
    "marker-symbol": "e"
  },
  {
    "rowid": 133331,
    "id": 27781,
    "source": "OA",
    "source_id": "b59df535623354bd",
    "housenumber": 39,
    "lat": 52.4826979,
    "lon": 13.5897389,
    "parity": "R",
    "proj_lat": 52.48243246529797,
    "proj_lon": 13.589424591954693,
    "marker-color": "#ff0000",
    "marker-symbol": "o"
  },
  {
    "rowid": 133331,
    "id": 27781,
    "source": "OA",
    "source_id": "b59df535623354bd",
    "housenumber": 39,
    "lat": 52.4826979,
    "lon": 13.5897389,
    "parity": "R",
    "proj_lat": 52.48243246529797,
    "proj_lon": 13.589424591954693,
    "marker-color": "#ff0000",
    "marker-symbol": "o"
  },
  {
    "rowid": 133332,
    "id": 27781,
    "source": "OA",
    "source_id": "17e28bcd7d3aec8e",
    "housenumber": 40,
    "lat": 52.4821322,
    "lon": 13.5907456,
    "parity": "R",
    "proj_lat": 52.48194881819502,
    "proj_lon": 13.59053055694396,
    "marker-color": "#ff0000",
    "marker-symbol": "e"
  },
  {
    "rowid": 133332,
    "id": 27781,
    "source": "OA",
    "source_id": "17e28bcd7d3aec8e",
    "housenumber": 40,
    "lat": 52.4821322,
    "lon": 13.5907456,
    "parity": "R",
    "proj_lat": 52.48194881819502,
    "proj_lon": 13.59053055694396,
    "marker-color": "#ff0000",
    "marker-symbol": "e"
  },
  {
    "rowid": 133333,
    "id": 27781,
    "source": "OA",
    "source_id": "05e916e9cc56892c",
    "housenumber": 41,
    "lat": 52.4821571,
    "lon": 13.5910704,
    "parity": "R",
    "proj_lat": 52.48186367705231,
    "proj_lon": 13.590726316578968,
    "marker-color": "#ff0000",
    "marker-symbol": "o"
  },
  {
    "rowid": 133333,
    "id": 27781,
    "source": "OA",
    "source_id": "05e916e9cc56892c",
    "housenumber": 41,
    "lat": 52.4821571,
    "lon": 13.5910704,
    "parity": "R",
    "proj_lat": 52.48186367705231,
    "proj_lon": 13.590726316578968,
    "marker-color": "#ff0000",
    "marker-symbol": "o"
  },
  {
    "rowid": 133334,
    "id": 27781,
    "source": "OA",
    "source_id": "cdec60b836d5345e",
    "housenumber": 42,
    "lat": 52.4820298,
    "lon": 13.5913225,
    "parity": "R",
    "proj_lat": 52.48174806835354,
    "proj_lon": 13.59099212833522,
    "marker-color": "#ff0000",
    "marker-symbol": "e"
  },
  {
    "rowid": 133334,
    "id": 27781,
    "source": "OA",
    "source_id": "cdec60b836d5345e",
    "housenumber": 42,
    "lat": 52.4820298,
    "lon": 13.5913225,
    "parity": "R",
    "proj_lat": 52.48174806835354,
    "proj_lon": 13.59099212833522,
    "marker-color": "#ff0000",
    "marker-symbol": "e"
  },
  {
    "rowid": 133335,
    "id": 27781,
    "source": "OA",
    "source_id": "c02ed9bbe5fb7386",
    "housenumber": 43,
    "lat": 52.4815699,
    "lon": 13.5918377,
    "parity": "R",
    "proj_lat": 52.48144440444947,
    "proj_lon": 13.591701171581754,
    "marker-color": "#ff0000",
    "marker-symbol": "o"
  },
  {
    "rowid": 133335,
    "id": 27781,
    "source": "OA",
    "source_id": "c02ed9bbe5fb7386",
    "housenumber": 43,
    "lat": 52.4815699,
    "lon": 13.5918377,
    "parity": "R",
    "proj_lat": 52.48144440444947,
    "proj_lon": 13.591701171581754,
    "marker-color": "#ff0000",
    "marker-symbol": "o"
  },
  {
    "rowid": 133336,
    "id": 27781,
    "source": "OA",
    "source_id": "f6a00514c7f90201",
    "housenumber": 44,
    "lat": 52.4814623,
    "lon": 13.5920914,
    "parity": "R",
    "proj_lat": 52.481340438657,
    "proj_lon": 13.591958825937004,
    "marker-color": "#ff0000",
    "marker-symbol": "e"
  },
  {
    "rowid": 133336,
    "id": 27781,
    "source": "OA",
    "source_id": "f6a00514c7f90201",
    "housenumber": 44,
    "lat": 52.4814623,
    "lon": 13.5920914,
    "parity": "R",
    "proj_lat": 52.481340438657,
    "proj_lon": 13.591958825937004,
    "marker-color": "#ff0000",
    "marker-symbol": "e"
  },
  {
    "rowid": 133337,
    "id": 27781,
    "source": "OA",
    "source_id": "f77210c7821933e7",
    "housenumber": 44.06,
    "lat": 52.48154,
    "lon": 13.5925716,
    "parity": "R",
    "proj_lat": 52.48122948817662,
    "proj_lon": 13.592233790170974,
    "marker-color": "#ff0000",
    "marker-symbol": "e"
  },
  {
    "rowid": 133337,
    "id": 27781,
    "source": "OA",
    "source_id": "f77210c7821933e7",
    "housenumber": 44.06,
    "lat": 52.48154,
    "lon": 13.5925716,
    "parity": "R",
    "proj_lat": 52.48122948817662,
    "proj_lon": 13.592233790170974,
    "marker-color": "#ff0000",
    "marker-symbol": "e"
  },
  {
    "rowid": 133338,
    "id": 27781,
    "source": "OA",
    "source_id": "f80fcd9f752220bf",
    "housenumber": 45,
    "lat": 52.4813495,
    "lon": 13.5923528,
    "parity": "R",
    "proj_lat": 52.48123272735856,
    "proj_lon": 13.59222576263314,
    "marker-color": "#ff0000",
    "marker-symbol": "o"
  },
  {
    "rowid": 133338,
    "id": 27781,
    "source": "OA",
    "source_id": "f80fcd9f752220bf",
    "housenumber": 45,
    "lat": 52.4813495,
    "lon": 13.5923528,
    "parity": "R",
    "proj_lat": 52.48123272735856,
    "proj_lon": 13.59222576263314,
    "marker-color": "#ff0000",
    "marker-symbol": "o"
  },
  {
    "rowid": 158709,
    "id": 27781,
    "source": "OA",
    "source_id": "1684243a38050b67",
    "housenumber": 46,
    "lat": 52.4812146,
    "lon": 13.5925542,
    "parity": "R",
    "proj_lat": 52.481135099017024,
    "proj_lon": 13.592467711131725,
    "marker-color": "#ff0000",
    "marker-symbol": "e"
  },
  {
    "rowid": 158709,
    "id": 27781,
    "source": "OA",
    "source_id": "1684243a38050b67",
    "housenumber": 46,
    "lat": 52.4812146,
    "lon": 13.5925542,
    "parity": "R",
    "proj_lat": 52.481135099017024,
    "proj_lon": 13.592467711131725,
    "marker-color": "#ff0000",
    "marker-symbol": "e"
  },
  {
    "rowid": 133339,
    "id": 27781,
    "source": "OA",
    "source_id": "f452e39fa2126593",
    "housenumber": 47,
    "lat": 52.4811279,
    "lon": 13.5928636,
    "parity": "R",
    "proj_lat": 52.48102189002756,
    "proj_lon": 13.592748272540382,
    "marker-color": "#ff0000",
    "marker-symbol": "o"
  },
  {
    "rowid": 133339,
    "id": 27781,
    "source": "OA",
    "source_id": "f452e39fa2126593",
    "housenumber": 47,
    "lat": 52.4811279,
    "lon": 13.5928636,
    "parity": "R",
    "proj_lat": 52.48102189002756,
    "proj_lon": 13.592748272540382,
    "marker-color": "#ff0000",
    "marker-symbol": "o"
  },
  {
    "rowid": 133340,
    "id": 27781,
    "source": "OA",
    "source_id": "cc26b3ce6d12f536",
    "housenumber": 49,
    "lat": 52.4807845,
    "lon": 13.5936512,
    "parity": "R",
    "proj_lat": 52.480685293448026,
    "proj_lon": 13.593533880222115,
    "marker-color": "#ff0000",
    "marker-symbol": "o"
  },
  {
    "rowid": 133340,
    "id": 27781,
    "source": "OA",
    "source_id": "cc26b3ce6d12f536",
    "housenumber": 49,
    "lat": 52.4807845,
    "lon": 13.5936512,
    "parity": "R",
    "proj_lat": 52.480685293448026,
    "proj_lon": 13.593533880222115,
    "marker-color": "#ff0000",
    "marker-symbol": "o"
  },
  {
    "rowid": 133341,
    "id": 27781,
    "source": "OA",
    "source_id": "4af216abab62328a",
    "housenumber": 50,
    "lat": 52.4807178,
    "lon": 13.5938049,
    "parity": "R",
    "proj_lat": 52.48061812030983,
    "proj_lon": 13.593687021055318,
    "marker-color": "#ff0000",
    "marker-symbol": "e"
  },
  {
    "rowid": 133341,
    "id": 27781,
    "source": "OA",
    "source_id": "4af216abab62328a",
    "housenumber": 50,
    "lat": 52.4807178,
    "lon": 13.5938049,
    "parity": "R",
    "proj_lat": 52.48061812030983,
    "proj_lon": 13.593687021055318,
    "marker-color": "#ff0000",
    "marker-symbol": "e"
  },
  {
    "rowid": 133342,
    "id": 27781,
    "source": "OA",
    "source_id": "af3bf0bcb5077bad",
    "housenumber": 51,
    "lat": 52.4807329,
    "lon": 13.5942665,
    "parity": "R",
    "proj_lat": 52.48048995871205,
    "proj_lon": 13.59397920293626,
    "marker-color": "#ff0000",
    "marker-symbol": "o"
  },
  {
    "rowid": 133342,
    "id": 27781,
    "source": "OA",
    "source_id": "af3bf0bcb5077bad",
    "housenumber": 51,
    "lat": 52.4807329,
    "lon": 13.5942665,
    "parity": "R",
    "proj_lat": 52.48048995871205,
    "proj_lon": 13.59397920293626,
    "marker-color": "#ff0000",
    "marker-symbol": "o"
  },
  {
    "rowid": 133343,
    "id": 27781,
    "source": "OA",
    "source_id": "b970bd1ed464fe20",
    "housenumber": 52,
    "lat": 52.4805163,
    "lon": 13.5942833,
    "parity": "R",
    "proj_lat": 52.4804111261251,
    "proj_lon": 13.59415892489615,
    "marker-color": "#ff0000",
    "marker-symbol": "e"
  },
  {
    "rowid": 133343,
    "id": 27781,
    "source": "OA",
    "source_id": "b970bd1ed464fe20",
    "housenumber": 52,
    "lat": 52.4805163,
    "lon": 13.5942833,
    "parity": "R",
    "proj_lat": 52.4804111261251,
    "proj_lon": 13.59415892489615,
    "marker-color": "#ff0000",
    "marker-symbol": "e"
  },
  {
    "rowid": 133344,
    "id": 27781,
    "source": "OA",
    "source_id": "ce340dc1919a91f5",
    "housenumber": 53,
    "lat": 52.4804293,
    "lon": 13.5945229,
    "parity": "R",
    "proj_lat": 52.480312209805774,
    "proj_lon": 13.594384433603425,
    "marker-color": "#ff0000",
    "marker-symbol": "o"
  },
  {
    "rowid": 133344,
    "id": 27781,
    "source": "OA",
    "source_id": "ce340dc1919a91f5",
    "housenumber": 53,
    "lat": 52.4804293,
    "lon": 13.5945229,
    "parity": "R",
    "proj_lat": 52.480312209805774,
    "proj_lon": 13.594384433603425,
    "marker-color": "#ff0000",
    "marker-symbol": "o"
  },
  {
    "rowid": 133345,
    "id": 27781,
    "source": "OA",
    "source_id": "1ea4d88a230732b4",
    "housenumber": 54,
    "lat": 52.4802097,
    "lon": 13.5950177,
    "parity": "R",
    "proj_lat": 52.48009431788637,
    "proj_lon": 13.594882266987215,
    "marker-color": "#ff0000",
    "marker-symbol": "e"
  },
  {
    "rowid": 133345,
    "id": 27781,
    "source": "OA",
    "source_id": "1ea4d88a230732b4",
    "housenumber": 54,
    "lat": 52.4802097,
    "lon": 13.5950177,
    "parity": "R",
    "proj_lat": 52.48009431788637,
    "proj_lon": 13.594882266987215,
    "marker-color": "#ff0000",
    "marker-symbol": "e"
  },
  {
    "rowid": 176542,
    "id": 27781,
    "source": "OA",
    "source_id": "07d76f94951e2612",
    "housenumber": 55,
    "lat": 52.4801254,
    "lon": 13.5955328,
    "parity": "R",
    "proj_lat": 52.479917389116224,
    "proj_lon": 13.59528864228926,
    "marker-color": "#ff0000",
    "marker-symbol": "o"
  },
  {
    "rowid": 176542,
    "id": 27781,
    "source": "OA",
    "source_id": "07d76f94951e2612",
    "housenumber": 55,
    "lat": 52.4801254,
    "lon": 13.5955328,
    "parity": "R",
    "proj_lat": 52.479917389116224,
    "proj_lon": 13.59528864228926,
    "marker-color": "#ff0000",
    "marker-symbol": "o"
  },
  {
    "rowid": 133346,
    "id": 27781,
    "source": "OA",
    "source_id": "420223b0de8ff11c",
    "housenumber": 56,
    "lat": 52.479923,
    "lon": 13.5956266,
    "parity": "R",
    "proj_lat": 52.47982190921615,
    "proj_lon": 13.595507943385396,
    "marker-color": "#ff0000",
    "marker-symbol": "e"
  },
  {
    "rowid": 133346,
    "id": 27781,
    "source": "OA",
    "source_id": "420223b0de8ff11c",
    "housenumber": 56,
    "lat": 52.479923,
    "lon": 13.5956266,
    "parity": "R",
    "proj_lat": 52.47982190921615,
    "proj_lon": 13.595507943385396,
    "marker-color": "#ff0000",
    "marker-symbol": "e"
  },
  {
    "rowid": 133347,
    "id": 27781,
    "source": "OA",
    "source_id": "ee77ef1bb8ad76ac",
    "housenumber": 57,
    "lat": 52.4798407,
    "lon": 13.59581,
    "parity": "R",
    "proj_lat": 52.47974123103408,
    "proj_lon": 13.595693247451972,
    "marker-color": "#ff0000",
    "marker-symbol": "o"
  },
  {
    "rowid": 133347,
    "id": 27781,
    "source": "OA",
    "source_id": "ee77ef1bb8ad76ac",
    "housenumber": 57,
    "lat": 52.4798407,
    "lon": 13.59581,
    "parity": "R",
    "proj_lat": 52.47974123103408,
    "proj_lon": 13.595693247451972,
    "marker-color": "#ff0000",
    "marker-symbol": "o"
  },
  {
    "rowid": 175512,
    "id": 27781,
    "source": "OA",
    "source_id": "adf274af0c7eb603",
    "housenumber": 58,
    "lat": 52.4797306,
    "lon": 13.5959881,
    "parity": "R",
    "proj_lat": 52.47965267796248,
    "proj_lon": 13.59589663880089,
    "marker-color": "#ff0000",
    "marker-symbol": "e"
  },
  {
    "rowid": 175512,
    "id": 27781,
    "source": "OA",
    "source_id": "adf274af0c7eb603",
    "housenumber": 58,
    "lat": 52.4797306,
    "lon": 13.5959881,
    "parity": "R",
    "proj_lat": 52.47965267796248,
    "proj_lon": 13.59589663880089,
    "marker-color": "#ff0000",
    "marker-symbol": "e"
  },
  {
    "rowid": 133348,
    "id": 27781,
    "source": "OA",
    "source_id": "49186c18d09e956d",
    "housenumber": 59,
    "lat": 52.4794485,
    "lon": 13.5967343,
    "parity": "R",
    "proj_lat": 52.47934294807145,
    "proj_lon": 13.596612266822554,
    "marker-color": "#ff0000",
    "marker-symbol": "o"
  },
  {
    "rowid": 133348,
    "id": 27781,
    "source": "OA",
    "source_id": "49186c18d09e956d",
    "housenumber": 59,
    "lat": 52.4794485,
    "lon": 13.5967343,
    "parity": "R",
    "proj_lat": 52.47934294807145,
    "proj_lon": 13.596612266822554,
    "marker-color": "#ff0000",
    "marker-symbol": "o"
  },
  {
    "rowid": 133349,
    "id": 27781,
    "source": "OA",
    "source_id": "af0bd7a102f319a4",
    "housenumber": 60,
    "lat": 52.4793518,
    "lon": 13.5969578,
    "parity": "R",
    "proj_lat": 52.4792468165689,
    "proj_lon": 13.59683642462073,
    "marker-color": "#ff0000",
    "marker-symbol": "e"
  },
  {
    "rowid": 133349,
    "id": 27781,
    "source": "OA",
    "source_id": "af0bd7a102f319a4",
    "housenumber": 60,
    "lat": 52.4793518,
    "lon": 13.5969578,
    "parity": "R",
    "proj_lat": 52.4792468165689,
    "proj_lon": 13.59683642462073,
    "marker-color": "#ff0000",
    "marker-symbol": "e"
  },
  {
    "rowid": 133350,
    "id": 27781,
    "source": "OA",
    "source_id": "d4a193ff6cf22bb4",
    "housenumber": 61,
    "lat": 52.4792606,
    "lon": 13.5971544,
    "parity": "R",
    "proj_lat": 52.4791602204925,
    "proj_lon": 13.59703834787485,
    "marker-color": "#ff0000",
    "marker-symbol": "o"
  },
  {
    "rowid": 133350,
    "id": 27781,
    "source": "OA",
    "source_id": "d4a193ff6cf22bb4",
    "housenumber": 61,
    "lat": 52.4792606,
    "lon": 13.5971544,
    "parity": "R",
    "proj_lat": 52.4791602204925,
    "proj_lon": 13.59703834787485,
    "marker-color": "#ff0000",
    "marker-symbol": "o"
  },
  {
    "rowid": 133351,
    "id": 27781,
    "source": "OA",
    "source_id": "a5b963e9b6f2861c",
    "housenumber": 62,
    "lat": 52.4791865,
    "lon": 13.5973865,
    "parity": "R",
    "proj_lat": 52.47906911454083,
    "proj_lon": 13.597250787179219,
    "marker-color": "#ff0000",
    "marker-symbol": "e"
  },
  {
    "rowid": 133351,
    "id": 27781,
    "source": "OA",
    "source_id": "a5b963e9b6f2861c",
    "housenumber": 62,
    "lat": 52.4791865,
    "lon": 13.5973865,
    "parity": "R",
    "proj_lat": 52.47906911454083,
    "proj_lon": 13.597250787179219,
    "marker-color": "#ff0000",
    "marker-symbol": "e"
  },
  {
    "rowid": 133352,
    "id": 27781,
    "source": "OA",
    "source_id": "9c1f561e962aa722",
    "housenumber": 63,
    "lat": 52.4790836,
    "lon": 13.5976083,
    "parity": "R",
    "proj_lat": 52.478971415318505,
    "proj_lon": 13.597478600559644,
    "marker-color": "#ff0000",
    "marker-symbol": "o"
  },
  {
    "rowid": 133352,
    "id": 27781,
    "source": "OA",
    "source_id": "9c1f561e962aa722",
    "housenumber": 63,
    "lat": 52.4790836,
    "lon": 13.5976083,
    "parity": "R",
    "proj_lat": 52.478971415318505,
    "proj_lon": 13.597478600559644,
    "marker-color": "#ff0000",
    "marker-symbol": "o"
  },
  {
    "rowid": 133353,
    "id": 27781,
    "source": "OA",
    "source_id": "47695b26eec89259",
    "housenumber": 65,
    "lat": 52.478698,
    "lon": 13.5985162,
    "parity": "R",
    "proj_lat": 52.47858007336395,
    "proj_lon": 13.59837608086244,
    "marker-color": "#ff0000",
    "marker-symbol": "o"
  },
  {
    "rowid": 133353,
    "id": 27781,
    "source": "OA",
    "source_id": "47695b26eec89259",
    "housenumber": 65,
    "lat": 52.478698,
    "lon": 13.5985162,
    "parity": "R",
    "proj_lat": 52.47858007336395,
    "proj_lon": 13.59837608086244,
    "marker-color": "#ff0000",
    "marker-symbol": "o"
  },
  {
    "rowid": 133354,
    "id": 27781,
    "source": "OA",
    "source_id": "3a898cfeaf2244da",
    "housenumber": 65.03,
    "lat": 52.4788665,
    "lon": 13.5986977,
    "parity": "R",
    "proj_lat": 52.47858548625906,
    "proj_lon": 13.598363799992892,
    "marker-color": "#ff0000",
    "marker-symbol": "o"
  },
  {
    "rowid": 133354,
    "id": 27781,
    "source": "OA",
    "source_id": "3a898cfeaf2244da",
    "housenumber": 65.03,
    "lat": 52.4788665,
    "lon": 13.5986977,
    "parity": "R",
    "proj_lat": 52.47858548625906,
    "proj_lon": 13.598363799992892,
    "marker-color": "#ff0000",
    "marker-symbol": "o"
  },
  {
    "rowid": 133355,
    "id": 27781,
    "source": "OA",
    "source_id": "25c16b9744f9bf72",
    "housenumber": 66,
    "lat": 52.4787704,
    "lon": 13.5988416,
    "parity": "R",
    "proj_lat": 52.47851083018639,
    "proj_lon": 13.598533180974963,
    "marker-color": "#ff0000",
    "marker-symbol": "e"
  },
  {
    "rowid": 133355,
    "id": 27781,
    "source": "OA",
    "source_id": "25c16b9744f9bf72",
    "housenumber": 66,
    "lat": 52.4787704,
    "lon": 13.5988416,
    "parity": "R",
    "proj_lat": 52.47851083018639,
    "proj_lon": 13.598533180974963,
    "marker-color": "#ff0000",
    "marker-symbol": "e"
  },
  {
    "rowid": 133356,
    "id": 27781,
    "source": "OA",
    "source_id": "8eed4ade39e1b53e",
    "housenumber": 67,
    "lat": 52.4785312,
    "lon": 13.598881,
    "parity": "R",
    "proj_lat": 52.478417218304116,
    "proj_lon": 13.598745569223995,
    "marker-color": "#ff0000",
    "marker-symbol": "o"
  },
  {
    "rowid": 133356,
    "id": 27781,
    "source": "OA",
    "source_id": "8eed4ade39e1b53e",
    "housenumber": 67,
    "lat": 52.4785312,
    "lon": 13.598881,
    "parity": "R",
    "proj_lat": 52.478417218304116,
    "proj_lon": 13.598745569223995,
    "marker-color": "#ff0000",
    "marker-symbol": "o"
  },
  {
    "rowid": 172971,
    "id": 27781,
    "source": "OA",
    "source_id": "bedf1fe82128eb86",
    "housenumber": 68,
    "lat": 52.4784722,
    "lon": 13.5991573,
    "parity": "R",
    "proj_lat": 52.47831701483492,
    "proj_lon": 13.598972912578823,
    "marker-color": "#ff0000",
    "marker-symbol": "e"
  },
  {
    "rowid": 172971,
    "id": 27781,
    "source": "OA",
    "source_id": "bedf1fe82128eb86",
    "housenumber": 68,
    "lat": 52.4784722,
    "lon": 13.5991573,
    "parity": "R",
    "proj_lat": 52.47831701483492,
    "proj_lon": 13.598972912578823,
    "marker-color": "#ff0000",
    "marker-symbol": "e"
  },
  {
    "rowid": 150596,
    "id": 27781,
    "source": "OA",
    "source_id": "22832c9e009e3e59",
    "housenumber": 69,
    "lat": 52.4784893,
    "lon": 13.5994355,
    "parity": "R",
    "proj_lat": 52.47824241767234,
    "proj_lon": 13.59914215990468,
    "marker-color": "#ff0000",
    "marker-symbol": "o"
  },
  {
    "rowid": 150596,
    "id": 27781,
    "source": "OA",
    "source_id": "22832c9e009e3e59",
    "housenumber": 69,
    "lat": 52.4784893,
    "lon": 13.5994355,
    "parity": "R",
    "proj_lat": 52.47824241767234,
    "proj_lon": 13.59914215990468,
    "marker-color": "#ff0000",
    "marker-symbol": "o"
  },
  {
    "rowid": 168763,
    "id": 27781,
    "source": "OA",
    "source_id": "446b516b463f6f11",
    "housenumber": 70,
    "lat": 52.4783309,
    "lon": 13.5997294,
    "parity": "R",
    "proj_lat": 52.47810278614285,
    "proj_lon": 13.599459682790336,
    "marker-color": "#ff0000",
    "marker-symbol": "e"
  },
  {
    "rowid": 168763,
    "id": 27781,
    "source": "OA",
    "source_id": "446b516b463f6f11",
    "housenumber": 70,
    "lat": 52.4783309,
    "lon": 13.5997294,
    "parity": "R",
    "proj_lat": 52.47810278614285,
    "proj_lon": 13.599459682790336,
    "marker-color": "#ff0000",
    "marker-symbol": "e"
  },
  {
    "rowid": 158710,
    "id": 27781,
    "source": "OA",
    "source_id": "32c3de0fbc9803ba",
    "housenumber": 70.03,
    "lat": 52.4782276,
    "lon": 13.5994366,
    "parity": "R",
    "proj_lat": 52.47815207691769,
    "proj_lon": 13.599347303454701,
    "marker-color": "#ff0000",
    "marker-symbol": "e"
  },
  {
    "rowid": 158710,
    "id": 27781,
    "source": "OA",
    "source_id": "32c3de0fbc9803ba",
    "housenumber": 70.03,
    "lat": 52.4782276,
    "lon": 13.5994366,
    "parity": "R",
    "proj_lat": 52.47815207691769,
    "proj_lon": 13.599347303454701,
    "marker-color": "#ff0000",
    "marker-symbol": "e"
  },
  {
    "rowid": 158711,
    "id": 27781,
    "source": "OA",
    "source_id": "a453d80080f806a0",
    "housenumber": 70.06,
    "lat": 52.4781637,
    "lon": 13.5995876,
    "parity": "R",
    "proj_lat": 52.478086642397,
    "proj_lon": 13.59949648934164,
    "marker-color": "#ff0000",
    "marker-symbol": "e"
  },
  {
    "rowid": 158711,
    "id": 27781,
    "source": "OA",
    "source_id": "a453d80080f806a0",
    "housenumber": 70.06,
    "lat": 52.4781637,
    "lon": 13.5995876,
    "parity": "R",
    "proj_lat": 52.478086642397,
    "proj_lon": 13.59949648934164,
    "marker-color": "#ff0000",
    "marker-symbol": "e"
  },
  {
    "rowid": 133357,
    "id": 27781,
    "source": "OA",
    "source_id": "ded8ae78182646b1",
    "housenumber": 71,
    "lat": 52.4782083,
    "lon": 13.5999858,
    "parity": "R",
    "proj_lat": 52.477986863053815,
    "proj_lon": 13.599723978893879,
    "marker-color": "#ff0000",
    "marker-symbol": "o"
  },
  {
    "rowid": 133357,
    "id": 27781,
    "source": "OA",
    "source_id": "ded8ae78182646b1",
    "housenumber": 71,
    "lat": 52.4782083,
    "lon": 13.5999858,
    "parity": "R",
    "proj_lat": 52.477986863053815,
    "proj_lon": 13.599723978893879,
    "marker-color": "#ff0000",
    "marker-symbol": "o"
  },
  {
    "rowid": 133358,
    "id": 27781,
    "source": "OA",
    "source_id": "a7acb618addabb25",
    "housenumber": 72,
    "lat": 52.4780371,
    "lon": 13.6000937,
    "parity": "R",
    "proj_lat": 52.47789723372685,
    "proj_lon": 13.599928327156832,
    "marker-color": "#ff0000",
    "marker-symbol": "e"
  },
  {
    "rowid": 133358,
    "id": 27781,
    "source": "OA",
    "source_id": "a7acb618addabb25",
    "housenumber": 72,
    "lat": 52.4780371,
    "lon": 13.6000937,
    "parity": "R",
    "proj_lat": 52.47789723372685,
    "proj_lon": 13.599928327156832,
    "marker-color": "#ff0000",
    "marker-symbol": "e"
  }
]
