[
  {
    "rowid": 245250,
    "id": 42702,
    "source": "OA",
    "source_id": "26f9aa6bbfd26aec",
    "housenumber": 1,
    "lat": 52.4232625,
    "lon": 13.2359807,
    "parity": "L",
    "proj_lat": 52.42326124455969,
    "proj_lon": 13.235705752795312,
    "marker-color": "#3366ff",
    "marker-symbol": "o"
  },
  {
    "rowid": 245250,
    "id": 42702,
    "source": "OA",
    "source_id": "26f9aa6bbfd26aec",
    "housenumber": 1,
    "lat": 52.4232625,
    "lon": 13.2359807,
    "parity": "L",
    "proj_lat": 52.42326124455969,
    "proj_lon": 13.235705752795312,
    "marker-color": "#3366ff",
    "marker-symbol": "o"
  },
  {
    "rowid": 245251,
    "id": 42702,
    "source": "OA",
    "source_id": "d2853319d5492758",
    "housenumber": 2,
    "lat": 52.4232173,
    "lon": 13.2355503,
    "parity": "R",
    "proj_lat": 52.42321801224044,
    "proj_lon": 13.235706283615055,
    "marker-color": "#ff0000",
    "marker-symbol": "e"
  },
  {
    "rowid": 245251,
    "id": 42702,
    "source": "OA",
    "source_id": "d2853319d5492758",
    "housenumber": 2,
    "lat": 52.4232173,
    "lon": 13.2355503,
    "parity": "R",
    "proj_lat": 52.42321801224044,
    "proj_lon": 13.235706283615055,
    "marker-color": "#ff0000",
    "marker-symbol": "e"
  },
  {
    "rowid": 245252,
    "id": 42702,
    "source": "OA",
    "source_id": "648da149f3e32115",
    "housenumber": 3,
    "lat": 52.4231153,
    "lon": 13.2359822,
    "parity": "L",
    "proj_lat": 52.42311404595471,
    "proj_lon": 13.235707560145167,
    "marker-color": "#3366ff",
    "marker-symbol": "o"
  },
  {
    "rowid": 245252,
    "id": 42702,
    "source": "OA",
    "source_id": "648da149f3e32115",
    "housenumber": 3,
    "lat": 52.4231153,
    "lon": 13.2359822,
    "parity": "L",
    "proj_lat": 52.42311404595471,
    "proj_lon": 13.235707560145167,
    "marker-color": "#3366ff",
    "marker-symbol": "o"
  },
  {
    "rowid": 245253,
    "id": 42702,
    "source": "OA",
    "source_id": "cd3f2d6180a6195f",
    "housenumber": 4,
    "lat": 52.4231104,
    "lon": 13.2355514,
    "parity": "R",
    "proj_lat": 52.42311111321438,
    "proj_lon": 13.235707596154258,
    "marker-color": "#ff0000",
    "marker-symbol": "e"
  },
  {
    "rowid": 245253,
    "id": 42702,
    "source": "OA",
    "source_id": "cd3f2d6180a6195f",
    "housenumber": 4,
    "lat": 52.4231104,
    "lon": 13.2355514,
    "parity": "R",
    "proj_lat": 52.42311111321438,
    "proj_lon": 13.235707596154258,
    "marker-color": "#ff0000",
    "marker-symbol": "e"
  },
  {
    "rowid": 245254,
    "id": 42702,
    "source": "OA",
    "source_id": "c6201a975dc429d0",
    "housenumber": 6,
    "lat": 52.4230045,
    "lon": 13.2355524,
    "parity": "R",
    "proj_lat": 52.42300521458883,
    "proj_lon": 13.235708896410234,
    "marker-color": "#ff0000",
    "marker-symbol": "e"
  },
  {
    "rowid": 245254,
    "id": 42702,
    "source": "OA",
    "source_id": "c6201a975dc429d0",
    "housenumber": 6,
    "lat": 52.4230045,
    "lon": 13.2355524,
    "parity": "R",
    "proj_lat": 52.42300521458883,
    "proj_lon": 13.235708896410234,
    "marker-color": "#ff0000",
    "marker-symbol": "e"
  },
  {
    "rowid": 245255,
    "id": 42702,
    "source": "OA",
    "source_id": "86260e735eb81e6f",
    "housenumber": 7,
    "lat": 52.4229181,
    "lon": 13.2359419,
    "parity": "L",
    "proj_lat": 52.42291704100585,
    "proj_lon": 13.23570997903267,
    "marker-color": "#3366ff",
    "marker-symbol": "o"
  },
  {
    "rowid": 245255,
    "id": 42702,
    "source": "OA",
    "source_id": "86260e735eb81e6f",
    "housenumber": 7,
    "lat": 52.4229181,
    "lon": 13.2359419,
    "parity": "L",
    "proj_lat": 52.42291704100585,
    "proj_lon": 13.23570997903267,
    "marker-color": "#3366ff",
    "marker-symbol": "o"
  },
  {
    "rowid": 245256,
    "id": 42702,
    "source": "OA",
    "source_id": "890a9e7b67d74da5",
    "housenumber": 8,
    "lat": 52.4228955,
    "lon": 13.2355535,
    "parity": "R",
    "proj_lat": 52.42289621568059,
    "proj_lon": 13.235710234732435,
    "marker-color": "#ff0000",
    "marker-symbol": "e"
  },
  {
    "rowid": 245256,
    "id": 42702,
    "source": "OA",
    "source_id": "890a9e7b67d74da5",
    "housenumber": 8,
    "lat": 52.4228955,
    "lon": 13.2355535,
    "parity": "R",
    "proj_lat": 52.42289621568059,
    "proj_lon": 13.235710234732435,
    "marker-color": "#ff0000",
    "marker-symbol": "e"
  },
  {
    "rowid": 245257,
    "id": 42702,
    "source": "OA",
    "source_id": "fdb610d87f5ea3b4",
    "housenumber": 9,
    "lat": 52.4227933,
    "lon": 13.2360358,
    "parity": "L",
    "proj_lat": 52.42279181925323,
    "proj_lon": 13.235711516543958,
    "marker-color": "#3366ff",
    "marker-symbol": "o"
  },
  {
    "rowid": 245257,
    "id": 42702,
    "source": "OA",
    "source_id": "fdb610d87f5ea3b4",
    "housenumber": 9,
    "lat": 52.4227933,
    "lon": 13.2360358,
    "parity": "L",
    "proj_lat": 52.42279181925323,
    "proj_lon": 13.235711516543958,
    "marker-color": "#3366ff",
    "marker-symbol": "o"
  },
  {
    "rowid": 245258,
    "id": 42702,
    "source": "OA",
    "source_id": "a16b351de93c12a5",
    "housenumber": 10,
    "lat": 52.4227911,
    "lon": 13.2354578,
    "parity": "R",
    "proj_lat": 52.42279225849883,
    "proj_lon": 13.235711511150765,
    "marker-color": "#ff0000",
    "marker-symbol": "e"
  },
  {
    "rowid": 245258,
    "id": 42702,
    "source": "OA",
    "source_id": "a16b351de93c12a5",
    "housenumber": 10,
    "lat": 52.4227911,
    "lon": 13.2354578,
    "parity": "R",
    "proj_lat": 52.42279225849883,
    "proj_lon": 13.235711511150765,
    "marker-color": "#ff0000",
    "marker-symbol": "e"
  },
  {
    "rowid": 245259,
    "id": 42702,
    "source": "OA",
    "source_id": "7cbb4e7c1ab5be69",
    "housenumber": 11,
    "lat": 52.4226748,
    "lon": 13.2360352,
    "parity": "L",
    "proj_lat": 52.422673328628264,
    "proj_lon": 13.235712971408384,
    "marker-color": "#3366ff",
    "marker-symbol": "o"
  },
  {
    "rowid": 245259,
    "id": 42702,
    "source": "OA",
    "source_id": "7cbb4e7c1ab5be69",
    "housenumber": 11,
    "lat": 52.4226748,
    "lon": 13.2360352,
    "parity": "L",
    "proj_lat": 52.422673328628264,
    "proj_lon": 13.235712971408384,
    "marker-color": "#3366ff",
    "marker-symbol": "o"
  },
  {
    "rowid": 245260,
    "id": 42702,
    "source": "OA",
    "source_id": "595ef238c9093804",
    "housenumber": 12,
    "lat": 52.4226769,
    "lon": 13.2354201,
    "parity": "R",
    "proj_lat": 52.4226782370446,
    "proj_lon": 13.235712911141336,
    "marker-color": "#ff0000",
    "marker-symbol": "e"
  },
  {
    "rowid": 245260,
    "id": 42702,
    "source": "OA",
    "source_id": "595ef238c9093804",
    "housenumber": 12,
    "lat": 52.4226769,
    "lon": 13.2354201,
    "parity": "R",
    "proj_lat": 52.4226782370446,
    "proj_lon": 13.235712911141336,
    "marker-color": "#ff0000",
    "marker-symbol": "e"
  },
  {
    "rowid": 245261,
    "id": 42702,
    "source": "OA",
    "source_id": "442c2c3a764a7a16",
    "housenumber": 13,
    "lat": 52.42247,
    "lon": 13.2361114,
    "parity": "L",
    "proj_lat": 52.422671,
    "proj_lon": 13.235713,
    "marker-color": "#3366ff",
    "marker-symbol": "o"
  },
  {
    "rowid": 245261,
    "id": 42702,
    "source": "OA",
    "source_id": "442c2c3a764a7a16",
    "housenumber": 13,
    "lat": 52.42247,
    "lon": 13.2361114,
    "parity": "L",
    "proj_lat": 52.422671,
    "proj_lon": 13.235713,
    "marker-color": "#3366ff",
    "marker-symbol": "o"
  },
  {
    "rowid": 245262,
    "id": 42702,
    "source": "OA",
    "source_id": "3bdf92e0f1fc4161",
    "housenumber": 14,
    "lat": 52.4224615,
    "lon": 13.2354214,
    "parity": "R",
    "proj_lat": 52.422671,
    "proj_lon": 13.235713,
    "marker-color": "#ff0000",
    "marker-symbol": "e"
  },
  {
    "rowid": 245262,
    "id": 42702,
    "source": "OA",
    "source_id": "3bdf92e0f1fc4161",
    "housenumber": 14,
    "lat": 52.4224615,
    "lon": 13.2354214,
    "parity": "R",
    "proj_lat": 52.422671,
    "proj_lon": 13.235713,
    "marker-color": "#ff0000",
    "marker-symbol": "e"
  },
  {
    "rowid": 245263,
    "id": 42702,
    "source": "OA",
    "source_id": "8284ce46c3490b2c",
    "housenumber": 15,
    "lat": 52.4224526,
    "lon": 13.2357671,
    "parity": "L",
    "proj_lat": 52.422671,
    "proj_lon": 13.235713,
    "marker-color": "#3366ff",
    "marker-symbol": "o"
  },
  {
    "rowid": 245263,
    "id": 42702,
    "source": "OA",
    "source_id": "8284ce46c3490b2c",
    "housenumber": 15,
    "lat": 52.4224526,
    "lon": 13.2357671,
    "parity": "L",
    "proj_lat": 52.422671,
    "proj_lon": 13.235713,
    "marker-color": "#3366ff",
    "marker-symbol": "o"
  }
]
