[
  {
    "rowid": 126523,
    "id": 17268,
    "source": "OA",
    "source_id": "843f9b476c1d4fbd",
    "housenumber": 1,
    "lat": 52.4591246,
    "lon": 13.5802709,
    "parity": "L",
    "proj_lat": 52.45901081762206,
    "proj_lon": 13.580276759894115,
    "marker-color": "#3366ff",
    "marker-symbol": "o"
  },
  {
    "rowid": 126523,
    "id": 17268,
    "source": "OA",
    "source_id": "843f9b476c1d4fbd",
    "housenumber": 1,
    "lat": 52.4591246,
    "lon": 13.5802709,
    "parity": "L",
    "proj_lat": 52.45901081762206,
    "proj_lon": 13.580276759894115,
    "marker-color": "#3366ff",
    "marker-symbol": "o"
  },
  {
    "rowid": 126524,
    "id": 17268,
    "source": "OA",
    "source_id": "2c7e8c12ce04516d",
    "housenumber": 1.03,
    "lat": 52.4591428,
    "lon": 13.5805091,
    "parity": "L",
    "proj_lat": 52.459015385724925,
    "proj_lon": 13.580515661954422,
    "marker-color": "#3366ff",
    "marker-symbol": "o"
  },
  {
    "rowid": 126524,
    "id": 17268,
    "source": "OA",
    "source_id": "2c7e8c12ce04516d",
    "housenumber": 1.03,
    "lat": 52.4591428,
    "lon": 13.5805091,
    "parity": "L",
    "proj_lat": 52.459015385724925,
    "proj_lon": 13.580515661954422,
    "marker-color": "#3366ff",
    "marker-symbol": "o"
  },
  {
    "rowid": 126525,
    "id": 17268,
    "source": "OA",
    "source_id": "b16a3c98b6a9c28c",
    "housenumber": 2,
    "lat": 52.4591497,
    "lon": 13.5808734,
    "parity": "L",
    "proj_lat": 52.45902235152672,
    "proj_lon": 13.580879958567621,
    "marker-color": "#3366ff",
    "marker-symbol": "e"
  },
  {
    "rowid": 126525,
    "id": 17268,
    "source": "OA",
    "source_id": "b16a3c98b6a9c28c",
    "housenumber": 2,
    "lat": 52.4591497,
    "lon": 13.5808734,
    "parity": "L",
    "proj_lat": 52.45902235152672,
    "proj_lon": 13.580879958567621,
    "marker-color": "#3366ff",
    "marker-symbol": "e"
  },
  {
    "rowid": 126526,
    "id": 17268,
    "source": "OA",
    "source_id": "844023741f3e2171",
    "housenumber": 3,
    "lat": 52.4591595,
    "lon": 13.5811675,
    "parity": "L",
    "proj_lat": 52.45902797919127,
    "proj_lon": 13.581174273449884,
    "marker-color": "#3366ff",
    "marker-symbol": "o"
  },
  {
    "rowid": 126526,
    "id": 17268,
    "source": "OA",
    "source_id": "844023741f3e2171",
    "housenumber": 3,
    "lat": 52.4591595,
    "lon": 13.5811675,
    "parity": "L",
    "proj_lat": 52.45902797919127,
    "proj_lon": 13.581174273449884,
    "marker-color": "#3366ff",
    "marker-symbol": "o"
  },
  {
    "rowid": 126527,
    "id": 17268,
    "source": "OA",
    "source_id": "143dcfee2c183d62",
    "housenumber": 4,
    "lat": 52.4594188,
    "lon": 13.5814873,
    "parity": "L",
    "proj_lat": 52.459034343249044,
    "proj_lon": 13.581507100130743,
    "marker-color": "#3366ff",
    "marker-symbol": "e"
  },
  {
    "rowid": 126527,
    "id": 17268,
    "source": "OA",
    "source_id": "143dcfee2c183d62",
    "housenumber": 4,
    "lat": 52.4594188,
    "lon": 13.5814873,
    "parity": "L",
    "proj_lat": 52.459034343249044,
    "proj_lon": 13.581507100130743,
    "marker-color": "#3366ff",
    "marker-symbol": "e"
  },
  {
    "rowid": 126528,
    "id": 17268,
    "source": "OA",
    "source_id": "dc516de8cf269e00",
    "housenumber": 5,
    "lat": 52.4592321,
    "lon": 13.5818425,
    "parity": "L",
    "proj_lat": 52.459040944752466,
    "proj_lon": 13.581852344714095,
    "marker-color": "#3366ff",
    "marker-symbol": "o"
  },
  {
    "rowid": 126528,
    "id": 17268,
    "source": "OA",
    "source_id": "dc516de8cf269e00",
    "housenumber": 5,
    "lat": 52.4592321,
    "lon": 13.5818425,
    "parity": "L",
    "proj_lat": 52.459040944752466,
    "proj_lon": 13.581852344714095,
    "marker-color": "#3366ff",
    "marker-symbol": "o"
  },
  {
    "rowid": 126529,
    "id": 17268,
    "source": "OA",
    "source_id": "725ab1b88716bc51",
    "housenumber": 6,
    "lat": 52.4591781,
    "lon": 13.5820561,
    "parity": "L",
    "proj_lat": 52.45904497190518,
    "proj_lon": 13.58206295623248,
    "marker-color": "#3366ff",
    "marker-symbol": "e"
  },
  {
    "rowid": 126529,
    "id": 17268,
    "source": "OA",
    "source_id": "725ab1b88716bc51",
    "housenumber": 6,
    "lat": 52.4591781,
    "lon": 13.5820561,
    "parity": "L",
    "proj_lat": 52.45904497190518,
    "proj_lon": 13.58206295623248,
    "marker-color": "#3366ff",
    "marker-symbol": "e"
  },
  {
    "rowid": 146540,
    "id": 17268,
    "source": "OA",
    "source_id": "cae35ce1780f8e39",
    "housenumber": 7,
    "lat": 52.4591911,
    "lon": 13.5822997,
    "parity": "L",
    "proj_lat": 52.45904963804542,
    "proj_lon": 13.582306985439047,
    "marker-color": "#3366ff",
    "marker-symbol": "o"
  },
  {
    "rowid": 146540,
    "id": 17268,
    "source": "OA",
    "source_id": "cae35ce1780f8e39",
    "housenumber": 7,
    "lat": 52.4591911,
    "lon": 13.5822997,
    "parity": "L",
    "proj_lat": 52.45904963804542,
    "proj_lon": 13.582306985439047,
    "marker-color": "#3366ff",
    "marker-symbol": "o"
  },
  {
    "rowid": 146541,
    "id": 17268,
    "source": "OA",
    "source_id": "7c65b6cdba27a3bb",
    "housenumber": 8,
    "lat": 52.4591975,
    "lon": 13.5825183,
    "parity": "L",
    "proj_lat": 52.45905382013194,
    "proj_lon": 13.58252569966607,
    "marker-color": "#3366ff",
    "marker-symbol": "e"
  },
  {
    "rowid": 146541,
    "id": 17268,
    "source": "OA",
    "source_id": "7c65b6cdba27a3bb",
    "housenumber": 8,
    "lat": 52.4591975,
    "lon": 13.5825183,
    "parity": "L",
    "proj_lat": 52.45905382013194,
    "proj_lon": 13.58252569966607,
    "marker-color": "#3366ff",
    "marker-symbol": "e"
  },
  {
    "rowid": 146542,
    "id": 17268,
    "source": "OA",
    "source_id": "7148fcaa96948638",
    "housenumber": 8.03,
    "lat": 52.4593914,
    "lon": 13.582555,
    "parity": "L",
    "proj_lat": 52.459054711951765,
    "proj_lon": 13.582572339945418,
    "marker-color": "#3366ff",
    "marker-symbol": "e"
  },
  {
    "rowid": 146542,
    "id": 17268,
    "source": "OA",
    "source_id": "7148fcaa96948638",
    "housenumber": 8.03,
    "lat": 52.4593914,
    "lon": 13.582555,
    "parity": "L",
    "proj_lat": 52.459054711951765,
    "proj_lon": 13.582572339945418,
    "marker-color": "#3366ff",
    "marker-symbol": "e"
  },
  {
    "rowid": 146543,
    "id": 17268,
    "source": "OA",
    "source_id": "4f19b9eb86374ec4",
    "housenumber": 8.06,
    "lat": 52.4595794,
    "lon": 13.5825502,
    "parity": "L",
    "proj_lat": 52.459054805219665,
    "proj_lon": 13.582577217658002,
    "marker-color": "#3366ff",
    "marker-symbol": "e"
  },
  {
    "rowid": 146543,
    "id": 17268,
    "source": "OA",
    "source_id": "4f19b9eb86374ec4",
    "housenumber": 8.06,
    "lat": 52.4595794,
    "lon": 13.5825502,
    "parity": "L",
    "proj_lat": 52.459054805219665,
    "proj_lon": 13.582577217658002,
    "marker-color": "#3366ff",
    "marker-symbol": "e"
  },
  {
    "rowid": 146544,
    "id": 17268,
    "source": "OA",
    "source_id": "fd66b0c343e36e74",
    "housenumber": 8.09,
    "lat": 52.4596888,
    "lon": 13.5822652,
    "parity": "L",
    "proj_lat": 52.45904946866071,
    "proj_lon": 13.582298126978998,
    "marker-color": "#3366ff",
    "marker-symbol": "e"
  },
  {
    "rowid": 146544,
    "id": 17268,
    "source": "OA",
    "source_id": "fd66b0c343e36e74",
    "housenumber": 8.09,
    "lat": 52.4596888,
    "lon": 13.5822652,
    "parity": "L",
    "proj_lat": 52.45904946866071,
    "proj_lon": 13.582298126978998,
    "marker-color": "#3366ff",
    "marker-symbol": "e"
  },
  {
    "rowid": 146545,
    "id": 17268,
    "source": "OA",
    "source_id": "dd5a675f4182b6e6",
    "housenumber": 8.12,
    "lat": 52.4596687,
    "lon": 13.5820737,
    "parity": "L",
    "proj_lat": 52.459045790771036,
    "proj_lon": 13.582105781174677,
    "marker-color": "#3366ff",
    "marker-symbol": "e"
  },
  {
    "rowid": 146545,
    "id": 17268,
    "source": "OA",
    "source_id": "dd5a675f4182b6e6",
    "housenumber": 8.12,
    "lat": 52.4596687,
    "lon": 13.5820737,
    "parity": "L",
    "proj_lat": 52.459045790771036,
    "proj_lon": 13.582105781174677,
    "marker-color": "#3366ff",
    "marker-symbol": "e"
  },
  {
    "rowid": 126530,
    "id": 17268,
    "source": "OA",
    "source_id": "d7b9ec90a9d4b092",
    "housenumber": 9,
    "lat": 52.4592576,
    "lon": 13.5829316,
    "parity": "L",
    "proj_lat": 52.45905629724691,
    "proj_lon": 13.582929999046684,
    "marker-color": "#3366ff",
    "marker-symbol": "o"
  },
  {
    "rowid": 126530,
    "id": 17268,
    "source": "OA",
    "source_id": "d7b9ec90a9d4b092",
    "housenumber": 9,
    "lat": 52.4592576,
    "lon": 13.5829316,
    "parity": "L",
    "proj_lat": 52.45905629724691,
    "proj_lon": 13.582929999046684,
    "marker-color": "#3366ff",
    "marker-symbol": "o"
  },
  {
    "rowid": 126531,
    "id": 17268,
    "source": "OA",
    "source_id": "0e91f7df55b2dde5",
    "housenumber": 9.03,
    "lat": 52.4594937,
    "lon": 13.5829411,
    "parity": "L",
    "proj_lat": 52.45905627474074,
    "proj_lon": 13.582937621135853,
    "marker-color": "#3366ff",
    "marker-symbol": "o"
  },
  {
    "rowid": 126531,
    "id": 17268,
    "source": "OA",
    "source_id": "0e91f7df55b2dde5",
    "housenumber": 9.03,
    "lat": 52.4594937,
    "lon": 13.5829411,
    "parity": "L",
    "proj_lat": 52.45905627474074,
    "proj_lon": 13.582937621135853,
    "marker-color": "#3366ff",
    "marker-symbol": "o"
  },
  {
    "rowid": 126532,
    "id": 17268,
    "source": "OA",
    "source_id": "d9e0621e86155be1",
    "housenumber": 9.06,
    "lat": 52.4596585,
    "lon": 13.5829263,
    "parity": "L",
    "proj_lat": 52.45905632231059,
    "proj_lon": 13.582921510815993,
    "marker-color": "#3366ff",
    "marker-symbol": "o"
  },
  {
    "rowid": 126532,
    "id": 17268,
    "source": "OA",
    "source_id": "d9e0621e86155be1",
    "housenumber": 9.06,
    "lat": 52.4596585,
    "lon": 13.5829263,
    "parity": "L",
    "proj_lat": 52.45905632231059,
    "proj_lon": 13.582921510815993,
    "marker-color": "#3366ff",
    "marker-symbol": "o"
  },
  {
    "rowid": 126533,
    "id": 17268,
    "source": "OA",
    "source_id": "7f85619e0553a833",
    "housenumber": 9.09,
    "lat": 52.4596779,
    "lon": 13.5831856,
    "parity": "L",
    "proj_lat": 52.45905555713454,
    "proj_lon": 13.583180650435814,
    "marker-color": "#3366ff",
    "marker-symbol": "o"
  },
  {
    "rowid": 126533,
    "id": 17268,
    "source": "OA",
    "source_id": "7f85619e0553a833",
    "housenumber": 9.09,
    "lat": 52.4596779,
    "lon": 13.5831856,
    "parity": "L",
    "proj_lat": 52.45905555713454,
    "proj_lon": 13.583180650435814,
    "marker-color": "#3366ff",
    "marker-symbol": "o"
  },
  {
    "rowid": 126534,
    "id": 17268,
    "source": "OA",
    "source_id": "f9a3859443ed5551",
    "housenumber": 9.12,
    "lat": 52.459683,
    "lon": 13.5834065,
    "parity": "L",
    "proj_lat": 52.45905490500584,
    "proj_lon": 13.583401504687318,
    "marker-color": "#3366ff",
    "marker-symbol": "o"
  },
  {
    "rowid": 126534,
    "id": 17268,
    "source": "OA",
    "source_id": "f9a3859443ed5551",
    "housenumber": 9.12,
    "lat": 52.459683,
    "lon": 13.5834065,
    "parity": "L",
    "proj_lat": 52.45905490500584,
    "proj_lon": 13.583401504687318,
    "marker-color": "#3366ff",
    "marker-symbol": "o"
  },
  {
    "rowid": 126535,
    "id": 17268,
    "source": "OA",
    "source_id": "8d82b520fd82b312",
    "housenumber": 9.15,
    "lat": 52.4598175,
    "lon": 13.5829169,
    "parity": "L",
    "proj_lat": 52.45905635379977,
    "proj_lon": 13.582910846478587,
    "marker-color": "#3366ff",
    "marker-symbol": "o"
  },
  {
    "rowid": 126535,
    "id": 17268,
    "source": "OA",
    "source_id": "8d82b520fd82b312",
    "housenumber": 9.15,
    "lat": 52.4598175,
    "lon": 13.5829169,
    "parity": "L",
    "proj_lat": 52.45905635379977,
    "proj_lon": 13.582910846478587,
    "marker-color": "#3366ff",
    "marker-symbol": "o"
  },
  {
    "rowid": 126536,
    "id": 17268,
    "source": "OA",
    "source_id": "bc4ce2a2d5654b32",
    "housenumber": 10,
    "lat": 52.4591901,
    "lon": 13.5832709,
    "parity": "L",
    "proj_lat": 52.459055293815275,
    "proj_lon": 13.583269827894709,
    "marker-color": "#3366ff",
    "marker-symbol": "e"
  },
  {
    "rowid": 126536,
    "id": 17268,
    "source": "OA",
    "source_id": "bc4ce2a2d5654b32",
    "housenumber": 10,
    "lat": 52.4591901,
    "lon": 13.5832709,
    "parity": "L",
    "proj_lat": 52.459055293815275,
    "proj_lon": 13.583269827894709,
    "marker-color": "#3366ff",
    "marker-symbol": "e"
  },
  {
    "rowid": 126537,
    "id": 17268,
    "source": "OA",
    "source_id": "70d6a2e125fce7a1",
    "housenumber": 11,
    "lat": 52.4591957,
    "lon": 13.5835072,
    "parity": "L",
    "proj_lat": 52.45905459622694,
    "proj_lon": 13.583506077810089,
    "marker-color": "#3366ff",
    "marker-symbol": "o"
  },
  {
    "rowid": 126537,
    "id": 17268,
    "source": "OA",
    "source_id": "70d6a2e125fce7a1",
    "housenumber": 11,
    "lat": 52.4591957,
    "lon": 13.5835072,
    "parity": "L",
    "proj_lat": 52.45905459622694,
    "proj_lon": 13.583506077810089,
    "marker-color": "#3366ff",
    "marker-symbol": "o"
  },
  {
    "rowid": 126538,
    "id": 17268,
    "source": "OA",
    "source_id": "99b8c982bc8f212d",
    "housenumber": 12,
    "lat": 52.4591913,
    "lon": 13.5840483,
    "parity": "L",
    "proj_lat": 52.45906678365902,
    "proj_lon": 13.584060463741448,
    "marker-color": "#3366ff",
    "marker-symbol": "e"
  },
  {
    "rowid": 126538,
    "id": 17268,
    "source": "OA",
    "source_id": "99b8c982bc8f212d",
    "housenumber": 12,
    "lat": 52.4591913,
    "lon": 13.5840483,
    "parity": "L",
    "proj_lat": 52.45906678365902,
    "proj_lon": 13.584060463741448,
    "marker-color": "#3366ff",
    "marker-symbol": "e"
  },
  {
    "rowid": 169197,
    "id": 17268,
    "source": "OA",
    "source_id": "4d5a3f1c2581b1c1",
    "housenumber": 13,
    "lat": 52.4592586,
    "lon": 13.5845695,
    "parity": "L",
    "proj_lat": 52.45910722207711,
    "proj_lon": 13.584581283868028,
    "marker-color": "#3366ff",
    "marker-symbol": "o"
  },
  {
    "rowid": 169197,
    "id": 17268,
    "source": "OA",
    "source_id": "4d5a3f1c2581b1c1",
    "housenumber": 13,
    "lat": 52.4592586,
    "lon": 13.5845695,
    "parity": "L",
    "proj_lat": 52.45910722207711,
    "proj_lon": 13.584581283868028,
    "marker-color": "#3366ff",
    "marker-symbol": "o"
  },
  {
    "rowid": 169198,
    "id": 17268,
    "source": "OA",
    "source_id": "d1f52a63dce4b5f6",
    "housenumber": 13.03,
    "lat": 52.4592167,
    "lon": 13.5846287,
    "parity": "L",
    "proj_lat": 52.45910883516237,
    "proj_lon": 13.584637096618,
    "marker-color": "#3366ff",
    "marker-symbol": "o"
  },
  {
    "rowid": 169198,
    "id": 17268,
    "source": "OA",
    "source_id": "d1f52a63dce4b5f6",
    "housenumber": 13.03,
    "lat": 52.4592167,
    "lon": 13.5846287,
    "parity": "L",
    "proj_lat": 52.45910883516237,
    "proj_lon": 13.584637096618,
    "marker-color": "#3366ff",
    "marker-symbol": "o"
  },
  {
    "rowid": 169199,
    "id": 17268,
    "source": "OA",
    "source_id": "ad6f904163271931",
    "housenumber": 13.06,
    "lat": 52.4592655,
    "lon": 13.5846718,
    "parity": "L",
    "proj_lat": 52.45911018757656,
    "proj_lon": 13.584683890149208,
    "marker-color": "#3366ff",
    "marker-symbol": "o"
  },
  {
    "rowid": 169199,
    "id": 17268,
    "source": "OA",
    "source_id": "ad6f904163271931",
    "housenumber": 13.06,
    "lat": 52.4592655,
    "lon": 13.5846718,
    "parity": "L",
    "proj_lat": 52.45911018757656,
    "proj_lon": 13.584683890149208,
    "marker-color": "#3366ff",
    "marker-symbol": "o"
  },
  {
    "rowid": 176455,
    "id": 17268,
    "source": "OA",
    "source_id": "2ddec0b373c4f176",
    "housenumber": 14,
    "lat": 52.4594925,
    "lon": 13.5850798,
    "parity": "L",
    "proj_lat": 52.4591237584943,
    "proj_lon": 13.585122364866978,
    "marker-color": "#3366ff",
    "marker-symbol": "e"
  },
  {
    "rowid": 176455,
    "id": 17268,
    "source": "OA",
    "source_id": "2ddec0b373c4f176",
    "housenumber": 14,
    "lat": 52.4594925,
    "lon": 13.5850798,
    "parity": "L",
    "proj_lat": 52.4591237584943,
    "proj_lon": 13.585122364866978,
    "marker-color": "#3366ff",
    "marker-symbol": "e"
  },
  {
    "rowid": 144762,
    "id": 17268,
    "source": "OA",
    "source_id": "097369f4c9fb2bbc",
    "housenumber": 15,
    "lat": 52.4592458,
    "lon": 13.5853062,
    "parity": "L",
    "proj_lat": 52.45913219913371,
    "proj_lon": 13.585319313119898,
    "marker-color": "#3366ff",
    "marker-symbol": "o"
  },
  {
    "rowid": 144762,
    "id": 17268,
    "source": "OA",
    "source_id": "097369f4c9fb2bbc",
    "housenumber": 15,
    "lat": 52.4592458,
    "lon": 13.5853062,
    "parity": "L",
    "proj_lat": 52.45913219913371,
    "proj_lon": 13.585319313119898,
    "marker-color": "#3366ff",
    "marker-symbol": "o"
  },
  {
    "rowid": 126539,
    "id": 17268,
    "source": "OA",
    "source_id": "af37d3e2c92cd390",
    "housenumber": 15.03,
    "lat": 52.4592657,
    "lon": 13.5861003,
    "parity": "L",
    "proj_lat": 52.459161734422324,
    "proj_lon": 13.586108772657955,
    "marker-color": "#3366ff",
    "marker-symbol": "o"
  },
  {
    "rowid": 126539,
    "id": 17268,
    "source": "OA",
    "source_id": "af37d3e2c92cd390",
    "housenumber": 15.03,
    "lat": 52.4592657,
    "lon": 13.5861003,
    "parity": "L",
    "proj_lat": 52.459161734422324,
    "proj_lon": 13.586108772657955,
    "marker-color": "#3366ff",
    "marker-symbol": "o"
  },
  {
    "rowid": 126540,
    "id": 17269,
    "source": "OA",
    "source_id": "5f49a9d3a25a35cc",
    "housenumber": 16,
    "lat": 52.4594795,
    "lon": 13.5869209,
    "parity": "R",
    "proj_lat": 52.45943035616118,
    "proj_lon": 13.586949955845352,
    "marker-color": "#ff0000",
    "marker-symbol": "e"
  },
  {
    "rowid": 126540,
    "id": 17269,
    "source": "OA",
    "source_id": "5f49a9d3a25a35cc",
    "housenumber": 16,
    "lat": 52.4594795,
    "lon": 13.5869209,
    "parity": "R",
    "proj_lat": 52.45943035616118,
    "proj_lon": 13.586949955845352,
    "marker-color": "#ff0000",
    "marker-symbol": "e"
  },
  {
    "rowid": 126541,
    "id": 17269,
    "source": "OA",
    "source_id": "dfdcdfaf1089d9d6",
    "housenumber": 17,
    "lat": 52.4594967,
    "lon": 13.5869848,
    "parity": "R",
    "proj_lat": 52.45944474751471,
    "proj_lon": 13.587015516455894,
    "marker-color": "#ff0000",
    "marker-symbol": "o"
  },
  {
    "rowid": 126541,
    "id": 17269,
    "source": "OA",
    "source_id": "dfdcdfaf1089d9d6",
    "housenumber": 17,
    "lat": 52.4594967,
    "lon": 13.5869848,
    "parity": "R",
    "proj_lat": 52.45944474751471,
    "proj_lon": 13.587015516455894,
    "marker-color": "#ff0000",
    "marker-symbol": "o"
  },
  {
    "rowid": 126542,
    "id": 17269,
    "source": "OA",
    "source_id": "b5ed8c1733057542",
    "housenumber": 18,
    "lat": 52.4595131,
    "lon": 13.5870448,
    "parity": "R",
    "proj_lat": 52.4594582892152,
    "proj_lon": 13.587077206424803,
    "marker-color": "#ff0000",
    "marker-symbol": "e"
  },
  {
    "rowid": 126542,
    "id": 17269,
    "source": "OA",
    "source_id": "b5ed8c1733057542",
    "housenumber": 18,
    "lat": 52.4595131,
    "lon": 13.5870448,
    "parity": "R",
    "proj_lat": 52.4594582892152,
    "proj_lon": 13.587077206424803,
    "marker-color": "#ff0000",
    "marker-symbol": "e"
  },
  {
    "rowid": 126543,
    "id": 17269,
    "source": "OA",
    "source_id": "9a0c59c4309729c3",
    "housenumber": 19,
    "lat": 52.4595291,
    "lon": 13.5871089,
    "parity": "R",
    "proj_lat": 52.45947258157761,
    "proj_lon": 13.587142316075745,
    "marker-color": "#ff0000",
    "marker-symbol": "o"
  },
  {
    "rowid": 126543,
    "id": 17269,
    "source": "OA",
    "source_id": "9a0c59c4309729c3",
    "housenumber": 19,
    "lat": 52.4595291,
    "lon": 13.5871089,
    "parity": "R",
    "proj_lat": 52.45947258157761,
    "proj_lon": 13.587142316075745,
    "marker-color": "#ff0000",
    "marker-symbol": "o"
  },
  {
    "rowid": 126544,
    "id": 17269,
    "source": "OA",
    "source_id": "8dbbe5860628b3bf",
    "housenumber": 20,
    "lat": 52.4595787,
    "lon": 13.5873147,
    "parity": "R",
    "proj_lat": 52.459518265458094,
    "proj_lon": 13.587350431531322,
    "marker-color": "#ff0000",
    "marker-symbol": "e"
  },
  {
    "rowid": 126544,
    "id": 17269,
    "source": "OA",
    "source_id": "8dbbe5860628b3bf",
    "housenumber": 20,
    "lat": 52.4595787,
    "lon": 13.5873147,
    "parity": "R",
    "proj_lat": 52.459518265458094,
    "proj_lon": 13.587350431531322,
    "marker-color": "#ff0000",
    "marker-symbol": "e"
  },
  {
    "rowid": 126545,
    "id": 17269,
    "source": "OA",
    "source_id": "bbbe5f2a071f73b3",
    "housenumber": 21,
    "lat": 52.4595946,
    "lon": 13.5873775,
    "parity": "R",
    "proj_lat": 52.45953229374976,
    "proj_lon": 13.587414338193355,
    "marker-color": "#ff0000",
    "marker-symbol": "o"
  },
  {
    "rowid": 126545,
    "id": 17269,
    "source": "OA",
    "source_id": "bbbe5f2a071f73b3",
    "housenumber": 21,
    "lat": 52.4595946,
    "lon": 13.5873775,
    "parity": "R",
    "proj_lat": 52.45953229374976,
    "proj_lon": 13.587414338193355,
    "marker-color": "#ff0000",
    "marker-symbol": "o"
  },
  {
    "rowid": 126546,
    "id": 17269,
    "source": "OA",
    "source_id": "fe6c1660f376b884",
    "housenumber": 22,
    "lat": 52.4596077,
    "lon": 13.5874389,
    "parity": "R",
    "proj_lat": 52.45954572837403,
    "proj_lon": 13.587475540370582,
    "marker-color": "#ff0000",
    "marker-symbol": "e"
  },
  {
    "rowid": 126546,
    "id": 17269,
    "source": "OA",
    "source_id": "fe6c1660f376b884",
    "housenumber": 22,
    "lat": 52.4596077,
    "lon": 13.5874389,
    "parity": "R",
    "proj_lat": 52.45954572837403,
    "proj_lon": 13.587475540370582,
    "marker-color": "#ff0000",
    "marker-symbol": "e"
  },
  {
    "rowid": 126547,
    "id": 17269,
    "source": "OA",
    "source_id": "e782b069c4326f59",
    "housenumber": 23,
    "lat": 52.4596227,
    "lon": 13.5875026,
    "parity": "R",
    "proj_lat": 52.45955982814318,
    "proj_lon": 13.587539772652267,
    "marker-color": "#ff0000",
    "marker-symbol": "o"
  },
  {
    "rowid": 126547,
    "id": 17269,
    "source": "OA",
    "source_id": "e782b069c4326f59",
    "housenumber": 23,
    "lat": 52.4596227,
    "lon": 13.5875026,
    "parity": "R",
    "proj_lat": 52.45955982814318,
    "proj_lon": 13.587539772652267,
    "marker-color": "#ff0000",
    "marker-symbol": "o"
  },
  {
    "rowid": 126548,
    "id": 17269,
    "source": "OA",
    "source_id": "1498ec7127d36073",
    "housenumber": 24,
    "lat": 52.4597025,
    "lon": 13.5878799,
    "parity": "R",
    "proj_lat": 52.459632492968375,
    "proj_lon": 13.587913078849983,
    "marker-color": "#ff0000",
    "marker-symbol": "e"
  },
  {
    "rowid": 126548,
    "id": 17269,
    "source": "OA",
    "source_id": "1498ec7127d36073",
    "housenumber": 24,
    "lat": 52.4597025,
    "lon": 13.5878799,
    "parity": "R",
    "proj_lat": 52.459632492968375,
    "proj_lon": 13.587913078849983,
    "marker-color": "#ff0000",
    "marker-symbol": "e"
  },
  {
    "rowid": 126549,
    "id": 17269,
    "source": "OA",
    "source_id": "c7c8414e3ec441f1",
    "housenumber": 25,
    "lat": 52.4597179,
    "lon": 13.5879754,
    "parity": "R",
    "proj_lat": 52.459649188907235,
    "proj_lon": 13.588007964680731,
    "marker-color": "#ff0000",
    "marker-symbol": "o"
  },
  {
    "rowid": 126549,
    "id": 17269,
    "source": "OA",
    "source_id": "c7c8414e3ec441f1",
    "housenumber": 25,
    "lat": 52.4597179,
    "lon": 13.5879754,
    "parity": "R",
    "proj_lat": 52.459649188907235,
    "proj_lon": 13.588007964680731,
    "marker-color": "#ff0000",
    "marker-symbol": "o"
  },
  {
    "rowid": 126550,
    "id": 17269,
    "source": "OA",
    "source_id": "1e544645b533dcc0",
    "housenumber": 26,
    "lat": 52.4597313,
    "lon": 13.5880578,
    "parity": "R",
    "proj_lat": 52.459663603274294,
    "proj_lon": 13.588089883954895,
    "marker-color": "#ff0000",
    "marker-symbol": "e"
  },
  {
    "rowid": 126550,
    "id": 17269,
    "source": "OA",
    "source_id": "1e544645b533dcc0",
    "housenumber": 26,
    "lat": 52.4597313,
    "lon": 13.5880578,
    "parity": "R",
    "proj_lat": 52.459663603274294,
    "proj_lon": 13.588089883954895,
    "marker-color": "#ff0000",
    "marker-symbol": "e"
  },
  {
    "rowid": 126551,
    "id": 17269,
    "source": "OA",
    "source_id": "f1fff10fc4259e76",
    "housenumber": 27,
    "lat": 52.4597465,
    "lon": 13.5881483,
    "parity": "R",
    "proj_lat": 52.45967947174813,
    "proj_lon": 13.588180067162625,
    "marker-color": "#ff0000",
    "marker-symbol": "o"
  },
  {
    "rowid": 126551,
    "id": 17269,
    "source": "OA",
    "source_id": "f1fff10fc4259e76",
    "housenumber": 27,
    "lat": 52.4597465,
    "lon": 13.5881483,
    "parity": "R",
    "proj_lat": 52.45967947174813,
    "proj_lon": 13.588180067162625,
    "marker-color": "#ff0000",
    "marker-symbol": "o"
  },
  {
    "rowid": 126552,
    "id": 17269,
    "source": "OA",
    "source_id": "f323dbd964a01e64",
    "housenumber": 28,
    "lat": 52.4596606,
    "lon": 13.5883892,
    "parity": "R",
    "proj_lat": 52.45964315911543,
    "proj_lon": 13.588302695049897,
    "marker-color": "#ff0000",
    "marker-symbol": "e"
  },
  {
    "rowid": 126552,
    "id": 17269,
    "source": "OA",
    "source_id": "f323dbd964a01e64",
    "housenumber": 28,
    "lat": 52.4596606,
    "lon": 13.5883892,
    "parity": "R",
    "proj_lat": 52.45964315911543,
    "proj_lon": 13.588302695049897,
    "marker-color": "#ff0000",
    "marker-symbol": "e"
  },
  {
    "rowid": 126553,
    "id": 17269,
    "source": "OA",
    "source_id": "a953b3fae5dfdb8c",
    "housenumber": 29,
    "lat": 52.4596767,
    "lon": 13.5884553,
    "parity": "R",
    "proj_lat": 52.4596456585819,
    "proj_lon": 13.588301337723736,
    "marker-color": "#ff0000",
    "marker-symbol": "o"
  },
  {
    "rowid": 126553,
    "id": 17269,
    "source": "OA",
    "source_id": "a953b3fae5dfdb8c",
    "housenumber": 29,
    "lat": 52.4596767,
    "lon": 13.5884553,
    "parity": "R",
    "proj_lat": 52.4596456585819,
    "proj_lon": 13.588301337723736,
    "marker-color": "#ff0000",
    "marker-symbol": "o"
  },
  {
    "rowid": 126554,
    "id": 17268,
    "source": "OA",
    "source_id": "862c417f4395573d",
    "housenumber": 30,
    "lat": 52.4597825,
    "lon": 13.5888263,
    "parity": "L",
    "proj_lat": 52.45967237623255,
    "proj_lon": 13.588896235559726,
    "marker-color": "#3366ff",
    "marker-symbol": "e"
  },
  {
    "rowid": 126554,
    "id": 17268,
    "source": "OA",
    "source_id": "862c417f4395573d",
    "housenumber": 30,
    "lat": 52.4597825,
    "lon": 13.5888263,
    "parity": "L",
    "proj_lat": 52.45967237623255,
    "proj_lon": 13.588896235559726,
    "marker-color": "#3366ff",
    "marker-symbol": "e"
  },
  {
    "rowid": 126555,
    "id": 17268,
    "source": "OA",
    "source_id": "e428c7bb0da5f046",
    "housenumber": 31,
    "lat": 52.4598032,
    "lon": 13.5889136,
    "parity": "L",
    "proj_lat": 52.459692974928714,
    "proj_lon": 13.588983599959892,
    "marker-color": "#3366ff",
    "marker-symbol": "o"
  },
  {
    "rowid": 126555,
    "id": 17268,
    "source": "OA",
    "source_id": "e428c7bb0da5f046",
    "housenumber": 31,
    "lat": 52.4598032,
    "lon": 13.5889136,
    "parity": "L",
    "proj_lat": 52.459692974928714,
    "proj_lon": 13.588983599959892,
    "marker-color": "#3366ff",
    "marker-symbol": "o"
  },
  {
    "rowid": 126556,
    "id": 17268,
    "source": "OA",
    "source_id": "2f762ec0e33abaee",
    "housenumber": 32,
    "lat": 52.4598742,
    "lon": 13.589216,
    "parity": "L",
    "proj_lat": 52.45976423554613,
    "proj_lon": 13.589285834676417,
    "marker-color": "#3366ff",
    "marker-symbol": "e"
  },
  {
    "rowid": 126556,
    "id": 17268,
    "source": "OA",
    "source_id": "2f762ec0e33abaee",
    "housenumber": 32,
    "lat": 52.4598742,
    "lon": 13.589216,
    "parity": "L",
    "proj_lat": 52.45976423554613,
    "proj_lon": 13.589285834676417,
    "marker-color": "#3366ff",
    "marker-symbol": "e"
  },
  {
    "rowid": 126557,
    "id": 17268,
    "source": "OA",
    "source_id": "1b872ca06f14e769",
    "housenumber": 33,
    "lat": 52.4598946,
    "lon": 13.5893028,
    "parity": "L",
    "proj_lat": 52.45978469263551,
    "proj_lon": 13.589372598485577,
    "marker-color": "#3366ff",
    "marker-symbol": "o"
  },
  {
    "rowid": 126557,
    "id": 17268,
    "source": "OA",
    "source_id": "1b872ca06f14e769",
    "housenumber": 33,
    "lat": 52.4598946,
    "lon": 13.5893028,
    "parity": "L",
    "proj_lat": 52.45978469263551,
    "proj_lon": 13.589372598485577,
    "marker-color": "#3366ff",
    "marker-symbol": "o"
  },
  {
    "rowid": 126558,
    "id": 17268,
    "source": "OA",
    "source_id": "b3603015a8dc2907",
    "housenumber": 34,
    "lat": 52.4599789,
    "lon": 13.5896638,
    "parity": "L",
    "proj_lat": 52.459870108661825,
    "proj_lon": 13.589733475680566,
    "marker-color": "#3366ff",
    "marker-symbol": "e"
  },
  {
    "rowid": 126558,
    "id": 17268,
    "source": "OA",
    "source_id": "b3603015a8dc2907",
    "housenumber": 34,
    "lat": 52.4599789,
    "lon": 13.5896638,
    "parity": "L",
    "proj_lat": 52.459870108661825,
    "proj_lon": 13.589733475680566,
    "marker-color": "#3366ff",
    "marker-symbol": "e"
  },
  {
    "rowid": 126559,
    "id": 17268,
    "source": "OA",
    "source_id": "a9c0e0a916c802a2",
    "housenumber": 35,
    "lat": 52.4600002,
    "lon": 13.5897549,
    "parity": "L",
    "proj_lat": 52.45989172244828,
    "proj_lon": 13.589824374782479,
    "marker-color": "#3366ff",
    "marker-symbol": "o"
  },
  {
    "rowid": 126559,
    "id": 17268,
    "source": "OA",
    "source_id": "a9c0e0a916c802a2",
    "housenumber": 35,
    "lat": 52.4600002,
    "lon": 13.5897549,
    "parity": "L",
    "proj_lat": 52.45989172244828,
    "proj_lon": 13.589824374782479,
    "marker-color": "#3366ff",
    "marker-symbol": "o"
  },
  {
    "rowid": 126560,
    "id": 17268,
    "source": "OA",
    "source_id": "e56214acfcaff28c",
    "housenumber": 36,
    "lat": 52.4600709,
    "lon": 13.5900562,
    "parity": "L",
    "proj_lat": 52.459963240385406,
    "proj_lon": 13.590125151153563,
    "marker-color": "#3366ff",
    "marker-symbol": "e"
  },
  {
    "rowid": 126560,
    "id": 17268,
    "source": "OA",
    "source_id": "e56214acfcaff28c",
    "housenumber": 36,
    "lat": 52.4600709,
    "lon": 13.5900562,
    "parity": "L",
    "proj_lat": 52.459963240385406,
    "proj_lon": 13.590125151153563,
    "marker-color": "#3366ff",
    "marker-symbol": "e"
  },
  {
    "rowid": 126561,
    "id": 17268,
    "source": "OA",
    "source_id": "5ee96c5b1b905618",
    "housenumber": 37,
    "lat": 52.4600893,
    "lon": 13.590145,
    "parity": "L",
    "proj_lat": 52.45998399629364,
    "proj_lon": 13.5902124423564,
    "marker-color": "#3366ff",
    "marker-symbol": "o"
  },
  {
    "rowid": 126561,
    "id": 17268,
    "source": "OA",
    "source_id": "5ee96c5b1b905618",
    "housenumber": 37,
    "lat": 52.4600893,
    "lon": 13.590145,
    "parity": "L",
    "proj_lat": 52.45998399629364,
    "proj_lon": 13.5902124423564,
    "marker-color": "#3366ff",
    "marker-symbol": "o"
  },
  {
    "rowid": 126562,
    "id": 17268,
    "source": "OA",
    "source_id": "ebb36dff61268eb7",
    "housenumber": 38,
    "lat": 52.4601658,
    "lon": 13.5905414,
    "parity": "L",
    "proj_lat": 52.460075904930655,
    "proj_lon": 13.590598974007436,
    "marker-color": "#3366ff",
    "marker-symbol": "e"
  },
  {
    "rowid": 126562,
    "id": 17268,
    "source": "OA",
    "source_id": "ebb36dff61268eb7",
    "housenumber": 38,
    "lat": 52.4601658,
    "lon": 13.5905414,
    "parity": "L",
    "proj_lat": 52.460075904930655,
    "proj_lon": 13.590598974007436,
    "marker-color": "#3366ff",
    "marker-symbol": "e"
  },
  {
    "rowid": 126563,
    "id": 17268,
    "source": "OA",
    "source_id": "34f4c8d4d4f01875",
    "housenumber": 39,
    "lat": 52.4601811,
    "lon": 13.590606,
    "parity": "L",
    "proj_lat": 52.46009125739499,
    "proj_lon": 13.590663540446231,
    "marker-color": "#3366ff",
    "marker-symbol": "o"
  },
  {
    "rowid": 126563,
    "id": 17268,
    "source": "OA",
    "source_id": "34f4c8d4d4f01875",
    "housenumber": 39,
    "lat": 52.4601811,
    "lon": 13.590606,
    "parity": "L",
    "proj_lat": 52.46009125739499,
    "proj_lon": 13.590663540446231,
    "marker-color": "#3366ff",
    "marker-symbol": "o"
  },
  {
    "rowid": 126564,
    "id": 17268,
    "source": "OA",
    "source_id": "2bedee6ce70cf96e",
    "housenumber": 40,
    "lat": 52.4599729,
    "lon": 13.590741,
    "parity": "R",
    "proj_lat": 52.46009159938195,
    "proj_lon": 13.59066497870911,
    "marker-color": "#ff0000",
    "marker-symbol": "e"
  },
  {
    "rowid": 126564,
    "id": 17268,
    "source": "OA",
    "source_id": "2bedee6ce70cf96e",
    "housenumber": 40,
    "lat": 52.4599729,
    "lon": 13.590741,
    "parity": "R",
    "proj_lat": 52.46009159938195,
    "proj_lon": 13.59066497870911,
    "marker-color": "#ff0000",
    "marker-symbol": "e"
  },
  {
    "rowid": 126565,
    "id": 17268,
    "source": "OA",
    "source_id": "6fc4224818d158d6",
    "housenumber": 41,
    "lat": 52.4599549,
    "lon": 13.5906765,
    "parity": "R",
    "proj_lat": 52.46007591074385,
    "proj_lon": 13.590598998455457,
    "marker-color": "#ff0000",
    "marker-symbol": "o"
  },
  {
    "rowid": 126565,
    "id": 17268,
    "source": "OA",
    "source_id": "6fc4224818d158d6",
    "housenumber": 41,
    "lat": 52.4599549,
    "lon": 13.5906765,
    "parity": "R",
    "proj_lat": 52.46007591074385,
    "proj_lon": 13.590598998455457,
    "marker-color": "#ff0000",
    "marker-symbol": "o"
  },
  {
    "rowid": 126566,
    "id": 17268,
    "source": "OA",
    "source_id": "121eb501975e8e50",
    "housenumber": 42,
    "lat": 52.4598553,
    "lon": 13.5902996,
    "parity": "R",
    "proj_lat": 52.459984973221616,
    "proj_lon": 13.590216550932027,
    "marker-color": "#ff0000",
    "marker-symbol": "e"
  },
  {
    "rowid": 126566,
    "id": 17268,
    "source": "OA",
    "source_id": "121eb501975e8e50",
    "housenumber": 42,
    "lat": 52.4598553,
    "lon": 13.5902996,
    "parity": "R",
    "proj_lat": 52.459984973221616,
    "proj_lon": 13.590216550932027,
    "marker-color": "#ff0000",
    "marker-symbol": "e"
  },
  {
    "rowid": 126567,
    "id": 17268,
    "source": "OA",
    "source_id": "efbf8a5bf6aafbb9",
    "housenumber": 43,
    "lat": 52.4598323,
    "lon": 13.5902028,
    "parity": "R",
    "proj_lat": 52.459961958582646,
    "proj_lon": 13.590119760394298,
    "marker-color": "#ff0000",
    "marker-symbol": "o"
  },
  {
    "rowid": 126567,
    "id": 17268,
    "source": "OA",
    "source_id": "efbf8a5bf6aafbb9",
    "housenumber": 43,
    "lat": 52.4598323,
    "lon": 13.5902028,
    "parity": "R",
    "proj_lat": 52.459961958582646,
    "proj_lon": 13.590119760394298,
    "marker-color": "#ff0000",
    "marker-symbol": "o"
  },
  {
    "rowid": 126568,
    "id": 17268,
    "source": "OA",
    "source_id": "3b06e32458dc6e01",
    "housenumber": 44,
    "lat": 52.4597615,
    "lon": 13.5899074,
    "parity": "R",
    "proj_lat": 52.45989164501482,
    "proj_lon": 13.589824049127749,
    "marker-color": "#ff0000",
    "marker-symbol": "e"
  },
  {
    "rowid": 126568,
    "id": 17268,
    "source": "OA",
    "source_id": "3b06e32458dc6e01",
    "housenumber": 44,
    "lat": 52.4597615,
    "lon": 13.5899074,
    "parity": "R",
    "proj_lat": 52.45989164501482,
    "proj_lon": 13.589824049127749,
    "marker-color": "#ff0000",
    "marker-symbol": "e"
  },
  {
    "rowid": 126569,
    "id": 17268,
    "source": "OA",
    "source_id": "8d4272f2a3547e70",
    "housenumber": 45,
    "lat": 52.4597404,
    "lon": 13.5898043,
    "parity": "R",
    "proj_lat": 52.4598675814479,
    "proj_lon": 13.589722847210812,
    "marker-color": "#ff0000",
    "marker-symbol": "o"
  },
  {
    "rowid": 126569,
    "id": 17268,
    "source": "OA",
    "source_id": "8d4272f2a3547e70",
    "housenumber": 45,
    "lat": 52.4597404,
    "lon": 13.5898043,
    "parity": "R",
    "proj_lat": 52.4598675814479,
    "proj_lon": 13.589722847210812,
    "marker-color": "#ff0000",
    "marker-symbol": "o"
  },
  {
    "rowid": 126570,
    "id": 17268,
    "source": "OA",
    "source_id": "26dbadfbb2cd997a",
    "housenumber": 46,
    "lat": 52.4596585,
    "lon": 13.5894645,
    "parity": "R",
    "proj_lat": 52.45978710463103,
    "proj_lon": 13.589382828382673,
    "marker-color": "#ff0000",
    "marker-symbol": "e"
  },
  {
    "rowid": 126570,
    "id": 17268,
    "source": "OA",
    "source_id": "26dbadfbb2cd997a",
    "housenumber": 46,
    "lat": 52.4596585,
    "lon": 13.5894645,
    "parity": "R",
    "proj_lat": 52.45978710463103,
    "proj_lon": 13.589382828382673,
    "marker-color": "#ff0000",
    "marker-symbol": "e"
  },
  {
    "rowid": 126571,
    "id": 17268,
    "source": "OA",
    "source_id": "ef0504f4a85a85ba",
    "housenumber": 47,
    "lat": 52.4596357,
    "lon": 13.5893672,
    "parity": "R",
    "proj_lat": 52.45976418174813,
    "proj_lon": 13.589285606505157,
    "marker-color": "#ff0000",
    "marker-symbol": "o"
  },
  {
    "rowid": 126571,
    "id": 17268,
    "source": "OA",
    "source_id": "ef0504f4a85a85ba",
    "housenumber": 47,
    "lat": 52.4596357,
    "lon": 13.5893672,
    "parity": "R",
    "proj_lat": 52.45976418174813,
    "proj_lon": 13.589285606505157,
    "marker-color": "#ff0000",
    "marker-symbol": "o"
  },
  {
    "rowid": 126572,
    "id": 17268,
    "source": "OA",
    "source_id": "2d5a72ce83147219",
    "housenumber": 48,
    "lat": 52.4595658,
    "lon": 13.5890689,
    "parity": "R",
    "proj_lat": 52.459693905284624,
    "proj_lon": 13.588987545840022,
    "marker-color": "#ff0000",
    "marker-symbol": "e"
  },
  {
    "rowid": 126572,
    "id": 17268,
    "source": "OA",
    "source_id": "2d5a72ce83147219",
    "housenumber": 48,
    "lat": 52.4595658,
    "lon": 13.5890689,
    "parity": "R",
    "proj_lat": 52.459693905284624,
    "proj_lon": 13.588987545840022,
    "marker-color": "#ff0000",
    "marker-symbol": "e"
  },
  {
    "rowid": 126573,
    "id": 17268,
    "source": "OA",
    "source_id": "0ccdf0800c755456",
    "housenumber": 49,
    "lat": 52.4595426,
    "lon": 13.5889692,
    "parity": "R",
    "proj_lat": 52.45967043813383,
    "proj_lon": 13.588888015581567,
    "marker-color": "#ff0000",
    "marker-symbol": "o"
  },
  {
    "rowid": 126573,
    "id": 17268,
    "source": "OA",
    "source_id": "0ccdf0800c755456",
    "housenumber": 49,
    "lat": 52.4595426,
    "lon": 13.5889692,
    "parity": "R",
    "proj_lat": 52.45967043813383,
    "proj_lon": 13.588888015581567,
    "marker-color": "#ff0000",
    "marker-symbol": "o"
  },
  {
    "rowid": 126574,
    "id": 17268,
    "source": "OA",
    "source_id": "d395c095e2c92f32",
    "housenumber": 50,
    "lat": 52.4594719,
    "lon": 13.5885764,
    "parity": "R",
    "proj_lat": 52.459580678088805,
    "proj_lon": 13.58850732000601,
    "marker-color": "#ff0000",
    "marker-symbol": "e"
  },
  {
    "rowid": 126574,
    "id": 17268,
    "source": "OA",
    "source_id": "d395c095e2c92f32",
    "housenumber": 50,
    "lat": 52.4594719,
    "lon": 13.5885764,
    "parity": "R",
    "proj_lat": 52.459580678088805,
    "proj_lon": 13.58850732000601,
    "marker-color": "#ff0000",
    "marker-symbol": "e"
  },
  {
    "rowid": 126575,
    "id": 17268,
    "source": "OA",
    "source_id": "ed1780f9ae9ff6f1",
    "housenumber": 51,
    "lat": 52.459456,
    "lon": 13.5885101,
    "parity": "R",
    "proj_lat": 52.45956501106482,
    "proj_lon": 13.58844087210359,
    "marker-color": "#ff0000",
    "marker-symbol": "o"
  },
  {
    "rowid": 126575,
    "id": 17268,
    "source": "OA",
    "source_id": "ed1780f9ae9ff6f1",
    "housenumber": 51,
    "lat": 52.459456,
    "lon": 13.5885101,
    "parity": "R",
    "proj_lat": 52.45956501106482,
    "proj_lon": 13.58844087210359,
    "marker-color": "#ff0000",
    "marker-symbol": "o"
  },
  {
    "rowid": 158201,
    "id": 17268,
    "source": "OA",
    "source_id": "297a54c6cccf7235",
    "housenumber": 60,
    "lat": 52.459042,
    "lon": 13.5853776,
    "parity": "R",
    "proj_lat": 52.459134077004194,
    "proj_lon": 13.585366762037234,
    "marker-color": "#ff0000",
    "marker-symbol": "e"
  },
  {
    "rowid": 158201,
    "id": 17268,
    "source": "OA",
    "source_id": "297a54c6cccf7235",
    "housenumber": 60,
    "lat": 52.459042,
    "lon": 13.5853776,
    "parity": "R",
    "proj_lat": 52.459134077004194,
    "proj_lon": 13.585366762037234,
    "marker-color": "#ff0000",
    "marker-symbol": "e"
  }
]
