[
  {
    "rowid": 85183,
    "id": 27894,
    "source": "OA",
    "source_id": "fd593510312d49ec",
    "housenumber": 1,
    "lat": 52.4845698,
    "lon": 13.2904761,
    "parity": "L",
    "proj_lat": 52.48440944169243,
    "proj_lon": 13.290450722170924,
    "marker-color": "#3366ff",
    "marker-symbol": "o"
  },
  {
    "rowid": 85184,
    "id": 27894,
    "source": "OA",
    "source_id": "55f15ac4513c1871",
    "housenumber": 2,
    "lat": 52.4845666,
    "lon": 13.2908342,
    "parity": "L",
    "proj_lat": 52.484388588864725,
    "proj_lon": 13.290806028490987,
    "marker-color": "#3366ff",
    "marker-symbol": "e"
  },
  {
    "rowid": 85185,
    "id": 27894,
    "source": "OA",
    "source_id": "54c58a16f86d5f00",
    "housenumber": 3,
    "lat": 52.4845266,
    "lon": 13.2911918,
    "parity": "L",
    "proj_lat": 52.48436742645426,
    "proj_lon": 13.291166609717289,
    "marker-color": "#3366ff",
    "marker-symbol": "o"
  },
  {
    "rowid": 85186,
    "id": 27894,
    "source": "OA",
    "source_id": "9bbc2881fab6bbb3",
    "housenumber": 4,
    "lat": 52.4844662,
    "lon": 13.2922543,
    "parity": "L",
    "proj_lat": 52.484306930890156,
    "proj_lon": 13.29223151473709,
    "marker-color": "#3366ff",
    "marker-symbol": "e"
  },
  {
    "rowid": 85187,
    "id": 27894,
    "source": "OA",
    "source_id": "6aa626472fd8bd58",
    "housenumber": 6,
    "lat": 52.4836961,
    "lon": 13.2919775,
    "parity": "R",
    "proj_lat": 52.484315704873694,
    "proj_lon": 13.29206613844136,
    "marker-color": "#ff0000",
    "marker-symbol": "e"
  },
  {
    "rowid": 85188,
    "id": 27894,
    "source": "OA",
    "source_id": "86d071318b2943b9",
    "housenumber": 8,
    "lat": 52.4835938,
    "lon": 13.2900632,
    "parity": "R",
    "proj_lat": 52.48442447028597,
    "proj_lon": 13.290194653576977,
    "marker-color": "#ff0000",
    "marker-symbol": "e"
  },
  {
    "rowid": 155175,
    "id": 27894,
    "source": "OA",
    "source_id": "e572acef6bb46f45",
    "housenumber": 15,
    "lat": 52.4840064,
    "lon": 13.2909451,
    "parity": "R",
    "proj_lat": 52.484376984870636,
    "proj_lon": 13.291003746157774,
    "marker-color": "#ff0000",
    "marker-symbol": "o"
  }
]
