[
  {
    "rowid": 254792,
    "id": 107,
    "source": "OA",
    "source_id": "8dfa9caf67275666",
    "housenumber": 14,
    "lat": 52.5119351,
    "lon": 13.3892233,
    "parity": "L",
    "proj_lat": 52.51202212277439,
    "proj_lon": 13.389215402537967,
    "marker-color": "#3366ff",
    "marker-symbol": "e"
  },
  {
    "rowid": 254792,
    "id": 107,
    "source": "OA",
    "source_id": "8dfa9caf67275666",
    "housenumber": 14,
    "lat": 52.5119351,
    "lon": 13.3892233,
    "parity": "L",
    "proj_lat": 52.51202212277439,
    "proj_lon": 13.389215402537967,
    "marker-color": "#3366ff",
    "marker-symbol": "e"
  },
  {
    "rowid": 254793,
    "id": 107,
    "source": "OA",
    "source_id": "dd3ef26ffbaae167",
    "housenumber": 17,
    "lat": 52.5119696,
    "lon": 13.3899629,
    "parity": "L",
    "proj_lat": 52.51205936931779,
    "proj_lon": 13.389950867686874,
    "marker-color": "#3366ff",
    "marker-symbol": "o"
  },
  {
    "rowid": 254793,
    "id": 107,
    "source": "OA",
    "source_id": "dd3ef26ffbaae167",
    "housenumber": 17,
    "lat": 52.5119696,
    "lon": 13.3899629,
    "parity": "L",
    "proj_lat": 52.51205936931779,
    "proj_lon": 13.389950867686874,
    "marker-color": "#3366ff",
    "marker-symbol": "o"
  },
  {
    "rowid": 264745,
    "id": 107,
    "source": "OA",
    "source_id": "f32c36d5b103a5e0",
    "housenumber": 19,
    "lat": 52.5120107,
    "lon": 13.3903723,
    "parity": "R",
    "proj_lat": 52.512133529638504,
    "proj_lon": 13.390348953252275,
    "marker-color": "#ff0000",
    "marker-symbol": "o"
  },
  {
    "rowid": 264745,
    "id": 107,
    "source": "OA",
    "source_id": "f32c36d5b103a5e0",
    "housenumber": 19,
    "lat": 52.5120107,
    "lon": 13.3903723,
    "parity": "R",
    "proj_lat": 52.512133529638504,
    "proj_lon": 13.390348953252275,
    "marker-color": "#ff0000",
    "marker-symbol": "o"
  },
  {
    "rowid": 265114,
    "id": 107,
    "source": "OA",
    "source_id": "fe0847b3a0028061",
    "housenumber": 20,
    "lat": 52.5120332,
    "lon": 13.3907346,
    "parity": "R",
    "proj_lat": 52.51215899629739,
    "proj_lon": 13.390710689342418,
    "marker-color": "#ff0000",
    "marker-symbol": "e"
  },
  {
    "rowid": 265114,
    "id": 107,
    "source": "OA",
    "source_id": "fe0847b3a0028061",
    "housenumber": 20,
    "lat": 52.5120332,
    "lon": 13.3907346,
    "parity": "R",
    "proj_lat": 52.51215899629739,
    "proj_lon": 13.390710689342418,
    "marker-color": "#ff0000",
    "marker-symbol": "e"
  },
  {
    "rowid": 265115,
    "id": 107,
    "source": "OA",
    "source_id": "ab486bb99e7a978c",
    "housenumber": 21,
    "lat": 52.5120332,
    "lon": 13.3907346,
    "parity": "R",
    "proj_lat": 52.51215899629739,
    "proj_lon": 13.390710689342418,
    "marker-color": "#ff0000",
    "marker-symbol": "o"
  },
  {
    "rowid": 265115,
    "id": 107,
    "source": "OA",
    "source_id": "ab486bb99e7a978c",
    "housenumber": 21,
    "lat": 52.5120332,
    "lon": 13.3907346,
    "parity": "R",
    "proj_lat": 52.51215899629739,
    "proj_lon": 13.390710689342418,
    "marker-color": "#ff0000",
    "marker-symbol": "o"
  },
  {
    "rowid": 254794,
    "id": 107,
    "source": "OA",
    "source_id": "76c476a6aea434fa",
    "housenumber": 30,
    "lat": 52.5121588,
    "lon": 13.3928111,
    "parity": "R",
    "proj_lat": 52.512284985703396,
    "proj_lon": 13.392792820501015,
    "marker-color": "#ff0000",
    "marker-symbol": "e"
  },
  {
    "rowid": 254794,
    "id": 107,
    "source": "OA",
    "source_id": "76c476a6aea434fa",
    "housenumber": 30,
    "lat": 52.5121588,
    "lon": 13.3928111,
    "parity": "R",
    "proj_lat": 52.512284985703396,
    "proj_lon": 13.392792820501015,
    "marker-color": "#ff0000",
    "marker-symbol": "e"
  },
  {
    "rowid": 254795,
    "id": 107,
    "source": "OA",
    "source_id": "ce3dc461fcfa558e",
    "housenumber": 32,
    "lat": 52.5122023,
    "lon": 13.3940351,
    "parity": "R",
    "proj_lat": 52.51235829049695,
    "proj_lon": 13.39401177055026,
    "marker-color": "#ff0000",
    "marker-symbol": "e"
  },
  {
    "rowid": 254795,
    "id": 107,
    "source": "OA",
    "source_id": "ce3dc461fcfa558e",
    "housenumber": 32,
    "lat": 52.5122023,
    "lon": 13.3940351,
    "parity": "R",
    "proj_lat": 52.51235829049695,
    "proj_lon": 13.39401177055026,
    "marker-color": "#ff0000",
    "marker-symbol": "e"
  },
  {
    "rowid": 254796,
    "id": 107,
    "source": "OA",
    "source_id": "0127b367a536696a",
    "housenumber": 33,
    "lat": 52.5121534,
    "lon": 13.3942336,
    "parity": "R",
    "proj_lat": 52.51236879396649,
    "proj_lon": 13.394201135399694,
    "marker-color": "#ff0000",
    "marker-symbol": "o"
  },
  {
    "rowid": 254796,
    "id": 107,
    "source": "OA",
    "source_id": "0127b367a536696a",
    "housenumber": 33,
    "lat": 52.5121534,
    "lon": 13.3942336,
    "parity": "R",
    "proj_lat": 52.51236879396649,
    "proj_lon": 13.394201135399694,
    "marker-color": "#ff0000",
    "marker-symbol": "o"
  },
  {
    "rowid": 254797,
    "id": 107,
    "source": "OA",
    "source_id": "ae460dbdf49b2386",
    "housenumber": 34,
    "lat": 52.5122611,
    "lon": 13.3944563,
    "parity": "R",
    "proj_lat": 52.51238202114586,
    "proj_lon": 13.394438074438835,
    "marker-color": "#ff0000",
    "marker-symbol": "e"
  },
  {
    "rowid": 254797,
    "id": 107,
    "source": "OA",
    "source_id": "ae460dbdf49b2386",
    "housenumber": 34,
    "lat": 52.5122611,
    "lon": 13.3944563,
    "parity": "R",
    "proj_lat": 52.51238202114586,
    "proj_lon": 13.394438074438835,
    "marker-color": "#ff0000",
    "marker-symbol": "e"
  },
  {
    "rowid": 265116,
    "id": 107,
    "source": "OA",
    "source_id": "b15d53f9b842ff7a",
    "housenumber": 37,
    "lat": 52.5122962,
    "lon": 13.3953335,
    "parity": "R",
    "proj_lat": 52.5124302107226,
    "proj_lon": 13.395313336855589,
    "marker-color": "#ff0000",
    "marker-symbol": "o"
  },
  {
    "rowid": 265116,
    "id": 107,
    "source": "OA",
    "source_id": "b15d53f9b842ff7a",
    "housenumber": 37,
    "lat": 52.5122962,
    "lon": 13.3953335,
    "parity": "R",
    "proj_lat": 52.5124302107226,
    "proj_lon": 13.395313336855589,
    "marker-color": "#ff0000",
    "marker-symbol": "o"
  },
  {
    "rowid": 265117,
    "id": 107,
    "source": "OA",
    "source_id": "c3a296ae122d9f11",
    "housenumber": 38,
    "lat": 52.5123558,
    "lon": 13.3960105,
    "parity": "R",
    "proj_lat": 52.51246812014371,
    "proj_lon": 13.39599360035662,
    "marker-color": "#ff0000",
    "marker-symbol": "e"
  },
  {
    "rowid": 265117,
    "id": 107,
    "source": "OA",
    "source_id": "c3a296ae122d9f11",
    "housenumber": 38,
    "lat": 52.5123558,
    "lon": 13.3960105,
    "parity": "R",
    "proj_lat": 52.51246812014371,
    "proj_lon": 13.39599360035662,
    "marker-color": "#ff0000",
    "marker-symbol": "e"
  },
  {
    "rowid": 254798,
    "id": 107,
    "source": "OA",
    "source_id": "3c30cd47fdfe82e7",
    "housenumber": 39,
    "lat": 52.5126015,
    "lon": 13.3960754,
    "parity": "L",
    "proj_lat": 52.51247374980261,
    "proj_lon": 13.396094621457951,
    "marker-color": "#3366ff",
    "marker-symbol": "o"
  },
  {
    "rowid": 254798,
    "id": 107,
    "source": "OA",
    "source_id": "3c30cd47fdfe82e7",
    "housenumber": 39,
    "lat": 52.5126015,
    "lon": 13.3960754,
    "parity": "L",
    "proj_lat": 52.51247374980261,
    "proj_lon": 13.396094621457951,
    "marker-color": "#3366ff",
    "marker-symbol": "o"
  },
  {
    "rowid": 254799,
    "id": 107,
    "source": "OA",
    "source_id": "396fb376c22ac3a6",
    "housenumber": 40,
    "lat": 52.5125731,
    "lon": 13.3955619,
    "parity": "L",
    "proj_lat": 52.51244513549905,
    "proj_lon": 13.395581153677451,
    "marker-color": "#3366ff",
    "marker-symbol": "e"
  },
  {
    "rowid": 254799,
    "id": 107,
    "source": "OA",
    "source_id": "396fb376c22ac3a6",
    "housenumber": 40,
    "lat": 52.5125731,
    "lon": 13.3955619,
    "parity": "L",
    "proj_lat": 52.51244513549905,
    "proj_lon": 13.395581153677451,
    "marker-color": "#3366ff",
    "marker-symbol": "e"
  },
  {
    "rowid": 254800,
    "id": 107,
    "source": "OA",
    "source_id": "8c9589a7df62c389",
    "housenumber": 41,
    "lat": 52.5125429,
    "lon": 13.3950011,
    "parity": "L",
    "proj_lat": 52.512413892232786,
    "proj_lon": 13.395020510621745,
    "marker-color": "#3366ff",
    "marker-symbol": "o"
  },
  {
    "rowid": 254800,
    "id": 107,
    "source": "OA",
    "source_id": "8c9589a7df62c389",
    "housenumber": 41,
    "lat": 52.5125429,
    "lon": 13.3950011,
    "parity": "L",
    "proj_lat": 52.512413892232786,
    "proj_lon": 13.395020510621745,
    "marker-color": "#3366ff",
    "marker-symbol": "o"
  },
  {
    "rowid": 254801,
    "id": 107,
    "source": "OA",
    "source_id": "9c7a42b2bd9a3b3f",
    "housenumber": 42,
    "lat": 52.5125042,
    "lon": 13.39447,
    "parity": "L",
    "proj_lat": 52.51238480798921,
    "proj_lon": 13.394487995284901,
    "marker-color": "#3366ff",
    "marker-symbol": "e"
  },
  {
    "rowid": 254801,
    "id": 107,
    "source": "OA",
    "source_id": "9c7a42b2bd9a3b3f",
    "housenumber": 42,
    "lat": 52.5125042,
    "lon": 13.39447,
    "parity": "L",
    "proj_lat": 52.51238480798921,
    "proj_lon": 13.394487995284901,
    "marker-color": "#3366ff",
    "marker-symbol": "e"
  },
  {
    "rowid": 265716,
    "id": 107,
    "source": "OA",
    "source_id": "667a08cf3e42d96f",
    "housenumber": 45,
    "lat": 52.5124795,
    "lon": 13.3937794,
    "parity": "L",
    "proj_lat": 52.51234652034159,
    "proj_lon": 13.393799288271763,
    "marker-color": "#3366ff",
    "marker-symbol": "o"
  },
  {
    "rowid": 265716,
    "id": 107,
    "source": "OA",
    "source_id": "667a08cf3e42d96f",
    "housenumber": 45,
    "lat": 52.5124795,
    "lon": 13.3937794,
    "parity": "L",
    "proj_lat": 52.51234652034159,
    "proj_lon": 13.393799288271763,
    "marker-color": "#3366ff",
    "marker-symbol": "o"
  },
  {
    "rowid": 254802,
    "id": 107,
    "source": "OA",
    "source_id": "279d6010a425b6bd",
    "housenumber": 50,
    "lat": 52.5122948,
    "lon": 13.3902583,
    "parity": "L",
    "proj_lat": 52.512152,
    "proj_lon": 13.390167,
    "marker-color": "#3366ff",
    "marker-symbol": "e"
  },
  {
    "rowid": 254802,
    "id": 107,
    "source": "OA",
    "source_id": "279d6010a425b6bd",
    "housenumber": 50,
    "lat": 52.5122948,
    "lon": 13.3902583,
    "parity": "L",
    "proj_lat": 52.512152,
    "proj_lon": 13.390167,
    "marker-color": "#3366ff",
    "marker-symbol": "e"
  }
]
