[
  {
    "rowid": 345282,
    "id": 18349,
    "source": "OA",
    "source_id": "155807a4802a4d50",
    "housenumber": 2,
    "lat": 52.5214885,
    "lon": 13.6109295,
    "parity": "R",
    "proj_lat": 52.521540768727434,
    "proj_lon": 13.610749061723975,
    "marker-color": "#ff0000",
    "marker-symbol": "e"
  },
  {
    "rowid": 345282,
    "id": 18349,
    "source": "OA",
    "source_id": "155807a4802a4d50",
    "housenumber": 2,
    "lat": 52.5214885,
    "lon": 13.6109295,
    "parity": "R",
    "proj_lat": 52.521540768727434,
    "proj_lon": 13.610749061723975,
    "marker-color": "#ff0000",
    "marker-symbol": "e"
  },
  {
    "rowid": 345283,
    "id": 18349,
    "source": "OA",
    "source_id": "cf160ed6ffdddb95",
    "housenumber": 6,
    "lat": 52.5216165,
    "lon": 13.6110457,
    "parity": "R",
    "proj_lat": 52.52167255855895,
    "proj_lon": 13.610852177617248,
    "marker-color": "#ff0000",
    "marker-symbol": "e"
  },
  {
    "rowid": 345283,
    "id": 18349,
    "source": "OA",
    "source_id": "cf160ed6ffdddb95",
    "housenumber": 6,
    "lat": 52.5216165,
    "lon": 13.6110457,
    "parity": "R",
    "proj_lat": 52.52167255855895,
    "proj_lon": 13.610852177617248,
    "marker-color": "#ff0000",
    "marker-symbol": "e"
  },
  {
    "rowid": 359073,
    "id": 18349,
    "source": "OA",
    "source_id": "41ff34a4e5be85b9",
    "housenumber": 7,
    "lat": 52.5219935,
    "lon": 13.6109219,
    "parity": "L",
    "proj_lat": 52.521947020475665,
    "proj_lon": 13.611075810419415,
    "marker-color": "#3366ff",
    "marker-symbol": "o"
  },
  {
    "rowid": 359073,
    "id": 18349,
    "source": "OA",
    "source_id": "41ff34a4e5be85b9",
    "housenumber": 7,
    "lat": 52.5219935,
    "lon": 13.6109219,
    "parity": "L",
    "proj_lat": 52.521947020475665,
    "proj_lon": 13.611075810419415,
    "marker-color": "#3366ff",
    "marker-symbol": "o"
  },
  {
    "rowid": 357768,
    "id": 18349,
    "source": "OA",
    "source_id": "dfc5bfe88cec920f",
    "housenumber": 8.03,
    "lat": 52.5217408,
    "lon": 13.6114883,
    "parity": "R",
    "proj_lat": 52.52188150778817,
    "proj_lon": 13.61102237127433,
    "marker-color": "#ff0000",
    "marker-symbol": "e"
  },
  {
    "rowid": 357768,
    "id": 18349,
    "source": "OA",
    "source_id": "dfc5bfe88cec920f",
    "housenumber": 8.03,
    "lat": 52.5217408,
    "lon": 13.6114883,
    "parity": "R",
    "proj_lat": 52.52188150778817,
    "proj_lon": 13.61102237127433,
    "marker-color": "#ff0000",
    "marker-symbol": "e"
  },
  {
    "rowid": 345284,
    "id": 18349,
    "source": "OA",
    "source_id": "35f5552adbc10ced",
    "housenumber": 10,
    "lat": 52.5219459,
    "lon": 13.6113212,
    "parity": "R",
    "proj_lat": 52.52200558016112,
    "proj_lon": 13.611123577953416,
    "marker-color": "#ff0000",
    "marker-symbol": "e"
  },
  {
    "rowid": 345284,
    "id": 18349,
    "source": "OA",
    "source_id": "35f5552adbc10ced",
    "housenumber": 10,
    "lat": 52.5219459,
    "lon": 13.6113212,
    "parity": "R",
    "proj_lat": 52.52200558016112,
    "proj_lon": 13.611123577953416,
    "marker-color": "#ff0000",
    "marker-symbol": "e"
  },
  {
    "rowid": 345285,
    "id": 18349,
    "source": "OA",
    "source_id": "0735dcc506698c1e",
    "housenumber": 10.03,
    "lat": 52.5220005,
    "lon": 13.6113679,
    "parity": "R",
    "proj_lat": 52.52206070399969,
    "proj_lon": 13.611168542843727,
    "marker-color": "#ff0000",
    "marker-symbol": "e"
  },
  {
    "rowid": 345285,
    "id": 18349,
    "source": "OA",
    "source_id": "0735dcc506698c1e",
    "housenumber": 10.03,
    "lat": 52.5220005,
    "lon": 13.6113679,
    "parity": "R",
    "proj_lat": 52.52206070399969,
    "proj_lon": 13.611168542843727,
    "marker-color": "#ff0000",
    "marker-symbol": "e"
  },
  {
    "rowid": 358920,
    "id": 18349,
    "source": "OA",
    "source_id": "65d799558e478ff0",
    "housenumber": 11,
    "lat": 52.5221995,
    "lon": 13.6110188,
    "parity": "L",
    "proj_lat": 52.52213578459521,
    "proj_lon": 13.611229786596507,
    "marker-color": "#3366ff",
    "marker-symbol": "o"
  },
  {
    "rowid": 358920,
    "id": 18349,
    "source": "OA",
    "source_id": "65d799558e478ff0",
    "housenumber": 11,
    "lat": 52.5221995,
    "lon": 13.6110188,
    "parity": "L",
    "proj_lat": 52.52213578459521,
    "proj_lon": 13.611229786596507,
    "marker-color": "#3366ff",
    "marker-symbol": "o"
  },
  {
    "rowid": 356245,
    "id": 18349,
    "source": "OA",
    "source_id": "7dba97b72166aede",
    "housenumber": 12,
    "lat": 52.5220969,
    "lon": 13.6116955,
    "parity": "R",
    "proj_lat": 52.52221742870098,
    "proj_lon": 13.611296384249284,
    "marker-color": "#ff0000",
    "marker-symbol": "e"
  },
  {
    "rowid": 356245,
    "id": 18349,
    "source": "OA",
    "source_id": "7dba97b72166aede",
    "housenumber": 12,
    "lat": 52.5220969,
    "lon": 13.6116955,
    "parity": "R",
    "proj_lat": 52.52221742870098,
    "proj_lon": 13.611296384249284,
    "marker-color": "#ff0000",
    "marker-symbol": "e"
  },
  {
    "rowid": 357230,
    "id": 18349,
    "source": "OA",
    "source_id": "6ec53f90f0e5077b",
    "housenumber": 14,
    "lat": 52.5223043,
    "lon": 13.6116484,
    "parity": "R",
    "proj_lat": 52.52237242370355,
    "proj_lon": 13.611422814727817,
    "marker-color": "#ff0000",
    "marker-symbol": "e"
  },
  {
    "rowid": 357230,
    "id": 18349,
    "source": "OA",
    "source_id": "6ec53f90f0e5077b",
    "housenumber": 14,
    "lat": 52.5223043,
    "lon": 13.6116484,
    "parity": "R",
    "proj_lat": 52.52237242370355,
    "proj_lon": 13.611422814727817,
    "marker-color": "#ff0000",
    "marker-symbol": "e"
  },
  {
    "rowid": 357231,
    "id": 18349,
    "source": "OA",
    "source_id": "dba0b4f24b73592e",
    "housenumber": 16,
    "lat": 52.5222707,
    "lon": 13.6117651,
    "parity": "R",
    "proj_lat": 52.522373741153416,
    "proj_lon": 13.611423889380639,
    "marker-color": "#ff0000",
    "marker-symbol": "e"
  },
  {
    "rowid": 357231,
    "id": 18349,
    "source": "OA",
    "source_id": "dba0b4f24b73592e",
    "housenumber": 16,
    "lat": 52.5222707,
    "lon": 13.6117651,
    "parity": "R",
    "proj_lat": 52.522373741153416,
    "proj_lon": 13.611423889380639,
    "marker-color": "#ff0000",
    "marker-symbol": "e"
  },
  {
    "rowid": 356246,
    "id": 18350,
    "source": "OA",
    "source_id": "4398bb0e60d3a7d1",
    "housenumber": 36,
    "lat": 52.5243815,
    "lon": 13.612658,
    "parity": "R",
    "proj_lat": 52.52440572272627,
    "proj_lon": 13.612444192350646,
    "marker-color": "#ff0000",
    "marker-symbol": "e"
  },
  {
    "rowid": 356246,
    "id": 18350,
    "source": "OA",
    "source_id": "4398bb0e60d3a7d1",
    "housenumber": 36,
    "lat": 52.5243815,
    "lon": 13.612658,
    "parity": "R",
    "proj_lat": 52.52440572272627,
    "proj_lon": 13.612444192350646,
    "marker-color": "#ff0000",
    "marker-symbol": "e"
  },
  {
    "rowid": 358099,
    "id": 18350,
    "source": "OA",
    "source_id": "6415dc6a729e9cff",
    "housenumber": 37,
    "lat": 52.5246333,
    "lon": 13.6121178,
    "parity": "L",
    "proj_lat": 52.52458993565599,
    "proj_lon": 13.612500570075184,
    "marker-color": "#3366ff",
    "marker-symbol": "o"
  },
  {
    "rowid": 358099,
    "id": 18350,
    "source": "OA",
    "source_id": "6415dc6a729e9cff",
    "housenumber": 37,
    "lat": 52.5246333,
    "lon": 13.6121178,
    "parity": "L",
    "proj_lat": 52.52458993565599,
    "proj_lon": 13.612500570075184,
    "marker-color": "#3366ff",
    "marker-symbol": "o"
  },
  {
    "rowid": 356247,
    "id": 18350,
    "source": "OA",
    "source_id": "6e6a6e8adf4237c4",
    "housenumber": 38,
    "lat": 52.5246981,
    "lon": 13.6127699,
    "parity": "R",
    "proj_lat": 52.52472396542176,
    "proj_lon": 13.61254158941745,
    "marker-color": "#ff0000",
    "marker-symbol": "e"
  },
  {
    "rowid": 356247,
    "id": 18350,
    "source": "OA",
    "source_id": "6e6a6e8adf4237c4",
    "housenumber": 38,
    "lat": 52.5246981,
    "lon": 13.6127699,
    "parity": "R",
    "proj_lat": 52.52472396542176,
    "proj_lon": 13.61254158941745,
    "marker-color": "#ff0000",
    "marker-symbol": "e"
  },
  {
    "rowid": 358100,
    "id": 18350,
    "source": "OA",
    "source_id": "bfc731cbe196afb9",
    "housenumber": 39,
    "lat": 52.5247975,
    "lon": 13.6122088,
    "parity": "L",
    "proj_lat": 52.52475859752413,
    "proj_lon": 13.612552188451572,
    "marker-color": "#3366ff",
    "marker-symbol": "o"
  },
  {
    "rowid": 358100,
    "id": 18350,
    "source": "OA",
    "source_id": "bfc731cbe196afb9",
    "housenumber": 39,
    "lat": 52.5247975,
    "lon": 13.6122088,
    "parity": "L",
    "proj_lat": 52.52475859752413,
    "proj_lon": 13.612552188451572,
    "marker-color": "#3366ff",
    "marker-symbol": "o"
  },
  {
    "rowid": 345286,
    "id": 18350,
    "source": "OA",
    "source_id": "ede28ace1e7e130a",
    "housenumber": 40,
    "lat": 52.5248456,
    "lon": 13.6129862,
    "parity": "R",
    "proj_lat": 52.52489020594032,
    "proj_lon": 13.612592466748248,
    "marker-color": "#ff0000",
    "marker-symbol": "e"
  },
  {
    "rowid": 345286,
    "id": 18350,
    "source": "OA",
    "source_id": "ede28ace1e7e130a",
    "housenumber": 40,
    "lat": 52.5248456,
    "lon": 13.6129862,
    "parity": "R",
    "proj_lat": 52.52489020594032,
    "proj_lon": 13.612592466748248,
    "marker-color": "#ff0000",
    "marker-symbol": "e"
  },
  {
    "rowid": 353183,
    "id": 18350,
    "source": "OA",
    "source_id": "e458f5b51f2eb239",
    "housenumber": 41,
    "lat": 52.5249089,
    "lon": 13.6123349,
    "parity": "L",
    "proj_lat": 52.52488007178228,
    "proj_lon": 13.61258936522453,
    "marker-color": "#3366ff",
    "marker-symbol": "o"
  },
  {
    "rowid": 353183,
    "id": 18350,
    "source": "OA",
    "source_id": "e458f5b51f2eb239",
    "housenumber": 41,
    "lat": 52.5249089,
    "lon": 13.6123349,
    "parity": "L",
    "proj_lat": 52.52488007178228,
    "proj_lon": 13.61258936522453,
    "marker-color": "#3366ff",
    "marker-symbol": "o"
  },
  {
    "rowid": 345287,
    "id": 18350,
    "source": "OA",
    "source_id": "9ef6ccc9677357f8",
    "housenumber": 42,
    "lat": 52.5250169,
    "lon": 13.6129021,
    "parity": "R",
    "proj_lat": 52.52504655704644,
    "proj_lon": 13.612640317458863,
    "marker-color": "#ff0000",
    "marker-symbol": "e"
  },
  {
    "rowid": 345287,
    "id": 18350,
    "source": "OA",
    "source_id": "9ef6ccc9677357f8",
    "housenumber": 42,
    "lat": 52.5250169,
    "lon": 13.6129021,
    "parity": "R",
    "proj_lat": 52.52504655704644,
    "proj_lon": 13.612640317458863,
    "marker-color": "#ff0000",
    "marker-symbol": "e"
  },
  {
    "rowid": 345288,
    "id": 18350,
    "source": "OA",
    "source_id": "0a52e4a300731b13",
    "housenumber": 43,
    "lat": 52.525511,
    "lon": 13.6125379,
    "parity": "L",
    "proj_lat": 52.525476213502444,
    "proj_lon": 13.61278052703986,
    "marker-color": "#3366ff",
    "marker-symbol": "o"
  },
  {
    "rowid": 345288,
    "id": 18350,
    "source": "OA",
    "source_id": "0a52e4a300731b13",
    "housenumber": 43,
    "lat": 52.525511,
    "lon": 13.6125379,
    "parity": "L",
    "proj_lat": 52.525476213502444,
    "proj_lon": 13.61278052703986,
    "marker-color": "#3366ff",
    "marker-symbol": "o"
  },
  {
    "rowid": 345289,
    "id": 18350,
    "source": "OA",
    "source_id": "4620e14f89bd746f",
    "housenumber": 44,
    "lat": 52.5255564,
    "lon": 13.613098,
    "parity": "R",
    "proj_lat": 52.525595303926515,
    "proj_lon": 13.612826654371537,
    "marker-color": "#ff0000",
    "marker-symbol": "e"
  },
  {
    "rowid": 345289,
    "id": 18350,
    "source": "OA",
    "source_id": "4620e14f89bd746f",
    "housenumber": 44,
    "lat": 52.5255564,
    "lon": 13.613098,
    "parity": "R",
    "proj_lat": 52.525595303926515,
    "proj_lon": 13.612826654371537,
    "marker-color": "#ff0000",
    "marker-symbol": "e"
  },
  {
    "rowid": 345290,
    "id": 18350,
    "source": "OA",
    "source_id": "1c1182d7e521505a",
    "housenumber": 45,
    "lat": 52.5257981,
    "lon": 13.6123335,
    "parity": "L",
    "proj_lat": 52.52572044578796,
    "proj_lon": 13.612875125608369,
    "marker-color": "#3366ff",
    "marker-symbol": "o"
  },
  {
    "rowid": 345290,
    "id": 18350,
    "source": "OA",
    "source_id": "1c1182d7e521505a",
    "housenumber": 45,
    "lat": 52.5257981,
    "lon": 13.6123335,
    "parity": "L",
    "proj_lat": 52.52572044578796,
    "proj_lon": 13.612875125608369,
    "marker-color": "#3366ff",
    "marker-symbol": "o"
  },
  {
    "rowid": 345291,
    "id": 18350,
    "source": "OA",
    "source_id": "34d0f683100cf957",
    "housenumber": 46,
    "lat": 52.5256364,
    "lon": 13.613265,
    "parity": "R",
    "proj_lat": 52.525693778581676,
    "proj_lon": 13.612864796590912,
    "marker-color": "#ff0000",
    "marker-symbol": "e"
  },
  {
    "rowid": 345291,
    "id": 18350,
    "source": "OA",
    "source_id": "34d0f683100cf957",
    "housenumber": 46,
    "lat": 52.5256364,
    "lon": 13.613265,
    "parity": "R",
    "proj_lat": 52.525693778581676,
    "proj_lon": 13.612864796590912,
    "marker-color": "#ff0000",
    "marker-symbol": "e"
  },
  {
    "rowid": 358921,
    "id": 18350,
    "source": "OA",
    "source_id": "d868eedd7a0d6049",
    "housenumber": 46.03,
    "lat": 52.5258204,
    "lon": 13.6136431,
    "parity": "R",
    "proj_lat": 52.5259194548282,
    "proj_lon": 13.612952207842959,
    "marker-color": "#ff0000",
    "marker-symbol": "e"
  },
  {
    "rowid": 358921,
    "id": 18350,
    "source": "OA",
    "source_id": "d868eedd7a0d6049",
    "housenumber": 46.03,
    "lat": 52.5258204,
    "lon": 13.6136431,
    "parity": "R",
    "proj_lat": 52.5259194548282,
    "proj_lon": 13.612952207842959,
    "marker-color": "#ff0000",
    "marker-symbol": "e"
  },
  {
    "rowid": 358101,
    "id": 18350,
    "source": "OA",
    "source_id": "b37e57bbc7419291",
    "housenumber": 47,
    "lat": 52.5259251,
    "lon": 13.6124816,
    "parity": "L",
    "proj_lat": 52.52586088090999,
    "proj_lon": 13.612929520388665,
    "marker-color": "#3366ff",
    "marker-symbol": "o"
  },
  {
    "rowid": 358101,
    "id": 18350,
    "source": "OA",
    "source_id": "b37e57bbc7419291",
    "housenumber": 47,
    "lat": 52.5259251,
    "lon": 13.6124816,
    "parity": "L",
    "proj_lat": 52.52586088090999,
    "proj_lon": 13.612929520388665,
    "marker-color": "#3366ff",
    "marker-symbol": "o"
  },
  {
    "rowid": 359807,
    "id": 18350,
    "source": "OA",
    "source_id": "d3f5a6e2dd6b7b0f",
    "housenumber": 47.03,
    "lat": 52.5259785,
    "lon": 13.6123047,
    "parity": "L",
    "proj_lat": 52.52588744360022,
    "proj_lon": 13.612939808923887,
    "marker-color": "#3366ff",
    "marker-symbol": "o"
  },
  {
    "rowid": 359807,
    "id": 18350,
    "source": "OA",
    "source_id": "d3f5a6e2dd6b7b0f",
    "housenumber": 47.03,
    "lat": 52.5259785,
    "lon": 13.6123047,
    "parity": "L",
    "proj_lat": 52.52588744360022,
    "proj_lon": 13.612939808923887,
    "marker-color": "#3366ff",
    "marker-symbol": "o"
  },
  {
    "rowid": 345292,
    "id": 18350,
    "source": "OA",
    "source_id": "0d61904d3cd8ac82",
    "housenumber": 48,
    "lat": 52.5258613,
    "lon": 13.613148,
    "parity": "R",
    "proj_lat": 52.525890953854386,
    "proj_lon": 13.612941168551744,
    "marker-color": "#ff0000",
    "marker-symbol": "e"
  },
  {
    "rowid": 345292,
    "id": 18350,
    "source": "OA",
    "source_id": "0d61904d3cd8ac82",
    "housenumber": 48,
    "lat": 52.5258613,
    "lon": 13.613148,
    "parity": "R",
    "proj_lat": 52.525890953854386,
    "proj_lon": 13.612941168551744,
    "marker-color": "#ff0000",
    "marker-symbol": "e"
  },
  {
    "rowid": 358144,
    "id": 18350,
    "source": "OA",
    "source_id": "03ba68e71519688d",
    "housenumber": 49,
    "lat": 52.5260955,
    "lon": 13.612844,
    "parity": "L",
    "proj_lat": 52.52607154059209,
    "proj_lon": 13.613011115270059,
    "marker-color": "#3366ff",
    "marker-symbol": "o"
  },
  {
    "rowid": 358144,
    "id": 18350,
    "source": "OA",
    "source_id": "03ba68e71519688d",
    "housenumber": 49,
    "lat": 52.5260955,
    "lon": 13.612844,
    "parity": "L",
    "proj_lat": 52.52607154059209,
    "proj_lon": 13.613011115270059,
    "marker-color": "#3366ff",
    "marker-symbol": "o"
  },
  {
    "rowid": 345293,
    "id": 18350,
    "source": "OA",
    "source_id": "5fbfc44e72bf91e1",
    "housenumber": 50,
    "lat": 52.5260643,
    "lon": 13.6132673,
    "parity": "R",
    "proj_lat": 52.52609947798272,
    "proj_lon": 13.61302193626842,
    "marker-color": "#ff0000",
    "marker-symbol": "e"
  },
  {
    "rowid": 345293,
    "id": 18350,
    "source": "OA",
    "source_id": "5fbfc44e72bf91e1",
    "housenumber": 50,
    "lat": 52.5260643,
    "lon": 13.6132673,
    "parity": "R",
    "proj_lat": 52.52609947798272,
    "proj_lon": 13.61302193626842,
    "marker-color": "#ff0000",
    "marker-symbol": "e"
  },
  {
    "rowid": 345294,
    "id": 18350,
    "source": "OA",
    "source_id": "8211781e74942f1c",
    "housenumber": 53,
    "lat": 52.5267682,
    "lon": 13.6129753,
    "parity": "L",
    "proj_lat": 52.5267115444407,
    "proj_lon": 13.613284567633938,
    "marker-color": "#3366ff",
    "marker-symbol": "o"
  },
  {
    "rowid": 345294,
    "id": 18350,
    "source": "OA",
    "source_id": "8211781e74942f1c",
    "housenumber": 53,
    "lat": 52.5267682,
    "lon": 13.6129753,
    "parity": "L",
    "proj_lat": 52.5267115444407,
    "proj_lon": 13.613284567633938,
    "marker-color": "#3366ff",
    "marker-symbol": "o"
  },
  {
    "rowid": 345295,
    "id": 18350,
    "source": "OA",
    "source_id": "cf174897c8c25529",
    "housenumber": 55,
    "lat": 52.5269239,
    "lon": 13.6129603,
    "parity": "L",
    "proj_lat": 52.526851782085274,
    "proj_lon": 13.613353975311982,
    "marker-color": "#3366ff",
    "marker-symbol": "o"
  },
  {
    "rowid": 345295,
    "id": 18350,
    "source": "OA",
    "source_id": "cf174897c8c25529",
    "housenumber": 55,
    "lat": 52.5269239,
    "lon": 13.6129603,
    "parity": "L",
    "proj_lat": 52.526851782085274,
    "proj_lon": 13.613353975311982,
    "marker-color": "#3366ff",
    "marker-symbol": "o"
  },
  {
    "rowid": 358102,
    "id": 18350,
    "source": "OA",
    "source_id": "952f00c24fd2ee13",
    "housenumber": 56,
    "lat": 52.5268294,
    "lon": 13.6135649,
    "parity": "R",
    "proj_lat": 52.526866688247544,
    "proj_lon": 13.613361352804057,
    "marker-color": "#ff0000",
    "marker-symbol": "e"
  },
  {
    "rowid": 358102,
    "id": 18350,
    "source": "OA",
    "source_id": "952f00c24fd2ee13",
    "housenumber": 56,
    "lat": 52.5268294,
    "lon": 13.6135649,
    "parity": "R",
    "proj_lat": 52.526866688247544,
    "proj_lon": 13.613361352804057,
    "marker-color": "#ff0000",
    "marker-symbol": "e"
  }
]
