[
  {
    "rowid": 261929,
    "id": 39074,
    "source": "OA",
    "source_id": "35d2df8e33538afa",
    "housenumber": 1,
    "lat": 52.5201431,
    "lon": 13.6415848,
    "parity": "L",
    "proj_lat": 52.5200358935481,
    "proj_lon": 13.64178772842701,
    "marker-color": "#3366ff",
    "marker-symbol": "o"
  },
  {
    "rowid": 261929,
    "id": 39074,
    "source": "OA",
    "source_id": "35d2df8e33538afa",
    "housenumber": 1,
    "lat": 52.5201431,
    "lon": 13.6415848,
    "parity": "L",
    "proj_lat": 52.5200358935481,
    "proj_lon": 13.64178772842701,
    "marker-color": "#3366ff",
    "marker-symbol": "o"
  },
  {
    "rowid": 256612,
    "id": 39074,
    "source": "OA",
    "source_id": "a03062692764cc7a",
    "housenumber": 2,
    "lat": 52.520017,
    "lon": 13.6422217,
    "parity": "R",
    "proj_lat": 52.52015584581359,
    "proj_lon": 13.641958883720728,
    "marker-color": "#ff0000",
    "marker-symbol": "e"
  },
  {
    "rowid": 256612,
    "id": 39074,
    "source": "OA",
    "source_id": "a03062692764cc7a",
    "housenumber": 2,
    "lat": 52.520017,
    "lon": 13.6422217,
    "parity": "R",
    "proj_lat": 52.52015584581359,
    "proj_lon": 13.641958883720728,
    "marker-color": "#ff0000",
    "marker-symbol": "e"
  },
  {
    "rowid": 262247,
    "id": 39074,
    "source": "OA",
    "source_id": "e7165a09cabe1a6c",
    "housenumber": 3,
    "lat": 52.5202651,
    "lon": 13.641621,
    "parity": "L",
    "proj_lat": 52.52011636147168,
    "proj_lon": 13.64190254502542,
    "marker-color": "#3366ff",
    "marker-symbol": "o"
  },
  {
    "rowid": 262247,
    "id": 39074,
    "source": "OA",
    "source_id": "e7165a09cabe1a6c",
    "housenumber": 3,
    "lat": 52.5202651,
    "lon": 13.641621,
    "parity": "L",
    "proj_lat": 52.52011636147168,
    "proj_lon": 13.64190254502542,
    "marker-color": "#3366ff",
    "marker-symbol": "o"
  },
  {
    "rowid": 256613,
    "id": 39074,
    "source": "OA",
    "source_id": "ca4f7f72dc1b2552",
    "housenumber": 5,
    "lat": 52.5205491,
    "lon": 13.6417625,
    "parity": "L",
    "proj_lat": 52.52032092074581,
    "proj_lon": 13.642194422819493,
    "marker-color": "#3366ff",
    "marker-symbol": "o"
  },
  {
    "rowid": 256613,
    "id": 39074,
    "source": "OA",
    "source_id": "ca4f7f72dc1b2552",
    "housenumber": 5,
    "lat": 52.5205491,
    "lon": 13.6417625,
    "parity": "L",
    "proj_lat": 52.52032092074581,
    "proj_lon": 13.642194422819493,
    "marker-color": "#3366ff",
    "marker-symbol": "o"
  },
  {
    "rowid": 256614,
    "id": 39074,
    "source": "OA",
    "source_id": "5c171cd83512aaf0",
    "housenumber": 6,
    "lat": 52.5202681,
    "lon": 13.6425781,
    "parity": "R",
    "proj_lat": 52.52040637710237,
    "proj_lon": 13.64231635722187,
    "marker-color": "#ff0000",
    "marker-symbol": "e"
  },
  {
    "rowid": 256614,
    "id": 39074,
    "source": "OA",
    "source_id": "5c171cd83512aaf0",
    "housenumber": 6,
    "lat": 52.5202681,
    "lon": 13.6425781,
    "parity": "R",
    "proj_lat": 52.52040637710237,
    "proj_lon": 13.64231635722187,
    "marker-color": "#ff0000",
    "marker-symbol": "e"
  },
  {
    "rowid": 256615,
    "id": 39074,
    "source": "OA",
    "source_id": "71fe06de46405cbb",
    "housenumber": 7,
    "lat": 52.5206701,
    "lon": 13.6420822,
    "parity": "L",
    "proj_lat": 52.52048621645627,
    "proj_lon": 13.64243027693827,
    "marker-color": "#3366ff",
    "marker-symbol": "o"
  },
  {
    "rowid": 256615,
    "id": 39074,
    "source": "OA",
    "source_id": "71fe06de46405cbb",
    "housenumber": 7,
    "lat": 52.5206701,
    "lon": 13.6420822,
    "parity": "L",
    "proj_lat": 52.52048621645627,
    "proj_lon": 13.64243027693827,
    "marker-color": "#3366ff",
    "marker-symbol": "o"
  },
  {
    "rowid": 256616,
    "id": 39074,
    "source": "OA",
    "source_id": "32aec6071408e7a5",
    "housenumber": 8,
    "lat": 52.5204047,
    "lon": 13.6428409,
    "parity": "R",
    "proj_lat": 52.5205634270977,
    "proj_lon": 13.642540445845523,
    "marker-color": "#ff0000",
    "marker-symbol": "e"
  },
  {
    "rowid": 256616,
    "id": 39074,
    "source": "OA",
    "source_id": "32aec6071408e7a5",
    "housenumber": 8,
    "lat": 52.5204047,
    "lon": 13.6428409,
    "parity": "R",
    "proj_lat": 52.5205634270977,
    "proj_lon": 13.642540445845523,
    "marker-color": "#ff0000",
    "marker-symbol": "e"
  },
  {
    "rowid": 263269,
    "id": 39074,
    "source": "OA",
    "source_id": "14c4aa36f9254b48",
    "housenumber": 9,
    "lat": 52.5207424,
    "lon": 13.6424874,
    "parity": "L",
    "proj_lat": 52.520649497868625,
    "proj_lon": 13.642663256932225,
    "marker-color": "#3366ff",
    "marker-symbol": "o"
  },
  {
    "rowid": 263269,
    "id": 39074,
    "source": "OA",
    "source_id": "14c4aa36f9254b48",
    "housenumber": 9,
    "lat": 52.5207424,
    "lon": 13.6424874,
    "parity": "L",
    "proj_lat": 52.520649497868625,
    "proj_lon": 13.642663256932225,
    "marker-color": "#3366ff",
    "marker-symbol": "o"
  },
  {
    "rowid": 264844,
    "id": 39074,
    "source": "OA",
    "source_id": "3bfa276383b2739c",
    "housenumber": 10,
    "lat": 52.5206184,
    "lon": 13.6428041,
    "parity": "R",
    "proj_lat": 52.52067419151287,
    "proj_lon": 13.642698491347481,
    "marker-color": "#ff0000",
    "marker-symbol": "e"
  },
  {
    "rowid": 264844,
    "id": 39074,
    "source": "OA",
    "source_id": "3bfa276383b2739c",
    "housenumber": 10,
    "lat": 52.5206184,
    "lon": 13.6428041,
    "parity": "R",
    "proj_lat": 52.52067419151287,
    "proj_lon": 13.642698491347481,
    "marker-color": "#ff0000",
    "marker-symbol": "e"
  },
  {
    "rowid": 256617,
    "id": 39074,
    "source": "OA",
    "source_id": "011036cd48ee2632",
    "housenumber": 10.03,
    "lat": 52.5204573,
    "lon": 13.6431267,
    "parity": "R",
    "proj_lat": 52.520679509429755,
    "proj_lon": 13.64270607927943,
    "marker-color": "#ff0000",
    "marker-symbol": "e"
  },
  {
    "rowid": 256617,
    "id": 39074,
    "source": "OA",
    "source_id": "011036cd48ee2632",
    "housenumber": 10.03,
    "lat": 52.5204573,
    "lon": 13.6431267,
    "parity": "R",
    "proj_lat": 52.520679509429755,
    "proj_lon": 13.64270607927943,
    "marker-color": "#ff0000",
    "marker-symbol": "e"
  },
  {
    "rowid": 256618,
    "id": 39074,
    "source": "OA",
    "source_id": "8c9016d69ede2b9a",
    "housenumber": 11,
    "lat": 52.5209881,
    "lon": 13.6424635,
    "parity": "L",
    "proj_lat": 52.52078239683718,
    "proj_lon": 13.642852885380709,
    "marker-color": "#3366ff",
    "marker-symbol": "o"
  },
  {
    "rowid": 256618,
    "id": 39074,
    "source": "OA",
    "source_id": "8c9016d69ede2b9a",
    "housenumber": 11,
    "lat": 52.5209881,
    "lon": 13.6424635,
    "parity": "L",
    "proj_lat": 52.52078239683718,
    "proj_lon": 13.642852885380709,
    "marker-color": "#3366ff",
    "marker-symbol": "o"
  },
  {
    "rowid": 261406,
    "id": 39074,
    "source": "OA",
    "source_id": "3cde417409857e1b",
    "housenumber": 12,
    "lat": 52.5207631,
    "lon": 13.6431196,
    "parity": "R",
    "proj_lat": 52.520851734676846,
    "proj_lon": 13.642951820888637,
    "marker-color": "#ff0000",
    "marker-symbol": "e"
  },
  {
    "rowid": 261406,
    "id": 39074,
    "source": "OA",
    "source_id": "3cde417409857e1b",
    "housenumber": 12,
    "lat": 52.5207631,
    "lon": 13.6431196,
    "parity": "R",
    "proj_lat": 52.520851734676846,
    "proj_lon": 13.642951820888637,
    "marker-color": "#ff0000",
    "marker-symbol": "e"
  },
  {
    "rowid": 261407,
    "id": 39074,
    "source": "OA",
    "source_id": "adeba23294871532",
    "housenumber": 12.03,
    "lat": 52.5206439,
    "lon": 13.6433383,
    "parity": "R",
    "proj_lat": 52.52084964569815,
    "proj_lon": 13.642948840204944,
    "marker-color": "#ff0000",
    "marker-symbol": "e"
  },
  {
    "rowid": 261407,
    "id": 39074,
    "source": "OA",
    "source_id": "adeba23294871532",
    "housenumber": 12.03,
    "lat": 52.5206439,
    "lon": 13.6433383,
    "parity": "R",
    "proj_lat": 52.52084964569815,
    "proj_lon": 13.642948840204944,
    "marker-color": "#ff0000",
    "marker-symbol": "e"
  },
  {
    "rowid": 256619,
    "id": 39074,
    "source": "OA",
    "source_id": "b4490210c74b7011",
    "housenumber": 13,
    "lat": 52.521037,
    "lon": 13.6429013,
    "parity": "L",
    "proj_lat": 52.520942154657604,
    "proj_lon": 13.643080837696294,
    "marker-color": "#3366ff",
    "marker-symbol": "o"
  },
  {
    "rowid": 256619,
    "id": 39074,
    "source": "OA",
    "source_id": "b4490210c74b7011",
    "housenumber": 13,
    "lat": 52.521037,
    "lon": 13.6429013,
    "parity": "L",
    "proj_lat": 52.520942154657604,
    "proj_lon": 13.643080837696294,
    "marker-color": "#3366ff",
    "marker-symbol": "o"
  },
  {
    "rowid": 256620,
    "id": 39074,
    "source": "OA",
    "source_id": "30256ce9afd9f253",
    "housenumber": 13.03,
    "lat": 52.5211483,
    "lon": 13.6426989,
    "parity": "L",
    "proj_lat": 52.520944651041354,
    "proj_lon": 13.643084399690656,
    "marker-color": "#3366ff",
    "marker-symbol": "o"
  },
  {
    "rowid": 256620,
    "id": 39074,
    "source": "OA",
    "source_id": "30256ce9afd9f253",
    "housenumber": 13.03,
    "lat": 52.5211483,
    "lon": 13.6426989,
    "parity": "L",
    "proj_lat": 52.520944651041354,
    "proj_lon": 13.643084399690656,
    "marker-color": "#3366ff",
    "marker-symbol": "o"
  },
  {
    "rowid": 256621,
    "id": 39074,
    "source": "OA",
    "source_id": "a08f75d1d6b4b86b",
    "housenumber": 14,
    "lat": 52.5208973,
    "lon": 13.6433277,
    "parity": "R",
    "proj_lat": 52.52099093923295,
    "proj_lon": 13.64315044653851,
    "marker-color": "#ff0000",
    "marker-symbol": "e"
  },
  {
    "rowid": 256621,
    "id": 39074,
    "source": "OA",
    "source_id": "a08f75d1d6b4b86b",
    "housenumber": 14,
    "lat": 52.5208973,
    "lon": 13.6433277,
    "parity": "R",
    "proj_lat": 52.52099093923295,
    "proj_lon": 13.64315044653851,
    "marker-color": "#ff0000",
    "marker-symbol": "e"
  },
  {
    "rowid": 261533,
    "id": 39074,
    "source": "OA",
    "source_id": "6808efcb1774ab1f",
    "housenumber": 15,
    "lat": 52.5211476,
    "lon": 13.6430663,
    "parity": "L",
    "proj_lat": 52.52105492043538,
    "proj_lon": 13.643241738865916,
    "marker-color": "#3366ff",
    "marker-symbol": "o"
  },
  {
    "rowid": 261533,
    "id": 39074,
    "source": "OA",
    "source_id": "6808efcb1774ab1f",
    "housenumber": 15,
    "lat": 52.5211476,
    "lon": 13.6430663,
    "parity": "L",
    "proj_lat": 52.52105492043538,
    "proj_lon": 13.643241738865916,
    "marker-color": "#3366ff",
    "marker-symbol": "o"
  },
  {
    "rowid": 261534,
    "id": 39074,
    "source": "OA",
    "source_id": "06beb886646c9447",
    "housenumber": 15.03,
    "lat": 52.5211912,
    "lon": 13.6431387,
    "parity": "L",
    "proj_lat": 52.52110158962469,
    "proj_lon": 13.64330832934481,
    "marker-color": "#3366ff",
    "marker-symbol": "o"
  },
  {
    "rowid": 261534,
    "id": 39074,
    "source": "OA",
    "source_id": "06beb886646c9447",
    "housenumber": 15.03,
    "lat": 52.5211912,
    "lon": 13.6431387,
    "parity": "L",
    "proj_lat": 52.52110158962469,
    "proj_lon": 13.64330832934481,
    "marker-color": "#3366ff",
    "marker-symbol": "o"
  },
  {
    "rowid": 256622,
    "id": 39074,
    "source": "OA",
    "source_id": "5402e85ca1eaf1ce",
    "housenumber": 16,
    "lat": 52.5210588,
    "lon": 13.6435205,
    "parity": "R",
    "proj_lat": 52.52114110141453,
    "proj_lon": 13.643364707204505,
    "marker-color": "#ff0000",
    "marker-symbol": "e"
  },
  {
    "rowid": 256622,
    "id": 39074,
    "source": "OA",
    "source_id": "5402e85ca1eaf1ce",
    "housenumber": 16,
    "lat": 52.5210588,
    "lon": 13.6435205,
    "parity": "R",
    "proj_lat": 52.52114110141453,
    "proj_lon": 13.643364707204505,
    "marker-color": "#ff0000",
    "marker-symbol": "e"
  },
  {
    "rowid": 256623,
    "id": 39074,
    "source": "OA",
    "source_id": "4983865d08aecfcf",
    "housenumber": 17,
    "lat": 52.5213339,
    "lon": 13.6433343,
    "parity": "L",
    "proj_lat": 52.52124187623604,
    "proj_lon": 13.643508498937862,
    "marker-color": "#3366ff",
    "marker-symbol": "o"
  },
  {
    "rowid": 256623,
    "id": 39074,
    "source": "OA",
    "source_id": "4983865d08aecfcf",
    "housenumber": 17,
    "lat": 52.5213339,
    "lon": 13.6433343,
    "parity": "L",
    "proj_lat": 52.52124187623604,
    "proj_lon": 13.643508498937862,
    "marker-color": "#3366ff",
    "marker-symbol": "o"
  },
  {
    "rowid": 261793,
    "id": 39074,
    "source": "OA",
    "source_id": "f3acb484ba627cab",
    "housenumber": 20,
    "lat": 52.5212526,
    "lon": 13.6438363,
    "parity": "R",
    "proj_lat": 52.52134673117648,
    "proj_lon": 13.643658112436647,
    "marker-color": "#ff0000",
    "marker-symbol": "e"
  },
  {
    "rowid": 261793,
    "id": 39074,
    "source": "OA",
    "source_id": "f3acb484ba627cab",
    "housenumber": 20,
    "lat": 52.5212526,
    "lon": 13.6438363,
    "parity": "R",
    "proj_lat": 52.52134673117648,
    "proj_lon": 13.643658112436647,
    "marker-color": "#ff0000",
    "marker-symbol": "e"
  },
  {
    "rowid": 268412,
    "id": 39074,
    "source": "OA",
    "source_id": "af3628ea63251b68",
    "housenumber": 21,
    "lat": 52.5217415,
    "lon": 13.6437827,
    "parity": "L",
    "proj_lat": 52.521607803621734,
    "proj_lon": 13.6440328983763,
    "marker-color": "#3366ff",
    "marker-symbol": "o"
  },
  {
    "rowid": 268412,
    "id": 39074,
    "source": "OA",
    "source_id": "af3628ea63251b68",
    "housenumber": 21,
    "lat": 52.5217415,
    "lon": 13.6437827,
    "parity": "L",
    "proj_lat": 52.521607803621734,
    "proj_lon": 13.6440328983763,
    "marker-color": "#3366ff",
    "marker-symbol": "o"
  },
  {
    "rowid": 256624,
    "id": 39074,
    "source": "OA",
    "source_id": "4f0479abbab59752",
    "housenumber": 22,
    "lat": 52.5214461,
    "lon": 13.6445117,
    "parity": "R",
    "proj_lat": 52.521660958975176,
    "proj_lon": 13.6441096199701,
    "marker-color": "#ff0000",
    "marker-symbol": "e"
  },
  {
    "rowid": 256624,
    "id": 39074,
    "source": "OA",
    "source_id": "4f0479abbab59752",
    "housenumber": 22,
    "lat": 52.5214461,
    "lon": 13.6445117,
    "parity": "R",
    "proj_lat": 52.521660958975176,
    "proj_lon": 13.6441096199701,
    "marker-color": "#ff0000",
    "marker-symbol": "e"
  },
  {
    "rowid": 256625,
    "id": 39074,
    "source": "OA",
    "source_id": "b6eceec627b3fe64",
    "housenumber": 23,
    "lat": 52.5218798,
    "lon": 13.6438875,
    "parity": "L",
    "proj_lat": 52.52171750018886,
    "proj_lon": 13.644191228533469,
    "marker-color": "#3366ff",
    "marker-symbol": "o"
  },
  {
    "rowid": 256625,
    "id": 39074,
    "source": "OA",
    "source_id": "b6eceec627b3fe64",
    "housenumber": 23,
    "lat": 52.5218798,
    "lon": 13.6438875,
    "parity": "L",
    "proj_lat": 52.52171750018886,
    "proj_lon": 13.644191228533469,
    "marker-color": "#3366ff",
    "marker-symbol": "o"
  },
  {
    "rowid": 256626,
    "id": 39074,
    "source": "OA",
    "source_id": "0de08107898ce751",
    "housenumber": 24,
    "lat": 52.5216344,
    "lon": 13.6445998,
    "parity": "R",
    "proj_lat": 52.521793844021154,
    "proj_lon": 13.644301419137257,
    "marker-color": "#ff0000",
    "marker-symbol": "e"
  },
  {
    "rowid": 256626,
    "id": 39074,
    "source": "OA",
    "source_id": "0de08107898ce751",
    "housenumber": 24,
    "lat": 52.5216344,
    "lon": 13.6445998,
    "parity": "R",
    "proj_lat": 52.521793844021154,
    "proj_lon": 13.644301419137257,
    "marker-color": "#ff0000",
    "marker-symbol": "e"
  },
  {
    "rowid": 256627,
    "id": 39074,
    "source": "OA",
    "source_id": "9236c6d79b120950",
    "housenumber": 25,
    "lat": 52.5219741,
    "lon": 13.6442166,
    "parity": "L",
    "proj_lat": 52.52187002274697,
    "proj_lon": 13.644411371435185,
    "marker-color": "#3366ff",
    "marker-symbol": "o"
  },
  {
    "rowid": 256627,
    "id": 39074,
    "source": "OA",
    "source_id": "9236c6d79b120950",
    "housenumber": 25,
    "lat": 52.5219741,
    "lon": 13.6442166,
    "parity": "L",
    "proj_lat": 52.52187002274697,
    "proj_lon": 13.644411371435185,
    "marker-color": "#3366ff",
    "marker-symbol": "o"
  },
  {
    "rowid": 256628,
    "id": 39074,
    "source": "OA",
    "source_id": "1fa575d72ffe352f",
    "housenumber": 26,
    "lat": 52.5218012,
    "lon": 13.6446417,
    "parity": "R",
    "proj_lat": 52.52190065372681,
    "proj_lon": 13.644455582552988,
    "marker-color": "#ff0000",
    "marker-symbol": "e"
  },
  {
    "rowid": 256628,
    "id": 39074,
    "source": "OA",
    "source_id": "1fa575d72ffe352f",
    "housenumber": 26,
    "lat": 52.5218012,
    "lon": 13.6446417,
    "parity": "R",
    "proj_lat": 52.52190065372681,
    "proj_lon": 13.644455582552988,
    "marker-color": "#ff0000",
    "marker-symbol": "e"
  },
  {
    "rowid": 256629,
    "id": 39074,
    "source": "OA",
    "source_id": "7b53ccc3d27da3bd",
    "housenumber": 27,
    "lat": 52.5222253,
    "lon": 13.6441919,
    "parity": "L",
    "proj_lat": 52.522004392547366,
    "proj_lon": 13.644605313617438,
    "marker-color": "#3366ff",
    "marker-symbol": "o"
  },
  {
    "rowid": 256629,
    "id": 39074,
    "source": "OA",
    "source_id": "7b53ccc3d27da3bd",
    "housenumber": 27,
    "lat": 52.5222253,
    "lon": 13.6441919,
    "parity": "L",
    "proj_lat": 52.522004392547366,
    "proj_lon": 13.644605313617438,
    "marker-color": "#3366ff",
    "marker-symbol": "o"
  },
  {
    "rowid": 256630,
    "id": 39074,
    "source": "OA",
    "source_id": "18dfdd4e934d40e6",
    "housenumber": 28,
    "lat": 52.5218424,
    "lon": 13.6450022,
    "parity": "R",
    "proj_lat": 52.522032670231226,
    "proj_lon": 13.644646128113717,
    "marker-color": "#ff0000",
    "marker-symbol": "e"
  },
  {
    "rowid": 256630,
    "id": 39074,
    "source": "OA",
    "source_id": "18dfdd4e934d40e6",
    "housenumber": 28,
    "lat": 52.5218424,
    "lon": 13.6450022,
    "parity": "R",
    "proj_lat": 52.522032670231226,
    "proj_lon": 13.644646128113717,
    "marker-color": "#ff0000",
    "marker-symbol": "e"
  },
  {
    "rowid": 261794,
    "id": 39074,
    "source": "OA",
    "source_id": "48416df34c2fa67d",
    "housenumber": 29,
    "lat": 52.5222504,
    "lon": 13.6446636,
    "parity": "L",
    "proj_lat": 52.52216086542488,
    "proj_lon": 13.644831158198885,
    "marker-color": "#3366ff",
    "marker-symbol": "o"
  },
  {
    "rowid": 261794,
    "id": 39074,
    "source": "OA",
    "source_id": "48416df34c2fa67d",
    "housenumber": 29,
    "lat": 52.5222504,
    "lon": 13.6446636,
    "parity": "L",
    "proj_lat": 52.52216086542488,
    "proj_lon": 13.644831158198885,
    "marker-color": "#3366ff",
    "marker-symbol": "o"
  },
  {
    "rowid": 256631,
    "id": 39074,
    "source": "OA",
    "source_id": "9b429fa2a4960459",
    "housenumber": 29.03,
    "lat": 52.5223642,
    "lon": 13.6444393,
    "parity": "L",
    "proj_lat": 52.52215744782042,
    "proj_lon": 13.644826225411421,
    "marker-color": "#3366ff",
    "marker-symbol": "o"
  },
  {
    "rowid": 256631,
    "id": 39074,
    "source": "OA",
    "source_id": "9b429fa2a4960459",
    "housenumber": 29.03,
    "lat": 52.5223642,
    "lon": 13.6444393,
    "parity": "L",
    "proj_lat": 52.52215744782042,
    "proj_lon": 13.644826225411421,
    "marker-color": "#3366ff",
    "marker-symbol": "o"
  },
  {
    "rowid": 256632,
    "id": 39074,
    "source": "OA",
    "source_id": "f1cd04bd82d788e7",
    "housenumber": 30,
    "lat": 52.5220701,
    "lon": 13.6450335,
    "parity": "R",
    "proj_lat": 52.522170664467176,
    "proj_lon": 13.644845301612376,
    "marker-color": "#ff0000",
    "marker-symbol": "e"
  },
  {
    "rowid": 256632,
    "id": 39074,
    "source": "OA",
    "source_id": "f1cd04bd82d788e7",
    "housenumber": 30,
    "lat": 52.5220701,
    "lon": 13.6450335,
    "parity": "R",
    "proj_lat": 52.522170664467176,
    "proj_lon": 13.644845301612376,
    "marker-color": "#ff0000",
    "marker-symbol": "e"
  },
  {
    "rowid": 256633,
    "id": 39074,
    "source": "OA",
    "source_id": "8c0dfd57e2691227",
    "housenumber": 30.03,
    "lat": 52.5219368,
    "lon": 13.645389,
    "parity": "R",
    "proj_lat": 52.52220265546255,
    "proj_lon": 13.644891475703849,
    "marker-color": "#ff0000",
    "marker-symbol": "e"
  },
  {
    "rowid": 256633,
    "id": 39074,
    "source": "OA",
    "source_id": "8c0dfd57e2691227",
    "housenumber": 30.03,
    "lat": 52.5219368,
    "lon": 13.645389,
    "parity": "R",
    "proj_lat": 52.52220265546255,
    "proj_lon": 13.644891475703849,
    "marker-color": "#ff0000",
    "marker-symbol": "e"
  },
  {
    "rowid": 261795,
    "id": 39074,
    "source": "OA",
    "source_id": "02abfcea282e5583",
    "housenumber": 31,
    "lat": 52.5223558,
    "lon": 13.6448176,
    "parity": "L",
    "proj_lat": 52.52226683019109,
    "proj_lon": 13.644984102074227,
    "marker-color": "#3366ff",
    "marker-symbol": "o"
  },
  {
    "rowid": 261795,
    "id": 39074,
    "source": "OA",
    "source_id": "02abfcea282e5583",
    "housenumber": 31,
    "lat": 52.5223558,
    "lon": 13.6448176,
    "parity": "L",
    "proj_lat": 52.52226683019109,
    "proj_lon": 13.644984102074227,
    "marker-color": "#3366ff",
    "marker-symbol": "o"
  },
  {
    "rowid": 261796,
    "id": 39074,
    "source": "OA",
    "source_id": "4c132e5a3fa53d6c",
    "housenumber": 31.03,
    "lat": 52.5223904,
    "lon": 13.6448689,
    "parity": "L",
    "proj_lat": 52.522301840615704,
    "proj_lon": 13.645034634248354,
    "marker-color": "#3366ff",
    "marker-symbol": "o"
  },
  {
    "rowid": 261796,
    "id": 39074,
    "source": "OA",
    "source_id": "4c132e5a3fa53d6c",
    "housenumber": 31.03,
    "lat": 52.5223904,
    "lon": 13.6448689,
    "parity": "L",
    "proj_lat": 52.522301840615704,
    "proj_lon": 13.645034634248354,
    "marker-color": "#3366ff",
    "marker-symbol": "o"
  },
  {
    "rowid": 262960,
    "id": 39074,
    "source": "OA",
    "source_id": "9a4997af80916f78",
    "housenumber": 32,
    "lat": 52.5221599,
    "lon": 13.6454887,
    "parity": "R",
    "proj_lat": 52.52235868735257,
    "proj_lon": 13.645116683787544,
    "marker-color": "#ff0000",
    "marker-symbol": "e"
  },
  {
    "rowid": 262960,
    "id": 39074,
    "source": "OA",
    "source_id": "9a4997af80916f78",
    "housenumber": 32,
    "lat": 52.5221599,
    "lon": 13.6454887,
    "parity": "R",
    "proj_lat": 52.52235868735257,
    "proj_lon": 13.645116683787544,
    "marker-color": "#ff0000",
    "marker-symbol": "e"
  },
  {
    "rowid": 264845,
    "id": 39074,
    "source": "OA",
    "source_id": "409d5ffbfd88207b",
    "housenumber": 33,
    "lat": 52.5224699,
    "lon": 13.6450658,
    "parity": "L",
    "proj_lat": 52.5224061247747,
    "proj_lon": 13.645185152425144,
    "marker-color": "#3366ff",
    "marker-symbol": "o"
  },
  {
    "rowid": 264845,
    "id": 39074,
    "source": "OA",
    "source_id": "409d5ffbfd88207b",
    "housenumber": 33,
    "lat": 52.5224699,
    "lon": 13.6450658,
    "parity": "L",
    "proj_lat": 52.5224061247747,
    "proj_lon": 13.645185152425144,
    "marker-color": "#3366ff",
    "marker-symbol": "o"
  },
  {
    "rowid": 261797,
    "id": 39074,
    "source": "OA",
    "source_id": "5b12d119b0779f34",
    "housenumber": 34,
    "lat": 52.522344,
    "lon": 13.6455269,
    "parity": "R",
    "proj_lat": 52.522474148555304,
    "proj_lon": 13.645283334311374,
    "marker-color": "#ff0000",
    "marker-symbol": "e"
  },
  {
    "rowid": 261797,
    "id": 39074,
    "source": "OA",
    "source_id": "5b12d119b0779f34",
    "housenumber": 34,
    "lat": 52.522344,
    "lon": 13.6455269,
    "parity": "R",
    "proj_lat": 52.522474148555304,
    "proj_lon": 13.645283334311374,
    "marker-color": "#ff0000",
    "marker-symbol": "e"
  },
  {
    "rowid": 262961,
    "id": 39074,
    "source": "OA",
    "source_id": "19791ea060b9b779",
    "housenumber": 35,
    "lat": 52.5227979,
    "lon": 13.6449868,
    "parity": "L",
    "proj_lat": 52.522567474881534,
    "proj_lon": 13.645418036538498,
    "marker-color": "#3366ff",
    "marker-symbol": "o"
  },
  {
    "rowid": 262961,
    "id": 39074,
    "source": "OA",
    "source_id": "19791ea060b9b779",
    "housenumber": 35,
    "lat": 52.5227979,
    "lon": 13.6449868,
    "parity": "L",
    "proj_lat": 52.522567474881534,
    "proj_lon": 13.645418036538498,
    "marker-color": "#3366ff",
    "marker-symbol": "o"
  },
  {
    "rowid": 264846,
    "id": 39074,
    "source": "OA",
    "source_id": "2c65a80659207b34",
    "housenumber": 36,
    "lat": 52.5225259,
    "lon": 13.6455822,
    "parity": "R",
    "proj_lat": 52.52259352701773,
    "proj_lon": 13.645455638798325,
    "marker-color": "#ff0000",
    "marker-symbol": "e"
  },
  {
    "rowid": 264846,
    "id": 39074,
    "source": "OA",
    "source_id": "2c65a80659207b34",
    "housenumber": 36,
    "lat": 52.5225259,
    "lon": 13.6455822,
    "parity": "R",
    "proj_lat": 52.52259352701773,
    "proj_lon": 13.645455638798325,
    "marker-color": "#ff0000",
    "marker-symbol": "e"
  },
  {
    "rowid": 256634,
    "id": 39074,
    "source": "OA",
    "source_id": "9cb3f6e84a041df4",
    "housenumber": 37,
    "lat": 52.5229503,
    "lon": 13.6451549,
    "parity": "L",
    "proj_lat": 52.522704229183056,
    "proj_lon": 13.645615420382137,
    "marker-color": "#3366ff",
    "marker-symbol": "o"
  },
  {
    "rowid": 256634,
    "id": 39074,
    "source": "OA",
    "source_id": "9cb3f6e84a041df4",
    "housenumber": 37,
    "lat": 52.5229503,
    "lon": 13.6451549,
    "parity": "L",
    "proj_lat": 52.522704229183056,
    "proj_lon": 13.645615420382137,
    "marker-color": "#3366ff",
    "marker-symbol": "o"
  },
  {
    "rowid": 256635,
    "id": 39074,
    "source": "OA",
    "source_id": "26b8287a88881964",
    "housenumber": 39,
    "lat": 52.5229891,
    "lon": 13.6457616,
    "parity": "L",
    "proj_lat": 52.52290916031339,
    "proj_lon": 13.645911207013599,
    "marker-color": "#3366ff",
    "marker-symbol": "o"
  },
  {
    "rowid": 256635,
    "id": 39074,
    "source": "OA",
    "source_id": "26b8287a88881964",
    "housenumber": 39,
    "lat": 52.5229891,
    "lon": 13.6457616,
    "parity": "L",
    "proj_lat": 52.52290916031339,
    "proj_lon": 13.645911207013599,
    "marker-color": "#3366ff",
    "marker-symbol": "o"
  },
  {
    "rowid": 264847,
    "id": 39074,
    "source": "OA",
    "source_id": "b9371904cc8dbba6",
    "housenumber": 40,
    "lat": 52.522744,
    "lon": 13.6458991,
    "parity": "R",
    "proj_lat": 52.52281226200457,
    "proj_lon": 13.645771349177876,
    "marker-color": "#ff0000",
    "marker-symbol": "e"
  },
  {
    "rowid": 264847,
    "id": 39074,
    "source": "OA",
    "source_id": "b9371904cc8dbba6",
    "housenumber": 40,
    "lat": 52.522744,
    "lon": 13.6458991,
    "parity": "R",
    "proj_lat": 52.52281226200457,
    "proj_lon": 13.645771349177876,
    "marker-color": "#ff0000",
    "marker-symbol": "e"
  }
]
