[
  {
    "rowid": 151346,
    "id": 24704,
    "source": "OA",
    "source_id": "0ad414a5261f7a58",
    "housenumber": 3,
    "lat": 52.4931857,
    "lon": 13.5775147,
    "parity": "L",
    "proj_lat": 52.493293133234644,
    "proj_lon": 13.577589585174131,
    "marker-color": "#3366ff",
    "marker-symbol": "o"
  },
  {
    "rowid": 151346,
    "id": 24704,
    "source": "OA",
    "source_id": "0ad414a5261f7a58",
    "housenumber": 3,
    "lat": 52.4931857,
    "lon": 13.5775147,
    "parity": "L",
    "proj_lat": 52.493293133234644,
    "proj_lon": 13.577589585174131,
    "marker-color": "#3366ff",
    "marker-symbol": "o"
  },
  {
    "rowid": 102435,
    "id": 24704,
    "source": "OA",
    "source_id": "a6186fde01d9234b",
    "housenumber": 3.03,
    "lat": 52.4929923,
    "lon": 13.577389,
    "parity": "L",
    "proj_lat": 52.493291139493714,
    "proj_lon": 13.577597301004435,
    "marker-color": "#3366ff",
    "marker-symbol": "o"
  },
  {
    "rowid": 102435,
    "id": 24704,
    "source": "OA",
    "source_id": "a6186fde01d9234b",
    "housenumber": 3.03,
    "lat": 52.4929923,
    "lon": 13.577389,
    "parity": "L",
    "proj_lat": 52.493291139493714,
    "proj_lon": 13.577597301004435,
    "marker-color": "#3366ff",
    "marker-symbol": "o"
  },
  {
    "rowid": 102436,
    "id": 24704,
    "source": "OA",
    "source_id": "510da1f565cacba9",
    "housenumber": 4,
    "lat": 52.4931426,
    "lon": 13.5777621,
    "parity": "L",
    "proj_lat": 52.49323238476203,
    "proj_lon": 13.577824683374518,
    "marker-color": "#3366ff",
    "marker-symbol": "e"
  },
  {
    "rowid": 102436,
    "id": 24704,
    "source": "OA",
    "source_id": "510da1f565cacba9",
    "housenumber": 4,
    "lat": 52.4931426,
    "lon": 13.5777621,
    "parity": "L",
    "proj_lat": 52.49323238476203,
    "proj_lon": 13.577824683374518,
    "marker-color": "#3366ff",
    "marker-symbol": "e"
  },
  {
    "rowid": 102437,
    "id": 24704,
    "source": "OA",
    "source_id": "fddbdb81fc6e410f",
    "housenumber": 4.03,
    "lat": 52.4929455,
    "lon": 13.5776883,
    "parity": "L",
    "proj_lat": 52.49321846237263,
    "proj_lon": 13.577878563390781,
    "marker-color": "#3366ff",
    "marker-symbol": "e"
  },
  {
    "rowid": 102437,
    "id": 24704,
    "source": "OA",
    "source_id": "fddbdb81fc6e410f",
    "housenumber": 4.03,
    "lat": 52.4929455,
    "lon": 13.5776883,
    "parity": "L",
    "proj_lat": 52.49321846237263,
    "proj_lon": 13.577878563390781,
    "marker-color": "#3366ff",
    "marker-symbol": "e"
  },
  {
    "rowid": 102438,
    "id": 24704,
    "source": "OA",
    "source_id": "f2e118ddd8ae840d",
    "housenumber": 5,
    "lat": 52.4929206,
    "lon": 13.5779081,
    "parity": "L",
    "proj_lat": 52.49316653487641,
    "proj_lon": 13.578079524178563,
    "marker-color": "#3366ff",
    "marker-symbol": "o"
  },
  {
    "rowid": 102438,
    "id": 24704,
    "source": "OA",
    "source_id": "f2e118ddd8ae840d",
    "housenumber": 5,
    "lat": 52.4929206,
    "lon": 13.5779081,
    "parity": "L",
    "proj_lat": 52.49316653487641,
    "proj_lon": 13.578079524178563,
    "marker-color": "#3366ff",
    "marker-symbol": "o"
  },
  {
    "rowid": 102439,
    "id": 24704,
    "source": "OA",
    "source_id": "9fd3795d9b7ce2c6",
    "housenumber": 6,
    "lat": 52.4929744,
    "lon": 13.5783345,
    "parity": "L",
    "proj_lat": 52.49308138159267,
    "proj_lon": 13.578409069645364,
    "marker-color": "#3366ff",
    "marker-symbol": "e"
  },
  {
    "rowid": 102439,
    "id": 24704,
    "source": "OA",
    "source_id": "9fd3795d9b7ce2c6",
    "housenumber": 6,
    "lat": 52.4929744,
    "lon": 13.5783345,
    "parity": "L",
    "proj_lat": 52.49308138159267,
    "proj_lon": 13.578409069645364,
    "marker-color": "#3366ff",
    "marker-symbol": "e"
  },
  {
    "rowid": 166270,
    "id": 24704,
    "source": "OA",
    "source_id": "33e15457c4b20d95",
    "housenumber": 7,
    "lat": 52.4929059,
    "lon": 13.5785981,
    "parity": "L",
    "proj_lat": 52.49301320938567,
    "proj_lon": 13.578672897894718,
    "marker-color": "#3366ff",
    "marker-symbol": "o"
  },
  {
    "rowid": 166270,
    "id": 24704,
    "source": "OA",
    "source_id": "33e15457c4b20d95",
    "housenumber": 7,
    "lat": 52.4929059,
    "lon": 13.5785981,
    "parity": "L",
    "proj_lat": 52.49301320938567,
    "proj_lon": 13.578672897894718,
    "marker-color": "#3366ff",
    "marker-symbol": "o"
  },
  {
    "rowid": 168175,
    "id": 24704,
    "source": "OA",
    "source_id": "1dc986165f5cb0ff",
    "housenumber": 8,
    "lat": 52.492828,
    "lon": 13.5789075,
    "parity": "L",
    "proj_lat": 52.49292206846441,
    "proj_lon": 13.578999213400596,
    "marker-color": "#3366ff",
    "marker-symbol": "e"
  },
  {
    "rowid": 168175,
    "id": 24704,
    "source": "OA",
    "source_id": "1dc986165f5cb0ff",
    "housenumber": 8,
    "lat": 52.492828,
    "lon": 13.5789075,
    "parity": "L",
    "proj_lat": 52.49292206846441,
    "proj_lon": 13.578999213400596,
    "marker-color": "#3366ff",
    "marker-symbol": "e"
  },
  {
    "rowid": 102440,
    "id": 24704,
    "source": "OA",
    "source_id": "87954c0543531162",
    "housenumber": 9,
    "lat": 52.4926567,
    "lon": 13.5790802,
    "parity": "L",
    "proj_lat": 52.49283127934781,
    "proj_lon": 13.579250407316833,
    "marker-color": "#3366ff",
    "marker-symbol": "o"
  },
  {
    "rowid": 102440,
    "id": 24704,
    "source": "OA",
    "source_id": "87954c0543531162",
    "housenumber": 9,
    "lat": 52.4926567,
    "lon": 13.5790802,
    "parity": "L",
    "proj_lat": 52.49283127934781,
    "proj_lon": 13.579250407316833,
    "marker-color": "#3366ff",
    "marker-symbol": "o"
  },
  {
    "rowid": 144036,
    "id": 24704,
    "source": "OA",
    "source_id": "ef721c3701c5ad80",
    "housenumber": 10,
    "lat": 52.492949,
    "lon": 13.5794678,
    "parity": "R",
    "proj_lat": 52.492803854079945,
    "proj_lon": 13.57932628712158,
    "marker-color": "#ff0000",
    "marker-symbol": "e"
  },
  {
    "rowid": 144036,
    "id": 24704,
    "source": "OA",
    "source_id": "ef721c3701c5ad80",
    "housenumber": 10,
    "lat": 52.492949,
    "lon": 13.5794678,
    "parity": "R",
    "proj_lat": 52.492803854079945,
    "proj_lon": 13.57932628712158,
    "marker-color": "#ff0000",
    "marker-symbol": "e"
  },
  {
    "rowid": 102441,
    "id": 24704,
    "source": "OA",
    "source_id": "b77eb19e69e11e02",
    "housenumber": 11,
    "lat": 52.4930275,
    "lon": 13.5792136,
    "parity": "R",
    "proj_lat": 52.49289224459906,
    "proj_lon": 13.579081729607543,
    "marker-color": "#ff0000",
    "marker-symbol": "o"
  },
  {
    "rowid": 102441,
    "id": 24704,
    "source": "OA",
    "source_id": "b77eb19e69e11e02",
    "housenumber": 11,
    "lat": 52.4930275,
    "lon": 13.5792136,
    "parity": "R",
    "proj_lat": 52.49289224459906,
    "proj_lon": 13.579081729607543,
    "marker-color": "#ff0000",
    "marker-symbol": "o"
  },
  {
    "rowid": 102442,
    "id": 24704,
    "source": "OA",
    "source_id": "d186a67877641790",
    "housenumber": 11.03,
    "lat": 52.493393,
    "lon": 13.5795608,
    "parity": "R",
    "proj_lat": 52.49289469285608,
    "proj_lon": 13.579074955808094,
    "marker-color": "#ff0000",
    "marker-symbol": "o"
  },
  {
    "rowid": 102442,
    "id": 24704,
    "source": "OA",
    "source_id": "d186a67877641790",
    "housenumber": 11.03,
    "lat": 52.493393,
    "lon": 13.5795608,
    "parity": "R",
    "proj_lat": 52.49289469285608,
    "proj_lon": 13.579074955808094,
    "marker-color": "#ff0000",
    "marker-symbol": "o"
  },
  {
    "rowid": 102443,
    "id": 24704,
    "source": "OA",
    "source_id": "9f26e13311cfd8c5",
    "housenumber": 12,
    "lat": 52.4934705,
    "lon": 13.5793289,
    "parity": "R",
    "proj_lat": 52.492946,
    "proj_lon": 13.578933,
    "marker-color": "#ff0000",
    "marker-symbol": "e"
  },
  {
    "rowid": 102443,
    "id": 24704,
    "source": "OA",
    "source_id": "9f26e13311cfd8c5",
    "housenumber": 12,
    "lat": 52.4934705,
    "lon": 13.5793289,
    "parity": "R",
    "proj_lat": 52.492946,
    "proj_lon": 13.578933,
    "marker-color": "#ff0000",
    "marker-symbol": "e"
  },
  {
    "rowid": 164728,
    "id": 24704,
    "source": "OA",
    "source_id": "0e889ed2e2e94999",
    "housenumber": 12.03,
    "lat": 52.4931787,
    "lon": 13.5790508,
    "parity": "R",
    "proj_lat": 52.49295572199029,
    "proj_lon": 13.578895375639712,
    "marker-color": "#ff0000",
    "marker-symbol": "e"
  },
  {
    "rowid": 164728,
    "id": 24704,
    "source": "OA",
    "source_id": "0e889ed2e2e94999",
    "housenumber": 12.03,
    "lat": 52.4931787,
    "lon": 13.5790508,
    "parity": "R",
    "proj_lat": 52.49295572199029,
    "proj_lon": 13.578895375639712,
    "marker-color": "#ff0000",
    "marker-symbol": "e"
  },
  {
    "rowid": 164729,
    "id": 24704,
    "source": "OA",
    "source_id": "1ad8ca23c9f9c920",
    "housenumber": 12.06,
    "lat": 52.4930978,
    "lon": 13.5789854,
    "parity": "R",
    "proj_lat": 52.49295769463306,
    "proj_lon": 13.57888774145987,
    "marker-color": "#ff0000",
    "marker-symbol": "e"
  },
  {
    "rowid": 164729,
    "id": 24704,
    "source": "OA",
    "source_id": "1ad8ca23c9f9c920",
    "housenumber": 12.06,
    "lat": 52.4930978,
    "lon": 13.5789854,
    "parity": "R",
    "proj_lat": 52.49295769463306,
    "proj_lon": 13.57888774145987,
    "marker-color": "#ff0000",
    "marker-symbol": "e"
  },
  {
    "rowid": 102444,
    "id": 24704,
    "source": "OA",
    "source_id": "5545568ed66c1bdb",
    "housenumber": 13,
    "lat": 52.4934774,
    "lon": 13.5789713,
    "parity": "R",
    "proj_lat": 52.493018718652365,
    "proj_lon": 13.578651576886479,
    "marker-color": "#ff0000",
    "marker-symbol": "o"
  },
  {
    "rowid": 102444,
    "id": 24704,
    "source": "OA",
    "source_id": "5545568ed66c1bdb",
    "housenumber": 13,
    "lat": 52.4934774,
    "lon": 13.5789713,
    "parity": "R",
    "proj_lat": 52.493018718652365,
    "proj_lon": 13.578651576886479,
    "marker-color": "#ff0000",
    "marker-symbol": "o"
  },
  {
    "rowid": 102445,
    "id": 24704,
    "source": "OA",
    "source_id": "c2456f57316cbdf5",
    "housenumber": 13.03,
    "lat": 52.4931691,
    "lon": 13.5787427,
    "parity": "R",
    "proj_lat": 52.49302171806195,
    "proj_lon": 13.578639969091833,
    "marker-color": "#ff0000",
    "marker-symbol": "o"
  },
  {
    "rowid": 102445,
    "id": 24704,
    "source": "OA",
    "source_id": "c2456f57316cbdf5",
    "housenumber": 13.03,
    "lat": 52.4931691,
    "lon": 13.5787427,
    "parity": "R",
    "proj_lat": 52.49302171806195,
    "proj_lon": 13.578639969091833,
    "marker-color": "#ff0000",
    "marker-symbol": "o"
  },
  {
    "rowid": 102446,
    "id": 24704,
    "source": "OA",
    "source_id": "805033bb45f96102",
    "housenumber": 14,
    "lat": 52.4934728,
    "lon": 13.5786579,
    "parity": "R",
    "proj_lat": 52.49308663816844,
    "proj_lon": 13.578388726557668,
    "marker-color": "#ff0000",
    "marker-symbol": "e"
  },
  {
    "rowid": 102446,
    "id": 24704,
    "source": "OA",
    "source_id": "805033bb45f96102",
    "housenumber": 14,
    "lat": 52.4934728,
    "lon": 13.5786579,
    "parity": "R",
    "proj_lat": 52.49308663816844,
    "proj_lon": 13.578388726557668,
    "marker-color": "#ff0000",
    "marker-symbol": "e"
  },
  {
    "rowid": 164730,
    "id": 24704,
    "source": "OA",
    "source_id": "a041ffc57d97a6ea",
    "housenumber": 14.03,
    "lat": 52.4933236,
    "lon": 13.5785305,
    "parity": "R",
    "proj_lat": 52.4930917616447,
    "proj_lon": 13.578368898568668,
    "marker-color": "#ff0000",
    "marker-symbol": "e"
  },
  {
    "rowid": 164730,
    "id": 24704,
    "source": "OA",
    "source_id": "a041ffc57d97a6ea",
    "housenumber": 14.03,
    "lat": 52.4933236,
    "lon": 13.5785305,
    "parity": "R",
    "proj_lat": 52.4930917616447,
    "proj_lon": 13.578368898568668,
    "marker-color": "#ff0000",
    "marker-symbol": "e"
  },
  {
    "rowid": 164731,
    "id": 24704,
    "source": "OA",
    "source_id": "6f451e657862124a",
    "housenumber": 14.06,
    "lat": 52.4932339,
    "lon": 13.5784936,
    "parity": "R",
    "proj_lat": 52.493086150776776,
    "proj_lon": 13.578390612776358,
    "marker-color": "#ff0000",
    "marker-symbol": "e"
  },
  {
    "rowid": 164731,
    "id": 24704,
    "source": "OA",
    "source_id": "6f451e657862124a",
    "housenumber": 14.06,
    "lat": 52.4932339,
    "lon": 13.5784936,
    "parity": "R",
    "proj_lat": 52.493086150776776,
    "proj_lon": 13.578390612776358,
    "marker-color": "#ff0000",
    "marker-symbol": "e"
  },
  {
    "rowid": 102447,
    "id": 24704,
    "source": "OA",
    "source_id": "0b60137b9776916d",
    "housenumber": 15,
    "lat": 52.4933197,
    "lon": 13.5781541,
    "parity": "R",
    "proj_lat": 52.493173582485085,
    "proj_lon": 13.578052249746042,
    "marker-color": "#ff0000",
    "marker-symbol": "o"
  },
  {
    "rowid": 102447,
    "id": 24704,
    "source": "OA",
    "source_id": "0b60137b9776916d",
    "housenumber": 15,
    "lat": 52.4933197,
    "lon": 13.5781541,
    "parity": "R",
    "proj_lat": 52.493173582485085,
    "proj_lon": 13.578052249746042,
    "marker-color": "#ff0000",
    "marker-symbol": "o"
  },
  {
    "rowid": 170470,
    "id": 24704,
    "source": "OA",
    "source_id": "a52c747914c59f85",
    "housenumber": 15.03,
    "lat": 52.4933724,
    "lon": 13.5779153,
    "parity": "R",
    "proj_lat": 52.4932339131616,
    "proj_lon": 13.57781876842762,
    "marker-color": "#ff0000",
    "marker-symbol": "o"
  },
  {
    "rowid": 170470,
    "id": 24704,
    "source": "OA",
    "source_id": "a52c747914c59f85",
    "housenumber": 15.03,
    "lat": 52.4933724,
    "lon": 13.5779153,
    "parity": "R",
    "proj_lat": 52.4932339131616,
    "proj_lon": 13.57781876842762,
    "marker-color": "#ff0000",
    "marker-symbol": "o"
  },
  {
    "rowid": 102448,
    "id": 24704,
    "source": "OA",
    "source_id": "646810dd89b04780",
    "housenumber": 16,
    "lat": 52.4935302,
    "lon": 13.57777,
    "parity": "R",
    "proj_lat": 52.493289812201624,
    "proj_lon": 13.577602437660023,
    "marker-color": "#ff0000",
    "marker-symbol": "e"
  },
  {
    "rowid": 102448,
    "id": 24704,
    "source": "OA",
    "source_id": "646810dd89b04780",
    "housenumber": 16,
    "lat": 52.4935302,
    "lon": 13.57777,
    "parity": "R",
    "proj_lat": 52.493289812201624,
    "proj_lon": 13.577602437660023,
    "marker-color": "#ff0000",
    "marker-symbol": "e"
  }
]
