[
  {
    "rowid": 219964,
    "id": 33502,
    "source": "OA",
    "source_id": "3fda4d6a1a3a105a",
    "housenumber": 1,
    "lat": 52.5057974,
    "lon": 13.5819318,
    "parity": "L",
    "proj_lat": 52.505814506945846,
    "proj_lon": 13.581815492147378,
    "marker-color": "#3366ff",
    "marker-symbol": "o"
  },
  {
    "rowid": 219964,
    "id": 33502,
    "source": "OA",
    "source_id": "3fda4d6a1a3a105a",
    "housenumber": 1,
    "lat": 52.5057974,
    "lon": 13.5819318,
    "parity": "L",
    "proj_lat": 52.505814506945846,
    "proj_lon": 13.581815492147378,
    "marker-color": "#3366ff",
    "marker-symbol": "o"
  },
  {
    "rowid": 204462,
    "id": 33502,
    "source": "OA",
    "source_id": "e3e964b4c1c8ead7",
    "housenumber": 2,
    "lat": 52.5062373,
    "lon": 13.5821804,
    "parity": "L",
    "proj_lat": 52.506264684895356,
    "proj_lon": 13.581994210007087,
    "marker-color": "#3366ff",
    "marker-symbol": "e"
  },
  {
    "rowid": 204462,
    "id": 33502,
    "source": "OA",
    "source_id": "e3e964b4c1c8ead7",
    "housenumber": 2,
    "lat": 52.5062373,
    "lon": 13.5821804,
    "parity": "L",
    "proj_lat": 52.506264684895356,
    "proj_lon": 13.581994210007087,
    "marker-color": "#3366ff",
    "marker-symbol": "e"
  },
  {
    "rowid": 225476,
    "id": 33502,
    "source": "OA",
    "source_id": "e29384def3c49f7c",
    "housenumber": 3,
    "lat": 52.5065442,
    "lon": 13.5825144,
    "parity": "L",
    "proj_lat": 52.506533,
    "proj_lon": 13.582093,
    "marker-color": "#3366ff",
    "marker-symbol": "o"
  },
  {
    "rowid": 225476,
    "id": 33502,
    "source": "OA",
    "source_id": "e29384def3c49f7c",
    "housenumber": 3,
    "lat": 52.5065442,
    "lon": 13.5825144,
    "parity": "L",
    "proj_lat": 52.506533,
    "proj_lon": 13.582093,
    "marker-color": "#3366ff",
    "marker-symbol": "o"
  },
  {
    "rowid": 225257,
    "id": 33502,
    "source": "OA",
    "source_id": "559314c0b8f69e6e",
    "housenumber": 3.03,
    "lat": 52.5065429,
    "lon": 13.5828902,
    "parity": "L",
    "proj_lat": 52.506533,
    "proj_lon": 13.582093,
    "marker-color": "#3366ff",
    "marker-symbol": "o"
  },
  {
    "rowid": 225257,
    "id": 33502,
    "source": "OA",
    "source_id": "559314c0b8f69e6e",
    "housenumber": 3.03,
    "lat": 52.5065429,
    "lon": 13.5828902,
    "parity": "L",
    "proj_lat": 52.506533,
    "proj_lon": 13.582093,
    "marker-color": "#3366ff",
    "marker-symbol": "o"
  },
  {
    "rowid": 225258,
    "id": 33502,
    "source": "OA",
    "source_id": "af0f3d121e8fed3a",
    "housenumber": 3.06,
    "lat": 52.5066708,
    "lon": 13.582421,
    "parity": "L",
    "proj_lat": 52.50658500353933,
    "proj_lon": 13.5820596699654,
    "marker-color": "#3366ff",
    "marker-symbol": "o"
  },
  {
    "rowid": 225258,
    "id": 33502,
    "source": "OA",
    "source_id": "af0f3d121e8fed3a",
    "housenumber": 3.06,
    "lat": 52.5066708,
    "lon": 13.582421,
    "parity": "L",
    "proj_lat": 52.50658500353933,
    "proj_lon": 13.5820596699654,
    "marker-color": "#3366ff",
    "marker-symbol": "o"
  },
  {
    "rowid": 204463,
    "id": 33502,
    "source": "OA",
    "source_id": "67b3867b4509a73a",
    "housenumber": 4,
    "lat": 52.5068932,
    "lon": 13.5822668,
    "parity": "L",
    "proj_lat": 52.50680980714713,
    "proj_lon": 13.581915589156226,
    "marker-color": "#3366ff",
    "marker-symbol": "e"
  },
  {
    "rowid": 204463,
    "id": 33502,
    "source": "OA",
    "source_id": "67b3867b4509a73a",
    "housenumber": 4,
    "lat": 52.5068932,
    "lon": 13.5822668,
    "parity": "L",
    "proj_lat": 52.50680980714713,
    "proj_lon": 13.581915589156226,
    "marker-color": "#3366ff",
    "marker-symbol": "e"
  },
  {
    "rowid": 217774,
    "id": 33502,
    "source": "OA",
    "source_id": "d1954b8d605fed66",
    "housenumber": 4.03,
    "lat": 52.5070586,
    "lon": 13.58239,
    "parity": "L",
    "proj_lat": 52.506927972403346,
    "proj_lon": 13.581839854847958,
    "marker-color": "#3366ff",
    "marker-symbol": "e"
  },
  {
    "rowid": 217774,
    "id": 33502,
    "source": "OA",
    "source_id": "d1954b8d605fed66",
    "housenumber": 4.03,
    "lat": 52.5070586,
    "lon": 13.58239,
    "parity": "L",
    "proj_lat": 52.506927972403346,
    "proj_lon": 13.581839854847958,
    "marker-color": "#3366ff",
    "marker-symbol": "e"
  },
  {
    "rowid": 217775,
    "id": 33502,
    "source": "OA",
    "source_id": "b276e017de74481b",
    "housenumber": 4.06,
    "lat": 52.5070773,
    "lon": 13.5824603,
    "parity": "L",
    "proj_lat": 52.50692971514074,
    "proj_lon": 13.581838737895183,
    "marker-color": "#3366ff",
    "marker-symbol": "e"
  },
  {
    "rowid": 217775,
    "id": 33502,
    "source": "OA",
    "source_id": "b276e017de74481b",
    "housenumber": 4.06,
    "lat": 52.5070773,
    "lon": 13.5824603,
    "parity": "L",
    "proj_lat": 52.50692971514074,
    "proj_lon": 13.581838737895183,
    "marker-color": "#3366ff",
    "marker-symbol": "e"
  },
  {
    "rowid": 217776,
    "id": 33502,
    "source": "OA",
    "source_id": "2c3e68db7861e4d7",
    "housenumber": 4.09,
    "lat": 52.5070952,
    "lon": 13.5825383,
    "parity": "L",
    "proj_lat": 52.50692917674484,
    "proj_lon": 13.58183908296312,
    "marker-color": "#3366ff",
    "marker-symbol": "e"
  },
  {
    "rowid": 217776,
    "id": 33502,
    "source": "OA",
    "source_id": "2c3e68db7861e4d7",
    "housenumber": 4.09,
    "lat": 52.5070952,
    "lon": 13.5825383,
    "parity": "L",
    "proj_lat": 52.50692917674484,
    "proj_lon": 13.58183908296312,
    "marker-color": "#3366ff",
    "marker-symbol": "e"
  },
  {
    "rowid": 217777,
    "id": 33502,
    "source": "OA",
    "source_id": "f40be97d46a0c338",
    "housenumber": 4.12,
    "lat": 52.5071111,
    "lon": 13.5826196,
    "parity": "L",
    "proj_lat": 52.50692622245727,
    "proj_lon": 13.581840976420917,
    "marker-color": "#3366ff",
    "marker-symbol": "e"
  },
  {
    "rowid": 217777,
    "id": 33502,
    "source": "OA",
    "source_id": "f40be97d46a0c338",
    "housenumber": 4.12,
    "lat": 52.5071111,
    "lon": 13.5826196,
    "parity": "L",
    "proj_lat": 52.50692622245727,
    "proj_lon": 13.581840976420917,
    "marker-color": "#3366ff",
    "marker-symbol": "e"
  },
  {
    "rowid": 217778,
    "id": 33502,
    "source": "OA",
    "source_id": "02bad5025ea29823",
    "housenumber": 4.15,
    "lat": 52.507127,
    "lon": 13.5827025,
    "parity": "L",
    "proj_lat": 52.506922938465436,
    "proj_lon": 13.5818430811923,
    "marker-color": "#3366ff",
    "marker-symbol": "e"
  },
  {
    "rowid": 217778,
    "id": 33502,
    "source": "OA",
    "source_id": "02bad5025ea29823",
    "housenumber": 4.15,
    "lat": 52.507127,
    "lon": 13.5827025,
    "parity": "L",
    "proj_lat": 52.506922938465436,
    "proj_lon": 13.5818430811923,
    "marker-color": "#3366ff",
    "marker-symbol": "e"
  },
  {
    "rowid": 217779,
    "id": 33502,
    "source": "OA",
    "source_id": "edf00958e79b65cf",
    "housenumber": 4.18,
    "lat": 52.5071469,
    "lon": 13.5827789,
    "parity": "L",
    "proj_lat": 52.50692446573016,
    "proj_lon": 13.581842102339962,
    "marker-color": "#3366ff",
    "marker-symbol": "e"
  },
  {
    "rowid": 217779,
    "id": 33502,
    "source": "OA",
    "source_id": "edf00958e79b65cf",
    "housenumber": 4.18,
    "lat": 52.5071469,
    "lon": 13.5827789,
    "parity": "L",
    "proj_lat": 52.50692446573016,
    "proj_lon": 13.581842102339962,
    "marker-color": "#3366ff",
    "marker-symbol": "e"
  },
  {
    "rowid": 217780,
    "id": 33502,
    "source": "OA",
    "source_id": "13b6a41159ea580d",
    "housenumber": 4.21,
    "lat": 52.507136,
    "lon": 13.5828857,
    "parity": "L",
    "proj_lat": 52.50689299597952,
    "proj_lon": 13.581862271887866,
    "marker-color": "#3366ff",
    "marker-symbol": "e"
  },
  {
    "rowid": 217780,
    "id": 33502,
    "source": "OA",
    "source_id": "13b6a41159ea580d",
    "housenumber": 4.21,
    "lat": 52.507136,
    "lon": 13.5828857,
    "parity": "L",
    "proj_lat": 52.50689299597952,
    "proj_lon": 13.581862271887866,
    "marker-color": "#3366ff",
    "marker-symbol": "e"
  },
  {
    "rowid": 204464,
    "id": 33502,
    "source": "OA",
    "source_id": "7301ddfc7c7dd695",
    "housenumber": 5,
    "lat": 52.5071777,
    "lon": 13.5822113,
    "parity": "L",
    "proj_lat": 52.50711979691797,
    "proj_lon": 13.581749514889303,
    "marker-color": "#3366ff",
    "marker-symbol": "o"
  },
  {
    "rowid": 204464,
    "id": 33502,
    "source": "OA",
    "source_id": "7301ddfc7c7dd695",
    "housenumber": 5,
    "lat": 52.5071777,
    "lon": 13.5822113,
    "parity": "L",
    "proj_lat": 52.50711979691797,
    "proj_lon": 13.581749514889303,
    "marker-color": "#3366ff",
    "marker-symbol": "o"
  },
  {
    "rowid": 204465,
    "id": 33502,
    "source": "OA",
    "source_id": "28bf7d579ee02670",
    "housenumber": 6,
    "lat": 52.5074754,
    "lon": 13.5820012,
    "parity": "L",
    "proj_lat": 52.507269858724484,
    "proj_lon": 13.581626840146793,
    "marker-color": "#3366ff",
    "marker-symbol": "e"
  },
  {
    "rowid": 204465,
    "id": 33502,
    "source": "OA",
    "source_id": "28bf7d579ee02670",
    "housenumber": 6,
    "lat": 52.5074754,
    "lon": 13.5820012,
    "parity": "L",
    "proj_lat": 52.507269858724484,
    "proj_lon": 13.581626840146793,
    "marker-color": "#3366ff",
    "marker-symbol": "e"
  },
  {
    "rowid": 225477,
    "id": 33502,
    "source": "OA",
    "source_id": "845f6dfd851802e2",
    "housenumber": 7,
    "lat": 52.5075722,
    "lon": 13.5817765,
    "parity": "L",
    "proj_lat": 52.507391251321486,
    "proj_lon": 13.58144693009277,
    "marker-color": "#3366ff",
    "marker-symbol": "o"
  },
  {
    "rowid": 225477,
    "id": 33502,
    "source": "OA",
    "source_id": "845f6dfd851802e2",
    "housenumber": 7,
    "lat": 52.5075722,
    "lon": 13.5817765,
    "parity": "L",
    "proj_lat": 52.507391251321486,
    "proj_lon": 13.58144693009277,
    "marker-color": "#3366ff",
    "marker-symbol": "o"
  },
  {
    "rowid": 204466,
    "id": 33502,
    "source": "OA",
    "source_id": "fdfb624d17f8d77b",
    "housenumber": 8,
    "lat": 52.5077543,
    "lon": 13.581679,
    "parity": "L",
    "proj_lat": 52.50752732023808,
    "proj_lon": 13.581251422340834,
    "marker-color": "#3366ff",
    "marker-symbol": "e"
  },
  {
    "rowid": 204466,
    "id": 33502,
    "source": "OA",
    "source_id": "fdfb624d17f8d77b",
    "housenumber": 8,
    "lat": 52.5077543,
    "lon": 13.581679,
    "parity": "L",
    "proj_lat": 52.50752732023808,
    "proj_lon": 13.581251422340834,
    "marker-color": "#3366ff",
    "marker-symbol": "e"
  },
  {
    "rowid": 218557,
    "id": 33560,
    "source": "OA",
    "source_id": "2cae9b42bf537324",
    "housenumber": 9,
    "lat": 52.5079722,
    "lon": 13.5815694,
    "parity": "L",
    "proj_lat": 52.508399,
    "proj_lon": 13.581473,
    "marker-color": "#3366ff",
    "marker-symbol": "o"
  },
  {
    "rowid": 218557,
    "id": 33560,
    "source": "OA",
    "source_id": "2cae9b42bf537324",
    "housenumber": 9,
    "lat": 52.5079722,
    "lon": 13.5815694,
    "parity": "L",
    "proj_lat": 52.508399,
    "proj_lon": 13.581473,
    "marker-color": "#3366ff",
    "marker-symbol": "o"
  },
  {
    "rowid": 204467,
    "id": 33560,
    "source": "OA",
    "source_id": "4c19bb58f366c240",
    "housenumber": 10,
    "lat": 52.5083511,
    "lon": 13.5810545,
    "parity": "L",
    "proj_lat": 52.508479852063054,
    "proj_lon": 13.581138510500546,
    "marker-color": "#3366ff",
    "marker-symbol": "e"
  },
  {
    "rowid": 204467,
    "id": 33560,
    "source": "OA",
    "source_id": "4c19bb58f366c240",
    "housenumber": 10,
    "lat": 52.5083511,
    "lon": 13.5810545,
    "parity": "L",
    "proj_lat": 52.508479852063054,
    "proj_lon": 13.581138510500546,
    "marker-color": "#3366ff",
    "marker-symbol": "e"
  },
  {
    "rowid": 204468,
    "id": 33560,
    "source": "OA",
    "source_id": "60b882fe7e51302b",
    "housenumber": 11,
    "lat": 52.5083817,
    "lon": 13.5809546,
    "parity": "L",
    "proj_lat": 52.508504878679844,
    "proj_lon": 13.581034973989464,
    "marker-color": "#3366ff",
    "marker-symbol": "o"
  },
  {
    "rowid": 204468,
    "id": 33560,
    "source": "OA",
    "source_id": "60b882fe7e51302b",
    "housenumber": 11,
    "lat": 52.5083817,
    "lon": 13.5809546,
    "parity": "L",
    "proj_lat": 52.508504878679844,
    "proj_lon": 13.581034973989464,
    "marker-color": "#3366ff",
    "marker-symbol": "o"
  },
  {
    "rowid": 204469,
    "id": 33560,
    "source": "OA",
    "source_id": "e64d6a663478291f",
    "housenumber": 12,
    "lat": 52.5085014,
    "lon": 13.5805476,
    "parity": "L",
    "proj_lat": 52.50860613994811,
    "proj_lon": 13.58061621934424,
    "marker-color": "#3366ff",
    "marker-symbol": "e"
  },
  {
    "rowid": 204469,
    "id": 33560,
    "source": "OA",
    "source_id": "e64d6a663478291f",
    "housenumber": 12,
    "lat": 52.5085014,
    "lon": 13.5805476,
    "parity": "L",
    "proj_lat": 52.50860613994811,
    "proj_lon": 13.58061621934424,
    "marker-color": "#3366ff",
    "marker-symbol": "e"
  },
  {
    "rowid": 204470,
    "id": 33560,
    "source": "OA",
    "source_id": "48ea789fd2d8ebde",
    "housenumber": 12.03,
    "lat": 52.5085795,
    "lon": 13.5812981,
    "parity": "R",
    "proj_lat": 52.5084601073062,
    "proj_lon": 13.581220195662171,
    "marker-color": "#ff0000",
    "marker-symbol": "e"
  },
  {
    "rowid": 204470,
    "id": 33560,
    "source": "OA",
    "source_id": "48ea789fd2d8ebde",
    "housenumber": 12.03,
    "lat": 52.5085795,
    "lon": 13.5812981,
    "parity": "R",
    "proj_lat": 52.5084601073062,
    "proj_lon": 13.581220195662171,
    "marker-color": "#ff0000",
    "marker-symbol": "e"
  },
  {
    "rowid": 219965,
    "id": 33560,
    "source": "OA",
    "source_id": "fb3d64cbfe4f45fc",
    "housenumber": 12.06,
    "lat": 52.5086377,
    "lon": 13.5806956,
    "parity": "R",
    "proj_lat": 52.50859383060221,
    "proj_lon": 13.580666974919785,
    "marker-color": "#ff0000",
    "marker-symbol": "e"
  },
  {
    "rowid": 219965,
    "id": 33560,
    "source": "OA",
    "source_id": "fb3d64cbfe4f45fc",
    "housenumber": 12.06,
    "lat": 52.5086377,
    "lon": 13.5806956,
    "parity": "R",
    "proj_lat": 52.50859383060221,
    "proj_lon": 13.580666974919785,
    "marker-color": "#ff0000",
    "marker-symbol": "e"
  },
  {
    "rowid": 204471,
    "id": 33560,
    "source": "OA",
    "source_id": "93504fbadf573c54",
    "housenumber": 12.09,
    "lat": 52.5086973,
    "lon": 13.5804992,
    "parity": "R",
    "proj_lat": 52.50864314983912,
    "proj_lon": 13.580463723739784,
    "marker-color": "#ff0000",
    "marker-symbol": "e"
  },
  {
    "rowid": 204471,
    "id": 33560,
    "source": "OA",
    "source_id": "93504fbadf573c54",
    "housenumber": 12.09,
    "lat": 52.5086973,
    "lon": 13.5804992,
    "parity": "R",
    "proj_lat": 52.50864314983912,
    "proj_lon": 13.580463723739784,
    "marker-color": "#ff0000",
    "marker-symbol": "e"
  },
  {
    "rowid": 204472,
    "id": 33560,
    "source": "OA",
    "source_id": "40b019872a32c741",
    "housenumber": 12.12,
    "lat": 52.508754,
    "lon": 13.5806279,
    "parity": "R",
    "proj_lat": 52.508623978632755,
    "proj_lon": 13.580542716804146,
    "marker-color": "#ff0000",
    "marker-symbol": "e"
  },
  {
    "rowid": 204472,
    "id": 33560,
    "source": "OA",
    "source_id": "40b019872a32c741",
    "housenumber": 12.12,
    "lat": 52.508754,
    "lon": 13.5806279,
    "parity": "R",
    "proj_lat": 52.508623978632755,
    "proj_lon": 13.580542716804146,
    "marker-color": "#ff0000",
    "marker-symbol": "e"
  },
  {
    "rowid": 204473,
    "id": 33560,
    "source": "OA",
    "source_id": "fcdf2bc32dd1bed8",
    "housenumber": 12.15,
    "lat": 52.5088985,
    "lon": 13.5808007,
    "parity": "R",
    "proj_lat": 52.5086076182293,
    "proj_lon": 13.580610128232447,
    "marker-color": "#ff0000",
    "marker-symbol": "e"
  },
  {
    "rowid": 204473,
    "id": 33560,
    "source": "OA",
    "source_id": "fcdf2bc32dd1bed8",
    "housenumber": 12.15,
    "lat": 52.5088985,
    "lon": 13.5808007,
    "parity": "R",
    "proj_lat": 52.5086076182293,
    "proj_lon": 13.580610128232447,
    "marker-color": "#ff0000",
    "marker-symbol": "e"
  },
  {
    "rowid": 204474,
    "id": 33560,
    "source": "OA",
    "source_id": "cd89a0cb73446fa3",
    "housenumber": 12.18,
    "lat": 52.508984,
    "lon": 13.5806232,
    "parity": "R",
    "proj_lat": 52.508656516506306,
    "proj_lon": 13.580408647706452,
    "marker-color": "#ff0000",
    "marker-symbol": "e"
  },
  {
    "rowid": 204474,
    "id": 33560,
    "source": "OA",
    "source_id": "cd89a0cb73446fa3",
    "housenumber": 12.18,
    "lat": 52.508984,
    "lon": 13.5806232,
    "parity": "R",
    "proj_lat": 52.508656516506306,
    "proj_lon": 13.580408647706452,
    "marker-color": "#ff0000",
    "marker-symbol": "e"
  },
  {
    "rowid": 204475,
    "id": 33560,
    "source": "OA",
    "source_id": "3483d3b65fe69cf9",
    "housenumber": 12.21,
    "lat": 52.508842,
    "lon": 13.5803408,
    "parity": "R",
    "proj_lat": 52.508696169992746,
    "proj_lon": 13.580245259427882,
    "marker-color": "#ff0000",
    "marker-symbol": "e"
  },
  {
    "rowid": 204475,
    "id": 33560,
    "source": "OA",
    "source_id": "3483d3b65fe69cf9",
    "housenumber": 12.21,
    "lat": 52.508842,
    "lon": 13.5803408,
    "parity": "R",
    "proj_lat": 52.508696169992746,
    "proj_lon": 13.580245259427882,
    "marker-color": "#ff0000",
    "marker-symbol": "e"
  },
  {
    "rowid": 219966,
    "id": 33560,
    "source": "OA",
    "source_id": "6b9ba57895e21232",
    "housenumber": 12.24,
    "lat": 52.5090413,
    "lon": 13.5802437,
    "parity": "R",
    "proj_lat": 52.50874384474083,
    "proj_lon": 13.580048820332102,
    "marker-color": "#ff0000",
    "marker-symbol": "e"
  },
  {
    "rowid": 219966,
    "id": 33560,
    "source": "OA",
    "source_id": "6b9ba57895e21232",
    "housenumber": 12.24,
    "lat": 52.5090413,
    "lon": 13.5802437,
    "parity": "R",
    "proj_lat": 52.50874384474083,
    "proj_lon": 13.580048820332102,
    "marker-color": "#ff0000",
    "marker-symbol": "e"
  },
  {
    "rowid": 204476,
    "id": 33560,
    "source": "OA",
    "source_id": "a6ea84f7f1b41580",
    "housenumber": 13,
    "lat": 52.508791,
    "lon": 13.5801415,
    "parity": "R",
    "proj_lat": 52.50873090676379,
    "proj_lon": 13.580102129990001,
    "marker-color": "#ff0000",
    "marker-symbol": "o"
  },
  {
    "rowid": 204476,
    "id": 33560,
    "source": "OA",
    "source_id": "a6ea84f7f1b41580",
    "housenumber": 13,
    "lat": 52.508791,
    "lon": 13.5801415,
    "parity": "R",
    "proj_lat": 52.50873090676379,
    "proj_lon": 13.580102129990001,
    "marker-color": "#ff0000",
    "marker-symbol": "o"
  },
  {
    "rowid": 204477,
    "id": 33560,
    "source": "OA",
    "source_id": "1df082ba844b0f66",
    "housenumber": 14,
    "lat": 52.5089798,
    "lon": 13.5797031,
    "parity": "R",
    "proj_lat": 52.50884860897899,
    "proj_lon": 13.579617149625054,
    "marker-color": "#ff0000",
    "marker-symbol": "e"
  },
  {
    "rowid": 204477,
    "id": 33560,
    "source": "OA",
    "source_id": "1df082ba844b0f66",
    "housenumber": 14,
    "lat": 52.5089798,
    "lon": 13.5797031,
    "parity": "R",
    "proj_lat": 52.50884860897899,
    "proj_lon": 13.579617149625054,
    "marker-color": "#ff0000",
    "marker-symbol": "e"
  },
  {
    "rowid": 204478,
    "id": 33502,
    "source": "OA",
    "source_id": "cae355946ca972b7",
    "housenumber": 15,
    "lat": 52.5094016,
    "lon": 13.5795139,
    "parity": "L",
    "proj_lat": 52.509101812895544,
    "proj_lon": 13.57894369752009,
    "marker-color": "#3366ff",
    "marker-symbol": "o"
  },
  {
    "rowid": 204478,
    "id": 33502,
    "source": "OA",
    "source_id": "cae355946ca972b7",
    "housenumber": 15,
    "lat": 52.5094016,
    "lon": 13.5795139,
    "parity": "L",
    "proj_lat": 52.509101812895544,
    "proj_lon": 13.57894369752009,
    "marker-color": "#3366ff",
    "marker-symbol": "o"
  },
  {
    "rowid": 225259,
    "id": 33502,
    "source": "OA",
    "source_id": "229c996f1f2b7849",
    "housenumber": 16,
    "lat": 52.5096296,
    "lon": 13.5791797,
    "parity": "L",
    "proj_lat": 52.50933300577073,
    "proj_lon": 13.578615564594395,
    "marker-color": "#3366ff",
    "marker-symbol": "e"
  },
  {
    "rowid": 225259,
    "id": 33502,
    "source": "OA",
    "source_id": "229c996f1f2b7849",
    "housenumber": 16,
    "lat": 52.5096296,
    "lon": 13.5791797,
    "parity": "L",
    "proj_lat": 52.50933300577073,
    "proj_lon": 13.578615564594395,
    "marker-color": "#3366ff",
    "marker-symbol": "e"
  },
  {
    "rowid": 204479,
    "id": 33502,
    "source": "OA",
    "source_id": "560234149d3464ed",
    "housenumber": 17,
    "lat": 52.5099701,
    "lon": 13.5782224,
    "parity": "L",
    "proj_lat": 52.50982807836558,
    "proj_lon": 13.577937688861988,
    "marker-color": "#3366ff",
    "marker-symbol": "o"
  },
  {
    "rowid": 204479,
    "id": 33502,
    "source": "OA",
    "source_id": "560234149d3464ed",
    "housenumber": 17,
    "lat": 52.5099701,
    "lon": 13.5782224,
    "parity": "L",
    "proj_lat": 52.50982807836558,
    "proj_lon": 13.577937688861988,
    "marker-color": "#3366ff",
    "marker-symbol": "o"
  },
  {
    "rowid": 204480,
    "id": 33502,
    "source": "OA",
    "source_id": "feb3508700e2bfea",
    "housenumber": 18,
    "lat": 52.510082,
    "lon": 13.5777791,
    "parity": "L",
    "proj_lat": 52.510027289864176,
    "proj_lon": 13.57766942189064,
    "marker-color": "#3366ff",
    "marker-symbol": "e"
  },
  {
    "rowid": 204480,
    "id": 33502,
    "source": "OA",
    "source_id": "feb3508700e2bfea",
    "housenumber": 18,
    "lat": 52.510082,
    "lon": 13.5777791,
    "parity": "L",
    "proj_lat": 52.510027289864176,
    "proj_lon": 13.57766942189064,
    "marker-color": "#3366ff",
    "marker-symbol": "e"
  },
  {
    "rowid": 219967,
    "id": 33502,
    "source": "OA",
    "source_id": "d4b8dfe2ef98cdb8",
    "housenumber": 19,
    "lat": 52.5103044,
    "lon": 13.5778093,
    "parity": "L",
    "proj_lat": 52.51015131462667,
    "proj_lon": 13.577502404687113,
    "marker-color": "#3366ff",
    "marker-symbol": "o"
  },
  {
    "rowid": 219967,
    "id": 33502,
    "source": "OA",
    "source_id": "d4b8dfe2ef98cdb8",
    "housenumber": 19,
    "lat": 52.5103044,
    "lon": 13.5778093,
    "parity": "L",
    "proj_lat": 52.51015131462667,
    "proj_lon": 13.577502404687113,
    "marker-color": "#3366ff",
    "marker-symbol": "o"
  },
  {
    "rowid": 221367,
    "id": 33502,
    "source": "OA",
    "source_id": "703a06c9bc547af1",
    "housenumber": 19.03,
    "lat": 52.5102275,
    "lon": 13.5776018,
    "parity": "L",
    "proj_lat": 52.5101672291601,
    "proj_lon": 13.577480973475987,
    "marker-color": "#3366ff",
    "marker-symbol": "o"
  },
  {
    "rowid": 221367,
    "id": 33502,
    "source": "OA",
    "source_id": "703a06c9bc547af1",
    "housenumber": 19.03,
    "lat": 52.5102275,
    "lon": 13.5776018,
    "parity": "L",
    "proj_lat": 52.5101672291601,
    "proj_lon": 13.577480973475987,
    "marker-color": "#3366ff",
    "marker-symbol": "o"
  },
  {
    "rowid": 204481,
    "id": 33502,
    "source": "OA",
    "source_id": "3358d6a0f5a7487b",
    "housenumber": 20,
    "lat": 52.5104238,
    "lon": 13.5772648,
    "parity": "L",
    "proj_lat": 52.51038520819589,
    "proj_lon": 13.577187433313087,
    "marker-color": "#3366ff",
    "marker-symbol": "e"
  },
  {
    "rowid": 204481,
    "id": 33502,
    "source": "OA",
    "source_id": "3358d6a0f5a7487b",
    "housenumber": 20,
    "lat": 52.5104238,
    "lon": 13.5772648,
    "parity": "L",
    "proj_lat": 52.51038520819589,
    "proj_lon": 13.577187433313087,
    "marker-color": "#3366ff",
    "marker-symbol": "e"
  },
  {
    "rowid": 215602,
    "id": 33502,
    "source": "OA",
    "source_id": "d919e9e4f27616b9",
    "housenumber": 21,
    "lat": 52.5106466,
    "lon": 13.5770281,
    "parity": "L",
    "proj_lat": 52.51058911121437,
    "proj_lon": 13.576912848534594,
    "marker-color": "#3366ff",
    "marker-symbol": "o"
  },
  {
    "rowid": 215602,
    "id": 33502,
    "source": "OA",
    "source_id": "d919e9e4f27616b9",
    "housenumber": 21,
    "lat": 52.5106466,
    "lon": 13.5770281,
    "parity": "L",
    "proj_lat": 52.51058911121437,
    "proj_lon": 13.576912848534594,
    "marker-color": "#3366ff",
    "marker-symbol": "o"
  },
  {
    "rowid": 215603,
    "id": 33502,
    "source": "OA",
    "source_id": "1ca7bb089897c224",
    "housenumber": 21.03,
    "lat": 52.5106992,
    "lon": 13.5769811,
    "parity": "L",
    "proj_lat": 52.51063459982636,
    "proj_lon": 13.576851591567731,
    "marker-color": "#3366ff",
    "marker-symbol": "o"
  },
  {
    "rowid": 215603,
    "id": 33502,
    "source": "OA",
    "source_id": "1ca7bb089897c224",
    "housenumber": 21.03,
    "lat": 52.5106992,
    "lon": 13.5769811,
    "parity": "L",
    "proj_lat": 52.51063459982636,
    "proj_lon": 13.576851591567731,
    "marker-color": "#3366ff",
    "marker-symbol": "o"
  },
  {
    "rowid": 215604,
    "id": 33502,
    "source": "OA",
    "source_id": "67e9e05320fe35c5",
    "housenumber": 21.06,
    "lat": 52.5107496,
    "lon": 13.5769302,
    "parity": "L",
    "proj_lat": 52.51070416667415,
    "proj_lon": 13.57677934196088,
    "marker-color": "#3366ff",
    "marker-symbol": "o"
  },
  {
    "rowid": 215604,
    "id": 33502,
    "source": "OA",
    "source_id": "67e9e05320fe35c5",
    "housenumber": 21.06,
    "lat": 52.5107496,
    "lon": 13.5769302,
    "parity": "L",
    "proj_lat": 52.51070416667415,
    "proj_lon": 13.57677934196088,
    "marker-color": "#3366ff",
    "marker-symbol": "o"
  },
  {
    "rowid": 215605,
    "id": 33502,
    "source": "OA",
    "source_id": "dee70da125ca7933",
    "housenumber": 21.09,
    "lat": 52.5109079,
    "lon": 13.5767344,
    "parity": "L",
    "proj_lat": 52.51087869819173,
    "proj_lon": 13.576637436830596,
    "marker-color": "#3366ff",
    "marker-symbol": "o"
  },
  {
    "rowid": 215605,
    "id": 33502,
    "source": "OA",
    "source_id": "dee70da125ca7933",
    "housenumber": 21.09,
    "lat": 52.5109079,
    "lon": 13.5767344,
    "parity": "L",
    "proj_lat": 52.51087869819173,
    "proj_lon": 13.576637436830596,
    "marker-color": "#3366ff",
    "marker-symbol": "o"
  },
  {
    "rowid": 215606,
    "id": 33502,
    "source": "OA",
    "source_id": "d4fd80ac2d3fee92",
    "housenumber": 21.12,
    "lat": 52.5109295,
    "lon": 13.5768025,
    "parity": "L",
    "proj_lat": 52.51087957441996,
    "proj_lon": 13.57663672440179,
    "marker-color": "#3366ff",
    "marker-symbol": "o"
  },
  {
    "rowid": 215606,
    "id": 33502,
    "source": "OA",
    "source_id": "d4fd80ac2d3fee92",
    "housenumber": 21.12,
    "lat": 52.5109295,
    "lon": 13.5768025,
    "parity": "L",
    "proj_lat": 52.51087957441996,
    "proj_lon": 13.57663672440179,
    "marker-color": "#3366ff",
    "marker-symbol": "o"
  },
  {
    "rowid": 215607,
    "id": 33502,
    "source": "OA",
    "source_id": "f9334e039abd418d",
    "housenumber": 21.15,
    "lat": 52.5109506,
    "lon": 13.5768744,
    "parity": "L",
    "proj_lat": 52.51087912971633,
    "proj_lon": 13.576637085973886,
    "marker-color": "#3366ff",
    "marker-symbol": "o"
  },
  {
    "rowid": 215607,
    "id": 33502,
    "source": "OA",
    "source_id": "f9334e039abd418d",
    "housenumber": 21.15,
    "lat": 52.5109506,
    "lon": 13.5768744,
    "parity": "L",
    "proj_lat": 52.51087912971633,
    "proj_lon": 13.576637085973886,
    "marker-color": "#3366ff",
    "marker-symbol": "o"
  },
  {
    "rowid": 215608,
    "id": 33502,
    "source": "OA",
    "source_id": "5cb6084482f74997",
    "housenumber": 21.18,
    "lat": 52.511108,
    "lon": 13.5766226,
    "parity": "L",
    "proj_lat": 52.511066485988465,
    "proj_lon": 13.576484753509378,
    "marker-color": "#3366ff",
    "marker-symbol": "o"
  },
  {
    "rowid": 215608,
    "id": 33502,
    "source": "OA",
    "source_id": "5cb6084482f74997",
    "housenumber": 21.18,
    "lat": 52.511108,
    "lon": 13.5766226,
    "parity": "L",
    "proj_lat": 52.511066485988465,
    "proj_lon": 13.576484753509378,
    "marker-color": "#3366ff",
    "marker-symbol": "o"
  },
  {
    "rowid": 215609,
    "id": 33502,
    "source": "OA",
    "source_id": "8fb7b540013d7276",
    "housenumber": 21.21,
    "lat": 52.5111718,
    "lon": 13.5766511,
    "parity": "L",
    "proj_lat": 52.51114042177827,
    "proj_lon": 13.576438104974551,
    "marker-color": "#3366ff",
    "marker-symbol": "o"
  },
  {
    "rowid": 215609,
    "id": 33502,
    "source": "OA",
    "source_id": "8fb7b540013d7276",
    "housenumber": 21.21,
    "lat": 52.5111718,
    "lon": 13.5766511,
    "parity": "L",
    "proj_lat": 52.51114042177827,
    "proj_lon": 13.576438104974551,
    "marker-color": "#3366ff",
    "marker-symbol": "o"
  },
  {
    "rowid": 215610,
    "id": 33502,
    "source": "OA",
    "source_id": "65a743ceabcecda8",
    "housenumber": 22,
    "lat": 52.5113245,
    "lon": 13.5769019,
    "parity": "L",
    "proj_lat": 52.51141767773816,
    "proj_lon": 13.576775060026646,
    "marker-color": "#3366ff",
    "marker-symbol": "e"
  },
  {
    "rowid": 215610,
    "id": 33502,
    "source": "OA",
    "source_id": "65a743ceabcecda8",
    "housenumber": 22,
    "lat": 52.5113245,
    "lon": 13.5769019,
    "parity": "L",
    "proj_lat": 52.51141767773816,
    "proj_lon": 13.576775060026646,
    "marker-color": "#3366ff",
    "marker-symbol": "e"
  },
  {
    "rowid": 222170,
    "id": 33502,
    "source": "OA",
    "source_id": "c4db854b439a4b76",
    "housenumber": 22.03,
    "lat": 52.5112848,
    "lon": 13.5769407,
    "parity": "L",
    "proj_lat": 52.511413120461576,
    "proj_lon": 13.576766021639669,
    "marker-color": "#3366ff",
    "marker-symbol": "e"
  },
  {
    "rowid": 222170,
    "id": 33502,
    "source": "OA",
    "source_id": "c4db854b439a4b76",
    "housenumber": 22.03,
    "lat": 52.5112848,
    "lon": 13.5769407,
    "parity": "L",
    "proj_lat": 52.511413120461576,
    "proj_lon": 13.576766021639669,
    "marker-color": "#3366ff",
    "marker-symbol": "e"
  },
  {
    "rowid": 222171,
    "id": 33502,
    "source": "OA",
    "source_id": "cc015f4f36ad148e",
    "housenumber": 22.06,
    "lat": 52.5112449,
    "lon": 13.5769986,
    "parity": "L",
    "proj_lat": 52.511414192616805,
    "proj_lon": 13.576768148031093,
    "marker-color": "#3366ff",
    "marker-symbol": "e"
  },
  {
    "rowid": 222171,
    "id": 33502,
    "source": "OA",
    "source_id": "cc015f4f36ad148e",
    "housenumber": 22.06,
    "lat": 52.5112449,
    "lon": 13.5769986,
    "parity": "L",
    "proj_lat": 52.511414192616805,
    "proj_lon": 13.576768148031093,
    "marker-color": "#3366ff",
    "marker-symbol": "e"
  },
  {
    "rowid": 215611,
    "id": 33502,
    "source": "OA",
    "source_id": "8b95b367fccf3059",
    "housenumber": 22.09,
    "lat": 52.5110434,
    "lon": 13.5770018,
    "parity": "L",
    "proj_lat": 52.510922855188234,
    "proj_lon": 13.576601534407763,
    "marker-color": "#3366ff",
    "marker-symbol": "e"
  },
  {
    "rowid": 215611,
    "id": 33502,
    "source": "OA",
    "source_id": "8b95b367fccf3059",
    "housenumber": 22.09,
    "lat": 52.5110434,
    "lon": 13.5770018,
    "parity": "L",
    "proj_lat": 52.510922855188234,
    "proj_lon": 13.576601534407763,
    "marker-color": "#3366ff",
    "marker-symbol": "e"
  },
  {
    "rowid": 215612,
    "id": 33502,
    "source": "OA",
    "source_id": "4258fab1ddfc25a1",
    "housenumber": 22.12,
    "lat": 52.5110811,
    "lon": 13.5770783,
    "parity": "L",
    "proj_lat": 52.51093463266463,
    "proj_lon": 13.576591958576733,
    "marker-color": "#3366ff",
    "marker-symbol": "e"
  },
  {
    "rowid": 215612,
    "id": 33502,
    "source": "OA",
    "source_id": "4258fab1ddfc25a1",
    "housenumber": 22.12,
    "lat": 52.5110811,
    "lon": 13.5770783,
    "parity": "L",
    "proj_lat": 52.51093463266463,
    "proj_lon": 13.576591958576733,
    "marker-color": "#3366ff",
    "marker-symbol": "e"
  },
  {
    "rowid": 215613,
    "id": 33502,
    "source": "OA",
    "source_id": "72b8c6ae0f6201f9",
    "housenumber": 22.15,
    "lat": 52.5111129,
    "lon": 13.5771412,
    "parity": "L",
    "proj_lat": 52.511403104583415,
    "proj_lon": 13.576746157279631,
    "marker-color": "#3366ff",
    "marker-symbol": "e"
  },
  {
    "rowid": 215613,
    "id": 33502,
    "source": "OA",
    "source_id": "72b8c6ae0f6201f9",
    "housenumber": 22.15,
    "lat": 52.5111129,
    "lon": 13.5771412,
    "parity": "L",
    "proj_lat": 52.511403104583415,
    "proj_lon": 13.576746157279631,
    "marker-color": "#3366ff",
    "marker-symbol": "e"
  },
  {
    "rowid": 215614,
    "id": 33502,
    "source": "OA",
    "source_id": "6121dd2a0131a7b3",
    "housenumber": 22.18,
    "lat": 52.5111498,
    "lon": 13.5772157,
    "parity": "L",
    "proj_lat": 52.51144039807479,
    "proj_lon": 13.576820120972844,
    "marker-color": "#3366ff",
    "marker-symbol": "e"
  },
  {
    "rowid": 215614,
    "id": 33502,
    "source": "OA",
    "source_id": "6121dd2a0131a7b3",
    "housenumber": 22.18,
    "lat": 52.5111498,
    "lon": 13.5772157,
    "parity": "L",
    "proj_lat": 52.51144039807479,
    "proj_lon": 13.576820120972844,
    "marker-color": "#3366ff",
    "marker-symbol": "e"
  },
  {
    "rowid": 215615,
    "id": 33502,
    "source": "OA",
    "source_id": "d8ae3279d7d1b2d2",
    "housenumber": 23,
    "lat": 52.5109471,
    "lon": 13.5774031,
    "parity": "L",
    "proj_lat": 52.51074841263828,
    "proj_lon": 13.576743367201757,
    "marker-color": "#3366ff",
    "marker-symbol": "o"
  },
  {
    "rowid": 215615,
    "id": 33502,
    "source": "OA",
    "source_id": "d8ae3279d7d1b2d2",
    "housenumber": 23,
    "lat": 52.5109471,
    "lon": 13.5774031,
    "parity": "L",
    "proj_lat": 52.51074841263828,
    "proj_lon": 13.576743367201757,
    "marker-color": "#3366ff",
    "marker-symbol": "o"
  },
  {
    "rowid": 215616,
    "id": 33502,
    "source": "OA",
    "source_id": "adb40db5545dd49b",
    "housenumber": 23.03,
    "lat": 52.510914,
    "lon": 13.5774573,
    "parity": "L",
    "proj_lat": 52.51062100262041,
    "proj_lon": 13.57686990216368,
    "marker-color": "#3366ff",
    "marker-symbol": "o"
  },
  {
    "rowid": 215616,
    "id": 33502,
    "source": "OA",
    "source_id": "adb40db5545dd49b",
    "housenumber": 23.03,
    "lat": 52.510914,
    "lon": 13.5774573,
    "parity": "L",
    "proj_lat": 52.51062100262041,
    "proj_lon": 13.57686990216368,
    "marker-color": "#3366ff",
    "marker-symbol": "o"
  },
  {
    "rowid": 215617,
    "id": 33502,
    "source": "OA",
    "source_id": "6150d4d0fa29bc27",
    "housenumber": 23.06,
    "lat": 52.5108739,
    "lon": 13.5775052,
    "parity": "L",
    "proj_lat": 52.5105827225464,
    "proj_lon": 13.576921451796045,
    "marker-color": "#3366ff",
    "marker-symbol": "o"
  },
  {
    "rowid": 215617,
    "id": 33502,
    "source": "OA",
    "source_id": "6150d4d0fa29bc27",
    "housenumber": 23.06,
    "lat": 52.5108739,
    "lon": 13.5775052,
    "parity": "L",
    "proj_lat": 52.5105827225464,
    "proj_lon": 13.576921451796045,
    "marker-color": "#3366ff",
    "marker-symbol": "o"
  },
  {
    "rowid": 215618,
    "id": 33502,
    "source": "OA",
    "source_id": "bb2ded29251e30ed",
    "housenumber": 23.09,
    "lat": 52.5108372,
    "lon": 13.5775608,
    "parity": "L",
    "proj_lat": 52.51054417881173,
    "proj_lon": 13.57697335648548,
    "marker-color": "#3366ff",
    "marker-symbol": "o"
  },
  {
    "rowid": 215618,
    "id": 33502,
    "source": "OA",
    "source_id": "bb2ded29251e30ed",
    "housenumber": 23.09,
    "lat": 52.5108372,
    "lon": 13.5775608,
    "parity": "L",
    "proj_lat": 52.51054417881173,
    "proj_lon": 13.57697335648548,
    "marker-color": "#3366ff",
    "marker-symbol": "o"
  },
  {
    "rowid": 215619,
    "id": 33502,
    "source": "OA",
    "source_id": "7cd3f00cd3f09b21",
    "housenumber": 23.12,
    "lat": 52.5107975,
    "lon": 13.5776099,
    "parity": "L",
    "proj_lat": 52.510505779962635,
    "proj_lon": 13.577025066065612,
    "marker-color": "#3366ff",
    "marker-symbol": "o"
  },
  {
    "rowid": 215619,
    "id": 33502,
    "source": "OA",
    "source_id": "7cd3f00cd3f09b21",
    "housenumber": 23.12,
    "lat": 52.5107975,
    "lon": 13.5776099,
    "parity": "L",
    "proj_lat": 52.510505779962635,
    "proj_lon": 13.577025066065612,
    "marker-color": "#3366ff",
    "marker-symbol": "o"
  },
  {
    "rowid": 215620,
    "id": 33502,
    "source": "OA",
    "source_id": "120c5e33970ebfcd",
    "housenumber": 23.15,
    "lat": 52.5107573,
    "lon": 13.5776583,
    "parity": "L",
    "proj_lat": 52.510467290885764,
    "proj_lon": 13.577076897150437,
    "marker-color": "#3366ff",
    "marker-symbol": "o"
  },
  {
    "rowid": 215620,
    "id": 33502,
    "source": "OA",
    "source_id": "120c5e33970ebfcd",
    "housenumber": 23.15,
    "lat": 52.5107573,
    "lon": 13.5776583,
    "parity": "L",
    "proj_lat": 52.510467290885764,
    "proj_lon": 13.577076897150437,
    "marker-color": "#3366ff",
    "marker-symbol": "o"
  },
  {
    "rowid": 215621,
    "id": 33502,
    "source": "OA",
    "source_id": "57906e4131f5c420",
    "housenumber": 23.18,
    "lat": 52.5105861,
    "lon": 13.5777405,
    "parity": "L",
    "proj_lat": 52.510340353224194,
    "proj_lon": 13.577247836992056,
    "marker-color": "#3366ff",
    "marker-symbol": "o"
  },
  {
    "rowid": 215621,
    "id": 33502,
    "source": "OA",
    "source_id": "57906e4131f5c420",
    "housenumber": 23.18,
    "lat": 52.5105861,
    "lon": 13.5777405,
    "parity": "L",
    "proj_lat": 52.510340353224194,
    "proj_lon": 13.577247836992056,
    "marker-color": "#3366ff",
    "marker-symbol": "o"
  },
  {
    "rowid": 215622,
    "id": 33502,
    "source": "OA",
    "source_id": "367c6bee93eb8bef",
    "housenumber": 23.21,
    "lat": 52.5106154,
    "lon": 13.5778247,
    "parity": "L",
    "proj_lat": 52.510332756461416,
    "proj_lon": 13.577258067127149,
    "marker-color": "#3366ff",
    "marker-symbol": "o"
  },
  {
    "rowid": 215622,
    "id": 33502,
    "source": "OA",
    "source_id": "367c6bee93eb8bef",
    "housenumber": 23.21,
    "lat": 52.5106154,
    "lon": 13.5778247,
    "parity": "L",
    "proj_lat": 52.510332756461416,
    "proj_lon": 13.577258067127149,
    "marker-color": "#3366ff",
    "marker-symbol": "o"
  },
  {
    "rowid": 215623,
    "id": 33502,
    "source": "OA",
    "source_id": "841f229f5422dd1b",
    "housenumber": 23.24,
    "lat": 52.5106447,
    "lon": 13.577906,
    "parity": "L",
    "proj_lat": 52.51032602506542,
    "proj_lon": 13.577267131921253,
    "marker-color": "#3366ff",
    "marker-symbol": "o"
  },
  {
    "rowid": 215623,
    "id": 33502,
    "source": "OA",
    "source_id": "841f229f5422dd1b",
    "housenumber": 23.24,
    "lat": 52.5106447,
    "lon": 13.577906,
    "parity": "L",
    "proj_lat": 52.51032602506542,
    "proj_lon": 13.577267131921253,
    "marker-color": "#3366ff",
    "marker-symbol": "o"
  },
  {
    "rowid": 215624,
    "id": 33502,
    "source": "OA",
    "source_id": "6185cc0a9e9c7914",
    "housenumber": 23.33,
    "lat": 52.5106722,
    "lon": 13.5779903,
    "parity": "L",
    "proj_lat": 52.51031732182942,
    "proj_lon": 13.577278852081877,
    "marker-color": "#3366ff",
    "marker-symbol": "o"
  },
  {
    "rowid": 215624,
    "id": 33502,
    "source": "OA",
    "source_id": "6185cc0a9e9c7914",
    "housenumber": 23.33,
    "lat": 52.5106722,
    "lon": 13.5779903,
    "parity": "L",
    "proj_lat": 52.51031732182942,
    "proj_lon": 13.577278852081877,
    "marker-color": "#3366ff",
    "marker-symbol": "o"
  },
  {
    "rowid": 204482,
    "id": 33502,
    "source": "OA",
    "source_id": "2bcedd43f616bdab",
    "housenumber": 24,
    "lat": 52.5117737,
    "lon": 13.5761344,
    "parity": "R",
    "proj_lat": 52.511371247312724,
    "proj_lon": 13.576683058403624,
    "marker-color": "#ff0000",
    "marker-symbol": "e"
  },
  {
    "rowid": 204482,
    "id": 33502,
    "source": "OA",
    "source_id": "2bcedd43f616bdab",
    "housenumber": 24,
    "lat": 52.5117737,
    "lon": 13.5761344,
    "parity": "R",
    "proj_lat": 52.511371247312724,
    "proj_lon": 13.576683058403624,
    "marker-color": "#ff0000",
    "marker-symbol": "e"
  },
  {
    "rowid": 204483,
    "id": 33502,
    "source": "OA",
    "source_id": "7d8c7100abfef498",
    "housenumber": 29,
    "lat": 52.509952,
    "lon": 13.5774831,
    "parity": "R",
    "proj_lat": 52.51003784927539,
    "proj_lon": 13.577655202122768,
    "marker-color": "#ff0000",
    "marker-symbol": "o"
  },
  {
    "rowid": 204483,
    "id": 33502,
    "source": "OA",
    "source_id": "7d8c7100abfef498",
    "housenumber": 29,
    "lat": 52.509952,
    "lon": 13.5774831,
    "parity": "R",
    "proj_lat": 52.51003784927539,
    "proj_lon": 13.577655202122768,
    "marker-color": "#ff0000",
    "marker-symbol": "o"
  },
  {
    "rowid": 204484,
    "id": 33502,
    "source": "OA",
    "source_id": "44bea3db01331a3d",
    "housenumber": 30,
    "lat": 52.5096818,
    "lon": 13.5778928,
    "parity": "R",
    "proj_lat": 52.50975397267387,
    "proj_lon": 13.578037482847844,
    "marker-color": "#ff0000",
    "marker-symbol": "e"
  },
  {
    "rowid": 204484,
    "id": 33502,
    "source": "OA",
    "source_id": "44bea3db01331a3d",
    "housenumber": 30,
    "lat": 52.5096818,
    "lon": 13.5778928,
    "parity": "R",
    "proj_lat": 52.50975397267387,
    "proj_lon": 13.578037482847844,
    "marker-color": "#ff0000",
    "marker-symbol": "e"
  },
  {
    "rowid": 204485,
    "id": 33502,
    "source": "OA",
    "source_id": "fdefb3b185eff03d",
    "housenumber": 31,
    "lat": 52.5093684,
    "lon": 13.5782566,
    "parity": "R",
    "proj_lat": 52.5094613536771,
    "proj_lon": 13.578433399923474,
    "marker-color": "#ff0000",
    "marker-symbol": "o"
  },
  {
    "rowid": 204485,
    "id": 33502,
    "source": "OA",
    "source_id": "fdefb3b185eff03d",
    "housenumber": 31,
    "lat": 52.5093684,
    "lon": 13.5782566,
    "parity": "R",
    "proj_lat": 52.5094613536771,
    "proj_lon": 13.578433399923474,
    "marker-color": "#ff0000",
    "marker-symbol": "o"
  },
  {
    "rowid": 219968,
    "id": 33502,
    "source": "OA",
    "source_id": "d7f8e484171f0ff9",
    "housenumber": 31.03,
    "lat": 52.509463,
    "lon": 13.5781412,
    "parity": "R",
    "proj_lat": 52.50954897243676,
    "proj_lon": 13.578313545189241,
    "marker-color": "#ff0000",
    "marker-symbol": "o"
  },
  {
    "rowid": 219968,
    "id": 33502,
    "source": "OA",
    "source_id": "d7f8e484171f0ff9",
    "housenumber": 31.03,
    "lat": 52.509463,
    "lon": 13.5781412,
    "parity": "R",
    "proj_lat": 52.50954897243676,
    "proj_lon": 13.578313545189241,
    "marker-color": "#ff0000",
    "marker-symbol": "o"
  },
  {
    "rowid": 219969,
    "id": 33502,
    "source": "OA",
    "source_id": "f9a84bafafd6dc53",
    "housenumber": 31.06,
    "lat": 52.509417,
    "lon": 13.578025,
    "parity": "R",
    "proj_lat": 52.50955612977583,
    "proj_lon": 13.578303906801452,
    "marker-color": "#ff0000",
    "marker-symbol": "o"
  },
  {
    "rowid": 219969,
    "id": 33502,
    "source": "OA",
    "source_id": "f9a84bafafd6dc53",
    "housenumber": 31.06,
    "lat": 52.509417,
    "lon": 13.578025,
    "parity": "R",
    "proj_lat": 52.50955612977583,
    "proj_lon": 13.578303906801452,
    "marker-color": "#ff0000",
    "marker-symbol": "o"
  },
  {
    "rowid": 219970,
    "id": 33502,
    "source": "OA",
    "source_id": "88fb12f1aa7d339e",
    "housenumber": 31.09,
    "lat": 52.5093782,
    "lon": 13.5779227,
    "parity": "R",
    "proj_lat": 52.50956344639365,
    "proj_lon": 13.578294053921894,
    "marker-color": "#ff0000",
    "marker-symbol": "o"
  },
  {
    "rowid": 219970,
    "id": 33502,
    "source": "OA",
    "source_id": "88fb12f1aa7d339e",
    "housenumber": 31.09,
    "lat": 52.5093782,
    "lon": 13.5779227,
    "parity": "R",
    "proj_lat": 52.50956344639365,
    "proj_lon": 13.578294053921894,
    "marker-color": "#ff0000",
    "marker-symbol": "o"
  },
  {
    "rowid": 219971,
    "id": 33502,
    "source": "OA",
    "source_id": "db10bbfde1d99c12",
    "housenumber": 31.12,
    "lat": 52.5093404,
    "lon": 13.5778103,
    "parity": "R",
    "proj_lat": 52.509574375039534,
    "proj_lon": 13.578279336926371,
    "marker-color": "#ff0000",
    "marker-symbol": "o"
  },
  {
    "rowid": 219971,
    "id": 33502,
    "source": "OA",
    "source_id": "db10bbfde1d99c12",
    "housenumber": 31.12,
    "lat": 52.5093404,
    "lon": 13.5778103,
    "parity": "R",
    "proj_lat": 52.509574375039534,
    "proj_lon": 13.578279336926371,
    "marker-color": "#ff0000",
    "marker-symbol": "o"
  },
  {
    "rowid": 219972,
    "id": 33502,
    "source": "OA",
    "source_id": "cec1bfe2c283f8cb",
    "housenumber": 31.15,
    "lat": 52.5092376,
    "lon": 13.5776535,
    "parity": "R",
    "proj_lat": 52.50955967189157,
    "proj_lon": 13.578299136832506,
    "marker-color": "#ff0000",
    "marker-symbol": "o"
  },
  {
    "rowid": 219972,
    "id": 33502,
    "source": "OA",
    "source_id": "cec1bfe2c283f8cb",
    "housenumber": 31.15,
    "lat": 52.5092376,
    "lon": 13.5776535,
    "parity": "R",
    "proj_lat": 52.50955967189157,
    "proj_lon": 13.578299136832506,
    "marker-color": "#ff0000",
    "marker-symbol": "o"
  },
  {
    "rowid": 219973,
    "id": 33502,
    "source": "OA",
    "source_id": "9bd0c44d48f98ef8",
    "housenumber": 31.18,
    "lat": 52.5091772,
    "lon": 13.5776979,
    "parity": "R",
    "proj_lat": 52.5095102942878,
    "proj_lon": 13.578365630886866,
    "marker-color": "#ff0000",
    "marker-symbol": "o"
  },
  {
    "rowid": 219973,
    "id": 33502,
    "source": "OA",
    "source_id": "9bd0c44d48f98ef8",
    "housenumber": 31.18,
    "lat": 52.5091772,
    "lon": 13.5776979,
    "parity": "R",
    "proj_lat": 52.5095102942878,
    "proj_lon": 13.578365630886866,
    "marker-color": "#ff0000",
    "marker-symbol": "o"
  },
  {
    "rowid": 219974,
    "id": 33502,
    "source": "OA",
    "source_id": "255037bf87d330a8",
    "housenumber": 31.21,
    "lat": 52.5091196,
    "lon": 13.5777425,
    "parity": "R",
    "proj_lat": 52.509473663398175,
    "proj_lon": 13.578415928689616,
    "marker-color": "#ff0000",
    "marker-symbol": "o"
  },
  {
    "rowid": 219974,
    "id": 33502,
    "source": "OA",
    "source_id": "255037bf87d330a8",
    "housenumber": 31.21,
    "lat": 52.5091196,
    "lon": 13.5777425,
    "parity": "R",
    "proj_lat": 52.509473663398175,
    "proj_lon": 13.578415928689616,
    "marker-color": "#ff0000",
    "marker-symbol": "o"
  },
  {
    "rowid": 219975,
    "id": 33502,
    "source": "OA",
    "source_id": "e8d1dcdccd4b4b35",
    "housenumber": 31.24,
    "lat": 52.5090593,
    "lon": 13.5777901,
    "parity": "R",
    "proj_lat": 52.50942480044984,
    "proj_lon": 13.578485280057738,
    "marker-color": "#ff0000",
    "marker-symbol": "o"
  },
  {
    "rowid": 219975,
    "id": 33502,
    "source": "OA",
    "source_id": "e8d1dcdccd4b4b35",
    "housenumber": 31.24,
    "lat": 52.5090593,
    "lon": 13.5777901,
    "parity": "R",
    "proj_lat": 52.50942480044984,
    "proj_lon": 13.578485280057738,
    "marker-color": "#ff0000",
    "marker-symbol": "o"
  },
  {
    "rowid": 219976,
    "id": 33502,
    "source": "OA",
    "source_id": "207f7bea9e48dbb4",
    "housenumber": 31.33,
    "lat": 52.50909,
    "lon": 13.5779858,
    "parity": "R",
    "proj_lat": 52.509383458331655,
    "proj_lon": 13.578543957083076,
    "marker-color": "#ff0000",
    "marker-symbol": "o"
  },
  {
    "rowid": 219976,
    "id": 33502,
    "source": "OA",
    "source_id": "207f7bea9e48dbb4",
    "housenumber": 31.33,
    "lat": 52.50909,
    "lon": 13.5779858,
    "parity": "R",
    "proj_lat": 52.509383458331655,
    "proj_lon": 13.578543957083076,
    "marker-color": "#ff0000",
    "marker-symbol": "o"
  },
  {
    "rowid": 219977,
    "id": 33502,
    "source": "OA",
    "source_id": "a67bd1a89a0e9e46",
    "housenumber": 31.36,
    "lat": 52.5091277,
    "lon": 13.5781091,
    "parity": "R",
    "proj_lat": 52.50936792361776,
    "proj_lon": 13.578566005561504,
    "marker-color": "#ff0000",
    "marker-symbol": "o"
  },
  {
    "rowid": 219977,
    "id": 33502,
    "source": "OA",
    "source_id": "a67bd1a89a0e9e46",
    "housenumber": 31.36,
    "lat": 52.5091277,
    "lon": 13.5781091,
    "parity": "R",
    "proj_lat": 52.50936792361776,
    "proj_lon": 13.578566005561504,
    "marker-color": "#ff0000",
    "marker-symbol": "o"
  },
  {
    "rowid": 219978,
    "id": 33502,
    "source": "OA",
    "source_id": "cc62edb50ca9b5a8",
    "housenumber": 31.39,
    "lat": 52.5091662,
    "lon": 13.5782324,
    "parity": "R",
    "proj_lat": 52.50935284713835,
    "proj_lon": 13.578587403665981,
    "marker-color": "#ff0000",
    "marker-symbol": "o"
  },
  {
    "rowid": 219978,
    "id": 33502,
    "source": "OA",
    "source_id": "cc62edb50ca9b5a8",
    "housenumber": 31.39,
    "lat": 52.5091662,
    "lon": 13.5782324,
    "parity": "R",
    "proj_lat": 52.50935284713835,
    "proj_lon": 13.578587403665981,
    "marker-color": "#ff0000",
    "marker-symbol": "o"
  },
  {
    "rowid": 219979,
    "id": 33502,
    "source": "OA",
    "source_id": "1a5293c603607483",
    "housenumber": 31.42,
    "lat": 52.5092101,
    "lon": 13.57836,
    "parity": "R",
    "proj_lat": 52.509339568484286,
    "proj_lon": 13.578606250110118,
    "marker-color": "#ff0000",
    "marker-symbol": "o"
  },
  {
    "rowid": 219979,
    "id": 33502,
    "source": "OA",
    "source_id": "1a5293c603607483",
    "housenumber": 31.42,
    "lat": 52.5092101,
    "lon": 13.57836,
    "parity": "R",
    "proj_lat": 52.509339568484286,
    "proj_lon": 13.578606250110118,
    "marker-color": "#ff0000",
    "marker-symbol": "o"
  },
  {
    "rowid": 224546,
    "id": 33502,
    "source": "OA",
    "source_id": "b0c5604ac067fbc3",
    "housenumber": 32,
    "lat": 52.5090418,
    "lon": 13.5787725,
    "parity": "R",
    "proj_lat": 52.50911899093551,
    "proj_lon": 13.57891931666273,
    "marker-color": "#ff0000",
    "marker-symbol": "e"
  },
  {
    "rowid": 224546,
    "id": 33502,
    "source": "OA",
    "source_id": "b0c5604ac067fbc3",
    "housenumber": 32,
    "lat": 52.5090418,
    "lon": 13.5787725,
    "parity": "R",
    "proj_lat": 52.50911899093551,
    "proj_lon": 13.57891931666273,
    "marker-color": "#ff0000",
    "marker-symbol": "e"
  },
  {
    "rowid": 224547,
    "id": 33502,
    "source": "OA",
    "source_id": "ae5779d8b41cce7b",
    "housenumber": 32.03,
    "lat": 52.508969,
    "lon": 13.5788822,
    "parity": "R",
    "proj_lat": 52.50904427174293,
    "proj_lon": 13.579025365896502,
    "marker-color": "#ff0000",
    "marker-symbol": "e"
  },
  {
    "rowid": 224547,
    "id": 33502,
    "source": "OA",
    "source_id": "ae5779d8b41cce7b",
    "housenumber": 32.03,
    "lat": 52.508969,
    "lon": 13.5788822,
    "parity": "R",
    "proj_lat": 52.50904427174293,
    "proj_lon": 13.579025365896502,
    "marker-color": "#ff0000",
    "marker-symbol": "e"
  },
  {
    "rowid": 216165,
    "id": 33502,
    "source": "OA",
    "source_id": "22ea1fef2d8d804c",
    "housenumber": 32.12,
    "lat": 52.508701,
    "lon": 13.5781646,
    "parity": "R",
    "proj_lat": 52.50910686090573,
    "proj_lon": 13.578936532860055,
    "marker-color": "#ff0000",
    "marker-symbol": "e"
  },
  {
    "rowid": 216165,
    "id": 33502,
    "source": "OA",
    "source_id": "22ea1fef2d8d804c",
    "housenumber": 32.12,
    "lat": 52.508701,
    "lon": 13.5781646,
    "parity": "R",
    "proj_lat": 52.50910686090573,
    "proj_lon": 13.578936532860055,
    "marker-color": "#ff0000",
    "marker-symbol": "e"
  },
  {
    "rowid": 216166,
    "id": 33502,
    "source": "OA",
    "source_id": "67b03d051f1d3586",
    "housenumber": 32.15,
    "lat": 52.5087517,
    "lon": 13.5781255,
    "parity": "R",
    "proj_lat": 52.5091476669612,
    "proj_lon": 13.57887861667058,
    "marker-color": "#ff0000",
    "marker-symbol": "e"
  },
  {
    "rowid": 216166,
    "id": 33502,
    "source": "OA",
    "source_id": "67b03d051f1d3586",
    "housenumber": 32.15,
    "lat": 52.5087517,
    "lon": 13.5781255,
    "parity": "R",
    "proj_lat": 52.5091476669612,
    "proj_lon": 13.57887861667058,
    "marker-color": "#ff0000",
    "marker-symbol": "e"
  },
  {
    "rowid": 216167,
    "id": 33502,
    "source": "OA",
    "source_id": "0b5f6d05fb192205",
    "housenumber": 32.18,
    "lat": 52.5088001,
    "lon": 13.5780787,
    "parity": "R",
    "proj_lat": 52.50918947432644,
    "proj_lon": 13.57881927931832,
    "marker-color": "#ff0000",
    "marker-symbol": "e"
  },
  {
    "rowid": 216167,
    "id": 33502,
    "source": "OA",
    "source_id": "0b5f6d05fb192205",
    "housenumber": 32.18,
    "lat": 52.5088001,
    "lon": 13.5780787,
    "parity": "R",
    "proj_lat": 52.50918947432644,
    "proj_lon": 13.57881927931832,
    "marker-color": "#ff0000",
    "marker-symbol": "e"
  },
  {
    "rowid": 216168,
    "id": 33502,
    "source": "OA",
    "source_id": "c7941794f50200db",
    "housenumber": 32.21,
    "lat": 52.5088537,
    "lon": 13.5780346,
    "parity": "R",
    "proj_lat": 52.509233446568636,
    "proj_lon": 13.578756869347998,
    "marker-color": "#ff0000",
    "marker-symbol": "e"
  },
  {
    "rowid": 216168,
    "id": 33502,
    "source": "OA",
    "source_id": "c7941794f50200db",
    "housenumber": 32.21,
    "lat": 52.5088537,
    "lon": 13.5780346,
    "parity": "R",
    "proj_lat": 52.509233446568636,
    "proj_lon": 13.578756869347998,
    "marker-color": "#ff0000",
    "marker-symbol": "e"
  },
  {
    "rowid": 216169,
    "id": 33502,
    "source": "OA",
    "source_id": "c5b6706f0584dd38",
    "housenumber": 32.24,
    "lat": 52.5089036,
    "lon": 13.5779876,
    "parity": "R",
    "proj_lat": 52.50927617317138,
    "proj_lon": 13.57869622731847,
    "marker-color": "#ff0000",
    "marker-symbol": "e"
  },
  {
    "rowid": 216169,
    "id": 33502,
    "source": "OA",
    "source_id": "c5b6706f0584dd38",
    "housenumber": 32.24,
    "lat": 52.5089036,
    "lon": 13.5779876,
    "parity": "R",
    "proj_lat": 52.50927617317138,
    "proj_lon": 13.57869622731847,
    "marker-color": "#ff0000",
    "marker-symbol": "e"
  },
  {
    "rowid": 216170,
    "id": 33502,
    "source": "OA",
    "source_id": "1ba40be5c6d93934",
    "housenumber": 32.33,
    "lat": 52.5089561,
    "lon": 13.5779409,
    "parity": "R",
    "proj_lat": 52.50932029837039,
    "proj_lon": 13.578633600255946,
    "marker-color": "#ff0000",
    "marker-symbol": "e"
  },
  {
    "rowid": 216170,
    "id": 33502,
    "source": "OA",
    "source_id": "1ba40be5c6d93934",
    "housenumber": 32.33,
    "lat": 52.5089561,
    "lon": 13.5779409,
    "parity": "R",
    "proj_lat": 52.50932029837039,
    "proj_lon": 13.578633600255946,
    "marker-color": "#ff0000",
    "marker-symbol": "e"
  },
  {
    "rowid": 204486,
    "id": 33502,
    "source": "OA",
    "source_id": "0d574fb872c3dd19",
    "housenumber": 33,
    "lat": 52.508851,
    "lon": 13.5790421,
    "parity": "R",
    "proj_lat": 52.50892855357852,
    "proj_lon": 13.579189605126682,
    "marker-color": "#ff0000",
    "marker-symbol": "o"
  },
  {
    "rowid": 204486,
    "id": 33502,
    "source": "OA",
    "source_id": "0d574fb872c3dd19",
    "housenumber": 33,
    "lat": 52.508851,
    "lon": 13.5790421,
    "parity": "R",
    "proj_lat": 52.50892855357852,
    "proj_lon": 13.579189605126682,
    "marker-color": "#ff0000",
    "marker-symbol": "o"
  },
  {
    "rowid": 217781,
    "id": 33502,
    "source": "OA",
    "source_id": "81a5333c01fd74e4",
    "housenumber": 33.03,
    "lat": 52.5088294,
    "lon": 13.5787594,
    "parity": "R",
    "proj_lat": 52.509001301903034,
    "proj_lon": 13.57908635315345,
    "marker-color": "#ff0000",
    "marker-symbol": "o"
  },
  {
    "rowid": 217781,
    "id": 33502,
    "source": "OA",
    "source_id": "81a5333c01fd74e4",
    "housenumber": 33.03,
    "lat": 52.5088294,
    "lon": 13.5787594,
    "parity": "R",
    "proj_lat": 52.509001301903034,
    "proj_lon": 13.57908635315345,
    "marker-color": "#ff0000",
    "marker-symbol": "o"
  },
  {
    "rowid": 217782,
    "id": 33502,
    "source": "OA",
    "source_id": "83d8f56397a0d456",
    "housenumber": 33.06,
    "lat": 52.508755,
    "lon": 13.5785381,
    "parity": "R",
    "proj_lat": 52.50902532722207,
    "proj_lon": 13.579052253926902,
    "marker-color": "#ff0000",
    "marker-symbol": "o"
  },
  {
    "rowid": 217782,
    "id": 33502,
    "source": "OA",
    "source_id": "83d8f56397a0d456",
    "housenumber": 33.06,
    "lat": 52.508755,
    "lon": 13.5785381,
    "parity": "R",
    "proj_lat": 52.50902532722207,
    "proj_lon": 13.579052253926902,
    "marker-color": "#ff0000",
    "marker-symbol": "o"
  },
  {
    "rowid": 217783,
    "id": 33502,
    "source": "OA",
    "source_id": "44f14d4523b28047",
    "housenumber": 33.09,
    "lat": 52.5087937,
    "lon": 13.5786541,
    "parity": "R",
    "proj_lat": 52.50901256267409,
    "proj_lon": 13.579070370698325,
    "marker-color": "#ff0000",
    "marker-symbol": "o"
  },
  {
    "rowid": 217783,
    "id": 33502,
    "source": "OA",
    "source_id": "44f14d4523b28047",
    "housenumber": 33.09,
    "lat": 52.5087937,
    "lon": 13.5786541,
    "parity": "R",
    "proj_lat": 52.50901256267409,
    "proj_lon": 13.579070370698325,
    "marker-color": "#ff0000",
    "marker-symbol": "o"
  },
  {
    "rowid": 217784,
    "id": 33502,
    "source": "OA",
    "source_id": "5288ec28cea128ed",
    "housenumber": 33.12,
    "lat": 52.5086243,
    "lon": 13.5784962,
    "parity": "R",
    "proj_lat": 52.5089630970137,
    "proj_lon": 13.579140577497965,
    "marker-color": "#ff0000",
    "marker-symbol": "o"
  },
  {
    "rowid": 217784,
    "id": 33502,
    "source": "OA",
    "source_id": "5288ec28cea128ed",
    "housenumber": 33.12,
    "lat": 52.5086243,
    "lon": 13.5784962,
    "parity": "R",
    "proj_lat": 52.5089630970137,
    "proj_lon": 13.579140577497965,
    "marker-color": "#ff0000",
    "marker-symbol": "o"
  },
  {
    "rowid": 217785,
    "id": 33502,
    "source": "OA",
    "source_id": "beead382cc908f55",
    "housenumber": 33.15,
    "lat": 52.5085008,
    "lon": 13.5786057,
    "parity": "R",
    "proj_lat": 52.50885940510692,
    "proj_lon": 13.579287747815023,
    "marker-color": "#ff0000",
    "marker-symbol": "o"
  },
  {
    "rowid": 217785,
    "id": 33502,
    "source": "OA",
    "source_id": "beead382cc908f55",
    "housenumber": 33.15,
    "lat": 52.5085008,
    "lon": 13.5786057,
    "parity": "R",
    "proj_lat": 52.50885940510692,
    "proj_lon": 13.579287747815023,
    "marker-color": "#ff0000",
    "marker-symbol": "o"
  },
  {
    "rowid": 219980,
    "id": 33502,
    "source": "OA",
    "source_id": "c66e04fdda62fa61",
    "housenumber": 33.18,
    "lat": 52.5085926,
    "lon": 13.5787939,
    "parity": "R",
    "proj_lat": 52.5088553092472,
    "proj_lon": 13.579293561084269,
    "marker-color": "#ff0000",
    "marker-symbol": "o"
  },
  {
    "rowid": 219980,
    "id": 33502,
    "source": "OA",
    "source_id": "c66e04fdda62fa61",
    "housenumber": 33.18,
    "lat": 52.5085926,
    "lon": 13.5787939,
    "parity": "R",
    "proj_lat": 52.5088553092472,
    "proj_lon": 13.579293561084269,
    "marker-color": "#ff0000",
    "marker-symbol": "o"
  },
  {
    "rowid": 219981,
    "id": 33502,
    "source": "OA",
    "source_id": "a8e363fca2958524",
    "housenumber": 33.21,
    "lat": 52.5086344,
    "lon": 13.5788818,
    "parity": "R",
    "proj_lat": 52.508855,
    "proj_lon": 13.579294,
    "marker-color": "#ff0000",
    "marker-symbol": "o"
  },
  {
    "rowid": 219981,
    "id": 33502,
    "source": "OA",
    "source_id": "a8e363fca2958524",
    "housenumber": 33.21,
    "lat": 52.5086344,
    "lon": 13.5788818,
    "parity": "R",
    "proj_lat": 52.508855,
    "proj_lon": 13.579294,
    "marker-color": "#ff0000",
    "marker-symbol": "o"
  },
  {
    "rowid": 204487,
    "id": 33502,
    "source": "OA",
    "source_id": "7dcfd5f11f3a6f66",
    "housenumber": 34,
    "lat": 52.5087125,
    "lon": 13.5792744,
    "parity": "R",
    "proj_lat": 52.508782884029685,
    "proj_lon": 13.579401664993675,
    "marker-color": "#ff0000",
    "marker-symbol": "e"
  },
  {
    "rowid": 204487,
    "id": 33502,
    "source": "OA",
    "source_id": "7dcfd5f11f3a6f66",
    "housenumber": 34,
    "lat": 52.5087125,
    "lon": 13.5792744,
    "parity": "R",
    "proj_lat": 52.508782884029685,
    "proj_lon": 13.579401664993675,
    "marker-color": "#ff0000",
    "marker-symbol": "e"
  },
  {
    "rowid": 204488,
    "id": 33502,
    "source": "OA",
    "source_id": "dd28348d16654357",
    "housenumber": 34.03,
    "lat": 52.5084893,
    "lon": 13.5792102,
    "parity": "R",
    "proj_lat": 52.50868007692265,
    "proj_lon": 13.579555150088328,
    "marker-color": "#ff0000",
    "marker-symbol": "e"
  },
  {
    "rowid": 204488,
    "id": 33502,
    "source": "OA",
    "source_id": "dd28348d16654357",
    "housenumber": 34.03,
    "lat": 52.5084893,
    "lon": 13.5792102,
    "parity": "R",
    "proj_lat": 52.50868007692265,
    "proj_lon": 13.579555150088328,
    "marker-color": "#ff0000",
    "marker-symbol": "e"
  },
  {
    "rowid": 204489,
    "id": 33502,
    "source": "OA",
    "source_id": "4d49861abd37bb11",
    "housenumber": 34.06,
    "lat": 52.5084643,
    "lon": 13.5791536,
    "parity": "R",
    "proj_lat": 52.50868352947026,
    "proj_lon": 13.579549995633432,
    "marker-color": "#ff0000",
    "marker-symbol": "e"
  },
  {
    "rowid": 204489,
    "id": 33502,
    "source": "OA",
    "source_id": "4d49861abd37bb11",
    "housenumber": 34.06,
    "lat": 52.5084643,
    "lon": 13.5791536,
    "parity": "R",
    "proj_lat": 52.50868352947026,
    "proj_lon": 13.579549995633432,
    "marker-color": "#ff0000",
    "marker-symbol": "e"
  },
  {
    "rowid": 204490,
    "id": 33502,
    "source": "OA",
    "source_id": "52bd53afce50ba58",
    "housenumber": 34.09,
    "lat": 52.5084363,
    "lon": 13.5790819,
    "parity": "R",
    "proj_lat": 52.50868991312441,
    "proj_lon": 13.579540465205149,
    "marker-color": "#ff0000",
    "marker-symbol": "e"
  },
  {
    "rowid": 204490,
    "id": 33502,
    "source": "OA",
    "source_id": "52bd53afce50ba58",
    "housenumber": 34.09,
    "lat": 52.5084363,
    "lon": 13.5790819,
    "parity": "R",
    "proj_lat": 52.50868991312441,
    "proj_lon": 13.579540465205149,
    "marker-color": "#ff0000",
    "marker-symbol": "e"
  },
  {
    "rowid": 204491,
    "id": 33502,
    "source": "OA",
    "source_id": "9aaad02515f08dab",
    "housenumber": 34.12,
    "lat": 52.5084142,
    "lon": 13.5790096,
    "parity": "R",
    "proj_lat": 52.508699710208084,
    "proj_lon": 13.579525838722997,
    "marker-color": "#ff0000",
    "marker-symbol": "e"
  },
  {
    "rowid": 204491,
    "id": 33502,
    "source": "OA",
    "source_id": "9aaad02515f08dab",
    "housenumber": 34.12,
    "lat": 52.5084142,
    "lon": 13.5790096,
    "parity": "R",
    "proj_lat": 52.508699710208084,
    "proj_lon": 13.579525838722997,
    "marker-color": "#ff0000",
    "marker-symbol": "e"
  },
  {
    "rowid": 204492,
    "id": 33502,
    "source": "OA",
    "source_id": "a1c6fe9499a679ed",
    "housenumber": 34.15,
    "lat": 52.5083029,
    "lon": 13.5787047,
    "parity": "R",
    "proj_lat": 52.50873111196568,
    "proj_lon": 13.579478957705955,
    "marker-color": "#ff0000",
    "marker-symbol": "e"
  },
  {
    "rowid": 204492,
    "id": 33502,
    "source": "OA",
    "source_id": "a1c6fe9499a679ed",
    "housenumber": 34.15,
    "lat": 52.5083029,
    "lon": 13.5787047,
    "parity": "R",
    "proj_lat": 52.50873111196568,
    "proj_lon": 13.579478957705955,
    "marker-color": "#ff0000",
    "marker-symbol": "e"
  },
  {
    "rowid": 204493,
    "id": 33502,
    "source": "OA",
    "source_id": "3e809a64b6f68679",
    "housenumber": 34.18,
    "lat": 52.5082767,
    "lon": 13.5787759,
    "parity": "R",
    "proj_lat": 52.50869519266266,
    "proj_lon": 13.579532583158354,
    "marker-color": "#ff0000",
    "marker-symbol": "e"
  },
  {
    "rowid": 204493,
    "id": 33502,
    "source": "OA",
    "source_id": "3e809a64b6f68679",
    "housenumber": 34.18,
    "lat": 52.5082767,
    "lon": 13.5787759,
    "parity": "R",
    "proj_lat": 52.50869519266266,
    "proj_lon": 13.579532583158354,
    "marker-color": "#ff0000",
    "marker-symbol": "e"
  },
  {
    "rowid": 204494,
    "id": 33502,
    "source": "OA",
    "source_id": "d3fe3ac7afd5810a",
    "housenumber": 34.21,
    "lat": 52.5082301,
    "lon": 13.5787761,
    "parity": "R",
    "proj_lat": 52.508669607985624,
    "proj_lon": 13.579570779608863,
    "marker-color": "#ff0000",
    "marker-symbol": "e"
  },
  {
    "rowid": 204494,
    "id": 33502,
    "source": "OA",
    "source_id": "d3fe3ac7afd5810a",
    "housenumber": 34.21,
    "lat": 52.5082301,
    "lon": 13.5787761,
    "parity": "R",
    "proj_lat": 52.508669607985624,
    "proj_lon": 13.579570779608863,
    "marker-color": "#ff0000",
    "marker-symbol": "e"
  },
  {
    "rowid": 204495,
    "id": 33502,
    "source": "OA",
    "source_id": "09a7fcb14486c907",
    "housenumber": 34.24,
    "lat": 52.508199,
    "lon": 13.5788496,
    "parity": "R",
    "proj_lat": 52.50863030806423,
    "proj_lon": 13.57962945212995,
    "marker-color": "#ff0000",
    "marker-symbol": "e"
  },
  {
    "rowid": 204495,
    "id": 33502,
    "source": "OA",
    "source_id": "09a7fcb14486c907",
    "housenumber": 34.24,
    "lat": 52.508199,
    "lon": 13.5788496,
    "parity": "R",
    "proj_lat": 52.50863030806423,
    "proj_lon": 13.57962945212995,
    "marker-color": "#ff0000",
    "marker-symbol": "e"
  },
  {
    "rowid": 204496,
    "id": 33502,
    "source": "OA",
    "source_id": "845e1ac60274ff6a",
    "housenumber": 34.27,
    "lat": 52.5081526,
    "lon": 13.5788477,
    "parity": "R",
    "proj_lat": 52.50860546914951,
    "proj_lon": 13.579666535200245,
    "marker-color": "#ff0000",
    "marker-symbol": "e"
  },
  {
    "rowid": 204496,
    "id": 33502,
    "source": "OA",
    "source_id": "845e1ac60274ff6a",
    "housenumber": 34.27,
    "lat": 52.5081526,
    "lon": 13.5788477,
    "parity": "R",
    "proj_lat": 52.50860546914951,
    "proj_lon": 13.579666535200245,
    "marker-color": "#ff0000",
    "marker-symbol": "e"
  },
  {
    "rowid": 204497,
    "id": 33502,
    "source": "OA",
    "source_id": "a6f181e14644a952",
    "housenumber": 34.33,
    "lat": 52.5081266,
    "lon": 13.5789175,
    "parity": "R",
    "proj_lat": 52.50857008347928,
    "proj_lon": 13.579719363969588,
    "marker-color": "#ff0000",
    "marker-symbol": "e"
  },
  {
    "rowid": 204497,
    "id": 33502,
    "source": "OA",
    "source_id": "a6f181e14644a952",
    "housenumber": 34.33,
    "lat": 52.5081266,
    "lon": 13.5789175,
    "parity": "R",
    "proj_lat": 52.50857008347928,
    "proj_lon": 13.579719363969588,
    "marker-color": "#ff0000",
    "marker-symbol": "e"
  },
  {
    "rowid": 204498,
    "id": 33502,
    "source": "OA",
    "source_id": "cdb2e65c4cfb00e7",
    "housenumber": 34.36,
    "lat": 52.508087,
    "lon": 13.5789062,
    "parity": "R",
    "proj_lat": 52.50855181672927,
    "proj_lon": 13.57974663517616,
    "marker-color": "#ff0000",
    "marker-symbol": "e"
  },
  {
    "rowid": 204498,
    "id": 33502,
    "source": "OA",
    "source_id": "cdb2e65c4cfb00e7",
    "housenumber": 34.36,
    "lat": 52.508087,
    "lon": 13.5789062,
    "parity": "R",
    "proj_lat": 52.50855181672927,
    "proj_lon": 13.57974663517616,
    "marker-color": "#ff0000",
    "marker-symbol": "e"
  },
  {
    "rowid": 204499,
    "id": 33502,
    "source": "OA",
    "source_id": "d92320d4198bacf1",
    "housenumber": 34.39,
    "lat": 52.5081781,
    "lon": 13.5791762,
    "parity": "R",
    "proj_lat": 52.508519922368365,
    "proj_lon": 13.579794251621607,
    "marker-color": "#ff0000",
    "marker-symbol": "e"
  },
  {
    "rowid": 204499,
    "id": 33502,
    "source": "OA",
    "source_id": "d92320d4198bacf1",
    "housenumber": 34.39,
    "lat": 52.5081781,
    "lon": 13.5791762,
    "parity": "R",
    "proj_lat": 52.508519922368365,
    "proj_lon": 13.579794251621607,
    "marker-color": "#ff0000",
    "marker-symbol": "e"
  },
  {
    "rowid": 204500,
    "id": 33502,
    "source": "OA",
    "source_id": "87b4c197423e6996",
    "housenumber": 34.42,
    "lat": 52.5082285,
    "lon": 13.57932,
    "parity": "R",
    "proj_lat": 52.50850396607613,
    "proj_lon": 13.579818073447694,
    "marker-color": "#ff0000",
    "marker-symbol": "e"
  },
  {
    "rowid": 204500,
    "id": 33502,
    "source": "OA",
    "source_id": "87b4c197423e6996",
    "housenumber": 34.42,
    "lat": 52.5082285,
    "lon": 13.57932,
    "parity": "R",
    "proj_lat": 52.50850396607613,
    "proj_lon": 13.579818073447694,
    "marker-color": "#ff0000",
    "marker-symbol": "e"
  },
  {
    "rowid": 204501,
    "id": 33502,
    "source": "OA",
    "source_id": "80f686b813fd7bc9",
    "housenumber": 35,
    "lat": 52.508463,
    "lon": 13.5796289,
    "parity": "R",
    "proj_lat": 52.50853883394989,
    "proj_lon": 13.579766017718667,
    "marker-color": "#ff0000",
    "marker-symbol": "o"
  },
  {
    "rowid": 204501,
    "id": 33502,
    "source": "OA",
    "source_id": "80f686b813fd7bc9",
    "housenumber": 35,
    "lat": 52.508463,
    "lon": 13.5796289,
    "parity": "R",
    "proj_lat": 52.50853883394989,
    "proj_lon": 13.579766017718667,
    "marker-color": "#ff0000",
    "marker-symbol": "o"
  },
  {
    "rowid": 204502,
    "id": 33502,
    "source": "OA",
    "source_id": "917aa11d4dfe5907",
    "housenumber": 36,
    "lat": 52.508288,
    "lon": 13.5798872,
    "parity": "R",
    "proj_lat": 52.508364732455874,
    "proj_lon": 13.580025941230367,
    "marker-color": "#ff0000",
    "marker-symbol": "e"
  },
  {
    "rowid": 204502,
    "id": 33502,
    "source": "OA",
    "source_id": "917aa11d4dfe5907",
    "housenumber": 36,
    "lat": 52.508288,
    "lon": 13.5798872,
    "parity": "R",
    "proj_lat": 52.508364732455874,
    "proj_lon": 13.580025941230367,
    "marker-color": "#ff0000",
    "marker-symbol": "e"
  },
  {
    "rowid": 217786,
    "id": 33502,
    "source": "OA",
    "source_id": "ac75253d5f2496ef",
    "housenumber": 36.03,
    "lat": 52.5081989,
    "lon": 13.5794797,
    "parity": "R",
    "proj_lat": 52.50843937473374,
    "proj_lon": 13.579914504604893,
    "marker-color": "#ff0000",
    "marker-symbol": "e"
  },
  {
    "rowid": 217786,
    "id": 33502,
    "source": "OA",
    "source_id": "ac75253d5f2496ef",
    "housenumber": 36.03,
    "lat": 52.5081989,
    "lon": 13.5794797,
    "parity": "R",
    "proj_lat": 52.50843937473374,
    "proj_lon": 13.579914504604893,
    "marker-color": "#ff0000",
    "marker-symbol": "e"
  },
  {
    "rowid": 204503,
    "id": 33502,
    "source": "OA",
    "source_id": "fd92b0ca8944f32f",
    "housenumber": 36.06,
    "lat": 52.5081144,
    "lon": 13.5794168,
    "parity": "R",
    "proj_lat": 52.50841214608873,
    "proj_lon": 13.579955155404992,
    "marker-color": "#ff0000",
    "marker-symbol": "e"
  },
  {
    "rowid": 204503,
    "id": 33502,
    "source": "OA",
    "source_id": "fd92b0ca8944f32f",
    "housenumber": 36.06,
    "lat": 52.5081144,
    "lon": 13.5794168,
    "parity": "R",
    "proj_lat": 52.50841214608873,
    "proj_lon": 13.579955155404992,
    "marker-color": "#ff0000",
    "marker-symbol": "e"
  },
  {
    "rowid": 204504,
    "id": 33502,
    "source": "OA",
    "source_id": "cba611aee97f50d0",
    "housenumber": 36.09,
    "lat": 52.5080797,
    "lon": 13.5793138,
    "parity": "R",
    "proj_lat": 52.50842434217647,
    "proj_lon": 13.57993694734783,
    "marker-color": "#ff0000",
    "marker-symbol": "e"
  },
  {
    "rowid": 204504,
    "id": 33502,
    "source": "OA",
    "source_id": "cba611aee97f50d0",
    "housenumber": 36.09,
    "lat": 52.5080797,
    "lon": 13.5793138,
    "parity": "R",
    "proj_lat": 52.50842434217647,
    "proj_lon": 13.57993694734783,
    "marker-color": "#ff0000",
    "marker-symbol": "e"
  },
  {
    "rowid": 204505,
    "id": 33502,
    "source": "OA",
    "source_id": "fac493ab61947f8d",
    "housenumber": 36.12,
    "lat": 52.5079658,
    "lon": 13.5792407,
    "parity": "R",
    "proj_lat": 52.50838410075721,
    "proj_lon": 13.57999702547104,
    "marker-color": "#ff0000",
    "marker-symbol": "e"
  },
  {
    "rowid": 204505,
    "id": 33502,
    "source": "OA",
    "source_id": "fac493ab61947f8d",
    "housenumber": 36.12,
    "lat": 52.5079658,
    "lon": 13.5792407,
    "parity": "R",
    "proj_lat": 52.50838410075721,
    "proj_lon": 13.57999702547104,
    "marker-color": "#ff0000",
    "marker-symbol": "e"
  },
  {
    "rowid": 204506,
    "id": 33502,
    "source": "OA",
    "source_id": "c52f2bd051214f69",
    "housenumber": 36.15,
    "lat": 52.5079614,
    "lon": 13.579357,
    "parity": "R",
    "proj_lat": 52.508346459366535,
    "proj_lon": 13.580053221901206,
    "marker-color": "#ff0000",
    "marker-symbol": "e"
  },
  {
    "rowid": 204506,
    "id": 33502,
    "source": "OA",
    "source_id": "c52f2bd051214f69",
    "housenumber": 36.15,
    "lat": 52.5079614,
    "lon": 13.579357,
    "parity": "R",
    "proj_lat": 52.508346459366535,
    "proj_lon": 13.580053221901206,
    "marker-color": "#ff0000",
    "marker-symbol": "e"
  },
  {
    "rowid": 204507,
    "id": 33502,
    "source": "OA",
    "source_id": "f6fd2615513ab62f",
    "housenumber": 36.18,
    "lat": 52.5079033,
    "lon": 13.5794155,
    "parity": "R",
    "proj_lat": 52.5082969148232,
    "proj_lon": 13.580127189053307,
    "marker-color": "#ff0000",
    "marker-symbol": "e"
  },
  {
    "rowid": 204507,
    "id": 33502,
    "source": "OA",
    "source_id": "f6fd2615513ab62f",
    "housenumber": 36.18,
    "lat": 52.5079033,
    "lon": 13.5794155,
    "parity": "R",
    "proj_lat": 52.5082969148232,
    "proj_lon": 13.580127189053307,
    "marker-color": "#ff0000",
    "marker-symbol": "e"
  },
  {
    "rowid": 204508,
    "id": 33502,
    "source": "OA",
    "source_id": "685a88fb5f45fd12",
    "housenumber": 36.21,
    "lat": 52.5078291,
    "lon": 13.5793716,
    "parity": "R",
    "proj_lat": 52.508269572664204,
    "proj_lon": 13.58016800932325,
    "marker-color": "#ff0000",
    "marker-symbol": "e"
  },
  {
    "rowid": 204508,
    "id": 33502,
    "source": "OA",
    "source_id": "685a88fb5f45fd12",
    "housenumber": 36.21,
    "lat": 52.5078291,
    "lon": 13.5793716,
    "parity": "R",
    "proj_lat": 52.508269572664204,
    "proj_lon": 13.58016800932325,
    "marker-color": "#ff0000",
    "marker-symbol": "e"
  },
  {
    "rowid": 204509,
    "id": 33502,
    "source": "OA",
    "source_id": "7db6cd4edcfaeb33",
    "housenumber": 36.24,
    "lat": 52.5079639,
    "lon": 13.5796423,
    "parity": "R",
    "proj_lat": 52.508261401173286,
    "proj_lon": 13.580180208888962,
    "marker-color": "#ff0000",
    "marker-symbol": "e"
  },
  {
    "rowid": 204509,
    "id": 33502,
    "source": "OA",
    "source_id": "7db6cd4edcfaeb33",
    "housenumber": 36.24,
    "lat": 52.5079639,
    "lon": 13.5796423,
    "parity": "R",
    "proj_lat": 52.508261401173286,
    "proj_lon": 13.580180208888962,
    "marker-color": "#ff0000",
    "marker-symbol": "e"
  },
  {
    "rowid": 204510,
    "id": 33502,
    "source": "OA",
    "source_id": "15f5803a68dc8f6c",
    "housenumber": 36.33,
    "lat": 52.5079883,
    "lon": 13.5797274,
    "parity": "R",
    "proj_lat": 52.5082489859278,
    "proj_lon": 13.580198744136014,
    "marker-color": "#ff0000",
    "marker-symbol": "e"
  },
  {
    "rowid": 204510,
    "id": 33502,
    "source": "OA",
    "source_id": "15f5803a68dc8f6c",
    "housenumber": 36.33,
    "lat": 52.5079883,
    "lon": 13.5797274,
    "parity": "R",
    "proj_lat": 52.5082489859278,
    "proj_lon": 13.580198744136014,
    "marker-color": "#ff0000",
    "marker-symbol": "e"
  },
  {
    "rowid": 204511,
    "id": 33502,
    "source": "OA",
    "source_id": "0649473c8e95ae14",
    "housenumber": 36.36,
    "lat": 52.5080168,
    "lon": 13.5798094,
    "parity": "R",
    "proj_lat": 52.50823975551779,
    "proj_lon": 13.580212524606983,
    "marker-color": "#ff0000",
    "marker-symbol": "e"
  },
  {
    "rowid": 204511,
    "id": 33502,
    "source": "OA",
    "source_id": "0649473c8e95ae14",
    "housenumber": 36.36,
    "lat": 52.5080168,
    "lon": 13.5798094,
    "parity": "R",
    "proj_lat": 52.50823975551779,
    "proj_lon": 13.580212524606983,
    "marker-color": "#ff0000",
    "marker-symbol": "e"
  },
  {
    "rowid": 204512,
    "id": 33502,
    "source": "OA",
    "source_id": "b300fc42cdfe5d02",
    "housenumber": 36.39,
    "lat": 52.5080473,
    "lon": 13.5798944,
    "parity": "R",
    "proj_lat": 52.508230711818726,
    "proj_lon": 13.580226026329266,
    "marker-color": "#ff0000",
    "marker-symbol": "e"
  },
  {
    "rowid": 204512,
    "id": 33502,
    "source": "OA",
    "source_id": "b300fc42cdfe5d02",
    "housenumber": 36.39,
    "lat": 52.5080473,
    "lon": 13.5798944,
    "parity": "R",
    "proj_lat": 52.508230711818726,
    "proj_lon": 13.580226026329266,
    "marker-color": "#ff0000",
    "marker-symbol": "e"
  },
  {
    "rowid": 204513,
    "id": 33502,
    "source": "OA",
    "source_id": "c2c1014e071fd21e",
    "housenumber": 37,
    "lat": 52.5080898,
    "lon": 13.5800321,
    "parity": "R",
    "proj_lat": 52.508212276317856,
    "proj_lon": 13.580253549471168,
    "marker-color": "#ff0000",
    "marker-symbol": "o"
  },
  {
    "rowid": 204513,
    "id": 33502,
    "source": "OA",
    "source_id": "c2c1014e071fd21e",
    "housenumber": 37,
    "lat": 52.5080898,
    "lon": 13.5800321,
    "parity": "R",
    "proj_lat": 52.508212276317856,
    "proj_lon": 13.580253549471168,
    "marker-color": "#ff0000",
    "marker-symbol": "o"
  },
  {
    "rowid": 204514,
    "id": 33502,
    "source": "OA",
    "source_id": "662a22e0b631a18f",
    "housenumber": 38,
    "lat": 52.5080244,
    "lon": 13.5801806,
    "parity": "R",
    "proj_lat": 52.50813146876616,
    "proj_lon": 13.58037419049569,
    "marker-color": "#ff0000",
    "marker-symbol": "e"
  },
  {
    "rowid": 204514,
    "id": 33502,
    "source": "OA",
    "source_id": "662a22e0b631a18f",
    "housenumber": 38,
    "lat": 52.5080244,
    "lon": 13.5801806,
    "parity": "R",
    "proj_lat": 52.50813146876616,
    "proj_lon": 13.58037419049569,
    "marker-color": "#ff0000",
    "marker-symbol": "e"
  },
  {
    "rowid": 204515,
    "id": 33502,
    "source": "OA",
    "source_id": "0a586aa05030adb9",
    "housenumber": 39,
    "lat": 52.5077942,
    "lon": 13.5805963,
    "parity": "R",
    "proj_lat": 52.507876460844685,
    "proj_lon": 13.580751404346282,
    "marker-color": "#ff0000",
    "marker-symbol": "o"
  },
  {
    "rowid": 204515,
    "id": 33502,
    "source": "OA",
    "source_id": "0a586aa05030adb9",
    "housenumber": 39,
    "lat": 52.5077942,
    "lon": 13.5805963,
    "parity": "R",
    "proj_lat": 52.507876460844685,
    "proj_lon": 13.580751404346282,
    "marker-color": "#ff0000",
    "marker-symbol": "o"
  },
  {
    "rowid": 204516,
    "id": 33502,
    "source": "OA",
    "source_id": "9f2acc813878bef5",
    "housenumber": 39.03,
    "lat": 52.5078912,
    "lon": 13.5802718,
    "parity": "R",
    "proj_lat": 52.50803088319987,
    "proj_lon": 13.580524358957847,
    "marker-color": "#ff0000",
    "marker-symbol": "o"
  },
  {
    "rowid": 204516,
    "id": 33502,
    "source": "OA",
    "source_id": "9f2acc813878bef5",
    "housenumber": 39.03,
    "lat": 52.5078912,
    "lon": 13.5802718,
    "parity": "R",
    "proj_lat": 52.50803088319987,
    "proj_lon": 13.580524358957847,
    "marker-color": "#ff0000",
    "marker-symbol": "o"
  },
  {
    "rowid": 204517,
    "id": 33502,
    "source": "OA",
    "source_id": "676a2b75872827c7",
    "housenumber": 39.06,
    "lat": 52.5078594,
    "lon": 13.5801983,
    "parity": "R",
    "proj_lat": 52.50803573120415,
    "proj_lon": 13.58051712116644,
    "marker-color": "#ff0000",
    "marker-symbol": "o"
  },
  {
    "rowid": 204517,
    "id": 33502,
    "source": "OA",
    "source_id": "676a2b75872827c7",
    "housenumber": 39.06,
    "lat": 52.5078594,
    "lon": 13.5801983,
    "parity": "R",
    "proj_lat": 52.50803573120415,
    "proj_lon": 13.58051712116644,
    "marker-color": "#ff0000",
    "marker-symbol": "o"
  },
  {
    "rowid": 204518,
    "id": 33502,
    "source": "OA",
    "source_id": "759ae5e00f6fce06",
    "housenumber": 39.09,
    "lat": 52.5078246,
    "lon": 13.5801154,
    "parity": "R",
    "proj_lat": 52.508041783686934,
    "proj_lon": 13.580508085157945,
    "marker-color": "#ff0000",
    "marker-symbol": "o"
  },
  {
    "rowid": 204518,
    "id": 33502,
    "source": "OA",
    "source_id": "759ae5e00f6fce06",
    "housenumber": 39.09,
    "lat": 52.5078246,
    "lon": 13.5801154,
    "parity": "R",
    "proj_lat": 52.508041783686934,
    "proj_lon": 13.580508085157945,
    "marker-color": "#ff0000",
    "marker-symbol": "o"
  },
  {
    "rowid": 204519,
    "id": 33502,
    "source": "OA",
    "source_id": "f5ffab154e15826f",
    "housenumber": 39.12,
    "lat": 52.507777,
    "lon": 13.5799923,
    "parity": "R",
    "proj_lat": 52.508053003410765,
    "proj_lon": 13.58049133475591,
    "marker-color": "#ff0000",
    "marker-symbol": "o"
  },
  {
    "rowid": 204519,
    "id": 33502,
    "source": "OA",
    "source_id": "f5ffab154e15826f",
    "housenumber": 39.12,
    "lat": 52.507777,
    "lon": 13.5799923,
    "parity": "R",
    "proj_lat": 52.508053003410765,
    "proj_lon": 13.58049133475591,
    "marker-color": "#ff0000",
    "marker-symbol": "o"
  },
  {
    "rowid": 204520,
    "id": 33502,
    "source": "OA",
    "source_id": "b9b0491865ac8a69",
    "housenumber": 39.15,
    "lat": 52.5077385,
    "lon": 13.579906,
    "parity": "R",
    "proj_lat": 52.50805805947075,
    "proj_lon": 13.580483786349312,
    "marker-color": "#ff0000",
    "marker-symbol": "o"
  },
  {
    "rowid": 204520,
    "id": 33502,
    "source": "OA",
    "source_id": "b9b0491865ac8a69",
    "housenumber": 39.15,
    "lat": 52.5077385,
    "lon": 13.579906,
    "parity": "R",
    "proj_lat": 52.50805805947075,
    "proj_lon": 13.580483786349312,
    "marker-color": "#ff0000",
    "marker-symbol": "o"
  },
  {
    "rowid": 204521,
    "id": 33502,
    "source": "OA",
    "source_id": "809fcc8c0538f0ba",
    "housenumber": 39.18,
    "lat": 52.5076989,
    "lon": 13.5797554,
    "parity": "R",
    "proj_lat": 52.508081992002474,
    "proj_lon": 13.580448056456675,
    "marker-color": "#ff0000",
    "marker-symbol": "o"
  },
  {
    "rowid": 204521,
    "id": 33502,
    "source": "OA",
    "source_id": "809fcc8c0538f0ba",
    "housenumber": 39.18,
    "lat": 52.5076989,
    "lon": 13.5797554,
    "parity": "R",
    "proj_lat": 52.508081992002474,
    "proj_lon": 13.580448056456675,
    "marker-color": "#ff0000",
    "marker-symbol": "o"
  },
  {
    "rowid": 204522,
    "id": 33502,
    "source": "OA",
    "source_id": "83280b171498ad64",
    "housenumber": 39.21,
    "lat": 52.5075616,
    "lon": 13.57963,
    "parity": "R",
    "proj_lat": 52.50804477845914,
    "proj_lon": 13.580503614135376,
    "marker-color": "#ff0000",
    "marker-symbol": "o"
  },
  {
    "rowid": 204522,
    "id": 33502,
    "source": "OA",
    "source_id": "83280b171498ad64",
    "housenumber": 39.21,
    "lat": 52.5075616,
    "lon": 13.57963,
    "parity": "R",
    "proj_lat": 52.50804477845914,
    "proj_lon": 13.580503614135376,
    "marker-color": "#ff0000",
    "marker-symbol": "o"
  },
  {
    "rowid": 204523,
    "id": 33502,
    "source": "OA",
    "source_id": "9d4d15df7192e68f",
    "housenumber": 39.24,
    "lat": 52.5075154,
    "lon": 13.5796809,
    "parity": "R",
    "proj_lat": 52.50800405431568,
    "proj_lon": 13.580564412938052,
    "marker-color": "#ff0000",
    "marker-symbol": "o"
  },
  {
    "rowid": 204523,
    "id": 33502,
    "source": "OA",
    "source_id": "9d4d15df7192e68f",
    "housenumber": 39.24,
    "lat": 52.5075154,
    "lon": 13.5796809,
    "parity": "R",
    "proj_lat": 52.50800405431568,
    "proj_lon": 13.580564412938052,
    "marker-color": "#ff0000",
    "marker-symbol": "o"
  },
  {
    "rowid": 204524,
    "id": 33502,
    "source": "OA",
    "source_id": "da732a63411a57ab",
    "housenumber": 39.33,
    "lat": 52.5074725,
    "lon": 13.5797286,
    "parity": "R",
    "proj_lat": 52.507966107055935,
    "proj_lon": 13.58062106601313,
    "marker-color": "#ff0000",
    "marker-symbol": "o"
  },
  {
    "rowid": 204524,
    "id": 33502,
    "source": "OA",
    "source_id": "da732a63411a57ab",
    "housenumber": 39.33,
    "lat": 52.5074725,
    "lon": 13.5797286,
    "parity": "R",
    "proj_lat": 52.507966107055935,
    "proj_lon": 13.58062106601313,
    "marker-color": "#ff0000",
    "marker-symbol": "o"
  },
  {
    "rowid": 204525,
    "id": 33502,
    "source": "OA",
    "source_id": "1a37976d81b523bc",
    "housenumber": 39.36,
    "lat": 52.5074289,
    "lon": 13.5797737,
    "parity": "R",
    "proj_lat": 52.50791695914887,
    "proj_lon": 13.580693409867834,
    "marker-color": "#ff0000",
    "marker-symbol": "o"
  },
  {
    "rowid": 204525,
    "id": 33502,
    "source": "OA",
    "source_id": "1a37976d81b523bc",
    "housenumber": 39.36,
    "lat": 52.5074289,
    "lon": 13.5797737,
    "parity": "R",
    "proj_lat": 52.50791695914887,
    "proj_lon": 13.580693409867834,
    "marker-color": "#ff0000",
    "marker-symbol": "o"
  },
  {
    "rowid": 204526,
    "id": 33502,
    "source": "OA",
    "source_id": "34c7f3d3d223ad41",
    "housenumber": 39.39,
    "lat": 52.5073833,
    "lon": 13.579824,
    "parity": "R",
    "proj_lat": 52.50787572460839,
    "proj_lon": 13.580752458359784,
    "marker-color": "#ff0000",
    "marker-symbol": "o"
  },
  {
    "rowid": 204526,
    "id": 33502,
    "source": "OA",
    "source_id": "34c7f3d3d223ad41",
    "housenumber": 39.39,
    "lat": 52.5073833,
    "lon": 13.579824,
    "parity": "R",
    "proj_lat": 52.50787572460839,
    "proj_lon": 13.580752458359784,
    "marker-color": "#ff0000",
    "marker-symbol": "o"
  },
  {
    "rowid": 204527,
    "id": 33502,
    "source": "OA",
    "source_id": "46ea29434c4b98ac",
    "housenumber": 39.42,
    "lat": 52.5073355,
    "lon": 13.5798791,
    "parity": "R",
    "proj_lat": 52.507831944273434,
    "proj_lon": 13.580815135335037,
    "marker-color": "#ff0000",
    "marker-symbol": "o"
  },
  {
    "rowid": 204527,
    "id": 33502,
    "source": "OA",
    "source_id": "46ea29434c4b98ac",
    "housenumber": 39.42,
    "lat": 52.5073355,
    "lon": 13.5798791,
    "parity": "R",
    "proj_lat": 52.507831944273434,
    "proj_lon": 13.580815135335037,
    "marker-color": "#ff0000",
    "marker-symbol": "o"
  },
  {
    "rowid": 204528,
    "id": 33502,
    "source": "OA",
    "source_id": "956a5c12bf10407a",
    "housenumber": 39.54,
    "lat": 52.5074828,
    "lon": 13.5802507,
    "parity": "R",
    "proj_lat": 52.50780364458823,
    "proj_lon": 13.580855649841638,
    "marker-color": "#ff0000",
    "marker-symbol": "o"
  },
  {
    "rowid": 204528,
    "id": 33502,
    "source": "OA",
    "source_id": "956a5c12bf10407a",
    "housenumber": 39.54,
    "lat": 52.5074828,
    "lon": 13.5802507,
    "parity": "R",
    "proj_lat": 52.50780364458823,
    "proj_lon": 13.580855649841638,
    "marker-color": "#ff0000",
    "marker-symbol": "o"
  },
  {
    "rowid": 204529,
    "id": 33502,
    "source": "OA",
    "source_id": "240f70178cfd2875",
    "housenumber": 39.57,
    "lat": 52.5075266,
    "lon": 13.5803314,
    "parity": "R",
    "proj_lat": 52.50780421240013,
    "proj_lon": 13.580854836948529,
    "marker-color": "#ff0000",
    "marker-symbol": "o"
  },
  {
    "rowid": 204529,
    "id": 33502,
    "source": "OA",
    "source_id": "240f70178cfd2875",
    "housenumber": 39.57,
    "lat": 52.5075266,
    "lon": 13.5803314,
    "parity": "R",
    "proj_lat": 52.50780421240013,
    "proj_lon": 13.580854836948529,
    "marker-color": "#ff0000",
    "marker-symbol": "o"
  },
  {
    "rowid": 204530,
    "id": 33502,
    "source": "OA",
    "source_id": "41df3545125904e5",
    "housenumber": 39.6,
    "lat": 52.5075726,
    "lon": 13.5804103,
    "parity": "R",
    "proj_lat": 52.50780657344636,
    "proj_lon": 13.580851456818245,
    "marker-color": "#ff0000",
    "marker-symbol": "o"
  },
  {
    "rowid": 204530,
    "id": 33502,
    "source": "OA",
    "source_id": "41df3545125904e5",
    "housenumber": 39.6,
    "lat": 52.5075726,
    "lon": 13.5804103,
    "parity": "R",
    "proj_lat": 52.50780657344636,
    "proj_lon": 13.580851456818245,
    "marker-color": "#ff0000",
    "marker-symbol": "o"
  },
  {
    "rowid": 219982,
    "id": 33502,
    "source": "OA",
    "source_id": "3ab42b9e0ef976c1",
    "housenumber": 40,
    "lat": 52.5076498,
    "lon": 13.5808263,
    "parity": "R",
    "proj_lat": 52.50772504499524,
    "proj_lon": 13.580968174899974,
    "marker-color": "#ff0000",
    "marker-symbol": "e"
  },
  {
    "rowid": 219982,
    "id": 33502,
    "source": "OA",
    "source_id": "3ab42b9e0ef976c1",
    "housenumber": 40,
    "lat": 52.5076498,
    "lon": 13.5808263,
    "parity": "R",
    "proj_lat": 52.50772504499524,
    "proj_lon": 13.580968174899974,
    "marker-color": "#ff0000",
    "marker-symbol": "e"
  },
  {
    "rowid": 204531,
    "id": 33502,
    "source": "OA",
    "source_id": "d7ec15280f342cd1",
    "housenumber": 41,
    "lat": 52.5075141,
    "lon": 13.5810335,
    "parity": "R",
    "proj_lat": 52.507585516261386,
    "proj_lon": 13.581168030338095,
    "marker-color": "#ff0000",
    "marker-symbol": "o"
  },
  {
    "rowid": 204531,
    "id": 33502,
    "source": "OA",
    "source_id": "d7ec15280f342cd1",
    "housenumber": 41,
    "lat": 52.5075141,
    "lon": 13.5810335,
    "parity": "R",
    "proj_lat": 52.507585516261386,
    "proj_lon": 13.581168030338095,
    "marker-color": "#ff0000",
    "marker-symbol": "o"
  },
  {
    "rowid": 204532,
    "id": 33502,
    "source": "OA",
    "source_id": "db373bf7023cb89f",
    "housenumber": 42,
    "lat": 52.5073032,
    "lon": 13.5812423,
    "parity": "R",
    "proj_lat": 52.50740278010124,
    "proj_lon": 13.581429882153781,
    "marker-color": "#ff0000",
    "marker-symbol": "e"
  },
  {
    "rowid": 204532,
    "id": 33502,
    "source": "OA",
    "source_id": "db373bf7023cb89f",
    "housenumber": 42,
    "lat": 52.5073032,
    "lon": 13.5812423,
    "parity": "R",
    "proj_lat": 52.50740278010124,
    "proj_lon": 13.581429882153781,
    "marker-color": "#ff0000",
    "marker-symbol": "e"
  },
  {
    "rowid": 216474,
    "id": 33502,
    "source": "OA",
    "source_id": "e47e659ef9d08db1",
    "housenumber": 43,
    "lat": 52.5071904,
    "lon": 13.5808862,
    "parity": "R",
    "proj_lat": 52.50744608169093,
    "proj_lon": 13.581367833132532,
    "marker-color": "#ff0000",
    "marker-symbol": "o"
  },
  {
    "rowid": 216474,
    "id": 33502,
    "source": "OA",
    "source_id": "e47e659ef9d08db1",
    "housenumber": 43,
    "lat": 52.5071904,
    "lon": 13.5808862,
    "parity": "R",
    "proj_lat": 52.50744608169093,
    "proj_lon": 13.581367833132532,
    "marker-color": "#ff0000",
    "marker-symbol": "o"
  },
  {
    "rowid": 219983,
    "id": 33502,
    "source": "OA",
    "source_id": "b4e7418c4c68f11d",
    "housenumber": 44,
    "lat": 52.5069127,
    "lon": 13.5809217,
    "parity": "R",
    "proj_lat": 52.507020706109365,
    "proj_lon": 13.58178305331683,
    "marker-color": "#ff0000",
    "marker-symbol": "e"
  },
  {
    "rowid": 219983,
    "id": 33502,
    "source": "OA",
    "source_id": "b4e7418c4c68f11d",
    "housenumber": 44,
    "lat": 52.5069127,
    "lon": 13.5809217,
    "parity": "R",
    "proj_lat": 52.507020706109365,
    "proj_lon": 13.58178305331683,
    "marker-color": "#ff0000",
    "marker-symbol": "e"
  },
  {
    "rowid": 204533,
    "id": 33502,
    "source": "OA",
    "source_id": "8b4fb0840ac060cf",
    "housenumber": 45,
    "lat": 52.5067854,
    "lon": 13.5812462,
    "parity": "R",
    "proj_lat": 52.506926573300255,
    "proj_lon": 13.581840751559128,
    "marker-color": "#ff0000",
    "marker-symbol": "o"
  },
  {
    "rowid": 204533,
    "id": 33502,
    "source": "OA",
    "source_id": "8b4fb0840ac060cf",
    "housenumber": 45,
    "lat": 52.5067854,
    "lon": 13.5812462,
    "parity": "R",
    "proj_lat": 52.506926573300255,
    "proj_lon": 13.581840751559128,
    "marker-color": "#ff0000",
    "marker-symbol": "o"
  },
  {
    "rowid": 204534,
    "id": 33502,
    "source": "OA",
    "source_id": "78499b3236e22033",
    "housenumber": 46,
    "lat": 52.5070372,
    "lon": 13.5815214,
    "parity": "R",
    "proj_lat": 52.50706800161809,
    "proj_lon": 13.581767045606187,
    "marker-color": "#ff0000",
    "marker-symbol": "e"
  },
  {
    "rowid": 204534,
    "id": 33502,
    "source": "OA",
    "source_id": "78499b3236e22033",
    "housenumber": 46,
    "lat": 52.5070372,
    "lon": 13.5815214,
    "parity": "R",
    "proj_lat": 52.50706800161809,
    "proj_lon": 13.581767045606187,
    "marker-color": "#ff0000",
    "marker-symbol": "e"
  },
  {
    "rowid": 204535,
    "id": 33502,
    "source": "OA",
    "source_id": "7704a5c1bf1b3a21",
    "housenumber": 47,
    "lat": 52.5068681,
    "lon": 13.5816716,
    "parity": "R",
    "proj_lat": 52.5069106823625,
    "proj_lon": 13.581850936356393,
    "marker-color": "#ff0000",
    "marker-symbol": "o"
  },
  {
    "rowid": 204535,
    "id": 33502,
    "source": "OA",
    "source_id": "7704a5c1bf1b3a21",
    "housenumber": 47,
    "lat": 52.5068681,
    "lon": 13.5816716,
    "parity": "R",
    "proj_lat": 52.5069106823625,
    "proj_lon": 13.581850936356393,
    "marker-color": "#ff0000",
    "marker-symbol": "o"
  },
  {
    "rowid": 219984,
    "id": 33502,
    "source": "OA",
    "source_id": "397512cf8b652d2c",
    "housenumber": 48,
    "lat": 52.5066757,
    "lon": 13.5818194,
    "parity": "R",
    "proj_lat": 52.50671323626158,
    "proj_lon": 13.581977483231093,
    "marker-color": "#ff0000",
    "marker-symbol": "e"
  },
  {
    "rowid": 219984,
    "id": 33502,
    "source": "OA",
    "source_id": "397512cf8b652d2c",
    "housenumber": 48,
    "lat": 52.5066757,
    "lon": 13.5818194,
    "parity": "R",
    "proj_lat": 52.50671323626158,
    "proj_lon": 13.581977483231093,
    "marker-color": "#ff0000",
    "marker-symbol": "e"
  },
  {
    "rowid": 219985,
    "id": 33502,
    "source": "OA",
    "source_id": "be8de6130ab356d7",
    "housenumber": 49,
    "lat": 52.506549,
    "lon": 13.5819264,
    "parity": "R",
    "proj_lat": 52.50658122036866,
    "proj_lon": 13.582062094669775,
    "marker-color": "#ff0000",
    "marker-symbol": "o"
  },
  {
    "rowid": 219985,
    "id": 33502,
    "source": "OA",
    "source_id": "be8de6130ab356d7",
    "housenumber": 49,
    "lat": 52.506549,
    "lon": 13.5819264,
    "parity": "R",
    "proj_lat": 52.50658122036866,
    "proj_lon": 13.582062094669775,
    "marker-color": "#ff0000",
    "marker-symbol": "o"
  }
]
