[
  {
    "rowid": 60606,
    "id": 45679,
    "source": "OA",
    "source_id": "554cb2c8d822e1f5",
    "housenumber": 1,
    "lat": 52.4902172,
    "lon": 13.311799,
    "parity": "R",
    "proj_lat": 52.49010367024288,
    "proj_lon": 13.311716922555425,
    "marker-color": "#ff0000",
    "marker-symbol": "o"
  },
  {
    "rowid": 60606,
    "id": 45679,
    "source": "OA",
    "source_id": "554cb2c8d822e1f5",
    "housenumber": 1,
    "lat": 52.4902172,
    "lon": 13.311799,
    "parity": "R",
    "proj_lat": 52.49010367024288,
    "proj_lon": 13.311716922555425,
    "marker-color": "#ff0000",
    "marker-symbol": "o"
  },
  {
    "rowid": 60607,
    "id": 45679,
    "source": "OA",
    "source_id": "389107ec06f3371d",
    "housenumber": 2,
    "lat": 52.4903688,
    "lon": 13.3112496,
    "parity": "R",
    "proj_lat": 52.49025163642692,
    "proj_lon": 13.311164894868798,
    "marker-color": "#ff0000",
    "marker-symbol": "e"
  },
  {
    "rowid": 60607,
    "id": 45679,
    "source": "OA",
    "source_id": "389107ec06f3371d",
    "housenumber": 2,
    "lat": 52.4903688,
    "lon": 13.3112496,
    "parity": "R",
    "proj_lat": 52.49025163642692,
    "proj_lon": 13.311164894868798,
    "marker-color": "#ff0000",
    "marker-symbol": "e"
  },
  {
    "rowid": 60608,
    "id": 45679,
    "source": "OA",
    "source_id": "180eaab45860694c",
    "housenumber": 3,
    "lat": 52.4905528,
    "lon": 13.3105478,
    "parity": "R",
    "proj_lat": 52.49043908053687,
    "proj_lon": 13.310465584150887,
    "marker-color": "#ff0000",
    "marker-symbol": "o"
  },
  {
    "rowid": 60608,
    "id": 45679,
    "source": "OA",
    "source_id": "180eaab45860694c",
    "housenumber": 3,
    "lat": 52.4905528,
    "lon": 13.3105478,
    "parity": "R",
    "proj_lat": 52.49043908053687,
    "proj_lon": 13.310465584150887,
    "marker-color": "#ff0000",
    "marker-symbol": "o"
  },
  {
    "rowid": 60609,
    "id": 45679,
    "source": "OA",
    "source_id": "ca339143a28b83c2",
    "housenumber": 4,
    "lat": 52.4907598,
    "lon": 13.3098478,
    "parity": "R",
    "proj_lat": 52.49062985409658,
    "proj_lon": 13.309753852024295,
    "marker-color": "#ff0000",
    "marker-symbol": "e"
  },
  {
    "rowid": 60609,
    "id": 45679,
    "source": "OA",
    "source_id": "ca339143a28b83c2",
    "housenumber": 4,
    "lat": 52.4907598,
    "lon": 13.3098478,
    "parity": "R",
    "proj_lat": 52.49062985409658,
    "proj_lon": 13.309753852024295,
    "marker-color": "#ff0000",
    "marker-symbol": "e"
  },
  {
    "rowid": 60610,
    "id": 45684,
    "source": "OA",
    "source_id": "887f5ce534bd1f9f",
    "housenumber": 6,
    "lat": 52.4912349,
    "lon": 13.3083285,
    "parity": "R",
    "proj_lat": 52.49106620618473,
    "proj_lon": 13.308195076149316,
    "marker-color": "#ff0000",
    "marker-symbol": "e"
  },
  {
    "rowid": 60610,
    "id": 45684,
    "source": "OA",
    "source_id": "887f5ce534bd1f9f",
    "housenumber": 6,
    "lat": 52.4912349,
    "lon": 13.3083285,
    "parity": "R",
    "proj_lat": 52.49106620618473,
    "proj_lon": 13.308195076149316,
    "marker-color": "#ff0000",
    "marker-symbol": "e"
  },
  {
    "rowid": 60611,
    "id": 45684,
    "source": "OA",
    "source_id": "20c740228c368680",
    "housenumber": 7.03,
    "lat": 52.4915805,
    "lon": 13.3070981,
    "parity": "R",
    "proj_lat": 52.49142742147762,
    "proj_lon": 13.306975268948058,
    "marker-color": "#ff0000",
    "marker-symbol": "o"
  },
  {
    "rowid": 60611,
    "id": 45684,
    "source": "OA",
    "source_id": "20c740228c368680",
    "housenumber": 7.03,
    "lat": 52.4915805,
    "lon": 13.3070981,
    "parity": "R",
    "proj_lat": 52.49142742147762,
    "proj_lon": 13.306975268948058,
    "marker-color": "#ff0000",
    "marker-symbol": "o"
  },
  {
    "rowid": 60612,
    "id": 45684,
    "source": "OA",
    "source_id": "2adb45c1b11ffc4b",
    "housenumber": 8,
    "lat": 52.4916554,
    "lon": 13.3068075,
    "parity": "R",
    "proj_lat": 52.49151164348469,
    "proj_lon": 13.306692148585114,
    "marker-color": "#ff0000",
    "marker-symbol": "e"
  },
  {
    "rowid": 60612,
    "id": 45684,
    "source": "OA",
    "source_id": "2adb45c1b11ffc4b",
    "housenumber": 8,
    "lat": 52.4916554,
    "lon": 13.3068075,
    "parity": "R",
    "proj_lat": 52.49151164348469,
    "proj_lon": 13.306692148585114,
    "marker-color": "#ff0000",
    "marker-symbol": "e"
  },
  {
    "rowid": 60613,
    "id": 45684,
    "source": "OA",
    "source_id": "5c1b03b308a27cd1",
    "housenumber": 9,
    "lat": 52.4912402,
    "lon": 13.3068532,
    "parity": "L",
    "proj_lat": 52.49142065962639,
    "proj_lon": 13.30699799956014,
    "marker-color": "#3366ff",
    "marker-symbol": "o"
  },
  {
    "rowid": 60613,
    "id": 45684,
    "source": "OA",
    "source_id": "5c1b03b308a27cd1",
    "housenumber": 9,
    "lat": 52.4912402,
    "lon": 13.3068532,
    "parity": "L",
    "proj_lat": 52.49142065962639,
    "proj_lon": 13.30699799956014,
    "marker-color": "#3366ff",
    "marker-symbol": "o"
  },
  {
    "rowid": 60614,
    "id": 45684,
    "source": "OA",
    "source_id": "eda4d15b3ad5a4b1",
    "housenumber": 9.03,
    "lat": 52.49121,
    "lon": 13.306956,
    "parity": "L",
    "proj_lat": 52.49139015232445,
    "proj_lon": 13.307100552784643,
    "marker-color": "#3366ff",
    "marker-symbol": "o"
  },
  {
    "rowid": 60614,
    "id": 45684,
    "source": "OA",
    "source_id": "eda4d15b3ad5a4b1",
    "housenumber": 9.03,
    "lat": 52.49121,
    "lon": 13.306956,
    "parity": "L",
    "proj_lat": 52.49139015232445,
    "proj_lon": 13.307100552784643,
    "marker-color": "#3366ff",
    "marker-symbol": "o"
  },
  {
    "rowid": 60615,
    "id": 45684,
    "source": "OA",
    "source_id": "0669cc09be0c4ae9",
    "housenumber": 10,
    "lat": 52.491053,
    "lon": 13.3074775,
    "parity": "L",
    "proj_lat": 52.491234658480145,
    "proj_lon": 13.307623260271228,
    "marker-color": "#3366ff",
    "marker-symbol": "e"
  },
  {
    "rowid": 60615,
    "id": 45684,
    "source": "OA",
    "source_id": "0669cc09be0c4ae9",
    "housenumber": 10,
    "lat": 52.491053,
    "lon": 13.3074775,
    "parity": "L",
    "proj_lat": 52.491234658480145,
    "proj_lon": 13.307623260271228,
    "marker-color": "#3366ff",
    "marker-symbol": "e"
  },
  {
    "rowid": 60616,
    "id": 45684,
    "source": "OA",
    "source_id": "acd831945900eb0d",
    "housenumber": 12.03,
    "lat": 52.4907484,
    "lon": 13.3083309,
    "parity": "L",
    "proj_lat": 52.490974048249974,
    "proj_lon": 13.308509366485442,
    "marker-color": "#3366ff",
    "marker-symbol": "e"
  },
  {
    "rowid": 60616,
    "id": 45684,
    "source": "OA",
    "source_id": "acd831945900eb0d",
    "housenumber": 12.03,
    "lat": 52.4907484,
    "lon": 13.3083309,
    "parity": "L",
    "proj_lat": 52.490974048249974,
    "proj_lon": 13.308509366485442,
    "marker-color": "#3366ff",
    "marker-symbol": "e"
  },
  {
    "rowid": 60617,
    "id": 45679,
    "source": "OA",
    "source_id": "e7cc3909ea9de1ec",
    "housenumber": 13.03,
    "lat": 52.4906391,
    "lon": 13.3091108,
    "parity": "L",
    "proj_lat": 52.490775739611415,
    "proj_lon": 13.309209586834324,
    "marker-color": "#3366ff",
    "marker-symbol": "o"
  },
  {
    "rowid": 60617,
    "id": 45679,
    "source": "OA",
    "source_id": "e7cc3909ea9de1ec",
    "housenumber": 13.03,
    "lat": 52.4906391,
    "lon": 13.3091108,
    "parity": "L",
    "proj_lat": 52.490775739611415,
    "proj_lon": 13.309209586834324,
    "marker-color": "#3366ff",
    "marker-symbol": "o"
  },
  {
    "rowid": 60618,
    "id": 45679,
    "source": "OA",
    "source_id": "d02019ac7a36555d",
    "housenumber": 14,
    "lat": 52.4905868,
    "lon": 13.3093056,
    "parity": "L",
    "proj_lat": 52.490723511341166,
    "proj_lon": 13.309404438457964,
    "marker-color": "#3366ff",
    "marker-symbol": "e"
  },
  {
    "rowid": 60618,
    "id": 45679,
    "source": "OA",
    "source_id": "d02019ac7a36555d",
    "housenumber": 14,
    "lat": 52.4905868,
    "lon": 13.3093056,
    "parity": "L",
    "proj_lat": 52.490723511341166,
    "proj_lon": 13.309404438457964,
    "marker-color": "#3366ff",
    "marker-symbol": "e"
  },
  {
    "rowid": 60619,
    "id": 45679,
    "source": "OA",
    "source_id": "30219106e38aad1a",
    "housenumber": 15,
    "lat": 52.4904946,
    "lon": 13.3095136,
    "parity": "L",
    "proj_lat": 52.490661842399454,
    "proj_lon": 13.309634511048198,
    "marker-color": "#3366ff",
    "marker-symbol": "o"
  },
  {
    "rowid": 60619,
    "id": 45679,
    "source": "OA",
    "source_id": "30219106e38aad1a",
    "housenumber": 15,
    "lat": 52.4904946,
    "lon": 13.3095136,
    "parity": "L",
    "proj_lat": 52.490661842399454,
    "proj_lon": 13.309634511048198,
    "marker-color": "#3366ff",
    "marker-symbol": "o"
  },
  {
    "rowid": 60620,
    "id": 45679,
    "source": "OA",
    "source_id": "46a43be0e2819665",
    "housenumber": 16,
    "lat": 52.490427,
    "lon": 13.3097635,
    "parity": "L",
    "proj_lat": 52.49059475890329,
    "proj_lon": 13.309884784091555,
    "marker-color": "#3366ff",
    "marker-symbol": "e"
  },
  {
    "rowid": 60620,
    "id": 45679,
    "source": "OA",
    "source_id": "46a43be0e2819665",
    "housenumber": 16,
    "lat": 52.490427,
    "lon": 13.3097635,
    "parity": "L",
    "proj_lat": 52.49059475890329,
    "proj_lon": 13.309884784091555,
    "marker-color": "#3366ff",
    "marker-symbol": "e"
  },
  {
    "rowid": 60621,
    "id": 45679,
    "source": "OA",
    "source_id": "d782248dc20e68cc",
    "housenumber": 16.03,
    "lat": 52.4903516,
    "lon": 13.3100422,
    "parity": "L",
    "proj_lat": 52.49051994277656,
    "proj_lon": 13.31016390579514,
    "marker-color": "#3366ff",
    "marker-symbol": "e"
  },
  {
    "rowid": 60621,
    "id": 45679,
    "source": "OA",
    "source_id": "d782248dc20e68cc",
    "housenumber": 16.03,
    "lat": 52.4903516,
    "lon": 13.3100422,
    "parity": "L",
    "proj_lat": 52.49051994277656,
    "proj_lon": 13.31016390579514,
    "marker-color": "#3366ff",
    "marker-symbol": "e"
  },
  {
    "rowid": 60622,
    "id": 45679,
    "source": "OA",
    "source_id": "85ee862405432079",
    "housenumber": 17,
    "lat": 52.4903241,
    "lon": 13.3102848,
    "parity": "L",
    "proj_lat": 52.49046100763892,
    "proj_lon": 13.31038377919327,
    "marker-color": "#3366ff",
    "marker-symbol": "o"
  },
  {
    "rowid": 60622,
    "id": 45679,
    "source": "OA",
    "source_id": "85ee862405432079",
    "housenumber": 17,
    "lat": 52.4903241,
    "lon": 13.3102848,
    "parity": "L",
    "proj_lat": 52.49046100763892,
    "proj_lon": 13.31038377919327,
    "marker-color": "#3366ff",
    "marker-symbol": "o"
  },
  {
    "rowid": 60623,
    "id": 45679,
    "source": "OA",
    "source_id": "e4d1d4fd1dfa8488",
    "housenumber": 18,
    "lat": 52.4901735,
    "lon": 13.3104954,
    "parity": "L",
    "proj_lat": 52.49038927517644,
    "proj_lon": 13.31065139645714,
    "marker-color": "#3366ff",
    "marker-symbol": "e"
  },
  {
    "rowid": 60623,
    "id": 45679,
    "source": "OA",
    "source_id": "e4d1d4fd1dfa8488",
    "housenumber": 18,
    "lat": 52.4901735,
    "lon": 13.3104954,
    "parity": "L",
    "proj_lat": 52.49038927517644,
    "proj_lon": 13.31065139645714,
    "marker-color": "#3366ff",
    "marker-symbol": "e"
  },
  {
    "rowid": 60624,
    "id": 45679,
    "source": "OA",
    "source_id": "478e42627d2e8141",
    "housenumber": 18.03,
    "lat": 52.4899989,
    "lon": 13.3104276,
    "parity": "L",
    "proj_lat": 52.490376156647066,
    "proj_lon": 13.310700338662885,
    "marker-color": "#3366ff",
    "marker-symbol": "e"
  },
  {
    "rowid": 60624,
    "id": 45679,
    "source": "OA",
    "source_id": "478e42627d2e8141",
    "housenumber": 18.03,
    "lat": 52.4899989,
    "lon": 13.3104276,
    "parity": "L",
    "proj_lat": 52.490376156647066,
    "proj_lon": 13.310700338662885,
    "marker-color": "#3366ff",
    "marker-symbol": "e"
  },
  {
    "rowid": 60625,
    "id": 45679,
    "source": "OA",
    "source_id": "921bdf4dff31f5a7",
    "housenumber": 19,
    "lat": 52.4900915,
    "lon": 13.310801,
    "parity": "L",
    "proj_lat": 52.49030734784788,
    "proj_lon": 13.310957048413668,
    "marker-color": "#3366ff",
    "marker-symbol": "o"
  },
  {
    "rowid": 60625,
    "id": 45679,
    "source": "OA",
    "source_id": "921bdf4dff31f5a7",
    "housenumber": 19,
    "lat": 52.4900915,
    "lon": 13.310801,
    "parity": "L",
    "proj_lat": 52.49030734784788,
    "proj_lon": 13.310957048413668,
    "marker-color": "#3366ff",
    "marker-symbol": "o"
  },
  {
    "rowid": 60626,
    "id": 45679,
    "source": "OA",
    "source_id": "aeacabb57dee9389",
    "housenumber": 20,
    "lat": 52.4900862,
    "lon": 13.3111716,
    "parity": "L",
    "proj_lat": 52.490223276277725,
    "proj_lon": 13.311270700040811,
    "marker-color": "#3366ff",
    "marker-symbol": "e"
  },
  {
    "rowid": 60626,
    "id": 45679,
    "source": "OA",
    "source_id": "aeacabb57dee9389",
    "housenumber": 20,
    "lat": 52.4900862,
    "lon": 13.3111716,
    "parity": "L",
    "proj_lat": 52.490223276277725,
    "proj_lon": 13.311270700040811,
    "marker-color": "#3366ff",
    "marker-symbol": "e"
  },
  {
    "rowid": 60627,
    "id": 45679,
    "source": "OA",
    "source_id": "d8172df63c3b6efd",
    "housenumber": 21,
    "lat": 52.4899875,
    "lon": 13.3115392,
    "parity": "L",
    "proj_lat": 52.49012471714146,
    "proj_lon": 13.31163840143377,
    "marker-color": "#3366ff",
    "marker-symbol": "o"
  },
  {
    "rowid": 60627,
    "id": 45679,
    "source": "OA",
    "source_id": "d8172df63c3b6efd",
    "housenumber": 21,
    "lat": 52.4899875,
    "lon": 13.3115392,
    "parity": "L",
    "proj_lat": 52.49012471714146,
    "proj_lon": 13.31163840143377,
    "marker-color": "#3366ff",
    "marker-symbol": "o"
  }
]
