[
  {
    "rowid": 232613,
    "id": 48233,
    "source": "OA",
    "source_id": "507d727aacfac1ff",
    "housenumber": 4,
    "lat": 52.5069395,
    "lon": 13.1810078,
    "parity": "L",
    "proj_lat": 52.50693,
    "proj_lon": 13.181351,
    "marker-color": "#3366ff",
    "marker-symbol": "e"
  },
  {
    "rowid": 232613,
    "id": 48233,
    "source": "OA",
    "source_id": "507d727aacfac1ff",
    "housenumber": 4,
    "lat": 52.5069395,
    "lon": 13.1810078,
    "parity": "L",
    "proj_lat": 52.50693,
    "proj_lon": 13.181351,
    "marker-color": "#3366ff",
    "marker-symbol": "e"
  },
  {
    "rowid": 232614,
    "id": 48233,
    "source": "OA",
    "source_id": "2034fc6054863346",
    "housenumber": 4.03,
    "lat": 52.5069358,
    "lon": 13.1809502,
    "parity": "L",
    "proj_lat": 52.50692837721299,
    "proj_lon": 13.181350918860648,
    "marker-color": "#3366ff",
    "marker-symbol": "e"
  },
  {
    "rowid": 232614,
    "id": 48233,
    "source": "OA",
    "source_id": "2034fc6054863346",
    "housenumber": 4.03,
    "lat": 52.5069358,
    "lon": 13.1809502,
    "parity": "L",
    "proj_lat": 52.50692837721299,
    "proj_lon": 13.181350918860648,
    "marker-color": "#3366ff",
    "marker-symbol": "e"
  },
  {
    "rowid": 232615,
    "id": 48233,
    "source": "OA",
    "source_id": "ddb2ddea8111e6a7",
    "housenumber": 5,
    "lat": 52.5067262,
    "lon": 13.1816352,
    "parity": "R",
    "proj_lat": 52.50671957538955,
    "proj_lon": 13.181346119048069,
    "marker-color": "#ff0000",
    "marker-symbol": "o"
  },
  {
    "rowid": 232615,
    "id": 48233,
    "source": "OA",
    "source_id": "ddb2ddea8111e6a7",
    "housenumber": 5,
    "lat": 52.5067262,
    "lon": 13.1816352,
    "parity": "R",
    "proj_lat": 52.50671957538955,
    "proj_lon": 13.181346119048069,
    "marker-color": "#ff0000",
    "marker-symbol": "o"
  },
  {
    "rowid": 232616,
    "id": 48233,
    "source": "OA",
    "source_id": "df268bc07b731a03",
    "housenumber": 6,
    "lat": 52.5065484,
    "lon": 13.1810713,
    "parity": "L",
    "proj_lat": 52.50655493121762,
    "proj_lon": 13.181356303223653,
    "marker-color": "#3366ff",
    "marker-symbol": "e"
  },
  {
    "rowid": 232616,
    "id": 48233,
    "source": "OA",
    "source_id": "df268bc07b731a03",
    "housenumber": 6,
    "lat": 52.5065484,
    "lon": 13.1810713,
    "parity": "L",
    "proj_lat": 52.50655493121762,
    "proj_lon": 13.181356303223653,
    "marker-color": "#3366ff",
    "marker-symbol": "e"
  },
  {
    "rowid": 232617,
    "id": 48233,
    "source": "OA",
    "source_id": "c9e5adb761ebe9d6",
    "housenumber": 7,
    "lat": 52.5064623,
    "lon": 13.1816341,
    "parity": "R",
    "proj_lat": 52.50645346245867,
    "proj_lon": 13.181363249125715,
    "marker-color": "#ff0000",
    "marker-symbol": "o"
  },
  {
    "rowid": 232617,
    "id": 48233,
    "source": "OA",
    "source_id": "c9e5adb761ebe9d6",
    "housenumber": 7,
    "lat": 52.5064623,
    "lon": 13.1816341,
    "parity": "R",
    "proj_lat": 52.50645346245867,
    "proj_lon": 13.181363249125715,
    "marker-color": "#ff0000",
    "marker-symbol": "o"
  },
  {
    "rowid": 232618,
    "id": 48233,
    "source": "OA",
    "source_id": "a53e718b5195b9f5",
    "housenumber": 8,
    "lat": 52.5064085,
    "lon": 13.1810868,
    "parity": "L",
    "proj_lat": 52.50641762321785,
    "proj_lon": 13.181366405535998,
    "marker-color": "#3366ff",
    "marker-symbol": "e"
  },
  {
    "rowid": 232618,
    "id": 48233,
    "source": "OA",
    "source_id": "a53e718b5195b9f5",
    "housenumber": 8,
    "lat": 52.5064085,
    "lon": 13.1810868,
    "parity": "L",
    "proj_lat": 52.50641762321785,
    "proj_lon": 13.181366405535998,
    "marker-color": "#3366ff",
    "marker-symbol": "e"
  },
  {
    "rowid": 232619,
    "id": 48233,
    "source": "OA",
    "source_id": "e81507e026c5e323",
    "housenumber": 9,
    "lat": 52.5062364,
    "lon": 13.1815656,
    "parity": "R",
    "proj_lat": 52.5062304383669,
    "proj_lon": 13.181382891158323,
    "marker-color": "#ff0000",
    "marker-symbol": "o"
  },
  {
    "rowid": 232619,
    "id": 48233,
    "source": "OA",
    "source_id": "e81507e026c5e323",
    "housenumber": 9,
    "lat": 52.5062364,
    "lon": 13.1815656,
    "parity": "R",
    "proj_lat": 52.5062304383669,
    "proj_lon": 13.181382891158323,
    "marker-color": "#ff0000",
    "marker-symbol": "o"
  },
  {
    "rowid": 232620,
    "id": 48233,
    "source": "OA",
    "source_id": "1be7acacc5373ac1",
    "housenumber": 11,
    "lat": 52.506042,
    "lon": 13.1815799,
    "parity": "R",
    "proj_lat": 52.50603613010047,
    "proj_lon": 13.181400004149458,
    "marker-color": "#ff0000",
    "marker-symbol": "o"
  },
  {
    "rowid": 232620,
    "id": 48233,
    "source": "OA",
    "source_id": "1be7acacc5373ac1",
    "housenumber": 11,
    "lat": 52.506042,
    "lon": 13.1815799,
    "parity": "R",
    "proj_lat": 52.50603613010047,
    "proj_lon": 13.181400004149458,
    "marker-color": "#ff0000",
    "marker-symbol": "o"
  },
  {
    "rowid": 232621,
    "id": 48233,
    "source": "OA",
    "source_id": "4cb781ce5f54f5d7",
    "housenumber": 12,
    "lat": 52.5061664,
    "lon": 13.1811777,
    "parity": "L",
    "proj_lat": 52.50617325954805,
    "proj_lon": 13.181387926974029,
    "marker-color": "#3366ff",
    "marker-symbol": "e"
  },
  {
    "rowid": 232621,
    "id": 48233,
    "source": "OA",
    "source_id": "4cb781ce5f54f5d7",
    "housenumber": 12,
    "lat": 52.5061664,
    "lon": 13.1811777,
    "parity": "L",
    "proj_lat": 52.50617325954805,
    "proj_lon": 13.181387926974029,
    "marker-color": "#3366ff",
    "marker-symbol": "e"
  },
  {
    "rowid": 232622,
    "id": 48233,
    "source": "OA",
    "source_id": "38bd2e62edc368c3",
    "housenumber": 13,
    "lat": 52.5058232,
    "lon": 13.181704,
    "parity": "R",
    "proj_lat": 52.5058139192668,
    "proj_lon": 13.181419574557328,
    "marker-color": "#ff0000",
    "marker-symbol": "o"
  },
  {
    "rowid": 232622,
    "id": 48233,
    "source": "OA",
    "source_id": "38bd2e62edc368c3",
    "housenumber": 13,
    "lat": 52.5058232,
    "lon": 13.181704,
    "parity": "R",
    "proj_lat": 52.5058139192668,
    "proj_lon": 13.181419574557328,
    "marker-color": "#ff0000",
    "marker-symbol": "o"
  },
  {
    "rowid": 232623,
    "id": 48233,
    "source": "OA",
    "source_id": "7520dfd57821a1f0",
    "housenumber": 14,
    "lat": 52.5059903,
    "lon": 13.1812285,
    "parity": "L",
    "proj_lat": 52.5059960113864,
    "proj_lon": 13.181403537458724,
    "marker-color": "#3366ff",
    "marker-symbol": "e"
  },
  {
    "rowid": 232623,
    "id": 48233,
    "source": "OA",
    "source_id": "7520dfd57821a1f0",
    "housenumber": 14,
    "lat": 52.5059903,
    "lon": 13.1812285,
    "parity": "L",
    "proj_lat": 52.5059960113864,
    "proj_lon": 13.181403537458724,
    "marker-color": "#3366ff",
    "marker-symbol": "e"
  },
  {
    "rowid": 232624,
    "id": 48233,
    "source": "OA",
    "source_id": "bcee3fbe2ce4ca8d",
    "housenumber": 15,
    "lat": 52.5056881,
    "lon": 13.1816717,
    "parity": "R",
    "proj_lat": 52.50568025727048,
    "proj_lon": 13.181431346349646,
    "marker-color": "#ff0000",
    "marker-symbol": "o"
  },
  {
    "rowid": 232624,
    "id": 48233,
    "source": "OA",
    "source_id": "bcee3fbe2ce4ca8d",
    "housenumber": 15,
    "lat": 52.5056881,
    "lon": 13.1816717,
    "parity": "R",
    "proj_lat": 52.50568025727048,
    "proj_lon": 13.181431346349646,
    "marker-color": "#ff0000",
    "marker-symbol": "o"
  },
  {
    "rowid": 232625,
    "id": 48233,
    "source": "OA",
    "source_id": "9c45c3402d0ba9a6",
    "housenumber": 16,
    "lat": 52.5058237,
    "lon": 13.1811928,
    "parity": "L",
    "proj_lat": 52.50583105036819,
    "proj_lon": 13.18141806579812,
    "marker-color": "#3366ff",
    "marker-symbol": "e"
  },
  {
    "rowid": 232625,
    "id": 48233,
    "source": "OA",
    "source_id": "9c45c3402d0ba9a6",
    "housenumber": 16,
    "lat": 52.5058237,
    "lon": 13.1811928,
    "parity": "L",
    "proj_lat": 52.50583105036819,
    "proj_lon": 13.18141806579812,
    "marker-color": "#3366ff",
    "marker-symbol": "e"
  },
  {
    "rowid": 232626,
    "id": 48233,
    "source": "OA",
    "source_id": "f395ffe6857439bb",
    "housenumber": 17,
    "lat": 52.5054373,
    "lon": 13.1816301,
    "parity": "R",
    "proj_lat": 52.50543394770694,
    "proj_lon": 13.181447329321438,
    "marker-color": "#ff0000",
    "marker-symbol": "o"
  },
  {
    "rowid": 232626,
    "id": 48233,
    "source": "OA",
    "source_id": "f395ffe6857439bb",
    "housenumber": 17,
    "lat": 52.5054373,
    "lon": 13.1816301,
    "parity": "R",
    "proj_lat": 52.50543394770694,
    "proj_lon": 13.181447329321438,
    "marker-color": "#ff0000",
    "marker-symbol": "o"
  },
  {
    "rowid": 232627,
    "id": 48233,
    "source": "OA",
    "source_id": "e922e5050de80a8e",
    "housenumber": 18,
    "lat": 52.5056576,
    "lon": 13.1811676,
    "parity": "L",
    "proj_lat": 52.50566624630852,
    "proj_lon": 13.181432580313965,
    "marker-color": "#3366ff",
    "marker-symbol": "e"
  },
  {
    "rowid": 232627,
    "id": 48233,
    "source": "OA",
    "source_id": "e922e5050de80a8e",
    "housenumber": 18,
    "lat": 52.5056576,
    "lon": 13.1811676,
    "parity": "L",
    "proj_lat": 52.50566624630852,
    "proj_lon": 13.181432580313965,
    "marker-color": "#3366ff",
    "marker-symbol": "e"
  },
  {
    "rowid": 232628,
    "id": 48233,
    "source": "OA",
    "source_id": "d2a3f62364ccbe46",
    "housenumber": 19,
    "lat": 52.5052487,
    "lon": 13.1816318,
    "parity": "R",
    "proj_lat": 52.50524553012279,
    "proj_lon": 13.181456634775493,
    "marker-color": "#ff0000",
    "marker-symbol": "o"
  },
  {
    "rowid": 232628,
    "id": 48233,
    "source": "OA",
    "source_id": "d2a3f62364ccbe46",
    "housenumber": 19,
    "lat": 52.5052487,
    "lon": 13.1816318,
    "parity": "R",
    "proj_lat": 52.50524553012279,
    "proj_lon": 13.181456634775493,
    "marker-color": "#ff0000",
    "marker-symbol": "o"
  },
  {
    "rowid": 232629,
    "id": 48233,
    "source": "OA",
    "source_id": "7eac7bc4c8697a47",
    "housenumber": 20,
    "lat": 52.5054516,
    "lon": 13.1812031,
    "parity": "L",
    "proj_lat": 52.505456059458034,
    "proj_lon": 13.181446234680296,
    "marker-color": "#3366ff",
    "marker-symbol": "e"
  },
  {
    "rowid": 232629,
    "id": 48233,
    "source": "OA",
    "source_id": "7eac7bc4c8697a47",
    "housenumber": 20,
    "lat": 52.5054516,
    "lon": 13.1812031,
    "parity": "L",
    "proj_lat": 52.505456059458034,
    "proj_lon": 13.181446234680296,
    "marker-color": "#3366ff",
    "marker-symbol": "e"
  },
  {
    "rowid": 232630,
    "id": 48233,
    "source": "OA",
    "source_id": "bba374bf4eee6559",
    "housenumber": 21,
    "lat": 52.5050556,
    "lon": 13.1816716,
    "parity": "R",
    "proj_lat": 52.50505188101412,
    "proj_lon": 13.18146609321525,
    "marker-color": "#ff0000",
    "marker-symbol": "o"
  },
  {
    "rowid": 232630,
    "id": 48233,
    "source": "OA",
    "source_id": "bba374bf4eee6559",
    "housenumber": 21,
    "lat": 52.5050556,
    "lon": 13.1816716,
    "parity": "R",
    "proj_lat": 52.50505188101412,
    "proj_lon": 13.18146609321525,
    "marker-color": "#ff0000",
    "marker-symbol": "o"
  },
  {
    "rowid": 261716,
    "id": 48233,
    "source": "OA",
    "source_id": "e4630edb3b046a2e",
    "housenumber": 22,
    "lat": 52.5052758,
    "lon": 13.181254,
    "parity": "L",
    "proj_lat": 52.50527948623221,
    "proj_lon": 13.181454975929098,
    "marker-color": "#3366ff",
    "marker-symbol": "e"
  },
  {
    "rowid": 261716,
    "id": 48233,
    "source": "OA",
    "source_id": "e4630edb3b046a2e",
    "housenumber": 22,
    "lat": 52.5052758,
    "lon": 13.181254,
    "parity": "L",
    "proj_lat": 52.50527948623221,
    "proj_lon": 13.181454975929098,
    "marker-color": "#3366ff",
    "marker-symbol": "e"
  },
  {
    "rowid": 232631,
    "id": 48233,
    "source": "OA",
    "source_id": "db3793c0b801f79e",
    "housenumber": 23,
    "lat": 52.5048514,
    "lon": 13.1816463,
    "parity": "R",
    "proj_lat": 52.50485084112826,
    "proj_lon": 13.181474343498875,
    "marker-color": "#ff0000",
    "marker-symbol": "o"
  },
  {
    "rowid": 232631,
    "id": 48233,
    "source": "OA",
    "source_id": "db3793c0b801f79e",
    "housenumber": 23,
    "lat": 52.5048514,
    "lon": 13.1816463,
    "parity": "R",
    "proj_lat": 52.50485084112826,
    "proj_lon": 13.181474343498875,
    "marker-color": "#ff0000",
    "marker-symbol": "o"
  },
  {
    "rowid": 232632,
    "id": 48233,
    "source": "OA",
    "source_id": "c38d233c706f9fdc",
    "housenumber": 24,
    "lat": 52.5050834,
    "lon": 13.1812411,
    "parity": "L",
    "proj_lat": 52.50508744018932,
    "proj_lon": 13.18146435639178,
    "marker-color": "#3366ff",
    "marker-symbol": "e"
  },
  {
    "rowid": 232632,
    "id": 48233,
    "source": "OA",
    "source_id": "c38d233c706f9fdc",
    "housenumber": 24,
    "lat": 52.5050834,
    "lon": 13.1812411,
    "parity": "L",
    "proj_lat": 52.50508744018932,
    "proj_lon": 13.18146435639178,
    "marker-color": "#3366ff",
    "marker-symbol": "e"
  },
  {
    "rowid": 267433,
    "id": 48233,
    "source": "OA",
    "source_id": "50d995ad25602152",
    "housenumber": 25,
    "lat": 52.5046411,
    "lon": 13.181662,
    "parity": "R",
    "proj_lat": 52.50465836632087,
    "proj_lon": 13.181459784008101,
    "marker-color": "#ff0000",
    "marker-symbol": "o"
  },
  {
    "rowid": 267433,
    "id": 48233,
    "source": "OA",
    "source_id": "50d995ad25602152",
    "housenumber": 25,
    "lat": 52.5046411,
    "lon": 13.181662,
    "parity": "R",
    "proj_lat": 52.50465836632087,
    "proj_lon": 13.181459784008101,
    "marker-color": "#ff0000",
    "marker-symbol": "o"
  },
  {
    "rowid": 232633,
    "id": 48233,
    "source": "OA",
    "source_id": "17a366961fa82040",
    "housenumber": 26,
    "lat": 52.5049148,
    "lon": 13.1813033,
    "parity": "L",
    "proj_lat": 52.50491786448968,
    "proj_lon": 13.1814726390095,
    "marker-color": "#3366ff",
    "marker-symbol": "e"
  },
  {
    "rowid": 232633,
    "id": 48233,
    "source": "OA",
    "source_id": "17a366961fa82040",
    "housenumber": 26,
    "lat": 52.5049148,
    "lon": 13.1813033,
    "parity": "L",
    "proj_lat": 52.50491786448968,
    "proj_lon": 13.1814726390095,
    "marker-color": "#3366ff",
    "marker-symbol": "e"
  },
  {
    "rowid": 232634,
    "id": 48233,
    "source": "OA",
    "source_id": "0bc07e28e7fc2095",
    "housenumber": 28,
    "lat": 52.5046895,
    "lon": 13.1812821,
    "parity": "L",
    "proj_lat": 52.504674020360184,
    "proj_lon": 13.181463391523335,
    "marker-color": "#3366ff",
    "marker-symbol": "e"
  },
  {
    "rowid": 232634,
    "id": 48233,
    "source": "OA",
    "source_id": "0bc07e28e7fc2095",
    "housenumber": 28,
    "lat": 52.5046895,
    "lon": 13.1812821,
    "parity": "L",
    "proj_lat": 52.504674020360184,
    "proj_lon": 13.181463391523335,
    "marker-color": "#3366ff",
    "marker-symbol": "e"
  }
]
