[
  {
    "rowid": 31183,
    "id": 32759,
    "source": "OA",
    "source_id": "787cb6374fe8a286",
    "housenumber": 2,
    "lat": 52.4718417,
    "lon": 13.1739319,
    "parity": "R",
    "proj_lat": 52.47207731656694,
    "proj_lon": 13.173857778590126,
    "marker-color": "#ff0000",
    "marker-symbol": "e"
  },
  {
    "rowid": 31184,
    "id": 32759,
    "source": "OA",
    "source_id": "e4a2934a14d198c3",
    "housenumber": 3,
    "lat": 52.472105,
    "lon": 13.174671,
    "parity": "L",
    "proj_lat": 52.471979687766954,
    "proj_lon": 13.174583621556666,
    "marker-color": "#3366ff",
    "marker-symbol": "o"
  },
  {
    "rowid": 31185,
    "id": 32759,
    "source": "OA",
    "source_id": "3859eaeaa7ae5ef9",
    "housenumber": 3.03,
    "lat": 52.4723852,
    "lon": 13.1749116,
    "parity": "L",
    "proj_lat": 52.471969776660096,
    "proj_lon": 13.174621927506642,
    "marker-color": "#3366ff",
    "marker-symbol": "o"
  },
  {
    "rowid": 31186,
    "id": 32759,
    "source": "OA",
    "source_id": "c20850afca793110",
    "housenumber": 4,
    "lat": 52.4716805,
    "lon": 13.1743598,
    "parity": "R",
    "proj_lat": 52.47198302083279,
    "proj_lon": 13.174570739417986,
    "marker-color": "#ff0000",
    "marker-symbol": "e"
  },
  {
    "rowid": 31187,
    "id": 32759,
    "source": "OA",
    "source_id": "bbe260960f5eb59a",
    "housenumber": 5,
    "lat": 52.4720667,
    "lon": 13.1750568,
    "parity": "L",
    "proj_lat": 52.47188927023517,
    "proj_lon": 13.174933080956052,
    "marker-color": "#3366ff",
    "marker-symbol": "o"
  },
  {
    "rowid": 31188,
    "id": 32759,
    "source": "OA",
    "source_id": "146ae4368db10046",
    "housenumber": 6,
    "lat": 52.4717445,
    "lon": 13.1748414,
    "parity": "R",
    "proj_lat": 52.471887239730286,
    "proj_lon": 13.174940928759474,
    "marker-color": "#ff0000",
    "marker-symbol": "e"
  },
  {
    "rowid": 31189,
    "id": 32759,
    "source": "OA",
    "source_id": "70319071a470211c",
    "housenumber": 7,
    "lat": 52.4718006,
    "lon": 13.175869,
    "parity": "L",
    "proj_lat": 52.471697168412405,
    "proj_lon": 13.1758198628242,
    "marker-color": "#3366ff",
    "marker-symbol": "o"
  },
  {
    "rowid": 31190,
    "id": 32759,
    "source": "OA",
    "source_id": "fd544d0ce80f9f72",
    "housenumber": 8,
    "lat": 52.4715659,
    "lon": 13.1755889,
    "parity": "R",
    "proj_lat": 52.47172459320233,
    "proj_lon": 13.175664289470406,
    "marker-color": "#ff0000",
    "marker-symbol": "e"
  },
  {
    "rowid": 31191,
    "id": 32759,
    "source": "OA",
    "source_id": "ee6720febc2c10e4",
    "housenumber": 9,
    "lat": 52.4717442,
    "lon": 13.1762039,
    "parity": "L",
    "proj_lat": 52.47163833529503,
    "proj_lon": 13.176153607053646,
    "marker-color": "#3366ff",
    "marker-symbol": "o"
  },
  {
    "rowid": 31192,
    "id": 32759,
    "source": "OA",
    "source_id": "e8709914c93771bf",
    "housenumber": 10,
    "lat": 52.4714621,
    "lon": 13.1760547,
    "parity": "R",
    "proj_lat": 52.47164080518395,
    "proj_lon": 13.176139596047394,
    "marker-color": "#ff0000",
    "marker-symbol": "e"
  },
  {
    "rowid": 153038,
    "id": 32759,
    "source": "OA",
    "source_id": "d234b0997630e2dd",
    "housenumber": 11,
    "lat": 52.471654,
    "lon": 13.1765232,
    "parity": "L",
    "proj_lat": 52.471592904416696,
    "proj_lon": 13.17650785212387,
    "marker-color": "#3366ff",
    "marker-symbol": "o"
  },
  {
    "rowid": 31193,
    "id": 32759,
    "source": "OA",
    "source_id": "acde691a3842ad15",
    "housenumber": 12,
    "lat": 52.4714224,
    "lon": 13.1764456,
    "parity": "R",
    "proj_lat": 52.47159467325991,
    "proj_lon": 13.176488876464232,
    "marker-color": "#ff0000",
    "marker-symbol": "e"
  },
  {
    "rowid": 31194,
    "id": 32759,
    "source": "OA",
    "source_id": "de8f51e0f5528748",
    "housenumber": 13,
    "lat": 52.4717377,
    "lon": 13.1769927,
    "parity": "L",
    "proj_lat": 52.47155205587126,
    "proj_lon": 13.176946063994974,
    "marker-color": "#3366ff",
    "marker-symbol": "o"
  },
  {
    "rowid": 31195,
    "id": 32759,
    "source": "OA",
    "source_id": "80b545c2dbac1e80",
    "housenumber": 14,
    "lat": 52.4711445,
    "lon": 13.1767847,
    "parity": "R",
    "proj_lat": 52.47155742833488,
    "proj_lon": 13.176888429694596,
    "marker-color": "#ff0000",
    "marker-symbol": "e"
  },
  {
    "rowid": 173895,
    "id": 32759,
    "source": "OA",
    "source_id": "2ec09379938cdf2a",
    "housenumber": 14.03,
    "lat": 52.4713916,
    "lon": 13.1769116,
    "parity": "R",
    "proj_lat": 52.47155152359835,
    "proj_lon": 13.176951774071128,
    "marker-color": "#ff0000",
    "marker-symbol": "e"
  },
  {
    "rowid": 31196,
    "id": 32759,
    "source": "OA",
    "source_id": "59d11a5893573d4a",
    "housenumber": 15,
    "lat": 52.471726,
    "lon": 13.1772851,
    "parity": "L",
    "proj_lat": 52.47152515533713,
    "proj_lon": 13.177234645467504,
    "marker-color": "#3366ff",
    "marker-symbol": "o"
  },
  {
    "rowid": 173896,
    "id": 32759,
    "source": "OA",
    "source_id": "5a1b5e55c2b3aa5e",
    "housenumber": 16,
    "lat": 52.4713657,
    "lon": 13.1772429,
    "parity": "R",
    "proj_lat": 52.471520755006324,
    "proj_lon": 13.177281850996508,
    "marker-color": "#ff0000",
    "marker-symbol": "e"
  },
  {
    "rowid": 31197,
    "id": 32759,
    "source": "OA",
    "source_id": "412eaebda4196efa",
    "housenumber": 17,
    "lat": 52.4719191,
    "lon": 13.1777018,
    "parity": "L",
    "proj_lat": 52.471491619289026,
    "proj_lon": 13.17759441089447,
    "marker-color": "#3366ff",
    "marker-symbol": "o"
  },
  {
    "rowid": 31198,
    "id": 32759,
    "source": "OA",
    "source_id": "bac0024810456ba3",
    "housenumber": 18,
    "lat": 52.4712235,
    "lon": 13.1777198,
    "parity": "R",
    "proj_lat": 52.47147406363504,
    "proj_lon": 13.177782743083469,
    "marker-color": "#ff0000",
    "marker-symbol": "e"
  },
  {
    "rowid": 31199,
    "id": 32759,
    "source": "OA",
    "source_id": "45ac0d9d05c7ae61",
    "housenumber": 19,
    "lat": 52.4716991,
    "lon": 13.1780046,
    "parity": "L",
    "proj_lat": 52.47145900523216,
    "proj_lon": 13.177944285454993,
    "marker-color": "#3366ff",
    "marker-symbol": "o"
  },
  {
    "rowid": 173897,
    "id": 32759,
    "source": "OA",
    "source_id": "3a3f6867797b84c9",
    "housenumber": 20,
    "lat": 52.4712599,
    "lon": 13.1780132,
    "parity": "R",
    "proj_lat": 52.47144817256798,
    "proj_lon": 13.178060495273163,
    "marker-color": "#ff0000",
    "marker-symbol": "e"
  },
  {
    "rowid": 31200,
    "id": 32759,
    "source": "OA",
    "source_id": "711668ed192ffe3a",
    "housenumber": 21,
    "lat": 52.4716518,
    "lon": 13.1784609,
    "parity": "L",
    "proj_lat": 52.471416361527496,
    "proj_lon": 13.17840175529664,
    "marker-color": "#3366ff",
    "marker-symbol": "o"
  },
  {
    "rowid": 31201,
    "id": 32759,
    "source": "OA",
    "source_id": "a7789e2ed0932322",
    "housenumber": 22,
    "lat": 52.4712548,
    "lon": 13.1783352,
    "parity": "R",
    "proj_lat": 52.471418726969226,
    "proj_lon": 13.178376379493509,
    "marker-color": "#ff0000",
    "marker-symbol": "e"
  },
  {
    "rowid": 31202,
    "id": 32759,
    "source": "OA",
    "source_id": "cd118aa8d556f427",
    "housenumber": 22.03,
    "lat": 52.471244,
    "lon": 13.178431,
    "parity": "R",
    "proj_lat": 52.47140925738541,
    "proj_lon": 13.178477164046587,
    "marker-color": "#ff0000",
    "marker-symbol": "e"
  },
  {
    "rowid": 31203,
    "id": 32759,
    "source": "OA",
    "source_id": "19d825f2c5ae3659",
    "housenumber": 22.06,
    "lat": 52.4709735,
    "lon": 13.1784621,
    "parity": "R",
    "proj_lat": 52.47139851213323,
    "proj_lon": 13.178580824126536,
    "marker-color": "#ff0000",
    "marker-symbol": "e"
  },
  {
    "rowid": 31204,
    "id": 32759,
    "source": "OA",
    "source_id": "a0a5773c5d7e6e58",
    "housenumber": 22.09,
    "lat": 52.4709093,
    "lon": 13.1784465,
    "parity": "R",
    "proj_lat": 52.471398277061496,
    "proj_lon": 13.178583091877302,
    "marker-color": "#ff0000",
    "marker-symbol": "e"
  },
  {
    "rowid": 31205,
    "id": 32759,
    "source": "OA",
    "source_id": "ebb6a34175c0a9e7",
    "housenumber": 23,
    "lat": 52.4717605,
    "lon": 13.1789453,
    "parity": "L",
    "proj_lat": 52.47137198154798,
    "proj_lon": 13.17883676624302,
    "marker-color": "#3366ff",
    "marker-symbol": "o"
  },
  {
    "rowid": 31206,
    "id": 32759,
    "source": "OA",
    "source_id": "13102aecace944e1",
    "housenumber": 24,
    "lat": 52.4712042,
    "lon": 13.1788612,
    "parity": "R",
    "proj_lat": 52.47136479839992,
    "proj_lon": 13.178906062494876,
    "marker-color": "#ff0000",
    "marker-symbol": "e"
  },
  {
    "rowid": 31207,
    "id": 32759,
    "source": "OA",
    "source_id": "b88ec9610e5972e7",
    "housenumber": 25,
    "lat": 52.4717976,
    "lon": 13.1791742,
    "parity": "L",
    "proj_lat": 52.47134996595941,
    "proj_lon": 13.17904915192098,
    "marker-color": "#3366ff",
    "marker-symbol": "o"
  },
  {
    "rowid": 31208,
    "id": 32759,
    "source": "OA",
    "source_id": "9a2e183dab4019eb",
    "housenumber": 25.03,
    "lat": 52.471421,
    "lon": 13.1792783,
    "parity": "L",
    "proj_lat": 52.47132888030263,
    "proj_lon": 13.179252566492256,
    "marker-color": "#3366ff",
    "marker-symbol": "o"
  },
  {
    "rowid": 31209,
    "id": 32759,
    "source": "OA",
    "source_id": "2187cfd3cb66ab63",
    "housenumber": 26,
    "lat": 52.4711475,
    "lon": 13.1791906,
    "parity": "R",
    "proj_lat": 52.47133001855874,
    "proj_lon": 13.179241585668674,
    "marker-color": "#ff0000",
    "marker-symbol": "e"
  },
  {
    "rowid": 31210,
    "id": 32759,
    "source": "OA",
    "source_id": "233b9ef61d04626e",
    "housenumber": 27,
    "lat": 52.4714964,
    "lon": 13.17963,
    "parity": "L",
    "proj_lat": 52.47129557148202,
    "proj_lon": 13.179573898644062,
    "marker-color": "#3366ff",
    "marker-symbol": "o"
  }
]
