[
  {
    "rowid": 217501,
    "id": 49042,
    "source": "OA",
    "source_id": "e5d0c33ddde3f9fb",
    "housenumber": 1,
    "lat": 52.4698,
    "lon": 13.1799415,
    "parity": "R",
    "proj_lat": 52.470305,
    "proj_lon": 13.178883,
    "marker-color": "#ff0000",
    "marker-symbol": "o"
  },
  {
    "rowid": 197383,
    "id": 49042,
    "source": "OA",
    "source_id": "fda9d66e63cd54b0",
    "housenumber": 2,
    "lat": 52.4705249,
    "lon": 13.178551,
    "parity": "L",
    "proj_lat": 52.47034492983767,
    "proj_lon": 13.178500387002178,
    "marker-color": "#3366ff",
    "marker-symbol": "e"
  },
  {
    "rowid": 217502,
    "id": 49042,
    "source": "OA",
    "source_id": "4a57af2b8ee8e62c",
    "housenumber": 3,
    "lat": 52.4700668,
    "lon": 13.1790278,
    "parity": "R",
    "proj_lat": 52.470305,
    "proj_lon": 13.178883,
    "marker-color": "#ff0000",
    "marker-symbol": "o"
  },
  {
    "rowid": 197384,
    "id": 49042,
    "source": "OA",
    "source_id": "0d135716fd4f4d8f",
    "housenumber": 4,
    "lat": 52.4707943,
    "lon": 13.1784121,
    "parity": "L",
    "proj_lat": 52.47036669369536,
    "proj_lon": 13.178291842832694,
    "marker-color": "#3366ff",
    "marker-symbol": "e"
  },
  {
    "rowid": 197385,
    "id": 49042,
    "source": "OA",
    "source_id": "34ccb35680492bde",
    "housenumber": 4.03,
    "lat": 52.4704876,
    "lon": 13.1782472,
    "parity": "L",
    "proj_lat": 52.47037466716805,
    "proj_lon": 13.178215439960363,
    "marker-color": "#3366ff",
    "marker-symbol": "e"
  },
  {
    "rowid": 197386,
    "id": 49042,
    "source": "OA",
    "source_id": "1b30e19a96c91827",
    "housenumber": 4.06,
    "lat": 52.4704944,
    "lon": 13.1781753,
    "parity": "L",
    "proj_lat": 52.47038215065795,
    "proj_lon": 13.178143732168104,
    "marker-color": "#3366ff",
    "marker-symbol": "e"
  },
  {
    "rowid": 217503,
    "id": 49042,
    "source": "OA",
    "source_id": "6c77386f02cb927f",
    "housenumber": 5,
    "lat": 52.4701608,
    "lon": 13.17747,
    "parity": "R",
    "proj_lat": 52.47044414605295,
    "proj_lon": 13.17754968407483,
    "marker-color": "#ff0000",
    "marker-symbol": "o"
  },
  {
    "rowid": 222557,
    "id": 49042,
    "source": "OA",
    "source_id": "1c54be4aa00ef973",
    "housenumber": 6,
    "lat": 52.4706366,
    "lon": 13.1778929,
    "parity": "L",
    "proj_lat": 52.470414836393424,
    "proj_lon": 13.177830533117818,
    "marker-color": "#3366ff",
    "marker-symbol": "e"
  },
  {
    "rowid": 222035,
    "id": 49042,
    "source": "OA",
    "source_id": "6e792a04a3f5b69b",
    "housenumber": 6.03,
    "lat": 52.4707438,
    "lon": 13.1779374,
    "parity": "L",
    "proj_lat": 52.47041338135791,
    "proj_lon": 13.177844475460992,
    "marker-color": "#3366ff",
    "marker-symbol": "e"
  },
  {
    "rowid": 197387,
    "id": 49042,
    "source": "OA",
    "source_id": "552c83579814a833",
    "housenumber": 8,
    "lat": 52.4706023,
    "lon": 13.1775106,
    "parity": "L",
    "proj_lat": 52.47045261799624,
    "proj_lon": 13.177468504791111,
    "marker-color": "#3366ff",
    "marker-symbol": "e"
  },
  {
    "rowid": 197388,
    "id": 49042,
    "source": "OA",
    "source_id": "98342aba56725ca6",
    "housenumber": 10,
    "lat": 52.470618,
    "lon": 13.1771235,
    "parity": "L",
    "proj_lat": 52.47049231189488,
    "proj_lon": 13.177088152592287,
    "marker-color": "#3366ff",
    "marker-symbol": "e"
  },
  {
    "rowid": 197389,
    "id": 49042,
    "source": "OA",
    "source_id": "69e987989fb2a3c7",
    "housenumber": 12,
    "lat": 52.470877,
    "lon": 13.1767455,
    "parity": "L",
    "proj_lat": 52.47053802043798,
    "proj_lon": 13.176650167273001,
    "marker-color": "#3366ff",
    "marker-symbol": "e"
  },
  {
    "rowid": 197390,
    "id": 49042,
    "source": "OA",
    "source_id": "63b1ba378d7cbc03",
    "housenumber": 12.03,
    "lat": 52.4706515,
    "lon": 13.176828,
    "parity": "L",
    "proj_lat": 52.470523226429435,
    "proj_lon": 13.176791925424002,
    "marker-color": "#3366ff",
    "marker-symbol": "e"
  },
  {
    "rowid": 197391,
    "id": 49042,
    "source": "OA",
    "source_id": "7e9a340b52d73af9",
    "housenumber": 12.06,
    "lat": 52.4706744,
    "lon": 13.1765799,
    "parity": "L",
    "proj_lat": 52.4705490330646,
    "proj_lon": 13.176544642824844,
    "marker-color": "#3366ff",
    "marker-symbol": "e"
  },
  {
    "rowid": 197392,
    "id": 49042,
    "source": "OA",
    "source_id": "f4090b2ce9d8afcb",
    "housenumber": 14,
    "lat": 52.4709418,
    "lon": 13.1764149,
    "parity": "L",
    "proj_lat": 52.470573386079,
    "proj_lon": 13.176311289012457,
    "marker-color": "#3366ff",
    "marker-symbol": "e"
  },
  {
    "rowid": 197393,
    "id": 49042,
    "source": "OA",
    "source_id": "23649c27f6029bdb",
    "housenumber": 14.03,
    "lat": 52.470958,
    "lon": 13.1762635,
    "parity": "L",
    "proj_lat": 52.47058919772573,
    "proj_lon": 13.176159779717462,
    "marker-color": "#3366ff",
    "marker-symbol": "e"
  },
  {
    "rowid": 197394,
    "id": 49042,
    "source": "OA",
    "source_id": "1e9d1b8a1e0e8d65",
    "housenumber": 16,
    "lat": 52.4709453,
    "lon": 13.1759671,
    "parity": "L",
    "proj_lat": 52.47061888619069,
    "proj_lon": 13.175875300910494,
    "marker-color": "#3366ff",
    "marker-symbol": "e"
  },
  {
    "rowid": 197395,
    "id": 49042,
    "source": "OA",
    "source_id": "1bee43c8e701d7e2",
    "housenumber": 18,
    "lat": 52.4711102,
    "lon": 13.175536,
    "parity": "L",
    "proj_lat": 52.470652,
    "proj_lon": 13.175558,
    "marker-color": "#3366ff",
    "marker-symbol": "e"
  },
  {
    "rowid": 197396,
    "id": 49042,
    "source": "OA",
    "source_id": "8c22ccffc5ba21b0",
    "housenumber": 18.03,
    "lat": 52.4707951,
    "lon": 13.1754584,
    "parity": "L",
    "proj_lat": 52.470652,
    "proj_lon": 13.175558,
    "marker-color": "#3366ff",
    "marker-symbol": "e"
  },
  {
    "rowid": 197397,
    "id": 49042,
    "source": "OA",
    "source_id": "45fe4069cb5635de",
    "housenumber": 20,
    "lat": 52.4706839,
    "lon": 13.1752861,
    "parity": "L",
    "proj_lat": 52.47063306812392,
    "proj_lon": 13.175548101891001,
    "marker-color": "#3366ff",
    "marker-symbol": "e"
  },
  {
    "rowid": 197398,
    "id": 49042,
    "source": "OA",
    "source_id": "dae2cf2f777afb91",
    "housenumber": 20.03,
    "lat": 52.4706339,
    "lon": 13.1752582,
    "parity": "L",
    "proj_lat": 52.47058275824544,
    "proj_lon": 13.175521798493564,
    "marker-color": "#3366ff",
    "marker-symbol": "e"
  },
  {
    "rowid": 197399,
    "id": 49042,
    "source": "OA",
    "source_id": "88b58fc6f9145812",
    "housenumber": 22,
    "lat": 52.4704938,
    "lon": 13.1752777,
    "parity": "L",
    "proj_lat": 52.47045899528872,
    "proj_lon": 13.175457091793072,
    "marker-color": "#3366ff",
    "marker-symbol": "e"
  },
  {
    "rowid": 197400,
    "id": 49042,
    "source": "OA",
    "source_id": "6a85a2e9d6304778",
    "housenumber": 22.03,
    "lat": 52.470446,
    "lon": 13.1752493,
    "parity": "L",
    "proj_lat": 52.47041059476151,
    "proj_lon": 13.175431786657343,
    "marker-color": "#3366ff",
    "marker-symbol": "e"
  },
  {
    "rowid": 197401,
    "id": 49042,
    "source": "OA",
    "source_id": "dfe7b886d7e24c08",
    "housenumber": 22.06,
    "lat": 52.4705029,
    "lon": 13.1748839,
    "parity": "L",
    "proj_lat": 52.47039789045504,
    "proj_lon": 13.175425144494167,
    "marker-color": "#3366ff",
    "marker-symbol": "e"
  },
  {
    "rowid": 197402,
    "id": 49042,
    "source": "OA",
    "source_id": "3d208c7e2e3a4160",
    "housenumber": 24,
    "lat": 52.4703584,
    "lon": 13.1747118,
    "parity": "L",
    "proj_lat": 52.470236382464584,
    "proj_lon": 13.17534070364496,
    "marker-color": "#3366ff",
    "marker-symbol": "e"
  },
  {
    "rowid": 197403,
    "id": 49042,
    "source": "OA",
    "source_id": "c8de35c944751462",
    "housenumber": 24.03,
    "lat": 52.4703669,
    "lon": 13.1746154,
    "parity": "L",
    "proj_lat": 52.470227119008634,
    "proj_lon": 13.175335860453702,
    "marker-color": "#3366ff",
    "marker-symbol": "e"
  },
  {
    "rowid": 197404,
    "id": 49042,
    "source": "OA",
    "source_id": "a4ae8a6d79b0dec3",
    "housenumber": 24.06,
    "lat": 52.4702752,
    "lon": 13.1751671,
    "parity": "L",
    "proj_lat": 52.47024104498762,
    "proj_lon": 13.175343141341095,
    "marker-color": "#3366ff",
    "marker-symbol": "e"
  },
  {
    "rowid": 197405,
    "id": 49042,
    "source": "OA",
    "source_id": "f059ca4e4f4e8e09",
    "housenumber": 24.09,
    "lat": 52.4702223,
    "lon": 13.1751378,
    "parity": "L",
    "proj_lat": 52.47018785560279,
    "proj_lon": 13.17531533245801,
    "marker-color": "#3366ff",
    "marker-symbol": "e"
  },
  {
    "rowid": 197406,
    "id": 49042,
    "source": "OA",
    "source_id": "f793acfaa8070a2d",
    "housenumber": 24.12,
    "lat": 52.470165,
    "lon": 13.1751105,
    "parity": "L",
    "proj_lat": 52.47013102373194,
    "proj_lon": 13.17528561918238,
    "marker-color": "#3366ff",
    "marker-symbol": "e"
  },
  {
    "rowid": 225415,
    "id": 49042,
    "source": "OA",
    "source_id": "7e030e8ff543df4c",
    "housenumber": 26,
    "lat": 52.4700439,
    "lon": 13.1747222,
    "parity": "L",
    "proj_lat": 52.46994868684312,
    "proj_lon": 13.175189655184568,
    "marker-color": "#3366ff",
    "marker-symbol": "e"
  },
  {
    "rowid": 197407,
    "id": 49041,
    "source": "OA",
    "source_id": "794ae6dd0efd26f7",
    "housenumber": 27,
    "lat": 52.4695831,
    "lon": 13.1751265,
    "parity": "R",
    "proj_lat": 52.46963228519855,
    "proj_lon": 13.174941184743652,
    "marker-color": "#ff0000",
    "marker-symbol": "o"
  },
  {
    "rowid": 225416,
    "id": 49042,
    "source": "OA",
    "source_id": "2170655984c2a6c1",
    "housenumber": 28,
    "lat": 52.4699731,
    "lon": 13.1750698,
    "parity": "L",
    "proj_lat": 52.4699486872848,
    "proj_lon": 13.175189655426994,
    "marker-color": "#3366ff",
    "marker-symbol": "e"
  }
]
