[
  {
    "rowid": 69261,
    "id": 11116,
    "source": "OA",
    "source_id": "7600fd29f696b88a",
    "housenumber": 2,
    "lat": 52.4494097,
    "lon": 13.1348288,
    "parity": "R",
    "proj_lat": 52.448916,
    "proj_lon": 13.132635,
    "marker-color": "#ff0000",
    "marker-symbol": "e"
  },
  {
    "rowid": 69261,
    "id": 11116,
    "source": "OA",
    "source_id": "7600fd29f696b88a",
    "housenumber": 2,
    "lat": 52.4494097,
    "lon": 13.1348288,
    "parity": "R",
    "proj_lat": 52.448916,
    "proj_lon": 13.132635,
    "marker-color": "#ff0000",
    "marker-symbol": "e"
  },
  {
    "rowid": 69262,
    "id": 11116,
    "source": "OA",
    "source_id": "3290b69ee1e4a8f2",
    "housenumber": 3,
    "lat": 52.4491076,
    "lon": 13.1349153,
    "parity": "R",
    "proj_lat": 52.448916,
    "proj_lon": 13.132635,
    "marker-color": "#ff0000",
    "marker-symbol": "o"
  },
  {
    "rowid": 69262,
    "id": 11116,
    "source": "OA",
    "source_id": "3290b69ee1e4a8f2",
    "housenumber": 3,
    "lat": 52.4491076,
    "lon": 13.1349153,
    "parity": "R",
    "proj_lat": 52.448916,
    "proj_lon": 13.132635,
    "marker-color": "#ff0000",
    "marker-symbol": "o"
  },
  {
    "rowid": 69263,
    "id": 11116,
    "source": "OA",
    "source_id": "5aea45ee0fa0399b",
    "housenumber": 3.03,
    "lat": 52.4490576,
    "lon": 13.1348473,
    "parity": "R",
    "proj_lat": 52.448916,
    "proj_lon": 13.132635,
    "marker-color": "#ff0000",
    "marker-symbol": "o"
  },
  {
    "rowid": 69263,
    "id": 11116,
    "source": "OA",
    "source_id": "5aea45ee0fa0399b",
    "housenumber": 3.03,
    "lat": 52.4490576,
    "lon": 13.1348473,
    "parity": "R",
    "proj_lat": 52.448916,
    "proj_lon": 13.132635,
    "marker-color": "#ff0000",
    "marker-symbol": "o"
  },
  {
    "rowid": 69264,
    "id": 11116,
    "source": "OA",
    "source_id": "0abb8246ae1d7fac",
    "housenumber": 3.06,
    "lat": 52.4490094,
    "lon": 13.1347851,
    "parity": "R",
    "proj_lat": 52.448916,
    "proj_lon": 13.132635,
    "marker-color": "#ff0000",
    "marker-symbol": "o"
  },
  {
    "rowid": 69264,
    "id": 11116,
    "source": "OA",
    "source_id": "0abb8246ae1d7fac",
    "housenumber": 3.06,
    "lat": 52.4490094,
    "lon": 13.1347851,
    "parity": "R",
    "proj_lat": 52.448916,
    "proj_lon": 13.132635,
    "marker-color": "#ff0000",
    "marker-symbol": "o"
  },
  {
    "rowid": 69265,
    "id": 11116,
    "source": "OA",
    "source_id": "c3e283949bb98304",
    "housenumber": 4,
    "lat": 52.4492291,
    "lon": 13.1344678,
    "parity": "R",
    "proj_lat": 52.448916,
    "proj_lon": 13.132635,
    "marker-color": "#ff0000",
    "marker-symbol": "e"
  },
  {
    "rowid": 69265,
    "id": 11116,
    "source": "OA",
    "source_id": "c3e283949bb98304",
    "housenumber": 4,
    "lat": 52.4492291,
    "lon": 13.1344678,
    "parity": "R",
    "proj_lat": 52.448916,
    "proj_lon": 13.132635,
    "marker-color": "#ff0000",
    "marker-symbol": "e"
  },
  {
    "rowid": 69266,
    "id": 11116,
    "source": "OA",
    "source_id": "ea491847f2130f02",
    "housenumber": 5,
    "lat": 52.4488033,
    "lon": 13.1345136,
    "parity": "R",
    "proj_lat": 52.448916,
    "proj_lon": 13.132635,
    "marker-color": "#ff0000",
    "marker-symbol": "o"
  },
  {
    "rowid": 69266,
    "id": 11116,
    "source": "OA",
    "source_id": "ea491847f2130f02",
    "housenumber": 5,
    "lat": 52.4488033,
    "lon": 13.1345136,
    "parity": "R",
    "proj_lat": 52.448916,
    "proj_lon": 13.132635,
    "marker-color": "#ff0000",
    "marker-symbol": "o"
  },
  {
    "rowid": 69267,
    "id": 11116,
    "source": "OA",
    "source_id": "c67d93049e458591",
    "housenumber": 6,
    "lat": 52.4489853,
    "lon": 13.1341607,
    "parity": "R",
    "proj_lat": 52.448916,
    "proj_lon": 13.132635,
    "marker-color": "#ff0000",
    "marker-symbol": "e"
  },
  {
    "rowid": 69267,
    "id": 11116,
    "source": "OA",
    "source_id": "c67d93049e458591",
    "housenumber": 6,
    "lat": 52.4489853,
    "lon": 13.1341607,
    "parity": "R",
    "proj_lat": 52.448916,
    "proj_lon": 13.132635,
    "marker-color": "#ff0000",
    "marker-symbol": "e"
  },
  {
    "rowid": 69268,
    "id": 11116,
    "source": "OA",
    "source_id": "25a2930fb65f062d",
    "housenumber": 6.03,
    "lat": 52.4492091,
    "lon": 13.1338313,
    "parity": "R",
    "proj_lat": 52.448916,
    "proj_lon": 13.132635,
    "marker-color": "#ff0000",
    "marker-symbol": "e"
  },
  {
    "rowid": 69268,
    "id": 11116,
    "source": "OA",
    "source_id": "25a2930fb65f062d",
    "housenumber": 6.03,
    "lat": 52.4492091,
    "lon": 13.1338313,
    "parity": "R",
    "proj_lat": 52.448916,
    "proj_lon": 13.132635,
    "marker-color": "#ff0000",
    "marker-symbol": "e"
  },
  {
    "rowid": 69269,
    "id": 11116,
    "source": "OA",
    "source_id": "37454e898782ee43",
    "housenumber": 6.06,
    "lat": 52.4492795,
    "lon": 13.1335714,
    "parity": "R",
    "proj_lat": 52.448916,
    "proj_lon": 13.132635,
    "marker-color": "#ff0000",
    "marker-symbol": "e"
  },
  {
    "rowid": 69269,
    "id": 11116,
    "source": "OA",
    "source_id": "37454e898782ee43",
    "housenumber": 6.06,
    "lat": 52.4492795,
    "lon": 13.1335714,
    "parity": "R",
    "proj_lat": 52.448916,
    "proj_lon": 13.132635,
    "marker-color": "#ff0000",
    "marker-symbol": "e"
  },
  {
    "rowid": 69270,
    "id": 11116,
    "source": "OA",
    "source_id": "08661b702185255c",
    "housenumber": 6.09,
    "lat": 52.4493762,
    "lon": 13.1333626,
    "parity": "R",
    "proj_lat": 52.448916,
    "proj_lon": 13.132635,
    "marker-color": "#ff0000",
    "marker-symbol": "e"
  },
  {
    "rowid": 69270,
    "id": 11116,
    "source": "OA",
    "source_id": "08661b702185255c",
    "housenumber": 6.09,
    "lat": 52.4493762,
    "lon": 13.1333626,
    "parity": "R",
    "proj_lat": 52.448916,
    "proj_lon": 13.132635,
    "marker-color": "#ff0000",
    "marker-symbol": "e"
  },
  {
    "rowid": 69271,
    "id": 11116,
    "source": "OA",
    "source_id": "bef36c98d41547b1",
    "housenumber": 6.12,
    "lat": 52.4494683,
    "lon": 13.1331232,
    "parity": "L",
    "proj_lat": 52.448916,
    "proj_lon": 13.132635,
    "marker-color": "#3366ff",
    "marker-symbol": "e"
  },
  {
    "rowid": 69271,
    "id": 11116,
    "source": "OA",
    "source_id": "bef36c98d41547b1",
    "housenumber": 6.12,
    "lat": 52.4494683,
    "lon": 13.1331232,
    "parity": "L",
    "proj_lat": 52.448916,
    "proj_lon": 13.132635,
    "marker-color": "#3366ff",
    "marker-symbol": "e"
  },
  {
    "rowid": 69272,
    "id": 11116,
    "source": "OA",
    "source_id": "0e0d3ca75ef34ed5",
    "housenumber": 6.15,
    "lat": 52.4495608,
    "lon": 13.132921,
    "parity": "L",
    "proj_lat": 52.448916,
    "proj_lon": 13.132635,
    "marker-color": "#3366ff",
    "marker-symbol": "e"
  },
  {
    "rowid": 69272,
    "id": 11116,
    "source": "OA",
    "source_id": "0e0d3ca75ef34ed5",
    "housenumber": 6.15,
    "lat": 52.4495608,
    "lon": 13.132921,
    "parity": "L",
    "proj_lat": 52.448916,
    "proj_lon": 13.132635,
    "marker-color": "#3366ff",
    "marker-symbol": "e"
  },
  {
    "rowid": 69273,
    "id": 11116,
    "source": "OA",
    "source_id": "64096dd6fcb47c12",
    "housenumber": 7,
    "lat": 52.4488033,
    "lon": 13.1345136,
    "parity": "R",
    "proj_lat": 52.448916,
    "proj_lon": 13.132635,
    "marker-color": "#ff0000",
    "marker-symbol": "o"
  },
  {
    "rowid": 69273,
    "id": 11116,
    "source": "OA",
    "source_id": "64096dd6fcb47c12",
    "housenumber": 7,
    "lat": 52.4488033,
    "lon": 13.1345136,
    "parity": "R",
    "proj_lat": 52.448916,
    "proj_lon": 13.132635,
    "marker-color": "#ff0000",
    "marker-symbol": "o"
  },
  {
    "rowid": 69274,
    "id": 11116,
    "source": "OA",
    "source_id": "06c082224ee0dd3e",
    "housenumber": 8,
    "lat": 52.4488003,
    "lon": 13.1339188,
    "parity": "R",
    "proj_lat": 52.448916,
    "proj_lon": 13.132635,
    "marker-color": "#ff0000",
    "marker-symbol": "e"
  },
  {
    "rowid": 69274,
    "id": 11116,
    "source": "OA",
    "source_id": "06c082224ee0dd3e",
    "housenumber": 8,
    "lat": 52.4488003,
    "lon": 13.1339188,
    "parity": "R",
    "proj_lat": 52.448916,
    "proj_lon": 13.132635,
    "marker-color": "#ff0000",
    "marker-symbol": "e"
  },
  {
    "rowid": 69275,
    "id": 11116,
    "source": "OA",
    "source_id": "717acb54b58a617c",
    "housenumber": 10,
    "lat": 52.4484651,
    "lon": 13.1332495,
    "parity": "R",
    "proj_lat": 52.44881204996595,
    "proj_lon": 13.132504649957303,
    "marker-color": "#ff0000",
    "marker-symbol": "e"
  },
  {
    "rowid": 69275,
    "id": 11116,
    "source": "OA",
    "source_id": "717acb54b58a617c",
    "housenumber": 10,
    "lat": 52.4484651,
    "lon": 13.1332495,
    "parity": "R",
    "proj_lat": 52.44881204996595,
    "proj_lon": 13.132504649957303,
    "marker-color": "#ff0000",
    "marker-symbol": "e"
  },
  {
    "rowid": 69276,
    "id": 11116,
    "source": "OA",
    "source_id": "5b19d9390465de24",
    "housenumber": 11,
    "lat": 52.448378,
    "lon": 13.1339703,
    "parity": "R",
    "proj_lat": 52.448916,
    "proj_lon": 13.132635,
    "marker-color": "#ff0000",
    "marker-symbol": "o"
  },
  {
    "rowid": 69276,
    "id": 11116,
    "source": "OA",
    "source_id": "5b19d9390465de24",
    "housenumber": 11,
    "lat": 52.448378,
    "lon": 13.1339703,
    "parity": "R",
    "proj_lat": 52.448916,
    "proj_lon": 13.132635,
    "marker-color": "#ff0000",
    "marker-symbol": "o"
  },
  {
    "rowid": 69277,
    "id": 11116,
    "source": "OA",
    "source_id": "ac65228aa1a7d1c2",
    "housenumber": 12,
    "lat": 52.4483239,
    "lon": 13.1332863,
    "parity": "R",
    "proj_lat": 52.448733736556896,
    "proj_lon": 13.132406447428487,
    "marker-color": "#ff0000",
    "marker-symbol": "e"
  },
  {
    "rowid": 69277,
    "id": 11116,
    "source": "OA",
    "source_id": "ac65228aa1a7d1c2",
    "housenumber": 12,
    "lat": 52.4483239,
    "lon": 13.1332863,
    "parity": "R",
    "proj_lat": 52.448733736556896,
    "proj_lon": 13.132406447428487,
    "marker-color": "#ff0000",
    "marker-symbol": "e"
  },
  {
    "rowid": 69278,
    "id": 11116,
    "source": "OA",
    "source_id": "84e2f2b2c094ccb8",
    "housenumber": 13,
    "lat": 52.4481275,
    "lon": 13.1335814,
    "parity": "R",
    "proj_lat": 52.44869653124966,
    "proj_lon": 13.132359793154338,
    "marker-color": "#ff0000",
    "marker-symbol": "o"
  },
  {
    "rowid": 69278,
    "id": 11116,
    "source": "OA",
    "source_id": "84e2f2b2c094ccb8",
    "housenumber": 13,
    "lat": 52.4481275,
    "lon": 13.1335814,
    "parity": "R",
    "proj_lat": 52.44869653124966,
    "proj_lon": 13.132359793154338,
    "marker-color": "#ff0000",
    "marker-symbol": "o"
  },
  {
    "rowid": 69279,
    "id": 11116,
    "source": "OA",
    "source_id": "fbf251f031597efd",
    "housenumber": 13.03,
    "lat": 52.4480445,
    "lon": 13.1335225,
    "parity": "R",
    "proj_lat": 52.448626817609245,
    "proj_lon": 13.132272374462389,
    "marker-color": "#ff0000",
    "marker-symbol": "o"
  },
  {
    "rowid": 69279,
    "id": 11116,
    "source": "OA",
    "source_id": "fbf251f031597efd",
    "housenumber": 13.03,
    "lat": 52.4480445,
    "lon": 13.1335225,
    "parity": "R",
    "proj_lat": 52.448626817609245,
    "proj_lon": 13.132272374462389,
    "marker-color": "#ff0000",
    "marker-symbol": "o"
  },
  {
    "rowid": 69280,
    "id": 11116,
    "source": "OA",
    "source_id": "c3f90defe49ca092",
    "housenumber": 14,
    "lat": 52.4482523,
    "lon": 13.1330677,
    "parity": "R",
    "proj_lat": 52.44862425927762,
    "proj_lon": 13.132269166395746,
    "marker-color": "#ff0000",
    "marker-symbol": "e"
  },
  {
    "rowid": 69280,
    "id": 11116,
    "source": "OA",
    "source_id": "c3f90defe49ca092",
    "housenumber": 14,
    "lat": 52.4482523,
    "lon": 13.1330677,
    "parity": "R",
    "proj_lat": 52.44862425927762,
    "proj_lon": 13.132269166395746,
    "marker-color": "#ff0000",
    "marker-symbol": "e"
  },
  {
    "rowid": 69281,
    "id": 11116,
    "source": "OA",
    "source_id": "e140044ef83cb6cd",
    "housenumber": 15,
    "lat": 52.4480175,
    "lon": 13.133322,
    "parity": "R",
    "proj_lat": 52.44855081663998,
    "proj_lon": 13.132177071659653,
    "marker-color": "#ff0000",
    "marker-symbol": "o"
  },
  {
    "rowid": 69281,
    "id": 11116,
    "source": "OA",
    "source_id": "e140044ef83cb6cd",
    "housenumber": 15,
    "lat": 52.4480175,
    "lon": 13.133322,
    "parity": "R",
    "proj_lat": 52.44855081663998,
    "proj_lon": 13.132177071659653,
    "marker-color": "#ff0000",
    "marker-symbol": "o"
  },
  {
    "rowid": 69282,
    "id": 11116,
    "source": "OA",
    "source_id": "834b0c0def217070",
    "housenumber": 16,
    "lat": 52.4484894,
    "lon": 13.1322911,
    "parity": "R",
    "proj_lat": 52.44854557549293,
    "proj_lon": 13.13217049942764,
    "marker-color": "#ff0000",
    "marker-symbol": "e"
  },
  {
    "rowid": 69282,
    "id": 11116,
    "source": "OA",
    "source_id": "834b0c0def217070",
    "housenumber": 16,
    "lat": 52.4484894,
    "lon": 13.1322911,
    "parity": "R",
    "proj_lat": 52.44854557549293,
    "proj_lon": 13.13217049942764,
    "marker-color": "#ff0000",
    "marker-symbol": "e"
  },
  {
    "rowid": 69283,
    "id": 11116,
    "source": "OA",
    "source_id": "9e6f6a7517ddf342",
    "housenumber": 17,
    "lat": 52.4479851,
    "lon": 13.1331856,
    "parity": "R",
    "proj_lat": 52.448490255470084,
    "proj_lon": 13.132101129875183,
    "marker-color": "#ff0000",
    "marker-symbol": "o"
  },
  {
    "rowid": 69283,
    "id": 11116,
    "source": "OA",
    "source_id": "9e6f6a7517ddf342",
    "housenumber": 17,
    "lat": 52.4479851,
    "lon": 13.1331856,
    "parity": "R",
    "proj_lat": 52.448490255470084,
    "proj_lon": 13.132101129875183,
    "marker-color": "#ff0000",
    "marker-symbol": "o"
  },
  {
    "rowid": 69284,
    "id": 11116,
    "source": "OA",
    "source_id": "8817f3b938498753",
    "housenumber": 18,
    "lat": 52.4485998,
    "lon": 13.1324341,
    "parity": "R",
    "proj_lat": 52.44865731672326,
    "proj_lon": 13.132310619383144,
    "marker-color": "#ff0000",
    "marker-symbol": "e"
  },
  {
    "rowid": 69284,
    "id": 11116,
    "source": "OA",
    "source_id": "8817f3b938498753",
    "housenumber": 18,
    "lat": 52.4485998,
    "lon": 13.1324341,
    "parity": "R",
    "proj_lat": 52.44865731672326,
    "proj_lon": 13.132310619383144,
    "marker-color": "#ff0000",
    "marker-symbol": "e"
  },
  {
    "rowid": 69285,
    "id": 11116,
    "source": "OA",
    "source_id": "40b8e533bce41b6d",
    "housenumber": 20,
    "lat": 52.4486915,
    "lon": 13.1325243,
    "parity": "R",
    "proj_lat": 52.44874172752707,
    "proj_lon": 13.132416467851408,
    "marker-color": "#ff0000",
    "marker-symbol": "e"
  },
  {
    "rowid": 69285,
    "id": 11116,
    "source": "OA",
    "source_id": "40b8e533bce41b6d",
    "housenumber": 20,
    "lat": 52.4486915,
    "lon": 13.1325243,
    "parity": "R",
    "proj_lat": 52.44874172752707,
    "proj_lon": 13.132416467851408,
    "marker-color": "#ff0000",
    "marker-symbol": "e"
  },
  {
    "rowid": 69286,
    "id": 11116,
    "source": "OA",
    "source_id": "788331ba12722993",
    "housenumber": 21,
    "lat": 52.4479451,
    "lon": 13.1326918,
    "parity": "R",
    "proj_lat": 52.448475,
    "proj_lon": 13.132082,
    "marker-color": "#ff0000",
    "marker-symbol": "o"
  },
  {
    "rowid": 69286,
    "id": 11116,
    "source": "OA",
    "source_id": "788331ba12722993",
    "housenumber": 21,
    "lat": 52.4479451,
    "lon": 13.1326918,
    "parity": "R",
    "proj_lat": 52.448475,
    "proj_lon": 13.132082,
    "marker-color": "#ff0000",
    "marker-symbol": "o"
  },
  {
    "rowid": 69287,
    "id": 11116,
    "source": "OA",
    "source_id": "19886161ea942a66",
    "housenumber": 22,
    "lat": 52.4488293,
    "lon": 13.1327095,
    "parity": "R",
    "proj_lat": 52.44888317440383,
    "proj_lon": 13.132593837744492,
    "marker-color": "#ff0000",
    "marker-symbol": "e"
  },
  {
    "rowid": 69287,
    "id": 11116,
    "source": "OA",
    "source_id": "19886161ea942a66",
    "housenumber": 22,
    "lat": 52.4488293,
    "lon": 13.1327095,
    "parity": "R",
    "proj_lat": 52.44888317440383,
    "proj_lon": 13.132593837744492,
    "marker-color": "#ff0000",
    "marker-symbol": "e"
  },
  {
    "rowid": 69288,
    "id": 11116,
    "source": "OA",
    "source_id": "2af4ea0c59520bbc",
    "housenumber": 24,
    "lat": 52.4489484,
    "lon": 13.1327652,
    "parity": "R",
    "proj_lat": 52.448916,
    "proj_lon": 13.132635,
    "marker-color": "#ff0000",
    "marker-symbol": "e"
  },
  {
    "rowid": 69288,
    "id": 11116,
    "source": "OA",
    "source_id": "2af4ea0c59520bbc",
    "housenumber": 24,
    "lat": 52.4489484,
    "lon": 13.1327652,
    "parity": "R",
    "proj_lat": 52.448916,
    "proj_lon": 13.132635,
    "marker-color": "#ff0000",
    "marker-symbol": "e"
  },
  {
    "rowid": 69289,
    "id": 11116,
    "source": "OA",
    "source_id": "681fff0c60efbdfd",
    "housenumber": 26,
    "lat": 52.4491289,
    "lon": 13.1325577,
    "parity": "L",
    "proj_lat": 52.448916,
    "proj_lon": 13.132635,
    "marker-color": "#3366ff",
    "marker-symbol": "e"
  },
  {
    "rowid": 69289,
    "id": 11116,
    "source": "OA",
    "source_id": "681fff0c60efbdfd",
    "housenumber": 26,
    "lat": 52.4491289,
    "lon": 13.1325577,
    "parity": "L",
    "proj_lat": 52.448916,
    "proj_lon": 13.132635,
    "marker-color": "#3366ff",
    "marker-symbol": "e"
  },
  {
    "rowid": 69290,
    "id": 11116,
    "source": "OA",
    "source_id": "aa83f20fc9fc3709",
    "housenumber": 28,
    "lat": 52.4489664,
    "lon": 13.1324515,
    "parity": "L",
    "proj_lat": 52.448893859708114,
    "proj_lon": 13.132607236776842,
    "marker-color": "#3366ff",
    "marker-symbol": "e"
  },
  {
    "rowid": 69290,
    "id": 11116,
    "source": "OA",
    "source_id": "aa83f20fc9fc3709",
    "housenumber": 28,
    "lat": 52.4489664,
    "lon": 13.1324515,
    "parity": "L",
    "proj_lat": 52.448893859708114,
    "proj_lon": 13.132607236776842,
    "marker-color": "#3366ff",
    "marker-symbol": "e"
  },
  {
    "rowid": 69291,
    "id": 11116,
    "source": "OA",
    "source_id": "4bafc99f2996482d",
    "housenumber": 30,
    "lat": 52.4488241,
    "lon": 13.1322542,
    "parity": "L",
    "proj_lat": 52.44874601365416,
    "proj_lon": 13.132421842518706,
    "marker-color": "#3366ff",
    "marker-symbol": "e"
  },
  {
    "rowid": 69291,
    "id": 11116,
    "source": "OA",
    "source_id": "4bafc99f2996482d",
    "housenumber": 30,
    "lat": 52.4488241,
    "lon": 13.1322542,
    "parity": "L",
    "proj_lat": 52.44874601365416,
    "proj_lon": 13.132421842518706,
    "marker-color": "#3366ff",
    "marker-symbol": "e"
  },
  {
    "rowid": 69292,
    "id": 11116,
    "source": "OA",
    "source_id": "082e4168d62c7ba8",
    "housenumber": 32,
    "lat": 52.4487145,
    "lon": 13.1322171,
    "parity": "L",
    "proj_lat": 52.44866591635567,
    "proj_lon": 13.132321403049176,
    "marker-color": "#3366ff",
    "marker-symbol": "e"
  },
  {
    "rowid": 69292,
    "id": 11116,
    "source": "OA",
    "source_id": "082e4168d62c7ba8",
    "housenumber": 32,
    "lat": 52.4487145,
    "lon": 13.1322171,
    "parity": "L",
    "proj_lat": 52.44866591635567,
    "proj_lon": 13.132321403049176,
    "marker-color": "#3366ff",
    "marker-symbol": "e"
  },
  {
    "rowid": 69293,
    "id": 11116,
    "source": "OA",
    "source_id": "945a33046b6fa686",
    "housenumber": 33,
    "lat": 52.4484749,
    "lon": 13.1317305,
    "parity": "R",
    "proj_lat": 52.44857665985639,
    "proj_lon": 13.131864495404702,
    "marker-color": "#ff0000",
    "marker-symbol": "o"
  },
  {
    "rowid": 69293,
    "id": 11116,
    "source": "OA",
    "source_id": "945a33046b6fa686",
    "housenumber": 33,
    "lat": 52.4484749,
    "lon": 13.1317305,
    "parity": "R",
    "proj_lat": 52.44857665985639,
    "proj_lon": 13.131864495404702,
    "marker-color": "#ff0000",
    "marker-symbol": "o"
  },
  {
    "rowid": 69294,
    "id": 11116,
    "source": "OA",
    "source_id": "429f62aeb1fe3688",
    "housenumber": 33.03,
    "lat": 52.4485085,
    "lon": 13.1316599,
    "parity": "R",
    "proj_lat": 52.44861082704873,
    "proj_lon": 13.131794642478141,
    "marker-color": "#ff0000",
    "marker-symbol": "o"
  },
  {
    "rowid": 69294,
    "id": 11116,
    "source": "OA",
    "source_id": "429f62aeb1fe3688",
    "housenumber": 33.03,
    "lat": 52.4485085,
    "lon": 13.1316599,
    "parity": "R",
    "proj_lat": 52.44861082704873,
    "proj_lon": 13.131794642478141,
    "marker-color": "#ff0000",
    "marker-symbol": "o"
  },
  {
    "rowid": 69295,
    "id": 11116,
    "source": "OA",
    "source_id": "f78d3551942befed",
    "housenumber": 33.06,
    "lat": 52.448544,
    "lon": 13.1315794,
    "parity": "R",
    "proj_lat": 52.448659104565145,
    "proj_lon": 13.131645673249446,
    "marker-color": "#ff0000",
    "marker-symbol": "o"
  },
  {
    "rowid": 69295,
    "id": 11116,
    "source": "OA",
    "source_id": "f78d3551942befed",
    "housenumber": 33.06,
    "lat": 52.448544,
    "lon": 13.1315794,
    "parity": "R",
    "proj_lat": 52.448659104565145,
    "proj_lon": 13.131645673249446,
    "marker-color": "#ff0000",
    "marker-symbol": "o"
  },
  {
    "rowid": 69296,
    "id": 11116,
    "source": "OA",
    "source_id": "29a9a105fa13fe9a",
    "housenumber": 34,
    "lat": 52.4486184,
    "lon": 13.1320472,
    "parity": "L",
    "proj_lat": 52.448538655468674,
    "proj_lon": 13.131942193264033,
    "marker-color": "#3366ff",
    "marker-symbol": "e"
  },
  {
    "rowid": 69296,
    "id": 11116,
    "source": "OA",
    "source_id": "29a9a105fa13fe9a",
    "housenumber": 34,
    "lat": 52.4486184,
    "lon": 13.1320472,
    "parity": "L",
    "proj_lat": 52.448538655468674,
    "proj_lon": 13.131942193264033,
    "marker-color": "#3366ff",
    "marker-symbol": "e"
  },
  {
    "rowid": 69297,
    "id": 11116,
    "source": "OA",
    "source_id": "1397d3af3825ae34",
    "housenumber": 35,
    "lat": 52.4484657,
    "lon": 13.1310359,
    "parity": "R",
    "proj_lat": 52.44874425922731,
    "proj_lon": 13.131395510621546,
    "marker-color": "#ff0000",
    "marker-symbol": "o"
  },
  {
    "rowid": 69297,
    "id": 11116,
    "source": "OA",
    "source_id": "1397d3af3825ae34",
    "housenumber": 35,
    "lat": 52.4484657,
    "lon": 13.1310359,
    "parity": "R",
    "proj_lat": 52.44874425922731,
    "proj_lon": 13.131395510621546,
    "marker-color": "#ff0000",
    "marker-symbol": "o"
  },
  {
    "rowid": 69298,
    "id": 11116,
    "source": "OA",
    "source_id": "d037bf2404368dcc",
    "housenumber": 35.03,
    "lat": 52.4484975,
    "lon": 13.1309718,
    "parity": "R",
    "proj_lat": 52.448775403528856,
    "proj_lon": 13.131330564654851,
    "marker-color": "#ff0000",
    "marker-symbol": "o"
  },
  {
    "rowid": 69298,
    "id": 11116,
    "source": "OA",
    "source_id": "d037bf2404368dcc",
    "housenumber": 35.03,
    "lat": 52.4484975,
    "lon": 13.1309718,
    "parity": "R",
    "proj_lat": 52.448775403528856,
    "proj_lon": 13.131330564654851,
    "marker-color": "#ff0000",
    "marker-symbol": "o"
  },
  {
    "rowid": 69299,
    "id": 11116,
    "source": "OA",
    "source_id": "49c834b6836c8fc6",
    "housenumber": 35.06,
    "lat": 52.4485331,
    "lon": 13.1308982,
    "parity": "R",
    "proj_lat": 52.44881081452799,
    "proj_lon": 13.131256721240268,
    "marker-color": "#ff0000",
    "marker-symbol": "o"
  },
  {
    "rowid": 69299,
    "id": 11116,
    "source": "OA",
    "source_id": "49c834b6836c8fc6",
    "housenumber": 35.06,
    "lat": 52.4485331,
    "lon": 13.1308982,
    "parity": "R",
    "proj_lat": 52.44881081452799,
    "proj_lon": 13.131256721240268,
    "marker-color": "#ff0000",
    "marker-symbol": "o"
  },
  {
    "rowid": 69300,
    "id": 11116,
    "source": "OA",
    "source_id": "bcb7ed303dc27b21",
    "housenumber": 35.09,
    "lat": 52.4485675,
    "lon": 13.1308265,
    "parity": "R",
    "proj_lat": 52.448845203950256,
    "proj_lon": 13.131185008144698,
    "marker-color": "#ff0000",
    "marker-symbol": "o"
  },
  {
    "rowid": 69300,
    "id": 11116,
    "source": "OA",
    "source_id": "bcb7ed303dc27b21",
    "housenumber": 35.09,
    "lat": 52.4485675,
    "lon": 13.1308265,
    "parity": "R",
    "proj_lat": 52.448845203950256,
    "proj_lon": 13.131185008144698,
    "marker-color": "#ff0000",
    "marker-symbol": "o"
  },
  {
    "rowid": 69301,
    "id": 11117,
    "source": "OA",
    "source_id": "e066cffa51730959",
    "housenumber": 36,
    "lat": 52.4489527,
    "lon": 13.1314815,
    "parity": "R",
    "proj_lat": 52.44901033934416,
    "proj_lon": 13.131351875107018,
    "marker-color": "#ff0000",
    "marker-symbol": "e"
  },
  {
    "rowid": 69301,
    "id": 11117,
    "source": "OA",
    "source_id": "e066cffa51730959",
    "housenumber": 36,
    "lat": 52.4489527,
    "lon": 13.1314815,
    "parity": "R",
    "proj_lat": 52.44901033934416,
    "proj_lon": 13.131351875107018,
    "marker-color": "#ff0000",
    "marker-symbol": "e"
  },
  {
    "rowid": 69302,
    "id": 11116,
    "source": "OA",
    "source_id": "d1a3505c3e5b1928",
    "housenumber": 37,
    "lat": 52.448687,
    "lon": 13.131262,
    "parity": "R",
    "proj_lat": 52.448761908746484,
    "proj_lon": 13.131358705651538,
    "marker-color": "#ff0000",
    "marker-symbol": "o"
  },
  {
    "rowid": 69302,
    "id": 11116,
    "source": "OA",
    "source_id": "d1a3505c3e5b1928",
    "housenumber": 37,
    "lat": 52.448687,
    "lon": 13.131262,
    "parity": "R",
    "proj_lat": 52.448761908746484,
    "proj_lon": 13.131358705651538,
    "marker-color": "#ff0000",
    "marker-symbol": "o"
  },
  {
    "rowid": 161188,
    "id": 11117,
    "source": "OA",
    "source_id": "ff10acc144596461",
    "housenumber": 38,
    "lat": 52.44911,
    "lon": 13.131846,
    "parity": "R",
    "proj_lat": 52.44921876980746,
    "proj_lon": 13.131601386263288,
    "marker-color": "#ff0000",
    "marker-symbol": "e"
  },
  {
    "rowid": 161188,
    "id": 11117,
    "source": "OA",
    "source_id": "ff10acc144596461",
    "housenumber": 38,
    "lat": 52.44911,
    "lon": 13.131846,
    "parity": "R",
    "proj_lat": 52.44921876980746,
    "proj_lon": 13.131601386263288,
    "marker-color": "#ff0000",
    "marker-symbol": "e"
  },
  {
    "rowid": 69303,
    "id": 11116,
    "source": "OA",
    "source_id": "cd6bed722575e5f7",
    "housenumber": 39,
    "lat": 52.448723,
    "lon": 13.1311892,
    "parity": "R",
    "proj_lat": 52.44879723587187,
    "proj_lon": 13.13128503714091,
    "marker-color": "#ff0000",
    "marker-symbol": "o"
  },
  {
    "rowid": 69303,
    "id": 11116,
    "source": "OA",
    "source_id": "cd6bed722575e5f7",
    "housenumber": 39,
    "lat": 52.448723,
    "lon": 13.1311892,
    "parity": "R",
    "proj_lat": 52.44879723587187,
    "proj_lon": 13.13128503714091,
    "marker-color": "#ff0000",
    "marker-symbol": "o"
  },
  {
    "rowid": 69304,
    "id": 11117,
    "source": "OA",
    "source_id": "9e2cc68a168b58fb",
    "housenumber": 40,
    "lat": 52.4492429,
    "lon": 13.1319355,
    "parity": "R",
    "proj_lat": 52.449331473918555,
    "proj_lon": 13.13173630384026,
    "marker-color": "#ff0000",
    "marker-symbol": "e"
  },
  {
    "rowid": 69304,
    "id": 11117,
    "source": "OA",
    "source_id": "9e2cc68a168b58fb",
    "housenumber": 40,
    "lat": 52.4492429,
    "lon": 13.1319355,
    "parity": "R",
    "proj_lat": 52.449331473918555,
    "proj_lon": 13.13173630384026,
    "marker-color": "#ff0000",
    "marker-symbol": "e"
  },
  {
    "rowid": 69305,
    "id": 11116,
    "source": "OA",
    "source_id": "69da263381fda434",
    "housenumber": 41,
    "lat": 52.4487549,
    "lon": 13.1311231,
    "parity": "R",
    "proj_lat": 52.448829010888645,
    "proj_lon": 13.13121877592846,
    "marker-color": "#ff0000",
    "marker-symbol": "o"
  },
  {
    "rowid": 69305,
    "id": 11116,
    "source": "OA",
    "source_id": "69da263381fda434",
    "housenumber": 41,
    "lat": 52.4487549,
    "lon": 13.1311231,
    "parity": "R",
    "proj_lat": 52.448829010888645,
    "proj_lon": 13.13121877592846,
    "marker-color": "#ff0000",
    "marker-symbol": "o"
  },
  {
    "rowid": 69306,
    "id": 11117,
    "source": "OA",
    "source_id": "cbab98bd341c8f0a",
    "housenumber": 42,
    "lat": 52.4494254,
    "lon": 13.1320297,
    "parity": "R",
    "proj_lat": 52.449378,
    "proj_lon": 13.131792,
    "marker-color": "#ff0000",
    "marker-symbol": "e"
  },
  {
    "rowid": 69306,
    "id": 11117,
    "source": "OA",
    "source_id": "cbab98bd341c8f0a",
    "housenumber": 42,
    "lat": 52.4494254,
    "lon": 13.1320297,
    "parity": "R",
    "proj_lat": 52.449378,
    "proj_lon": 13.131792,
    "marker-color": "#ff0000",
    "marker-symbol": "e"
  },
  {
    "rowid": 69307,
    "id": 11116,
    "source": "OA",
    "source_id": "b2ef422a754cb0ce",
    "housenumber": 43,
    "lat": 52.4487879,
    "lon": 13.1310545,
    "parity": "R",
    "proj_lat": 52.448861946959966,
    "proj_lon": 13.13115009354083,
    "marker-color": "#ff0000",
    "marker-symbol": "o"
  },
  {
    "rowid": 69307,
    "id": 11116,
    "source": "OA",
    "source_id": "b2ef422a754cb0ce",
    "housenumber": 43,
    "lat": 52.4487879,
    "lon": 13.1310545,
    "parity": "R",
    "proj_lat": 52.448861946959966,
    "proj_lon": 13.13115009354083,
    "marker-color": "#ff0000",
    "marker-symbol": "o"
  },
  {
    "rowid": 69308,
    "id": 11117,
    "source": "OA",
    "source_id": "e66d6c60f596e215",
    "housenumber": 44,
    "lat": 52.4496335,
    "lon": 13.1316199,
    "parity": "L",
    "proj_lat": 52.449378,
    "proj_lon": 13.131792,
    "marker-color": "#3366ff",
    "marker-symbol": "e"
  },
  {
    "rowid": 69308,
    "id": 11117,
    "source": "OA",
    "source_id": "e66d6c60f596e215",
    "housenumber": 44,
    "lat": 52.4496335,
    "lon": 13.1316199,
    "parity": "L",
    "proj_lat": 52.449378,
    "proj_lon": 13.131792,
    "marker-color": "#3366ff",
    "marker-symbol": "e"
  },
  {
    "rowid": 69309,
    "id": 11116,
    "source": "OA",
    "source_id": "63d3e6f80a597724",
    "housenumber": 45,
    "lat": 52.4488071,
    "lon": 13.1309656,
    "parity": "R",
    "proj_lat": 52.448895618877856,
    "proj_lon": 13.131079876674502,
    "marker-color": "#ff0000",
    "marker-symbol": "o"
  },
  {
    "rowid": 69309,
    "id": 11116,
    "source": "OA",
    "source_id": "63d3e6f80a597724",
    "housenumber": 45,
    "lat": 52.4488071,
    "lon": 13.1309656,
    "parity": "R",
    "proj_lat": 52.448895618877856,
    "proj_lon": 13.131079876674502,
    "marker-color": "#ff0000",
    "marker-symbol": "o"
  },
  {
    "rowid": 69310,
    "id": 11117,
    "source": "OA",
    "source_id": "008e31bc1c684429",
    "housenumber": 46,
    "lat": 52.4495148,
    "lon": 13.1314723,
    "parity": "L",
    "proj_lat": 52.44937450522399,
    "proj_lon": 13.13178781641959,
    "marker-color": "#3366ff",
    "marker-symbol": "e"
  },
  {
    "rowid": 69310,
    "id": 11117,
    "source": "OA",
    "source_id": "008e31bc1c684429",
    "housenumber": 46,
    "lat": 52.4495148,
    "lon": 13.1314723,
    "parity": "L",
    "proj_lat": 52.44937450522399,
    "proj_lon": 13.13178781641959,
    "marker-color": "#3366ff",
    "marker-symbol": "e"
  },
  {
    "rowid": 69311,
    "id": 11116,
    "source": "OA",
    "source_id": "08a69c426a88d986",
    "housenumber": 47,
    "lat": 52.4488374,
    "lon": 13.1308956,
    "parity": "R",
    "proj_lat": 52.44892793720956,
    "proj_lon": 13.131012482474256,
    "marker-color": "#ff0000",
    "marker-symbol": "o"
  },
  {
    "rowid": 69311,
    "id": 11116,
    "source": "OA",
    "source_id": "08a69c426a88d986",
    "housenumber": 47,
    "lat": 52.4488374,
    "lon": 13.1308956,
    "parity": "R",
    "proj_lat": 52.44892793720956,
    "proj_lon": 13.131012482474256,
    "marker-color": "#ff0000",
    "marker-symbol": "o"
  },
  {
    "rowid": 69312,
    "id": 11117,
    "source": "OA",
    "source_id": "9d2f09e421c91d0b",
    "housenumber": 48,
    "lat": 52.449255,
    "lon": 13.1314352,
    "parity": "L",
    "proj_lat": 52.44919418865282,
    "proj_lon": 13.131571960275265,
    "marker-color": "#3366ff",
    "marker-symbol": "e"
  },
  {
    "rowid": 69312,
    "id": 11117,
    "source": "OA",
    "source_id": "9d2f09e421c91d0b",
    "housenumber": 48,
    "lat": 52.449255,
    "lon": 13.1314352,
    "parity": "L",
    "proj_lat": 52.44919418865282,
    "proj_lon": 13.131571960275265,
    "marker-color": "#3366ff",
    "marker-symbol": "e"
  },
  {
    "rowid": 69313,
    "id": 11116,
    "source": "OA",
    "source_id": "11d0e8954ac8f91a",
    "housenumber": 49,
    "lat": 52.4486982,
    "lon": 13.1305359,
    "parity": "R",
    "proj_lat": 52.44898130731172,
    "proj_lon": 13.130901185872172,
    "marker-color": "#ff0000",
    "marker-symbol": "o"
  },
  {
    "rowid": 69313,
    "id": 11116,
    "source": "OA",
    "source_id": "11d0e8954ac8f91a",
    "housenumber": 49,
    "lat": 52.4486982,
    "lon": 13.1305359,
    "parity": "R",
    "proj_lat": 52.44898130731172,
    "proj_lon": 13.130901185872172,
    "marker-color": "#ff0000",
    "marker-symbol": "o"
  },
  {
    "rowid": 69314,
    "id": 11116,
    "source": "OA",
    "source_id": "4206f59a9632fdc3",
    "housenumber": 49.03,
    "lat": 52.4486486,
    "lon": 13.130586,
    "parity": "R",
    "proj_lat": 52.44894744509723,
    "proj_lon": 13.130971802203392,
    "marker-color": "#ff0000",
    "marker-symbol": "o"
  },
  {
    "rowid": 69314,
    "id": 11116,
    "source": "OA",
    "source_id": "4206f59a9632fdc3",
    "housenumber": 49.03,
    "lat": 52.4486486,
    "lon": 13.130586,
    "parity": "R",
    "proj_lat": 52.44894744509723,
    "proj_lon": 13.130971802203392,
    "marker-color": "#ff0000",
    "marker-symbol": "o"
  },
  {
    "rowid": 69315,
    "id": 11116,
    "source": "OA",
    "source_id": "46db827bc98cd48f",
    "housenumber": 49.06,
    "lat": 52.4486139,
    "lon": 13.1306565,
    "parity": "R",
    "proj_lat": 52.44891329639867,
    "proj_lon": 13.131043013311984,
    "marker-color": "#ff0000",
    "marker-symbol": "o"
  },
  {
    "rowid": 69315,
    "id": 11116,
    "source": "OA",
    "source_id": "46db827bc98cd48f",
    "housenumber": 49.06,
    "lat": 52.4486139,
    "lon": 13.1306565,
    "parity": "R",
    "proj_lat": 52.44891329639867,
    "proj_lon": 13.131043013311984,
    "marker-color": "#ff0000",
    "marker-symbol": "o"
  },
  {
    "rowid": 69316,
    "id": 11116,
    "source": "OA",
    "source_id": "6d88427253d2bbe1",
    "housenumber": 49.09,
    "lat": 52.4485788,
    "lon": 13.1307297,
    "parity": "R",
    "proj_lat": 52.448878195064836,
    "proj_lon": 13.131116210974017,
    "marker-color": "#ff0000",
    "marker-symbol": "o"
  },
  {
    "rowid": 69316,
    "id": 11116,
    "source": "OA",
    "source_id": "6d88427253d2bbe1",
    "housenumber": 49.09,
    "lat": 52.4485788,
    "lon": 13.1307297,
    "parity": "R",
    "proj_lat": 52.448878195064836,
    "proj_lon": 13.131116210974017,
    "marker-color": "#ff0000",
    "marker-symbol": "o"
  },
  {
    "rowid": 69317,
    "id": 11117,
    "source": "OA",
    "source_id": "43e866a0328edd27",
    "housenumber": 50,
    "lat": 52.4490857,
    "lon": 13.1311899,
    "parity": "L",
    "proj_lat": 52.449012516995396,
    "proj_lon": 13.131354481963367,
    "marker-color": "#3366ff",
    "marker-symbol": "e"
  },
  {
    "rowid": 69317,
    "id": 11117,
    "source": "OA",
    "source_id": "43e866a0328edd27",
    "housenumber": 50,
    "lat": 52.4490857,
    "lon": 13.1311899,
    "parity": "L",
    "proj_lat": 52.449012516995396,
    "proj_lon": 13.131354481963367,
    "marker-color": "#3366ff",
    "marker-symbol": "e"
  },
  {
    "rowid": 69318,
    "id": 11116,
    "source": "OA",
    "source_id": "be274cf5532cf587",
    "housenumber": 51,
    "lat": 52.44899,
    "lon": 13.1305804,
    "parity": "R",
    "proj_lat": 52.449079627086086,
    "proj_lon": 13.130696044989554,
    "marker-color": "#ff0000",
    "marker-symbol": "o"
  },
  {
    "rowid": 69318,
    "id": 11116,
    "source": "OA",
    "source_id": "be274cf5532cf587",
    "housenumber": 51,
    "lat": 52.44899,
    "lon": 13.1305804,
    "parity": "R",
    "proj_lat": 52.449079627086086,
    "proj_lon": 13.130696044989554,
    "marker-color": "#ff0000",
    "marker-symbol": "o"
  },
  {
    "rowid": 69319,
    "id": 11116,
    "source": "OA",
    "source_id": "a0fcb72cb7c17108",
    "housenumber": 52,
    "lat": 52.4492534,
    "lon": 13.1310257,
    "parity": "R",
    "proj_lat": 52.44908701454863,
    "proj_lon": 13.130812906349313,
    "marker-color": "#ff0000",
    "marker-symbol": "e"
  },
  {
    "rowid": 69319,
    "id": 11116,
    "source": "OA",
    "source_id": "a0fcb72cb7c17108",
    "housenumber": 52,
    "lat": 52.4492534,
    "lon": 13.1310257,
    "parity": "R",
    "proj_lat": 52.44908701454863,
    "proj_lon": 13.130812906349313,
    "marker-color": "#ff0000",
    "marker-symbol": "e"
  },
  {
    "rowid": 69320,
    "id": 11116,
    "source": "OA",
    "source_id": "f872151e5ffcc896",
    "housenumber": 53,
    "lat": 52.4490256,
    "lon": 13.1305075,
    "parity": "R",
    "proj_lat": 52.44911481888921,
    "proj_lon": 13.13062261848304,
    "marker-color": "#ff0000",
    "marker-symbol": "o"
  },
  {
    "rowid": 69320,
    "id": 11116,
    "source": "OA",
    "source_id": "f872151e5ffcc896",
    "housenumber": 53,
    "lat": 52.4490256,
    "lon": 13.1305075,
    "parity": "R",
    "proj_lat": 52.44911481888921,
    "proj_lon": 13.13062261848304,
    "marker-color": "#ff0000",
    "marker-symbol": "o"
  },
  {
    "rowid": 69321,
    "id": 11116,
    "source": "OA",
    "source_id": "11900a7582e4ec2b",
    "housenumber": 54,
    "lat": 52.4494484,
    "lon": 13.1310849,
    "parity": "R",
    "proj_lat": 52.449140738793965,
    "proj_lon": 13.130699516621926,
    "marker-color": "#ff0000",
    "marker-symbol": "e"
  },
  {
    "rowid": 69321,
    "id": 11116,
    "source": "OA",
    "source_id": "11900a7582e4ec2b",
    "housenumber": 54,
    "lat": 52.4494484,
    "lon": 13.1310849,
    "parity": "R",
    "proj_lat": 52.449140738793965,
    "proj_lon": 13.130699516621926,
    "marker-color": "#ff0000",
    "marker-symbol": "e"
  },
  {
    "rowid": 69322,
    "id": 11116,
    "source": "OA",
    "source_id": "856d72011c7b7ba8",
    "housenumber": 55,
    "lat": 52.4490602,
    "lon": 13.1304323,
    "parity": "R",
    "proj_lat": 52.44915030971029,
    "proj_lon": 13.130548568085667,
    "marker-color": "#ff0000",
    "marker-symbol": "o"
  },
  {
    "rowid": 69322,
    "id": 11116,
    "source": "OA",
    "source_id": "856d72011c7b7ba8",
    "housenumber": 55,
    "lat": 52.4490602,
    "lon": 13.1304323,
    "parity": "R",
    "proj_lat": 52.44915030971029,
    "proj_lon": 13.130548568085667,
    "marker-color": "#ff0000",
    "marker-symbol": "o"
  }
]
