[
  {
    "rowid": 30703,
    "id": 30032,
    "source": "OA",
    "source_id": "be408051b4dfee8e",
    "housenumber": 2,
    "lat": 52.422845,
    "lon": 13.5020249,
    "parity": "R",
    "proj_lat": 52.422813715095224,
    "proj_lon": 13.502259505858198,
    "marker-color": "#ff0000",
    "marker-symbol": "e"
  },
  {
    "rowid": 30703,
    "id": 30032,
    "source": "OA",
    "source_id": "be408051b4dfee8e",
    "housenumber": 2,
    "lat": 52.422845,
    "lon": 13.5020249,
    "parity": "R",
    "proj_lat": 52.422813715095224,
    "proj_lon": 13.502259505858198,
    "marker-color": "#ff0000",
    "marker-symbol": "e"
  },
  {
    "rowid": 30704,
    "id": 30032,
    "source": "OA",
    "source_id": "44f57db2eaeba613",
    "housenumber": 3,
    "lat": 52.4225719,
    "lon": 13.5025442,
    "parity": "L",
    "proj_lat": 52.422619167352245,
    "proj_lon": 13.502189745977086,
    "marker-color": "#3366ff",
    "marker-symbol": "o"
  },
  {
    "rowid": 30704,
    "id": 30032,
    "source": "OA",
    "source_id": "44f57db2eaeba613",
    "housenumber": 3,
    "lat": 52.4225719,
    "lon": 13.5025442,
    "parity": "L",
    "proj_lat": 52.422619167352245,
    "proj_lon": 13.502189745977086,
    "marker-color": "#3366ff",
    "marker-symbol": "o"
  },
  {
    "rowid": 30705,
    "id": 30032,
    "source": "OA",
    "source_id": "572c4a648489047b",
    "housenumber": 3.03,
    "lat": 52.4225202,
    "lon": 13.5025221,
    "parity": "L",
    "proj_lat": 52.4225670141709,
    "proj_lon": 13.502171045170412,
    "marker-color": "#3366ff",
    "marker-symbol": "o"
  },
  {
    "rowid": 30705,
    "id": 30032,
    "source": "OA",
    "source_id": "572c4a648489047b",
    "housenumber": 3.03,
    "lat": 52.4225202,
    "lon": 13.5025221,
    "parity": "L",
    "proj_lat": 52.4225670141709,
    "proj_lon": 13.502171045170412,
    "marker-color": "#3366ff",
    "marker-symbol": "o"
  },
  {
    "rowid": 30706,
    "id": 30032,
    "source": "OA",
    "source_id": "a206a15a75ec0409",
    "housenumber": 3.06,
    "lat": 52.4224974,
    "lon": 13.5028865,
    "parity": "L",
    "proj_lat": 52.422591630956376,
    "proj_lon": 13.50217987212467,
    "marker-color": "#3366ff",
    "marker-symbol": "o"
  },
  {
    "rowid": 30706,
    "id": 30032,
    "source": "OA",
    "source_id": "a206a15a75ec0409",
    "housenumber": 3.06,
    "lat": 52.4224974,
    "lon": 13.5028865,
    "parity": "L",
    "proj_lat": 52.422591630956376,
    "proj_lon": 13.50217987212467,
    "marker-color": "#3366ff",
    "marker-symbol": "o"
  },
  {
    "rowid": 30707,
    "id": 30032,
    "source": "OA",
    "source_id": "781297baa180e724",
    "housenumber": 4,
    "lat": 52.4227187,
    "lon": 13.5020715,
    "parity": "R",
    "proj_lat": 52.422699109161464,
    "proj_lon": 13.502218411080166,
    "marker-color": "#ff0000",
    "marker-symbol": "e"
  },
  {
    "rowid": 30707,
    "id": 30032,
    "source": "OA",
    "source_id": "781297baa180e724",
    "housenumber": 4,
    "lat": 52.4227187,
    "lon": 13.5020715,
    "parity": "R",
    "proj_lat": 52.422699109161464,
    "proj_lon": 13.502218411080166,
    "marker-color": "#ff0000",
    "marker-symbol": "e"
  },
  {
    "rowid": 30708,
    "id": 30032,
    "source": "OA",
    "source_id": "ab5a76d49dd5b7e9",
    "housenumber": 4.03,
    "lat": 52.4226597,
    "lon": 13.502058,
    "parity": "R",
    "proj_lat": 52.42264108345181,
    "proj_lon": 13.502197604533944,
    "marker-color": "#ff0000",
    "marker-symbol": "e"
  },
  {
    "rowid": 30708,
    "id": 30032,
    "source": "OA",
    "source_id": "ab5a76d49dd5b7e9",
    "housenumber": 4.03,
    "lat": 52.4226597,
    "lon": 13.502058,
    "parity": "R",
    "proj_lat": 52.42264108345181,
    "proj_lon": 13.502197604533944,
    "marker-color": "#ff0000",
    "marker-symbol": "e"
  },
  {
    "rowid": 30709,
    "id": 30032,
    "source": "OA",
    "source_id": "3da1fb51480147c9",
    "housenumber": 5,
    "lat": 52.4223313,
    "lon": 13.5028284,
    "parity": "L",
    "proj_lat": 52.42245754596818,
    "proj_lon": 13.502121864614596,
    "marker-color": "#3366ff",
    "marker-symbol": "o"
  },
  {
    "rowid": 30709,
    "id": 30032,
    "source": "OA",
    "source_id": "3da1fb51480147c9",
    "housenumber": 5,
    "lat": 52.4223313,
    "lon": 13.5028284,
    "parity": "L",
    "proj_lat": 52.42245754596818,
    "proj_lon": 13.502121864614596,
    "marker-color": "#3366ff",
    "marker-symbol": "o"
  },
  {
    "rowid": 30710,
    "id": 30032,
    "source": "OA",
    "source_id": "f31234d5bc511626",
    "housenumber": 5.03,
    "lat": 52.4223858,
    "lon": 13.5025317,
    "parity": "L",
    "proj_lat": 52.422458913126235,
    "proj_lon": 13.502122521479041,
    "marker-color": "#3366ff",
    "marker-symbol": "o"
  },
  {
    "rowid": 30710,
    "id": 30032,
    "source": "OA",
    "source_id": "f31234d5bc511626",
    "housenumber": 5.03,
    "lat": 52.4223858,
    "lon": 13.5025317,
    "parity": "L",
    "proj_lat": 52.422458913126235,
    "proj_lon": 13.502122521479041,
    "marker-color": "#3366ff",
    "marker-symbol": "o"
  },
  {
    "rowid": 30711,
    "id": 30032,
    "source": "OA",
    "source_id": "cc7353e2bf9c7da9",
    "housenumber": 6,
    "lat": 52.4225261,
    "lon": 13.5019818,
    "parity": "R",
    "proj_lat": 52.42249763170217,
    "proj_lon": 13.502141124197134,
    "marker-color": "#ff0000",
    "marker-symbol": "e"
  },
  {
    "rowid": 30711,
    "id": 30032,
    "source": "OA",
    "source_id": "cc7353e2bf9c7da9",
    "housenumber": 6,
    "lat": 52.4225261,
    "lon": 13.5019818,
    "parity": "R",
    "proj_lat": 52.42249763170217,
    "proj_lon": 13.502141124197134,
    "marker-color": "#ff0000",
    "marker-symbol": "e"
  },
  {
    "rowid": 30712,
    "id": 30032,
    "source": "OA",
    "source_id": "9411a5d831659f76",
    "housenumber": 6.03,
    "lat": 52.4224748,
    "lon": 13.5019765,
    "parity": "R",
    "proj_lat": 52.42244951538359,
    "proj_lon": 13.502118006241771,
    "marker-color": "#ff0000",
    "marker-symbol": "e"
  },
  {
    "rowid": 30712,
    "id": 30032,
    "source": "OA",
    "source_id": "9411a5d831659f76",
    "housenumber": 6.03,
    "lat": 52.4224748,
    "lon": 13.5019765,
    "parity": "R",
    "proj_lat": 52.42244951538359,
    "proj_lon": 13.502118006241771,
    "marker-color": "#ff0000",
    "marker-symbol": "e"
  },
  {
    "rowid": 30713,
    "id": 30032,
    "source": "OA",
    "source_id": "a6004dffeb54589a",
    "housenumber": 7,
    "lat": 52.4221993,
    "lon": 13.5025496,
    "parity": "L",
    "proj_lat": 52.42229010450983,
    "proj_lon": 13.502041415730009,
    "marker-color": "#3366ff",
    "marker-symbol": "o"
  },
  {
    "rowid": 30713,
    "id": 30032,
    "source": "OA",
    "source_id": "a6004dffeb54589a",
    "housenumber": 7,
    "lat": 52.4221993,
    "lon": 13.5025496,
    "parity": "L",
    "proj_lat": 52.42229010450983,
    "proj_lon": 13.502041415730009,
    "marker-color": "#3366ff",
    "marker-symbol": "o"
  },
  {
    "rowid": 30714,
    "id": 30032,
    "source": "OA",
    "source_id": "456ee774b3437d84",
    "housenumber": 7.03,
    "lat": 52.4222676,
    "lon": 13.5022733,
    "parity": "L",
    "proj_lat": 52.42230753731934,
    "proj_lon": 13.502049791493661,
    "marker-color": "#3366ff",
    "marker-symbol": "o"
  },
  {
    "rowid": 30714,
    "id": 30032,
    "source": "OA",
    "source_id": "456ee774b3437d84",
    "housenumber": 7.03,
    "lat": 52.4222676,
    "lon": 13.5022733,
    "parity": "L",
    "proj_lat": 52.42230753731934,
    "proj_lon": 13.502049791493661,
    "marker-color": "#3366ff",
    "marker-symbol": "o"
  },
  {
    "rowid": 30715,
    "id": 30032,
    "source": "OA",
    "source_id": "f5b381cf8ccea163",
    "housenumber": 8,
    "lat": 52.4223433,
    "lon": 13.5019132,
    "parity": "R",
    "proj_lat": 52.42231799557363,
    "proj_lon": 13.502054816264112,
    "marker-color": "#ff0000",
    "marker-symbol": "e"
  },
  {
    "rowid": 30715,
    "id": 30032,
    "source": "OA",
    "source_id": "f5b381cf8ccea163",
    "housenumber": 8,
    "lat": 52.4223433,
    "lon": 13.5019132,
    "parity": "R",
    "proj_lat": 52.42231799557363,
    "proj_lon": 13.502054816264112,
    "marker-color": "#ff0000",
    "marker-symbol": "e"
  },
  {
    "rowid": 30716,
    "id": 30032,
    "source": "OA",
    "source_id": "5a5a6fe605131bf6",
    "housenumber": 8.03,
    "lat": 52.4222903,
    "lon": 13.5018751,
    "parity": "R",
    "proj_lat": 52.42226291624487,
    "proj_lon": 13.502028352862478,
    "marker-color": "#ff0000",
    "marker-symbol": "e"
  },
  {
    "rowid": 30716,
    "id": 30032,
    "source": "OA",
    "source_id": "5a5a6fe605131bf6",
    "housenumber": 8.03,
    "lat": 52.4222903,
    "lon": 13.5018751,
    "parity": "R",
    "proj_lat": 52.42226291624487,
    "proj_lon": 13.502028352862478,
    "marker-color": "#ff0000",
    "marker-symbol": "e"
  },
  {
    "rowid": 30717,
    "id": 30032,
    "source": "OA",
    "source_id": "03765491513c7c53",
    "housenumber": 9,
    "lat": 52.4220384,
    "lon": 13.5022606,
    "parity": "L",
    "proj_lat": 52.42197174518113,
    "proj_lon": 13.502116551152026,
    "marker-color": "#3366ff",
    "marker-symbol": "o"
  },
  {
    "rowid": 30717,
    "id": 30032,
    "source": "OA",
    "source_id": "03765491513c7c53",
    "housenumber": 9,
    "lat": 52.4220384,
    "lon": 13.5022606,
    "parity": "L",
    "proj_lat": 52.42197174518113,
    "proj_lon": 13.502116551152026,
    "marker-color": "#3366ff",
    "marker-symbol": "o"
  },
  {
    "rowid": 147260,
    "id": 30032,
    "source": "OA",
    "source_id": "6d160921aa8d9740",
    "housenumber": 10,
    "lat": 52.4217684,
    "lon": 13.5011699,
    "parity": "R",
    "proj_lat": 52.422104,
    "proj_lon": 13.501952,
    "marker-color": "#ff0000",
    "marker-symbol": "e"
  },
  {
    "rowid": 147260,
    "id": 30032,
    "source": "OA",
    "source_id": "6d160921aa8d9740",
    "housenumber": 10,
    "lat": 52.4217684,
    "lon": 13.5011699,
    "parity": "R",
    "proj_lat": 52.422104,
    "proj_lon": 13.501952,
    "marker-color": "#ff0000",
    "marker-symbol": "e"
  },
  {
    "rowid": 30718,
    "id": 30032,
    "source": "OA",
    "source_id": "557cb7f2bc4bfda0",
    "housenumber": 11,
    "lat": 52.421913,
    "lon": 13.5024707,
    "parity": "L",
    "proj_lat": 52.42183046452988,
    "proj_lon": 13.50229233222467,
    "marker-color": "#3366ff",
    "marker-symbol": "o"
  },
  {
    "rowid": 30718,
    "id": 30032,
    "source": "OA",
    "source_id": "557cb7f2bc4bfda0",
    "housenumber": 11,
    "lat": 52.421913,
    "lon": 13.5024707,
    "parity": "L",
    "proj_lat": 52.42183046452988,
    "proj_lon": 13.50229233222467,
    "marker-color": "#3366ff",
    "marker-symbol": "o"
  },
  {
    "rowid": 142493,
    "id": 30032,
    "source": "OA",
    "source_id": "d0451f54cd331ad9",
    "housenumber": 11.03,
    "lat": 52.422106,
    "lon": 13.5028635,
    "parity": "L",
    "proj_lat": 52.421837599945064,
    "proj_lon": 13.502283454356942,
    "marker-color": "#3366ff",
    "marker-symbol": "o"
  },
  {
    "rowid": 142493,
    "id": 30032,
    "source": "OA",
    "source_id": "d0451f54cd331ad9",
    "housenumber": 11.03,
    "lat": 52.422106,
    "lon": 13.5028635,
    "parity": "L",
    "proj_lat": 52.421837599945064,
    "proj_lon": 13.502283454356942,
    "marker-color": "#3366ff",
    "marker-symbol": "o"
  },
  {
    "rowid": 141069,
    "id": 30032,
    "source": "OA",
    "source_id": "785c826399fca9a2",
    "housenumber": 11.06,
    "lat": 52.4222562,
    "lon": 13.503173,
    "parity": "L",
    "proj_lat": 52.42244509015731,
    "proj_lon": 13.50211588009857,
    "marker-color": "#3366ff",
    "marker-symbol": "o"
  },
  {
    "rowid": 141069,
    "id": 30032,
    "source": "OA",
    "source_id": "785c826399fca9a2",
    "housenumber": 11.06,
    "lat": 52.4222562,
    "lon": 13.503173,
    "parity": "L",
    "proj_lat": 52.42244509015731,
    "proj_lon": 13.50211588009857,
    "marker-color": "#3366ff",
    "marker-symbol": "o"
  },
  {
    "rowid": 30719,
    "id": 30032,
    "source": "OA",
    "source_id": "d35b61439b41f559",
    "housenumber": 12,
    "lat": 52.4217686,
    "lon": 13.50185,
    "parity": "R",
    "proj_lat": 52.42192109926512,
    "proj_lon": 13.502179564688296,
    "marker-color": "#ff0000",
    "marker-symbol": "e"
  },
  {
    "rowid": 30719,
    "id": 30032,
    "source": "OA",
    "source_id": "d35b61439b41f559",
    "housenumber": 12,
    "lat": 52.4217686,
    "lon": 13.50185,
    "parity": "R",
    "proj_lat": 52.42192109926512,
    "proj_lon": 13.502179564688296,
    "marker-color": "#ff0000",
    "marker-symbol": "e"
  },
  {
    "rowid": 30720,
    "id": 30032,
    "source": "OA",
    "source_id": "3209d85a6bd85866",
    "housenumber": 12.03,
    "lat": 52.4216569,
    "lon": 13.5016173,
    "parity": "R",
    "proj_lat": 52.421918547080026,
    "proj_lon": 13.502182740111325,
    "marker-color": "#ff0000",
    "marker-symbol": "e"
  },
  {
    "rowid": 30720,
    "id": 30032,
    "source": "OA",
    "source_id": "3209d85a6bd85866",
    "housenumber": 12.03,
    "lat": 52.4216569,
    "lon": 13.5016173,
    "parity": "R",
    "proj_lat": 52.421918547080026,
    "proj_lon": 13.502182740111325,
    "marker-color": "#ff0000",
    "marker-symbol": "e"
  },
  {
    "rowid": 30721,
    "id": 30032,
    "source": "OA",
    "source_id": "d03e7e92c0bb28f8",
    "housenumber": 13,
    "lat": 52.422135,
    "lon": 13.5032205,
    "parity": "L",
    "proj_lat": 52.42175116864741,
    "proj_lon": 13.502390991985612,
    "marker-color": "#3366ff",
    "marker-symbol": "o"
  },
  {
    "rowid": 30721,
    "id": 30032,
    "source": "OA",
    "source_id": "d03e7e92c0bb28f8",
    "housenumber": 13,
    "lat": 52.422135,
    "lon": 13.5032205,
    "parity": "L",
    "proj_lat": 52.42175116864741,
    "proj_lon": 13.502390991985612,
    "marker-color": "#3366ff",
    "marker-symbol": "o"
  },
  {
    "rowid": 30722,
    "id": 30032,
    "source": "OA",
    "source_id": "5e6cc6e03fc4b78a",
    "housenumber": 13.03,
    "lat": 52.4219399,
    "lon": 13.5033213,
    "parity": "L",
    "proj_lat": 52.42159774939236,
    "proj_lon": 13.50258187588215,
    "marker-color": "#3366ff",
    "marker-symbol": "o"
  },
  {
    "rowid": 30722,
    "id": 30032,
    "source": "OA",
    "source_id": "5e6cc6e03fc4b78a",
    "housenumber": 13.03,
    "lat": 52.4219399,
    "lon": 13.5033213,
    "parity": "L",
    "proj_lat": 52.42159774939236,
    "proj_lon": 13.50258187588215,
    "marker-color": "#3366ff",
    "marker-symbol": "o"
  },
  {
    "rowid": 30723,
    "id": 30032,
    "source": "OA",
    "source_id": "8dec12b6859100af",
    "housenumber": 13.06,
    "lat": 52.421885,
    "lon": 13.5033554,
    "parity": "L",
    "proj_lat": 52.421552893917486,
    "proj_lon": 13.50263768496442,
    "marker-color": "#3366ff",
    "marker-symbol": "o"
  },
  {
    "rowid": 30723,
    "id": 30032,
    "source": "OA",
    "source_id": "8dec12b6859100af",
    "housenumber": 13.06,
    "lat": 52.421885,
    "lon": 13.5033554,
    "parity": "L",
    "proj_lat": 52.421552893917486,
    "proj_lon": 13.50263768496442,
    "marker-color": "#3366ff",
    "marker-symbol": "o"
  },
  {
    "rowid": 30724,
    "id": 30032,
    "source": "OA",
    "source_id": "68f97e40cb187ae0",
    "housenumber": 13.09,
    "lat": 52.4220056,
    "lon": 13.5030298,
    "parity": "L",
    "proj_lat": 52.42172504681708,
    "proj_lon": 13.502423492708916,
    "marker-color": "#3366ff",
    "marker-symbol": "o"
  },
  {
    "rowid": 30724,
    "id": 30032,
    "source": "OA",
    "source_id": "68f97e40cb187ae0",
    "housenumber": 13.09,
    "lat": 52.4220056,
    "lon": 13.5030298,
    "parity": "L",
    "proj_lat": 52.42172504681708,
    "proj_lon": 13.502423492708916,
    "marker-color": "#3366ff",
    "marker-symbol": "o"
  },
  {
    "rowid": 30725,
    "id": 30032,
    "source": "OA",
    "source_id": "b7c517b6d7a940f6",
    "housenumber": 13.12,
    "lat": 52.421806,
    "lon": 13.5026688,
    "parity": "L",
    "proj_lat": 52.42170438490105,
    "proj_lon": 13.502449200218974,
    "marker-color": "#3366ff",
    "marker-symbol": "o"
  },
  {
    "rowid": 30725,
    "id": 30032,
    "source": "OA",
    "source_id": "b7c517b6d7a940f6",
    "housenumber": 13.12,
    "lat": 52.421806,
    "lon": 13.5026688,
    "parity": "L",
    "proj_lat": 52.42170438490105,
    "proj_lon": 13.502449200218974,
    "marker-color": "#3366ff",
    "marker-symbol": "o"
  },
  {
    "rowid": 30726,
    "id": 30032,
    "source": "OA",
    "source_id": "e1b93a5c5012083f",
    "housenumber": 14,
    "lat": 52.4216843,
    "lon": 13.5021982,
    "parity": "R",
    "proj_lat": 52.42176534761435,
    "proj_lon": 13.502373350546426,
    "marker-color": "#ff0000",
    "marker-symbol": "e"
  },
  {
    "rowid": 30726,
    "id": 30032,
    "source": "OA",
    "source_id": "e1b93a5c5012083f",
    "housenumber": 14,
    "lat": 52.4216843,
    "lon": 13.5021982,
    "parity": "R",
    "proj_lat": 52.42176534761435,
    "proj_lon": 13.502373350546426,
    "marker-color": "#ff0000",
    "marker-symbol": "e"
  },
  {
    "rowid": 30727,
    "id": 30032,
    "source": "OA",
    "source_id": "8189ef766ec5562f",
    "housenumber": 15,
    "lat": 52.4216298,
    "lon": 13.5027563,
    "parity": "L",
    "proj_lat": 52.421566867801126,
    "proj_lon": 13.502620298689418,
    "marker-color": "#3366ff",
    "marker-symbol": "o"
  },
  {
    "rowid": 30727,
    "id": 30032,
    "source": "OA",
    "source_id": "8189ef766ec5562f",
    "housenumber": 15,
    "lat": 52.4216298,
    "lon": 13.5027563,
    "parity": "L",
    "proj_lat": 52.421566867801126,
    "proj_lon": 13.502620298689418,
    "marker-color": "#3366ff",
    "marker-symbol": "o"
  },
  {
    "rowid": 30728,
    "id": 30032,
    "source": "OA",
    "source_id": "5c9a473075842a12",
    "housenumber": 16,
    "lat": 52.4215448,
    "lon": 13.5023802,
    "parity": "R",
    "proj_lat": 52.42162337106746,
    "proj_lon": 13.50254999745087,
    "marker-color": "#ff0000",
    "marker-symbol": "e"
  },
  {
    "rowid": 30728,
    "id": 30032,
    "source": "OA",
    "source_id": "5c9a473075842a12",
    "housenumber": 16,
    "lat": 52.4215448,
    "lon": 13.5023802,
    "parity": "R",
    "proj_lat": 52.42162337106746,
    "proj_lon": 13.50254999745087,
    "marker-color": "#ff0000",
    "marker-symbol": "e"
  },
  {
    "rowid": 30729,
    "id": 30032,
    "source": "OA",
    "source_id": "632a55533cd13a8d",
    "housenumber": 17,
    "lat": 52.4214924,
    "lon": 13.5029369,
    "parity": "L",
    "proj_lat": 52.421426634516806,
    "proj_lon": 13.502794776630447,
    "marker-color": "#3366ff",
    "marker-symbol": "o"
  },
  {
    "rowid": 30729,
    "id": 30032,
    "source": "OA",
    "source_id": "632a55533cd13a8d",
    "housenumber": 17,
    "lat": 52.4214924,
    "lon": 13.5029369,
    "parity": "L",
    "proj_lat": 52.421426634516806,
    "proj_lon": 13.502794776630447,
    "marker-color": "#3366ff",
    "marker-symbol": "o"
  },
  {
    "rowid": 30730,
    "id": 30032,
    "source": "OA",
    "source_id": "065463b8de3776c8",
    "housenumber": 18,
    "lat": 52.4213846,
    "lon": 13.5025888,
    "parity": "R",
    "proj_lat": 52.42146044636871,
    "proj_lon": 13.502752707999369,
    "marker-color": "#ff0000",
    "marker-symbol": "e"
  },
  {
    "rowid": 30730,
    "id": 30032,
    "source": "OA",
    "source_id": "065463b8de3776c8",
    "housenumber": 18,
    "lat": 52.4213846,
    "lon": 13.5025888,
    "parity": "R",
    "proj_lat": 52.42146044636871,
    "proj_lon": 13.502752707999369,
    "marker-color": "#ff0000",
    "marker-symbol": "e"
  },
  {
    "rowid": 30731,
    "id": 30032,
    "source": "OA",
    "source_id": "8362befd01e16fc2",
    "housenumber": 19,
    "lat": 52.4213465,
    "lon": 13.5031265,
    "parity": "L",
    "proj_lat": 52.42127836391487,
    "proj_lon": 13.502979254584218,
    "marker-color": "#3366ff",
    "marker-symbol": "o"
  },
  {
    "rowid": 30731,
    "id": 30032,
    "source": "OA",
    "source_id": "8362befd01e16fc2",
    "housenumber": 19,
    "lat": 52.4213465,
    "lon": 13.5031265,
    "parity": "L",
    "proj_lat": 52.42127836391487,
    "proj_lon": 13.502979254584218,
    "marker-color": "#3366ff",
    "marker-symbol": "o"
  },
  {
    "rowid": 30732,
    "id": 30032,
    "source": "OA",
    "source_id": "cb46a98ad9a79c29",
    "housenumber": 20,
    "lat": 52.4212246,
    "lon": 13.5027982,
    "parity": "R",
    "proj_lat": 52.4212974136364,
    "proj_lon": 13.502955552962982,
    "marker-color": "#ff0000",
    "marker-symbol": "e"
  },
  {
    "rowid": 30732,
    "id": 30032,
    "source": "OA",
    "source_id": "cb46a98ad9a79c29",
    "housenumber": 20,
    "lat": 52.4212246,
    "lon": 13.5027982,
    "parity": "R",
    "proj_lat": 52.4212974136364,
    "proj_lon": 13.502955552962982,
    "marker-color": "#ff0000",
    "marker-symbol": "e"
  }
]
