[
  {
    "rowid": 123871,
    "id": 2504,
    "source": "OA",
    "source_id": "6ef90f7537e9abec",
    "housenumber": 1,
    "lat": 52.4427766,
    "lon": 13.60099,
    "parity": "L",
    "proj_lat": 52.442682320999054,
    "proj_lon": 13.601008869224138,
    "marker-color": "#3366ff",
    "marker-symbol": "o"
  },
  {
    "rowid": 146509,
    "id": 2504,
    "source": "OA",
    "source_id": "3ed99a2b1d55f2c0",
    "housenumber": 1.03,
    "lat": 52.4429661,
    "lon": 13.600814,
    "parity": "L",
    "proj_lat": 52.44267220395179,
    "proj_lon": 13.600872821562165,
    "marker-color": "#3366ff",
    "marker-symbol": "o"
  },
  {
    "rowid": 123872,
    "id": 2504,
    "source": "OA",
    "source_id": "9e558c35597aabab",
    "housenumber": 2,
    "lat": 52.4427888,
    "lon": 13.6012387,
    "parity": "L",
    "proj_lat": 52.442700723017595,
    "proj_lon": 13.601256327947118,
    "marker-color": "#3366ff",
    "marker-symbol": "e"
  },
  {
    "rowid": 123873,
    "id": 2504,
    "source": "OA",
    "source_id": "5e3d0addfe4c5888",
    "housenumber": 3,
    "lat": 52.4427967,
    "lon": 13.601464,
    "parity": "L",
    "proj_lat": 52.44271734737736,
    "proj_lon": 13.601479881837673,
    "marker-color": "#3366ff",
    "marker-symbol": "o"
  },
  {
    "rowid": 123874,
    "id": 2504,
    "source": "OA",
    "source_id": "fc05b7a84b5712c5",
    "housenumber": 3.03,
    "lat": 52.4430787,
    "lon": 13.6013398,
    "parity": "L",
    "proj_lat": 52.44271238245319,
    "proj_lon": 13.601413116673116,
    "marker-color": "#3366ff",
    "marker-symbol": "o"
  },
  {
    "rowid": 123875,
    "id": 2504,
    "source": "OA",
    "source_id": "d2cfd940b81fe623",
    "housenumber": 4,
    "lat": 52.4428228,
    "lon": 13.601856,
    "parity": "L",
    "proj_lat": 52.442746453324915,
    "proj_lon": 13.601871280237713,
    "marker-color": "#3366ff",
    "marker-symbol": "e"
  },
  {
    "rowid": 151536,
    "id": 2504,
    "source": "OA",
    "source_id": "03fab150e4cc9b63",
    "housenumber": 5,
    "lat": 52.4428423,
    "lon": 13.6021637,
    "parity": "L",
    "proj_lat": 52.44276928553165,
    "proj_lon": 13.602178313333448,
    "marker-color": "#3366ff",
    "marker-symbol": "o"
  },
  {
    "rowid": 151537,
    "id": 2504,
    "source": "OA",
    "source_id": "9f11543ca59831ec",
    "housenumber": 6,
    "lat": 52.4428832,
    "lon": 13.6024017,
    "parity": "L",
    "proj_lat": 52.442787324416265,
    "proj_lon": 13.602420888860886,
    "marker-color": "#3366ff",
    "marker-symbol": "e"
  },
  {
    "rowid": 123876,
    "id": 2504,
    "source": "OA",
    "source_id": "e261d26f59408891",
    "housenumber": 6.03,
    "lat": 52.4430347,
    "lon": 13.6025133,
    "parity": "L",
    "proj_lat": 52.443009514504915,
    "proj_lon": 13.602653643060199,
    "marker-color": "#3366ff",
    "marker-symbol": "e"
  },
  {
    "rowid": 123877,
    "id": 2504,
    "source": "OA",
    "source_id": "62a0a894823a7922",
    "housenumber": 11,
    "lat": 52.4428205,
    "lon": 13.6027619,
    "parity": "R",
    "proj_lat": 52.44285345446133,
    "proj_lon": 13.60257826712078,
    "marker-color": "#ff0000",
    "marker-symbol": "o"
  }
]
