[
  {
    "rowid": 108802,
    "id": 29946,
    "source": "OA",
    "source_id": "976e87404fd3015a",
    "housenumber": 10,
    "lat": 52.5118836,
    "lon": 13.3968817,
    "parity": "L",
    "proj_lat": 52.51186269763217,
    "proj_lon": 13.396573652825845,
    "marker-color": "#3366ff",
    "marker-symbol": "e"
  },
  {
    "rowid": 108803,
    "id": 29946,
    "source": "OA",
    "source_id": "2d778500c65c156d",
    "housenumber": 12,
    "lat": 52.5120627,
    "lon": 13.3973968,
    "parity": "L",
    "proj_lat": 52.512005076406986,
    "proj_lon": 13.396547569433027,
    "marker-color": "#3366ff",
    "marker-symbol": "e"
  },
  {
    "rowid": 108804,
    "id": 29946,
    "source": "OA",
    "source_id": "c228f28aecf59746",
    "housenumber": 14,
    "lat": 52.5121195,
    "lon": 13.397179,
    "parity": "L",
    "proj_lat": 52.51207577625167,
    "proj_lon": 13.396534617419473,
    "marker-color": "#3366ff",
    "marker-symbol": "e"
  },
  {
    "rowid": 108805,
    "id": 29946,
    "source": "OA",
    "source_id": "11888c2e357c1162",
    "housenumber": 16,
    "lat": 52.5122133,
    "lon": 13.3967731,
    "parity": "L",
    "proj_lat": 52.512195628313556,
    "proj_lon": 13.396512660857377,
    "marker-color": "#3366ff",
    "marker-symbol": "e"
  },
  {
    "rowid": 108806,
    "id": 29946,
    "source": "OA",
    "source_id": "a1524b67c293b969",
    "housenumber": 27,
    "lat": 52.512067,
    "lon": 13.3963214,
    "parity": "R",
    "proj_lat": 52.51208139774858,
    "proj_lon": 13.396533587576982,
    "marker-color": "#ff0000",
    "marker-symbol": "o"
  },
  {
    "rowid": 108807,
    "id": 29949,
    "source": "OA",
    "source_id": "2b7c26fa11dc4b4d",
    "housenumber": 51,
    "lat": 52.5082635,
    "lon": 13.3969482,
    "parity": "R",
    "proj_lat": 52.508277947108716,
    "proj_lon": 13.39717398186304,
    "marker-color": "#ff0000",
    "marker-symbol": "o"
  }
]
