[
  {
    "rowid": 259944,
    "id": 31407,
    "source": "OA",
    "source_id": "8295a3c7b490b498",
    "housenumber": 2,
    "lat": 52.5419712,
    "lon": 13.6201626,
    "parity": "L",
    "proj_lat": 52.542139437293805,
    "proj_lon": 13.62020750021374,
    "marker-color": "#3366ff",
    "marker-symbol": "e"
  },
  {
    "rowid": 259945,
    "id": 31407,
    "source": "OA",
    "source_id": "183d3f9434b6a496",
    "housenumber": 4,
    "lat": 52.5419665,
    "lon": 13.6203786,
    "parity": "L",
    "proj_lat": 52.542118541195485,
    "proj_lon": 13.620419177689751,
    "marker-color": "#3366ff",
    "marker-symbol": "e"
  },
  {
    "rowid": 259946,
    "id": 31407,
    "source": "OA",
    "source_id": "50de51c40f635074",
    "housenumber": 6,
    "lat": 52.5419494,
    "lon": 13.6205989,
    "parity": "L",
    "proj_lat": 52.5420969132081,
    "proj_lon": 13.620638269201944,
    "marker-color": "#3366ff",
    "marker-symbol": "e"
  },
  {
    "rowid": 259947,
    "id": 31407,
    "source": "OA",
    "source_id": "d049434dac39868e",
    "housenumber": 8,
    "lat": 52.5419325,
    "lon": 13.6208093,
    "parity": "L",
    "proj_lat": 52.54207624256267,
    "proj_lon": 13.620847662840138,
    "marker-color": "#3366ff",
    "marker-symbol": "e"
  },
  {
    "rowid": 259948,
    "id": 31407,
    "source": "OA",
    "source_id": "ef73dc006ecc9f46",
    "housenumber": 10,
    "lat": 52.5419145,
    "lon": 13.6210195,
    "parity": "L",
    "proj_lat": 52.54205556291707,
    "proj_lon": 13.621057147650067,
    "marker-color": "#3366ff",
    "marker-symbol": "e"
  },
  {
    "rowid": 259949,
    "id": 31407,
    "source": "OA",
    "source_id": "f32ca929469e017d",
    "housenumber": 12,
    "lat": 52.5419018,
    "lon": 13.6211751,
    "parity": "L",
    "proj_lat": 52.5420402708929,
    "proj_lon": 13.621212055854963,
    "marker-color": "#3366ff",
    "marker-symbol": "e"
  },
  {
    "rowid": 259950,
    "id": 31407,
    "source": "OA",
    "source_id": "8dd2d511c3cd3217",
    "housenumber": 14,
    "lat": 52.5418865,
    "lon": 13.6213691,
    "parity": "L",
    "proj_lat": 52.5420212187139,
    "proj_lon": 13.621405054428234,
    "marker-color": "#3366ff",
    "marker-symbol": "e"
  },
  {
    "rowid": 259951,
    "id": 31407,
    "source": "OA",
    "source_id": "20660b4521c76182",
    "housenumber": 16,
    "lat": 52.5417144,
    "lon": 13.6214004,
    "parity": "L",
    "proj_lat": 52.541718,
    "proj_lon": 13.621698,
    "marker-color": "#3366ff",
    "marker-symbol": "e"
  },
  {
    "rowid": 259952,
    "id": 31407,
    "source": "OA",
    "source_id": "4caa46f3e37a7b2d",
    "housenumber": 18,
    "lat": 52.541578,
    "lon": 13.6213749,
    "parity": "L",
    "proj_lat": 52.54171305056812,
    "proj_lon": 13.621703499368762,
    "marker-color": "#3366ff",
    "marker-symbol": "e"
  },
  {
    "rowid": 259953,
    "id": 31407,
    "source": "OA",
    "source_id": "a336552f28777be1",
    "housenumber": 20,
    "lat": 52.5414525,
    "lon": 13.6213444,
    "parity": "L",
    "proj_lat": 52.541664,
    "proj_lon": 13.621758,
    "marker-color": "#3366ff",
    "marker-symbol": "e"
  },
  {
    "rowid": 259954,
    "id": 31407,
    "source": "OA",
    "source_id": "c8220b5abca80fc4",
    "housenumber": 22,
    "lat": 52.5415198,
    "lon": 13.6223209,
    "parity": "L",
    "proj_lat": 52.54162133327866,
    "proj_lon": 13.622340989252685,
    "marker-color": "#3366ff",
    "marker-symbol": "e"
  },
  {
    "rowid": 259955,
    "id": 31407,
    "source": "OA",
    "source_id": "d1dfcfe81edfae43",
    "housenumber": 24,
    "lat": 52.5415019,
    "lon": 13.6225373,
    "parity": "L",
    "proj_lat": 52.54160546636343,
    "proj_lon": 13.622557791499686,
    "marker-color": "#3366ff",
    "marker-symbol": "e"
  },
  {
    "rowid": 265009,
    "id": 31407,
    "source": "OA",
    "source_id": "6446e2d89b96e02a",
    "housenumber": 25,
    "lat": 52.5416625,
    "lon": 13.622606,
    "parity": "R",
    "proj_lat": 52.54160280262487,
    "proj_lon": 13.622594188272195,
    "marker-color": "#ff0000",
    "marker-symbol": "o"
  },
  {
    "rowid": 259956,
    "id": 31407,
    "source": "OA",
    "source_id": "2a671d24952244de",
    "housenumber": 26,
    "lat": 52.5414848,
    "lon": 13.6227451,
    "parity": "L",
    "proj_lat": 52.54159023128391,
    "proj_lon": 13.622765960474062,
    "marker-color": "#3366ff",
    "marker-symbol": "e"
  },
  {
    "rowid": 259957,
    "id": 31408,
    "source": "OA",
    "source_id": "9141ebe98285e94a",
    "housenumber": 27,
    "lat": 52.5418672,
    "lon": 13.6231664,
    "parity": "L",
    "proj_lat": 52.54197442290607,
    "proj_lon": 13.62318689456566,
    "marker-color": "#3366ff",
    "marker-symbol": "o"
  },
  {
    "rowid": 259958,
    "id": 31407,
    "source": "OA",
    "source_id": "cecab1c5d0f923b5",
    "housenumber": 28,
    "lat": 52.5414205,
    "lon": 13.6230341,
    "parity": "L",
    "proj_lat": 52.541568464598114,
    "proj_lon": 13.623063375965392,
    "marker-color": "#3366ff",
    "marker-symbol": "e"
  },
  {
    "rowid": 259959,
    "id": 31408,
    "source": "OA",
    "source_id": "971a006a3836dc63",
    "housenumber": 29,
    "lat": 52.5418277,
    "lon": 13.6236547,
    "parity": "L",
    "proj_lat": 52.54193983387662,
    "proj_lon": 13.623676133209052,
    "marker-color": "#3366ff",
    "marker-symbol": "o"
  },
  {
    "rowid": 259960,
    "id": 31407,
    "source": "OA",
    "source_id": "db588a96be560e3e",
    "housenumber": 30,
    "lat": 52.5413304,
    "lon": 13.6230157,
    "parity": "L",
    "proj_lat": 52.541568505949336,
    "proj_lon": 13.623062810950909,
    "marker-color": "#3366ff",
    "marker-symbol": "e"
  },
  {
    "rowid": 259961,
    "id": 31407,
    "source": "OA",
    "source_id": "2af5287cca8c508e",
    "housenumber": 32,
    "lat": 52.541245,
    "lon": 13.623009,
    "parity": "L",
    "proj_lat": 52.54156777034087,
    "proj_lon": 13.623072862152807,
    "marker-color": "#3366ff",
    "marker-symbol": "e"
  },
  {
    "rowid": 259962,
    "id": 31407,
    "source": "OA",
    "source_id": "df036f046ce5fdf6",
    "housenumber": 34,
    "lat": 52.5411177,
    "lon": 13.6235459,
    "parity": "L",
    "proj_lat": 52.541521669895666,
    "proj_lon": 13.623642054553402,
    "marker-color": "#3366ff",
    "marker-symbol": "e"
  },
  {
    "rowid": 259963,
    "id": 31407,
    "source": "OA",
    "source_id": "2dbee3fad278e3d3",
    "housenumber": 36,
    "lat": 52.5412263,
    "lon": 13.6235691,
    "parity": "L",
    "proj_lat": 52.54152189834367,
    "proj_lon": 13.62363945986507,
    "marker-color": "#3366ff",
    "marker-symbol": "e"
  },
  {
    "rowid": 259964,
    "id": 31407,
    "source": "OA",
    "source_id": "3cec31a0cc358813",
    "housenumber": 38,
    "lat": 52.5413477,
    "lon": 13.623595,
    "parity": "L",
    "proj_lat": 52.54152215671332,
    "proj_lon": 13.623636525329768,
    "marker-color": "#3366ff",
    "marker-symbol": "e"
  },
  {
    "rowid": 259965,
    "id": 31407,
    "source": "OA",
    "source_id": "1f30b14d9913a111",
    "housenumber": 40,
    "lat": 52.5413946,
    "lon": 13.6238625,
    "parity": "L",
    "proj_lat": 52.54150005095716,
    "proj_lon": 13.623887600181265,
    "marker-color": "#3366ff",
    "marker-symbol": "e"
  },
  {
    "rowid": 259966,
    "id": 31407,
    "source": "OA",
    "source_id": "dfec5abec135de0e",
    "housenumber": 42,
    "lat": 52.541377,
    "lon": 13.6240769,
    "parity": "L",
    "proj_lat": 52.541481200428485,
    "proj_lon": 13.624101702501713,
    "marker-color": "#3366ff",
    "marker-symbol": "e"
  },
  {
    "rowid": 259967,
    "id": 31407,
    "source": "OA",
    "source_id": "388b2dd65ee6b678",
    "housenumber": 44,
    "lat": 52.5413592,
    "lon": 13.6242927,
    "parity": "L",
    "proj_lat": 52.541462225062325,
    "proj_lon": 13.624317222713099,
    "marker-color": "#3366ff",
    "marker-symbol": "e"
  },
  {
    "rowid": 259968,
    "id": 31407,
    "source": "OA",
    "source_id": "bfe6bff21818b1d7",
    "housenumber": 45,
    "lat": 52.54136,
    "lon": 13.6255391,
    "parity": "R",
    "proj_lat": 52.541385,
    "proj_lon": 13.625297,
    "marker-color": "#ff0000",
    "marker-symbol": "o"
  },
  {
    "rowid": 259969,
    "id": 31407,
    "source": "OA",
    "source_id": "4151de08d0f88b10",
    "housenumber": 46,
    "lat": 52.5412354,
    "lon": 13.6249521,
    "parity": "L",
    "proj_lat": 52.54121630701081,
    "proj_lon": 13.625236339045545,
    "marker-color": "#3366ff",
    "marker-symbol": "e"
  },
  {
    "rowid": 259970,
    "id": 31407,
    "source": "OA",
    "source_id": "469641bc4f3194f7",
    "housenumber": 47,
    "lat": 52.5412079,
    "lon": 13.6254838,
    "parity": "R",
    "proj_lat": 52.541224423532846,
    "proj_lon": 13.625237812990227,
    "marker-color": "#ff0000",
    "marker-symbol": "o"
  },
  {
    "rowid": 259971,
    "id": 31407,
    "source": "OA",
    "source_id": "744296b3ebd18649",
    "housenumber": 48,
    "lat": 52.5411062,
    "lon": 13.6249248,
    "parity": "L",
    "proj_lat": 52.54108685222912,
    "proj_lon": 13.625212830307952,
    "marker-color": "#3366ff",
    "marker-symbol": "e"
  },
  {
    "rowid": 259972,
    "id": 31407,
    "source": "OA",
    "source_id": "3aea5357bd1b8087",
    "housenumber": 49,
    "lat": 52.5411006,
    "lon": 13.6254569,
    "parity": "R",
    "proj_lat": 52.54111663156099,
    "proj_lon": 13.625218238176934,
    "marker-color": "#ff0000",
    "marker-symbol": "o"
  },
  {
    "rowid": 259973,
    "id": 31407,
    "source": "OA",
    "source_id": "97fa124c55c62cdf",
    "housenumber": 50,
    "lat": 52.5410215,
    "lon": 13.6249068,
    "parity": "L",
    "proj_lat": 52.541001978373195,
    "proj_lon": 13.62519741738012,
    "marker-color": "#3366ff",
    "marker-symbol": "e"
  },
  {
    "rowid": 259974,
    "id": 31409,
    "source": "OA",
    "source_id": "34cd445f9efb1de9",
    "housenumber": 51,
    "lat": 52.5409534,
    "lon": 13.62544,
    "parity": "L",
    "proj_lat": 52.54083060271501,
    "proj_lon": 13.625412021631503,
    "marker-color": "#3366ff",
    "marker-symbol": "o"
  },
  {
    "rowid": 259975,
    "id": 31409,
    "source": "OA",
    "source_id": "ed21abb3b89fccc7",
    "housenumber": 53,
    "lat": 52.5408895,
    "lon": 13.6257813,
    "parity": "L",
    "proj_lat": 52.54080117639475,
    "proj_lon": 13.625761176239275,
    "marker-color": "#3366ff",
    "marker-symbol": "o"
  },
  {
    "rowid": 259976,
    "id": 31409,
    "source": "OA",
    "source_id": "e3cf50fe1dc45f7c",
    "housenumber": 55,
    "lat": 52.5408728,
    "lon": 13.6259857,
    "parity": "L",
    "proj_lat": 52.540783959734235,
    "proj_lon": 13.625965458538095,
    "marker-color": "#3366ff",
    "marker-symbol": "o"
  },
  {
    "rowid": 259977,
    "id": 31409,
    "source": "OA",
    "source_id": "a653262b562e0b44",
    "housenumber": 57,
    "lat": 52.5408588,
    "lon": 13.6261586,
    "parity": "L",
    "proj_lat": 52.54076939870705,
    "proj_lon": 13.626138230726049,
    "marker-color": "#3366ff",
    "marker-symbol": "o"
  },
  {
    "rowid": 259978,
    "id": 31409,
    "source": "OA",
    "source_id": "bbbdf48aaa250f03",
    "housenumber": 59,
    "lat": 52.5403386,
    "lon": 13.6260356,
    "parity": "L",
    "proj_lat": 52.54047521333939,
    "proj_lon": 13.626067805911834,
    "marker-color": "#3366ff",
    "marker-symbol": "o"
  },
  {
    "rowid": 259979,
    "id": 31409,
    "source": "OA",
    "source_id": "de2f65cfc4f6a900",
    "housenumber": 61,
    "lat": 52.5403529,
    "lon": 13.6258599,
    "parity": "L",
    "proj_lat": 52.540490514595575,
    "proj_lon": 13.625892341974108,
    "marker-color": "#3366ff",
    "marker-symbol": "o"
  },
  {
    "rowid": 259980,
    "id": 31409,
    "source": "OA",
    "source_id": "6cafd395da399ed6",
    "housenumber": 63,
    "lat": 52.5403696,
    "lon": 13.6256543,
    "parity": "L",
    "proj_lat": 52.540508419089704,
    "proj_lon": 13.625687025952663,
    "marker-color": "#3366ff",
    "marker-symbol": "o"
  },
  {
    "rowid": 259981,
    "id": 31407,
    "source": "OA",
    "source_id": "89c5840083199022",
    "housenumber": 65,
    "lat": 52.5403826,
    "lon": 13.6253157,
    "parity": "R",
    "proj_lat": 52.540406865485885,
    "proj_lon": 13.625066889968316,
    "marker-color": "#ff0000",
    "marker-symbol": "o"
  },
  {
    "rowid": 259982,
    "id": 31407,
    "source": "OA",
    "source_id": "90f1bf5ca65714ae",
    "housenumber": 67,
    "lat": 52.5402362,
    "lon": 13.6252659,
    "parity": "R",
    "proj_lat": 52.540259400548216,
    "proj_lon": 13.62502801106331,
    "marker-color": "#ff0000",
    "marker-symbol": "o"
  },
  {
    "rowid": 259983,
    "id": 31407,
    "source": "OA",
    "source_id": "34de2bd4734b6fce",
    "housenumber": 69,
    "lat": 52.5401256,
    "lon": 13.6252416,
    "parity": "R",
    "proj_lat": 52.540149262717314,
    "proj_lon": 13.624998973392847,
    "marker-color": "#ff0000",
    "marker-symbol": "o"
  },
  {
    "rowid": 259984,
    "id": 31407,
    "source": "OA",
    "source_id": "f2eb5ff1af513622",
    "housenumber": 71,
    "lat": 52.5399739,
    "lon": 13.6252255,
    "parity": "R",
    "proj_lat": 52.53999983493214,
    "proj_lon": 13.624959576986102,
    "marker-color": "#ff0000",
    "marker-symbol": "o"
  }
]
