[
  {
    "rowid": 242042,
    "id": 39936,
    "source": "OA",
    "source_id": "8cbcbd88550e9063",
    "housenumber": 3,
    "lat": 52.5112345,
    "lon": 13.3210666,
    "parity": "L",
    "proj_lat": 52.51113334194803,
    "proj_lon": 13.321086443126893,
    "marker-color": "#3366ff",
    "marker-symbol": "o"
  },
  {
    "rowid": 242042,
    "id": 39936,
    "source": "OA",
    "source_id": "8cbcbd88550e9063",
    "housenumber": 3,
    "lat": 52.5112345,
    "lon": 13.3210666,
    "parity": "L",
    "proj_lat": 52.51113334194803,
    "proj_lon": 13.321086443126893,
    "marker-color": "#3366ff",
    "marker-symbol": "o"
  },
  {
    "rowid": 242043,
    "id": 39936,
    "source": "OA",
    "source_id": "68bb946b58e05a2d",
    "housenumber": 5,
    "lat": 52.5111958,
    "lon": 13.3204724,
    "parity": "L",
    "proj_lat": 52.51109046537941,
    "proj_lon": 13.320492851942268,
    "marker-color": "#3366ff",
    "marker-symbol": "o"
  },
  {
    "rowid": 242043,
    "id": 39936,
    "source": "OA",
    "source_id": "68bb946b58e05a2d",
    "housenumber": 5,
    "lat": 52.5111958,
    "lon": 13.3204724,
    "parity": "L",
    "proj_lat": 52.51109046537941,
    "proj_lon": 13.320492851942268,
    "marker-color": "#3366ff",
    "marker-symbol": "o"
  },
  {
    "rowid": 242044,
    "id": 39936,
    "source": "OA",
    "source_id": "1db5af9112b633f7",
    "housenumber": 6,
    "lat": 52.5111676,
    "lon": 13.3200402,
    "parity": "L",
    "proj_lat": 52.511059422201974,
    "proj_lon": 13.320061203951292,
    "marker-color": "#3366ff",
    "marker-symbol": "e"
  },
  {
    "rowid": 242044,
    "id": 39936,
    "source": "OA",
    "source_id": "1db5af9112b633f7",
    "housenumber": 6,
    "lat": 52.5111676,
    "lon": 13.3200402,
    "parity": "L",
    "proj_lat": 52.511059422201974,
    "proj_lon": 13.320061203951292,
    "marker-color": "#3366ff",
    "marker-symbol": "e"
  },
  {
    "rowid": 242045,
    "id": 39936,
    "source": "OA",
    "source_id": "0150eaf6958590fe",
    "housenumber": 7,
    "lat": 52.511161,
    "lon": 13.3197423,
    "parity": "L",
    "proj_lat": 52.511038176485044,
    "proj_lon": 13.319766198729944,
    "marker-color": "#3366ff",
    "marker-symbol": "o"
  },
  {
    "rowid": 242045,
    "id": 39936,
    "source": "OA",
    "source_id": "0150eaf6958590fe",
    "housenumber": 7,
    "lat": 52.511161,
    "lon": 13.3197423,
    "parity": "L",
    "proj_lat": 52.511038176485044,
    "proj_lon": 13.319766198729944,
    "marker-color": "#3366ff",
    "marker-symbol": "o"
  },
  {
    "rowid": 242046,
    "id": 39936,
    "source": "OA",
    "source_id": "ed0b5e52957df7f9",
    "housenumber": 7.03,
    "lat": 52.5115326,
    "lon": 13.3197491,
    "parity": "L",
    "proj_lat": 52.51104379902197,
    "proj_lon": 13.319844211429846,
    "marker-color": "#3366ff",
    "marker-symbol": "o"
  },
  {
    "rowid": 242046,
    "id": 39936,
    "source": "OA",
    "source_id": "ed0b5e52957df7f9",
    "housenumber": 7.03,
    "lat": 52.5115326,
    "lon": 13.3197491,
    "parity": "L",
    "proj_lat": 52.51104379902197,
    "proj_lon": 13.319844211429846,
    "marker-color": "#3366ff",
    "marker-symbol": "o"
  },
  {
    "rowid": 242047,
    "id": 39936,
    "source": "OA",
    "source_id": "a4fd3f3a59b244c9",
    "housenumber": 9,
    "lat": 52.5111013,
    "lon": 13.3190221,
    "parity": "L",
    "proj_lat": 52.5109862884242,
    "proj_lon": 13.319044389909173,
    "marker-color": "#3366ff",
    "marker-symbol": "o"
  },
  {
    "rowid": 242047,
    "id": 39936,
    "source": "OA",
    "source_id": "a4fd3f3a59b244c9",
    "housenumber": 9,
    "lat": 52.5111013,
    "lon": 13.3190221,
    "parity": "L",
    "proj_lat": 52.5109862884242,
    "proj_lon": 13.319044389909173,
    "marker-color": "#3366ff",
    "marker-symbol": "o"
  },
  {
    "rowid": 242048,
    "id": 39936,
    "source": "OA",
    "source_id": "979e37e6aa90fb9c",
    "housenumber": 10,
    "lat": 52.5110777,
    "lon": 13.3186585,
    "parity": "L",
    "proj_lat": 52.51096022124482,
    "proj_lon": 13.318681268038366,
    "marker-color": "#3366ff",
    "marker-symbol": "e"
  },
  {
    "rowid": 242048,
    "id": 39936,
    "source": "OA",
    "source_id": "979e37e6aa90fb9c",
    "housenumber": 10,
    "lat": 52.5110777,
    "lon": 13.3186585,
    "parity": "L",
    "proj_lat": 52.51096022124482,
    "proj_lon": 13.318681268038366,
    "marker-color": "#3366ff",
    "marker-symbol": "e"
  },
  {
    "rowid": 242049,
    "id": 39936,
    "source": "OA",
    "source_id": "f95e645ad946db8d",
    "housenumber": 11,
    "lat": 52.5110138,
    "lon": 13.3176795,
    "parity": "L",
    "proj_lat": 52.51089294962138,
    "proj_lon": 13.317701287974364,
    "marker-color": "#3366ff",
    "marker-symbol": "o"
  },
  {
    "rowid": 242049,
    "id": 39936,
    "source": "OA",
    "source_id": "f95e645ad946db8d",
    "housenumber": 11,
    "lat": 52.5110138,
    "lon": 13.3176795,
    "parity": "L",
    "proj_lat": 52.51089294962138,
    "proj_lon": 13.317701287974364,
    "marker-color": "#3366ff",
    "marker-symbol": "o"
  },
  {
    "rowid": 242050,
    "id": 39936,
    "source": "OA",
    "source_id": "5525c99de85704d5",
    "housenumber": 11.03,
    "lat": 52.5109942,
    "lon": 13.3173796,
    "parity": "L",
    "proj_lat": 52.510872927425304,
    "proj_lon": 13.3174014640721,
    "marker-color": "#3366ff",
    "marker-symbol": "o"
  },
  {
    "rowid": 242050,
    "id": 39936,
    "source": "OA",
    "source_id": "5525c99de85704d5",
    "housenumber": 11.03,
    "lat": 52.5109942,
    "lon": 13.3173796,
    "parity": "L",
    "proj_lat": 52.510872927425304,
    "proj_lon": 13.3174014640721,
    "marker-color": "#3366ff",
    "marker-symbol": "o"
  },
  {
    "rowid": 242051,
    "id": 39936,
    "source": "OA",
    "source_id": "7e7ebe7a6431847f",
    "housenumber": 11.06,
    "lat": 52.5109784,
    "lon": 13.3171381,
    "parity": "L",
    "proj_lat": 52.510856803983906,
    "proj_lon": 13.317160022369158,
    "marker-color": "#3366ff",
    "marker-symbol": "o"
  },
  {
    "rowid": 242051,
    "id": 39936,
    "source": "OA",
    "source_id": "7e7ebe7a6431847f",
    "housenumber": 11.06,
    "lat": 52.5109784,
    "lon": 13.3171381,
    "parity": "L",
    "proj_lat": 52.510856803983906,
    "proj_lon": 13.317160022369158,
    "marker-color": "#3366ff",
    "marker-symbol": "o"
  },
  {
    "rowid": 242052,
    "id": 39936,
    "source": "OA",
    "source_id": "0ee6b82b3b47f008",
    "housenumber": 12,
    "lat": 52.5109526,
    "lon": 13.3167372,
    "parity": "L",
    "proj_lat": 52.510830043503006,
    "proj_lon": 13.316759295506923,
    "marker-color": "#3366ff",
    "marker-symbol": "e"
  },
  {
    "rowid": 242052,
    "id": 39936,
    "source": "OA",
    "source_id": "0ee6b82b3b47f008",
    "housenumber": 12,
    "lat": 52.5109526,
    "lon": 13.3167372,
    "parity": "L",
    "proj_lat": 52.510830043503006,
    "proj_lon": 13.316759295506923,
    "marker-color": "#3366ff",
    "marker-symbol": "e"
  },
  {
    "rowid": 242053,
    "id": 39936,
    "source": "OA",
    "source_id": "17eb35e6af60c9f2",
    "housenumber": 13,
    "lat": 52.5111708,
    "lon": 13.316634,
    "parity": "L",
    "proj_lat": 52.510825829643686,
    "proj_lon": 13.316696194749145,
    "marker-color": "#3366ff",
    "marker-symbol": "o"
  },
  {
    "rowid": 242053,
    "id": 39936,
    "source": "OA",
    "source_id": "17eb35e6af60c9f2",
    "housenumber": 13,
    "lat": 52.5111708,
    "lon": 13.316634,
    "parity": "L",
    "proj_lat": 52.510825829643686,
    "proj_lon": 13.316696194749145,
    "marker-color": "#3366ff",
    "marker-symbol": "o"
  },
  {
    "rowid": 242054,
    "id": 39936,
    "source": "OA",
    "source_id": "3a79d4e6a7182e8b",
    "housenumber": 14,
    "lat": 52.5111463,
    "lon": 13.316286,
    "parity": "L",
    "proj_lat": 52.51080143959593,
    "proj_lon": 13.316356377987859,
    "marker-color": "#3366ff",
    "marker-symbol": "e"
  },
  {
    "rowid": 242054,
    "id": 39936,
    "source": "OA",
    "source_id": "3a79d4e6a7182e8b",
    "housenumber": 14,
    "lat": 52.5111463,
    "lon": 13.316286,
    "parity": "L",
    "proj_lat": 52.51080143959593,
    "proj_lon": 13.316356377987859,
    "marker-color": "#3366ff",
    "marker-symbol": "e"
  },
  {
    "rowid": 242055,
    "id": 39936,
    "source": "OA",
    "source_id": "420e51d81182f1f3",
    "housenumber": 15,
    "lat": 52.5109343,
    "lon": 13.3160686,
    "parity": "L",
    "proj_lat": 52.51078203515567,
    "proj_lon": 13.316099673413621,
    "marker-color": "#3366ff",
    "marker-symbol": "o"
  },
  {
    "rowid": 242055,
    "id": 39936,
    "source": "OA",
    "source_id": "420e51d81182f1f3",
    "housenumber": 15,
    "lat": 52.5109343,
    "lon": 13.3160686,
    "parity": "L",
    "proj_lat": 52.51078203515567,
    "proj_lon": 13.316099673413621,
    "marker-color": "#3366ff",
    "marker-symbol": "o"
  },
  {
    "rowid": 242056,
    "id": 39936,
    "source": "OA",
    "source_id": "cc8d4bb1674b42f3",
    "housenumber": 16,
    "lat": 52.5108997,
    "lon": 13.3156538,
    "parity": "L",
    "proj_lat": 52.51075063709194,
    "proj_lon": 13.315684207227015,
    "marker-color": "#3366ff",
    "marker-symbol": "e"
  },
  {
    "rowid": 242056,
    "id": 39936,
    "source": "OA",
    "source_id": "cc8d4bb1674b42f3",
    "housenumber": 16,
    "lat": 52.5108997,
    "lon": 13.3156538,
    "parity": "L",
    "proj_lat": 52.51075063709194,
    "proj_lon": 13.315684207227015,
    "marker-color": "#3366ff",
    "marker-symbol": "e"
  },
  {
    "rowid": 242057,
    "id": 39936,
    "source": "OA",
    "source_id": "d0418100be74fe68",
    "housenumber": 17,
    "lat": 52.5109013,
    "lon": 13.3154634,
    "parity": "L",
    "proj_lat": 52.51073649332403,
    "proj_lon": 13.31549701878847,
    "marker-color": "#3366ff",
    "marker-symbol": "o"
  },
  {
    "rowid": 242057,
    "id": 39936,
    "source": "OA",
    "source_id": "d0418100be74fe68",
    "housenumber": 17,
    "lat": 52.5109013,
    "lon": 13.3154634,
    "parity": "L",
    "proj_lat": 52.51073649332403,
    "proj_lon": 13.31549701878847,
    "marker-color": "#3366ff",
    "marker-symbol": "o"
  },
  {
    "rowid": 242058,
    "id": 39936,
    "source": "OA",
    "source_id": "31e894c646729fd1",
    "housenumber": 18,
    "lat": 52.5108535,
    "lon": 13.3152241,
    "parity": "L",
    "proj_lat": 52.51071796094674,
    "proj_lon": 13.315251748448231,
    "marker-color": "#3366ff",
    "marker-symbol": "e"
  },
  {
    "rowid": 242058,
    "id": 39936,
    "source": "OA",
    "source_id": "31e894c646729fd1",
    "housenumber": 18,
    "lat": 52.5108535,
    "lon": 13.3152241,
    "parity": "L",
    "proj_lat": 52.51071796094674,
    "proj_lon": 13.315251748448231,
    "marker-color": "#3366ff",
    "marker-symbol": "e"
  },
  {
    "rowid": 242059,
    "id": 39936,
    "source": "OA",
    "source_id": "c857fecc23d0082c",
    "housenumber": 19,
    "lat": 52.510785,
    "lon": 13.3142108,
    "parity": "L",
    "proj_lat": 52.51067,
    "proj_lon": 13.314617,
    "marker-color": "#3366ff",
    "marker-symbol": "o"
  },
  {
    "rowid": 242059,
    "id": 39936,
    "source": "OA",
    "source_id": "c857fecc23d0082c",
    "housenumber": 19,
    "lat": 52.510785,
    "lon": 13.3142108,
    "parity": "L",
    "proj_lat": 52.51067,
    "proj_lon": 13.314617,
    "marker-color": "#3366ff",
    "marker-symbol": "o"
  },
  {
    "rowid": 242060,
    "id": 39936,
    "source": "OA",
    "source_id": "021a536ffd57a54b",
    "housenumber": 20,
    "lat": 52.5107563,
    "lon": 13.3138556,
    "parity": "L",
    "proj_lat": 52.51067,
    "proj_lon": 13.314617,
    "marker-color": "#3366ff",
    "marker-symbol": "e"
  },
  {
    "rowid": 242060,
    "id": 39936,
    "source": "OA",
    "source_id": "021a536ffd57a54b",
    "housenumber": 20,
    "lat": 52.5107563,
    "lon": 13.3138556,
    "parity": "L",
    "proj_lat": 52.51067,
    "proj_lon": 13.314617,
    "marker-color": "#3366ff",
    "marker-symbol": "e"
  },
  {
    "rowid": 242061,
    "id": 39936,
    "source": "OA",
    "source_id": "4859399ccdf14456",
    "housenumber": 21,
    "lat": 52.5107335,
    "lon": 13.3135729,
    "parity": "L",
    "proj_lat": 52.51067,
    "proj_lon": 13.314617,
    "marker-color": "#3366ff",
    "marker-symbol": "o"
  },
  {
    "rowid": 242061,
    "id": 39936,
    "source": "OA",
    "source_id": "4859399ccdf14456",
    "housenumber": 21,
    "lat": 52.5107335,
    "lon": 13.3135729,
    "parity": "L",
    "proj_lat": 52.51067,
    "proj_lon": 13.314617,
    "marker-color": "#3366ff",
    "marker-symbol": "o"
  },
  {
    "rowid": 242062,
    "id": 39936,
    "source": "OA",
    "source_id": "b591a6b3f929425b",
    "housenumber": 22,
    "lat": 52.5107111,
    "lon": 13.3132942,
    "parity": "L",
    "proj_lat": 52.51067,
    "proj_lon": 13.314617,
    "marker-color": "#3366ff",
    "marker-symbol": "e"
  },
  {
    "rowid": 242062,
    "id": 39936,
    "source": "OA",
    "source_id": "b591a6b3f929425b",
    "housenumber": 22,
    "lat": 52.5107111,
    "lon": 13.3132942,
    "parity": "L",
    "proj_lat": 52.51067,
    "proj_lon": 13.314617,
    "marker-color": "#3366ff",
    "marker-symbol": "e"
  },
  {
    "rowid": 242063,
    "id": 39936,
    "source": "OA",
    "source_id": "993446de9a3ff356",
    "housenumber": 23,
    "lat": 52.5106903,
    "lon": 13.3130363,
    "parity": "L",
    "proj_lat": 52.51067,
    "proj_lon": 13.314617,
    "marker-color": "#3366ff",
    "marker-symbol": "o"
  },
  {
    "rowid": 242063,
    "id": 39936,
    "source": "OA",
    "source_id": "993446de9a3ff356",
    "housenumber": 23,
    "lat": 52.5106903,
    "lon": 13.3130363,
    "parity": "L",
    "proj_lat": 52.51067,
    "proj_lon": 13.314617,
    "marker-color": "#3366ff",
    "marker-symbol": "o"
  },
  {
    "rowid": 242064,
    "id": 39936,
    "source": "OA",
    "source_id": "8e546d668f5d5e8a",
    "housenumber": 23.03,
    "lat": 52.5106751,
    "lon": 13.3128486,
    "parity": "L",
    "proj_lat": 52.51067,
    "proj_lon": 13.314617,
    "marker-color": "#3366ff",
    "marker-symbol": "o"
  },
  {
    "rowid": 242064,
    "id": 39936,
    "source": "OA",
    "source_id": "8e546d668f5d5e8a",
    "housenumber": 23.03,
    "lat": 52.5106751,
    "lon": 13.3128486,
    "parity": "L",
    "proj_lat": 52.51067,
    "proj_lon": 13.314617,
    "marker-color": "#3366ff",
    "marker-symbol": "o"
  },
  {
    "rowid": 242134,
    "id": 39936,
    "source": "OA",
    "source_id": "5cff0a5303cb0e90",
    "housenumber": 100,
    "lat": 52.5103532,
    "lon": 13.3125548,
    "parity": "R",
    "proj_lat": 52.51067,
    "proj_lon": 13.314617,
    "marker-color": "#ff0000",
    "marker-symbol": "e"
  },
  {
    "rowid": 242134,
    "id": 39936,
    "source": "OA",
    "source_id": "5cff0a5303cb0e90",
    "housenumber": 100,
    "lat": 52.5103532,
    "lon": 13.3125548,
    "parity": "R",
    "proj_lat": 52.51067,
    "proj_lon": 13.314617,
    "marker-color": "#ff0000",
    "marker-symbol": "e"
  },
  {
    "rowid": 242135,
    "id": 39936,
    "source": "OA",
    "source_id": "9a7dfa31e8a25dc9",
    "housenumber": 101,
    "lat": 52.5103754,
    "lon": 13.3128292,
    "parity": "R",
    "proj_lat": 52.51067,
    "proj_lon": 13.314617,
    "marker-color": "#ff0000",
    "marker-symbol": "o"
  },
  {
    "rowid": 242135,
    "id": 39936,
    "source": "OA",
    "source_id": "9a7dfa31e8a25dc9",
    "housenumber": 101,
    "lat": 52.5103754,
    "lon": 13.3128292,
    "parity": "R",
    "proj_lat": 52.51067,
    "proj_lon": 13.314617,
    "marker-color": "#ff0000",
    "marker-symbol": "o"
  },
  {
    "rowid": 242136,
    "id": 39936,
    "source": "OA",
    "source_id": "c6aad58a2e4a35e4",
    "housenumber": 102,
    "lat": 52.5103847,
    "lon": 13.3130849,
    "parity": "R",
    "proj_lat": 52.51067,
    "proj_lon": 13.314617,
    "marker-color": "#ff0000",
    "marker-symbol": "e"
  },
  {
    "rowid": 242136,
    "id": 39936,
    "source": "OA",
    "source_id": "c6aad58a2e4a35e4",
    "housenumber": 102,
    "lat": 52.5103847,
    "lon": 13.3130849,
    "parity": "R",
    "proj_lat": 52.51067,
    "proj_lon": 13.314617,
    "marker-color": "#ff0000",
    "marker-symbol": "e"
  },
  {
    "rowid": 242137,
    "id": 39936,
    "source": "OA",
    "source_id": "5af3a42469126b80",
    "housenumber": 103,
    "lat": 52.5104188,
    "lon": 13.3133676,
    "parity": "R",
    "proj_lat": 52.51067,
    "proj_lon": 13.314617,
    "marker-color": "#ff0000",
    "marker-symbol": "o"
  },
  {
    "rowid": 242137,
    "id": 39936,
    "source": "OA",
    "source_id": "5af3a42469126b80",
    "housenumber": 103,
    "lat": 52.5104188,
    "lon": 13.3133676,
    "parity": "R",
    "proj_lat": 52.51067,
    "proj_lon": 13.314617,
    "marker-color": "#ff0000",
    "marker-symbol": "o"
  },
  {
    "rowid": 242138,
    "id": 39936,
    "source": "OA",
    "source_id": "3772ada89e98a7ae",
    "housenumber": 104,
    "lat": 52.5104411,
    "lon": 13.313644,
    "parity": "R",
    "proj_lat": 52.51067,
    "proj_lon": 13.314617,
    "marker-color": "#ff0000",
    "marker-symbol": "e"
  },
  {
    "rowid": 242138,
    "id": 39936,
    "source": "OA",
    "source_id": "3772ada89e98a7ae",
    "housenumber": 104,
    "lat": 52.5104411,
    "lon": 13.313644,
    "parity": "R",
    "proj_lat": 52.51067,
    "proj_lon": 13.314617,
    "marker-color": "#ff0000",
    "marker-symbol": "e"
  },
  {
    "rowid": 242139,
    "id": 39936,
    "source": "OA",
    "source_id": "34c1f9b267a952b5",
    "housenumber": 104.03,
    "lat": 52.5104498,
    "lon": 13.3138679,
    "parity": "R",
    "proj_lat": 52.51067,
    "proj_lon": 13.314617,
    "marker-color": "#ff0000",
    "marker-symbol": "e"
  },
  {
    "rowid": 242139,
    "id": 39936,
    "source": "OA",
    "source_id": "34c1f9b267a952b5",
    "housenumber": 104.03,
    "lat": 52.5104498,
    "lon": 13.3138679,
    "parity": "R",
    "proj_lat": 52.51067,
    "proj_lon": 13.314617,
    "marker-color": "#ff0000",
    "marker-symbol": "e"
  },
  {
    "rowid": 242140,
    "id": 39936,
    "source": "OA",
    "source_id": "ef305e89db8289fa",
    "housenumber": 105,
    "lat": 52.5105587,
    "lon": 13.3150276,
    "parity": "R",
    "proj_lat": 52.5106988641707,
    "proj_lon": 13.31499900846322,
    "marker-color": "#ff0000",
    "marker-symbol": "o"
  },
  {
    "rowid": 242140,
    "id": 39936,
    "source": "OA",
    "source_id": "ef305e89db8289fa",
    "housenumber": 105,
    "lat": 52.5105587,
    "lon": 13.3150276,
    "parity": "R",
    "proj_lat": 52.5106988641707,
    "proj_lon": 13.31499900846322,
    "marker-color": "#ff0000",
    "marker-symbol": "o"
  },
  {
    "rowid": 242141,
    "id": 39936,
    "source": "OA",
    "source_id": "baa1552fb9a92573",
    "housenumber": 106,
    "lat": 52.5105894,
    "lon": 13.3155054,
    "parity": "R",
    "proj_lat": 52.51073488425101,
    "proj_lon": 13.315475723199542,
    "marker-color": "#ff0000",
    "marker-symbol": "e"
  },
  {
    "rowid": 242141,
    "id": 39936,
    "source": "OA",
    "source_id": "baa1552fb9a92573",
    "housenumber": 106,
    "lat": 52.5105894,
    "lon": 13.3155054,
    "parity": "R",
    "proj_lat": 52.51073488425101,
    "proj_lon": 13.315475723199542,
    "marker-color": "#ff0000",
    "marker-symbol": "e"
  },
  {
    "rowid": 242142,
    "id": 39936,
    "source": "OA",
    "source_id": "0755769733b7ddf1",
    "housenumber": 107,
    "lat": 52.5105837,
    "lon": 13.3157519,
    "parity": "R",
    "proj_lat": 52.51075314030612,
    "proj_lon": 13.315717336500411,
    "marker-color": "#ff0000",
    "marker-symbol": "o"
  },
  {
    "rowid": 242142,
    "id": 39936,
    "source": "OA",
    "source_id": "0755769733b7ddf1",
    "housenumber": 107,
    "lat": 52.5105837,
    "lon": 13.3157519,
    "parity": "R",
    "proj_lat": 52.51075314030612,
    "proj_lon": 13.315717336500411,
    "marker-color": "#ff0000",
    "marker-symbol": "o"
  },
  {
    "rowid": 263971,
    "id": 39936,
    "source": "OA",
    "source_id": "29a9de3f1f281438",
    "housenumber": 108,
    "lat": 52.5106847,
    "lon": 13.316146,
    "parity": "R",
    "proj_lat": 52.51078400513193,
    "proj_lon": 13.316125734557888,
    "marker-color": "#ff0000",
    "marker-symbol": "e"
  },
  {
    "rowid": 263971,
    "id": 39936,
    "source": "OA",
    "source_id": "29a9de3f1f281438",
    "housenumber": 108,
    "lat": 52.5106847,
    "lon": 13.316146,
    "parity": "R",
    "proj_lat": 52.51078400513193,
    "proj_lon": 13.316125734557888,
    "marker-color": "#ff0000",
    "marker-symbol": "e"
  },
  {
    "rowid": 242143,
    "id": 39936,
    "source": "OA",
    "source_id": "033991d7cecd2965",
    "housenumber": 109,
    "lat": 52.5106856,
    "lon": 13.317051,
    "parity": "R",
    "proj_lat": 52.51084757341013,
    "proj_lon": 13.31702179843822,
    "marker-color": "#ff0000",
    "marker-symbol": "o"
  },
  {
    "rowid": 242143,
    "id": 39936,
    "source": "OA",
    "source_id": "033991d7cecd2965",
    "housenumber": 109,
    "lat": 52.5106856,
    "lon": 13.317051,
    "parity": "R",
    "proj_lat": 52.51084757341013,
    "proj_lon": 13.31702179843822,
    "marker-color": "#ff0000",
    "marker-symbol": "o"
  },
  {
    "rowid": 242144,
    "id": 39936,
    "source": "OA",
    "source_id": "b7ae55a7e7bdea9e",
    "housenumber": 110,
    "lat": 52.5107736,
    "lon": 13.317508,
    "parity": "R",
    "proj_lat": 52.51087877561388,
    "proj_lon": 13.31748903821804,
    "marker-color": "#ff0000",
    "marker-symbol": "e"
  },
  {
    "rowid": 242144,
    "id": 39936,
    "source": "OA",
    "source_id": "b7ae55a7e7bdea9e",
    "housenumber": 110,
    "lat": 52.5107736,
    "lon": 13.317508,
    "parity": "R",
    "proj_lat": 52.51087877561388,
    "proj_lon": 13.31748903821804,
    "marker-color": "#ff0000",
    "marker-symbol": "e"
  },
  {
    "rowid": 242145,
    "id": 39936,
    "source": "OA",
    "source_id": "99d70cc6b6a6138a",
    "housenumber": 110.03,
    "lat": 52.510737,
    "lon": 13.3177895,
    "parity": "R",
    "proj_lat": 52.51089691510786,
    "proj_lon": 13.317760669454165,
    "marker-color": "#ff0000",
    "marker-symbol": "e"
  },
  {
    "rowid": 242145,
    "id": 39936,
    "source": "OA",
    "source_id": "99d70cc6b6a6138a",
    "housenumber": 110.03,
    "lat": 52.510737,
    "lon": 13.3177895,
    "parity": "R",
    "proj_lat": 52.51089691510786,
    "proj_lon": 13.317760669454165,
    "marker-color": "#ff0000",
    "marker-symbol": "e"
  },
  {
    "rowid": 263165,
    "id": 39936,
    "source": "OA",
    "source_id": "b39456e27c28416d",
    "housenumber": 120,
    "lat": 52.5107604,
    "lon": 13.3187491,
    "parity": "R",
    "proj_lat": 52.510962281990764,
    "proj_lon": 13.318709974708524,
    "marker-color": "#ff0000",
    "marker-symbol": "e"
  },
  {
    "rowid": 263165,
    "id": 39936,
    "source": "OA",
    "source_id": "b39456e27c28416d",
    "housenumber": 120,
    "lat": 52.5107604,
    "lon": 13.3187491,
    "parity": "R",
    "proj_lat": 52.510962281990764,
    "proj_lon": 13.318709974708524,
    "marker-color": "#ff0000",
    "marker-symbol": "e"
  },
  {
    "rowid": 242146,
    "id": 39936,
    "source": "OA",
    "source_id": "fb11530d1f726100",
    "housenumber": 121,
    "lat": 52.5106297,
    "lon": 13.3205435,
    "parity": "R",
    "proj_lat": 52.511087712501784,
    "proj_lon": 13.320454573834333,
    "marker-color": "#ff0000",
    "marker-symbol": "o"
  },
  {
    "rowid": 242146,
    "id": 39936,
    "source": "OA",
    "source_id": "fb11530d1f726100",
    "housenumber": 121,
    "lat": 52.5106297,
    "lon": 13.3205435,
    "parity": "R",
    "proj_lat": 52.511087712501784,
    "proj_lon": 13.320454573834333,
    "marker-color": "#ff0000",
    "marker-symbol": "o"
  },
  {
    "rowid": 242147,
    "id": 39936,
    "source": "OA",
    "source_id": "17f8cb1050faedbe",
    "housenumber": 124,
    "lat": 52.5110101,
    "lon": 13.3211365,
    "parity": "R",
    "proj_lat": 52.51113519605212,
    "proj_lon": 13.32111196145425,
    "marker-color": "#ff0000",
    "marker-symbol": "e"
  },
  {
    "rowid": 242147,
    "id": 39936,
    "source": "OA",
    "source_id": "17f8cb1050faedbe",
    "housenumber": 124,
    "lat": 52.5110101,
    "lon": 13.3211365,
    "parity": "R",
    "proj_lat": 52.51113519605212,
    "proj_lon": 13.32111196145425,
    "marker-color": "#ff0000",
    "marker-symbol": "e"
  },
  {
    "rowid": 242148,
    "id": 39936,
    "source": "OA",
    "source_id": "99fed9092dc19bf7",
    "housenumber": 125,
    "lat": 52.5110362,
    "lon": 13.3215372,
    "parity": "R",
    "proj_lat": 52.51116384859641,
    "proj_lon": 13.321512330550346,
    "marker-color": "#ff0000",
    "marker-symbol": "o"
  },
  {
    "rowid": 242148,
    "id": 39936,
    "source": "OA",
    "source_id": "99fed9092dc19bf7",
    "housenumber": 125,
    "lat": 52.5110362,
    "lon": 13.3215372,
    "parity": "R",
    "proj_lat": 52.51116384859641,
    "proj_lon": 13.321512330550346,
    "marker-color": "#ff0000",
    "marker-symbol": "o"
  },
  {
    "rowid": 242149,
    "id": 39936,
    "source": "OA",
    "source_id": "6431f9106a74b836",
    "housenumber": 126,
    "lat": 52.511053,
    "lon": 13.3217957,
    "parity": "R",
    "proj_lat": 52.51118247752006,
    "proj_lon": 13.321770474206541,
    "marker-color": "#ff0000",
    "marker-symbol": "e"
  },
  {
    "rowid": 242149,
    "id": 39936,
    "source": "OA",
    "source_id": "6431f9106a74b836",
    "housenumber": 126,
    "lat": 52.511053,
    "lon": 13.3217957,
    "parity": "R",
    "proj_lat": 52.51118247752006,
    "proj_lon": 13.321770474206541,
    "marker-color": "#ff0000",
    "marker-symbol": "e"
  },
  {
    "rowid": 242150,
    "id": 39936,
    "source": "OA",
    "source_id": "325d01a00cfe1f27",
    "housenumber": 127,
    "lat": 52.5110669,
    "lon": 13.3220088,
    "parity": "R",
    "proj_lat": 52.51119783537241,
    "proj_lon": 13.321983290160544,
    "marker-color": "#ff0000",
    "marker-symbol": "o"
  },
  {
    "rowid": 242150,
    "id": 39936,
    "source": "OA",
    "source_id": "325d01a00cfe1f27",
    "housenumber": 127,
    "lat": 52.5110669,
    "lon": 13.3220088,
    "parity": "R",
    "proj_lat": 52.51119783537241,
    "proj_lon": 13.321983290160544,
    "marker-color": "#ff0000",
    "marker-symbol": "o"
  },
  {
    "rowid": 242151,
    "id": 39936,
    "source": "OA",
    "source_id": "459ff7bfdcf306aa",
    "housenumber": 128,
    "lat": 52.5110831,
    "lon": 13.3222583,
    "parity": "R",
    "proj_lat": 52.51121524692001,
    "proj_lon": 13.322233560846483,
    "marker-color": "#ff0000",
    "marker-symbol": "e"
  },
  {
    "rowid": 242151,
    "id": 39936,
    "source": "OA",
    "source_id": "459ff7bfdcf306aa",
    "housenumber": 128,
    "lat": 52.5110831,
    "lon": 13.3222583,
    "parity": "R",
    "proj_lat": 52.51121524692001,
    "proj_lon": 13.322233560846483,
    "marker-color": "#ff0000",
    "marker-symbol": "e"
  }
]
