[
  {
    "rowid": 122003,
    "id": 48377,
    "source": "OA",
    "source_id": "0bb4f83009c03064",
    "housenumber": 1,
    "lat": 52.5941133,
    "lon": 13.3825405,
    "parity": "R",
    "proj_lat": 52.59421509928903,
    "proj_lon": 13.382405520738672,
    "marker-color": "#ff0000",
    "marker-symbol": "o"
  },
  {
    "rowid": 122003,
    "id": 48377,
    "source": "OA",
    "source_id": "0bb4f83009c03064",
    "housenumber": 1,
    "lat": 52.5941133,
    "lon": 13.3825405,
    "parity": "R",
    "proj_lat": 52.59421509928903,
    "proj_lon": 13.382405520738672,
    "marker-color": "#ff0000",
    "marker-symbol": "o"
  },
  {
    "rowid": 122004,
    "id": 48377,
    "source": "OA",
    "source_id": "4dc844dff3313a7a",
    "housenumber": 2,
    "lat": 52.5942356,
    "lon": 13.3828619,
    "parity": "R",
    "proj_lat": 52.59435668481277,
    "proj_lon": 13.382756372298763,
    "marker-color": "#ff0000",
    "marker-symbol": "e"
  },
  {
    "rowid": 122004,
    "id": 48377,
    "source": "OA",
    "source_id": "4dc844dff3313a7a",
    "housenumber": 2,
    "lat": 52.5942356,
    "lon": 13.3828619,
    "parity": "R",
    "proj_lat": 52.59435668481277,
    "proj_lon": 13.382756372298763,
    "marker-color": "#ff0000",
    "marker-symbol": "e"
  },
  {
    "rowid": 122005,
    "id": 48378,
    "source": "OA",
    "source_id": "147c1c631443248e",
    "housenumber": 3,
    "lat": 52.5945917,
    "lon": 13.3837744,
    "parity": "L",
    "proj_lat": 52.59472594858411,
    "proj_lon": 13.383663429604542,
    "marker-color": "#3366ff",
    "marker-symbol": "o"
  },
  {
    "rowid": 122005,
    "id": 48378,
    "source": "OA",
    "source_id": "147c1c631443248e",
    "housenumber": 3,
    "lat": 52.5945917,
    "lon": 13.3837744,
    "parity": "L",
    "proj_lat": 52.59472594858411,
    "proj_lon": 13.383663429604542,
    "marker-color": "#3366ff",
    "marker-symbol": "o"
  },
  {
    "rowid": 122006,
    "id": 48378,
    "source": "OA",
    "source_id": "2f3e35199dc275d4",
    "housenumber": 4,
    "lat": 52.5946777,
    "lon": 13.3840229,
    "parity": "L",
    "proj_lat": 52.59480379911164,
    "proj_lon": 13.383918665580616,
    "marker-color": "#3366ff",
    "marker-symbol": "e"
  },
  {
    "rowid": 122006,
    "id": 48378,
    "source": "OA",
    "source_id": "2f3e35199dc275d4",
    "housenumber": 4,
    "lat": 52.5946777,
    "lon": 13.3840229,
    "parity": "L",
    "proj_lat": 52.59480379911164,
    "proj_lon": 13.383918665580616,
    "marker-color": "#3366ff",
    "marker-symbol": "e"
  },
  {
    "rowid": 122007,
    "id": 48378,
    "source": "OA",
    "source_id": "83031cece144442e",
    "housenumber": 22,
    "lat": 52.5951016,
    "lon": 13.3841576,
    "parity": "R",
    "proj_lat": 52.59490835377429,
    "proj_lon": 13.384280483942792,
    "marker-color": "#ff0000",
    "marker-symbol": "e"
  },
  {
    "rowid": 122007,
    "id": 48378,
    "source": "OA",
    "source_id": "83031cece144442e",
    "housenumber": 22,
    "lat": 52.5951016,
    "lon": 13.3841576,
    "parity": "R",
    "proj_lat": 52.59490835377429,
    "proj_lon": 13.384280483942792,
    "marker-color": "#ff0000",
    "marker-symbol": "e"
  },
  {
    "rowid": 122008,
    "id": 48378,
    "source": "OA",
    "source_id": "28ab7bd2b2fa13f3",
    "housenumber": 22.03,
    "lat": 52.5949535,
    "lon": 13.3838991,
    "parity": "R",
    "proj_lat": 52.59482917690113,
    "proj_lon": 13.384001867648436,
    "marker-color": "#ff0000",
    "marker-symbol": "e"
  },
  {
    "rowid": 122008,
    "id": 48378,
    "source": "OA",
    "source_id": "28ab7bd2b2fa13f3",
    "housenumber": 22.03,
    "lat": 52.5949535,
    "lon": 13.3838991,
    "parity": "R",
    "proj_lat": 52.59482917690113,
    "proj_lon": 13.384001867648436,
    "marker-color": "#ff0000",
    "marker-symbol": "e"
  },
  {
    "rowid": 122009,
    "id": 48378,
    "source": "OA",
    "source_id": "130349f3f2c7f86a",
    "housenumber": 23,
    "lat": 52.5948481,
    "lon": 13.3836154,
    "parity": "R",
    "proj_lat": 52.59473884515961,
    "proj_lon": 13.383705711527854,
    "marker-color": "#ff0000",
    "marker-symbol": "o"
  },
  {
    "rowid": 122009,
    "id": 48378,
    "source": "OA",
    "source_id": "130349f3f2c7f86a",
    "housenumber": 23,
    "lat": 52.5948481,
    "lon": 13.3836154,
    "parity": "R",
    "proj_lat": 52.59473884515961,
    "proj_lon": 13.383705711527854,
    "marker-color": "#ff0000",
    "marker-symbol": "o"
  },
  {
    "rowid": 122010,
    "id": 48378,
    "source": "OA",
    "source_id": "8fc62a2dafe8eeba",
    "housenumber": 23.03,
    "lat": 52.5949031,
    "lon": 13.3835734,
    "parity": "R",
    "proj_lat": 52.59473968899737,
    "proj_lon": 13.383708478082713,
    "marker-color": "#ff0000",
    "marker-symbol": "o"
  },
  {
    "rowid": 122010,
    "id": 48378,
    "source": "OA",
    "source_id": "8fc62a2dafe8eeba",
    "housenumber": 23.03,
    "lat": 52.5949031,
    "lon": 13.3835734,
    "parity": "R",
    "proj_lat": 52.59473968899737,
    "proj_lon": 13.383708478082713,
    "marker-color": "#ff0000",
    "marker-symbol": "o"
  },
  {
    "rowid": 122011,
    "id": 48378,
    "source": "OA",
    "source_id": "ed4d62c688143fb2",
    "housenumber": 23.06,
    "lat": 52.5950837,
    "lon": 13.383392,
    "parity": "R",
    "proj_lat": 52.59473186692218,
    "proj_lon": 13.383682833105597,
    "marker-color": "#ff0000",
    "marker-symbol": "o"
  },
  {
    "rowid": 122011,
    "id": 48378,
    "source": "OA",
    "source_id": "ed4d62c688143fb2",
    "housenumber": 23.06,
    "lat": 52.5950837,
    "lon": 13.383392,
    "parity": "R",
    "proj_lat": 52.59473186692218,
    "proj_lon": 13.383682833105597,
    "marker-color": "#ff0000",
    "marker-symbol": "o"
  },
  {
    "rowid": 122012,
    "id": 48378,
    "source": "OA",
    "source_id": "7c1e399f98a1482a",
    "housenumber": 23.09,
    "lat": 52.5951258,
    "lon": 13.3833161,
    "parity": "R",
    "proj_lat": 52.594721855487116,
    "proj_lon": 13.383650010227168,
    "marker-color": "#ff0000",
    "marker-symbol": "o"
  },
  {
    "rowid": 122012,
    "id": 48378,
    "source": "OA",
    "source_id": "7c1e399f98a1482a",
    "housenumber": 23.09,
    "lat": 52.5951258,
    "lon": 13.3833161,
    "parity": "R",
    "proj_lat": 52.594721855487116,
    "proj_lon": 13.383650010227168,
    "marker-color": "#ff0000",
    "marker-symbol": "o"
  },
  {
    "rowid": 122013,
    "id": 48378,
    "source": "OA",
    "source_id": "396d65a49f7dbbd4",
    "housenumber": 24,
    "lat": 52.5947231,
    "lon": 13.3832766,
    "parity": "R",
    "proj_lat": 52.59463276414611,
    "proj_lon": 13.383355418938665,
    "marker-color": "#ff0000",
    "marker-symbol": "e"
  },
  {
    "rowid": 122013,
    "id": 48378,
    "source": "OA",
    "source_id": "396d65a49f7dbbd4",
    "housenumber": 24,
    "lat": 52.5947231,
    "lon": 13.3832766,
    "parity": "R",
    "proj_lat": 52.59463276414611,
    "proj_lon": 13.383355418938665,
    "marker-color": "#ff0000",
    "marker-symbol": "e"
  },
  {
    "rowid": 122014,
    "id": 48377,
    "source": "OA",
    "source_id": "37fc70b52f075db8",
    "housenumber": 25,
    "lat": 52.5944808,
    "lon": 13.3827348,
    "parity": "L",
    "proj_lat": 52.59437843726211,
    "proj_lon": 13.382824012057881,
    "marker-color": "#3366ff",
    "marker-symbol": "o"
  },
  {
    "rowid": 122014,
    "id": 48377,
    "source": "OA",
    "source_id": "37fc70b52f075db8",
    "housenumber": 25,
    "lat": 52.5944808,
    "lon": 13.3827348,
    "parity": "L",
    "proj_lat": 52.59437843726211,
    "proj_lon": 13.382824012057881,
    "marker-color": "#3366ff",
    "marker-symbol": "o"
  },
  {
    "rowid": 122015,
    "id": 48377,
    "source": "OA",
    "source_id": "37e32fcc0ed78d93",
    "housenumber": 25.03,
    "lat": 52.5946857,
    "lon": 13.3823872,
    "parity": "L",
    "proj_lat": 52.59433598091853,
    "proj_lon": 13.382691993046668,
    "marker-color": "#3366ff",
    "marker-symbol": "o"
  },
  {
    "rowid": 122015,
    "id": 48377,
    "source": "OA",
    "source_id": "37e32fcc0ed78d93",
    "housenumber": 25.03,
    "lat": 52.5946857,
    "lon": 13.3823872,
    "parity": "L",
    "proj_lat": 52.59433598091853,
    "proj_lon": 13.382691993046668,
    "marker-color": "#3366ff",
    "marker-symbol": "o"
  },
  {
    "rowid": 122016,
    "id": 48377,
    "source": "OA",
    "source_id": "10e49d296a076a0b",
    "housenumber": 25.06,
    "lat": 52.5943871,
    "lon": 13.3824368,
    "parity": "L",
    "proj_lat": 52.59429206079417,
    "proj_lon": 13.38256281740397,
    "marker-color": "#3366ff",
    "marker-symbol": "o"
  },
  {
    "rowid": 122016,
    "id": 48377,
    "source": "OA",
    "source_id": "10e49d296a076a0b",
    "housenumber": 25.06,
    "lat": 52.5943871,
    "lon": 13.3824368,
    "parity": "L",
    "proj_lat": 52.59429206079417,
    "proj_lon": 13.38256281740397,
    "marker-color": "#3366ff",
    "marker-symbol": "o"
  },
  {
    "rowid": 122017,
    "id": 48377,
    "source": "OA",
    "source_id": "fc49a3c7b2239e12",
    "housenumber": 25.09,
    "lat": 52.5945607,
    "lon": 13.382201,
    "parity": "L",
    "proj_lat": 52.594290395427635,
    "proj_lon": 13.382559413668538,
    "marker-color": "#3366ff",
    "marker-symbol": "o"
  },
  {
    "rowid": 122017,
    "id": 48377,
    "source": "OA",
    "source_id": "fc49a3c7b2239e12",
    "housenumber": 25.09,
    "lat": 52.5945607,
    "lon": 13.382201,
    "parity": "L",
    "proj_lat": 52.594290395427635,
    "proj_lon": 13.382559413668538,
    "marker-color": "#3366ff",
    "marker-symbol": "o"
  },
  {
    "rowid": 122018,
    "id": 48377,
    "source": "OA",
    "source_id": "d3e1837dc4ec4664",
    "housenumber": 26,
    "lat": 52.5942783,
    "lon": 13.3822098,
    "parity": "L",
    "proj_lat": 52.59418188642858,
    "proj_lon": 13.382337639111567,
    "marker-color": "#3366ff",
    "marker-symbol": "e"
  },
  {
    "rowid": 122018,
    "id": 48377,
    "source": "OA",
    "source_id": "d3e1837dc4ec4664",
    "housenumber": 26,
    "lat": 52.5942783,
    "lon": 13.3822098,
    "parity": "L",
    "proj_lat": 52.59418188642858,
    "proj_lon": 13.382337639111567,
    "marker-color": "#3366ff",
    "marker-symbol": "e"
  },
  {
    "rowid": 122019,
    "id": 48377,
    "source": "OA",
    "source_id": "b0c1e06b06e0dd2d",
    "housenumber": 27,
    "lat": 52.5941847,
    "lon": 13.3818875,
    "parity": "L",
    "proj_lat": 52.59404941216342,
    "proj_lon": 13.382066883490173,
    "marker-color": "#3366ff",
    "marker-symbol": "o"
  },
  {
    "rowid": 122019,
    "id": 48377,
    "source": "OA",
    "source_id": "b0c1e06b06e0dd2d",
    "housenumber": 27,
    "lat": 52.5941847,
    "lon": 13.3818875,
    "parity": "L",
    "proj_lat": 52.59404941216342,
    "proj_lon": 13.382066883490173,
    "marker-color": "#3366ff",
    "marker-symbol": "o"
  }
]
