[
  {
    "rowid": 248226,
    "id": 23455,
    "source": "OA",
    "source_id": "6506a443fa3a6a55",
    "housenumber": 66,
    "lat": 52.3886121,
    "lon": 13.5638906,
    "parity": "L",
    "proj_lat": 52.38850609606522,
    "proj_lon": 13.563878025723914,
    "marker-color": "#3366ff",
    "marker-symbol": "e"
  },
  {
    "rowid": 248226,
    "id": 23455,
    "source": "OA",
    "source_id": "6506a443fa3a6a55",
    "housenumber": 66,
    "lat": 52.3886121,
    "lon": 13.5638906,
    "parity": "L",
    "proj_lat": 52.38850609606522,
    "proj_lon": 13.563878025723914,
    "marker-color": "#3366ff",
    "marker-symbol": "e"
  },
  {
    "rowid": 248227,
    "id": 23455,
    "source": "OA",
    "source_id": "1b1e3ee17c3cc57e",
    "housenumber": 69,
    "lat": 52.3887246,
    "lon": 13.5626648,
    "parity": "L",
    "proj_lat": 52.38856459332159,
    "proj_lon": 13.562642936627128,
    "marker-color": "#3366ff",
    "marker-symbol": "o"
  },
  {
    "rowid": 248227,
    "id": 23455,
    "source": "OA",
    "source_id": "1b1e3ee17c3cc57e",
    "housenumber": 69,
    "lat": 52.3887246,
    "lon": 13.5626648,
    "parity": "L",
    "proj_lat": 52.38856459332159,
    "proj_lon": 13.562642936627128,
    "marker-color": "#3366ff",
    "marker-symbol": "o"
  },
  {
    "rowid": 248228,
    "id": 23455,
    "source": "OA",
    "source_id": "67de85dd3cbc7b16",
    "housenumber": 70,
    "lat": 52.3886982,
    "lon": 13.5621209,
    "parity": "L",
    "proj_lat": 52.38859190111962,
    "proj_lon": 13.562106375298276,
    "marker-color": "#3366ff",
    "marker-symbol": "e"
  },
  {
    "rowid": 248228,
    "id": 23455,
    "source": "OA",
    "source_id": "67de85dd3cbc7b16",
    "housenumber": 70,
    "lat": 52.3886982,
    "lon": 13.5621209,
    "parity": "L",
    "proj_lat": 52.38859190111962,
    "proj_lon": 13.562106375298276,
    "marker-color": "#3366ff",
    "marker-symbol": "e"
  },
  {
    "rowid": 248229,
    "id": 23455,
    "source": "OA",
    "source_id": "7a3c0193d804f41c",
    "housenumber": 71,
    "lat": 52.3887202,
    "lon": 13.5614229,
    "parity": "L",
    "proj_lat": 52.38862416269962,
    "proj_lon": 13.561411603776955,
    "marker-color": "#3366ff",
    "marker-symbol": "o"
  },
  {
    "rowid": 248229,
    "id": 23455,
    "source": "OA",
    "source_id": "7a3c0193d804f41c",
    "housenumber": 71,
    "lat": 52.3887202,
    "lon": 13.5614229,
    "parity": "L",
    "proj_lat": 52.38862416269962,
    "proj_lon": 13.561411603776955,
    "marker-color": "#3366ff",
    "marker-symbol": "o"
  },
  {
    "rowid": 248230,
    "id": 23455,
    "source": "OA",
    "source_id": "6b75c00f362e8a07",
    "housenumber": 72,
    "lat": 52.3887412,
    "lon": 13.5611337,
    "parity": "L",
    "proj_lat": 52.388636875502876,
    "proj_lon": 13.561121428997948,
    "marker-color": "#3366ff",
    "marker-symbol": "e"
  },
  {
    "rowid": 248230,
    "id": 23455,
    "source": "OA",
    "source_id": "6b75c00f362e8a07",
    "housenumber": 72,
    "lat": 52.3887412,
    "lon": 13.5611337,
    "parity": "L",
    "proj_lat": 52.388636875502876,
    "proj_lon": 13.561121428997948,
    "marker-color": "#3366ff",
    "marker-symbol": "e"
  },
  {
    "rowid": 261119,
    "id": 23455,
    "source": "OA",
    "source_id": "50e32f4643b261c3",
    "housenumber": 73,
    "lat": 52.3887747,
    "lon": 13.5609028,
    "parity": "L",
    "proj_lat": 52.38864711131335,
    "proj_lon": 13.5608877925621,
    "marker-color": "#3366ff",
    "marker-symbol": "o"
  },
  {
    "rowid": 261119,
    "id": 23455,
    "source": "OA",
    "source_id": "50e32f4643b261c3",
    "housenumber": 73,
    "lat": 52.3887747,
    "lon": 13.5609028,
    "parity": "L",
    "proj_lat": 52.38864711131335,
    "proj_lon": 13.5608877925621,
    "marker-color": "#3366ff",
    "marker-symbol": "o"
  },
  {
    "rowid": 248231,
    "id": 23455,
    "source": "OA",
    "source_id": "eac159f3bbbadfb2",
    "housenumber": 74,
    "lat": 52.3887837,
    "lon": 13.5602185,
    "parity": "L",
    "proj_lat": 52.3886737618677,
    "proj_lon": 13.56021003729747,
    "marker-color": "#3366ff",
    "marker-symbol": "e"
  },
  {
    "rowid": 248231,
    "id": 23455,
    "source": "OA",
    "source_id": "eac159f3bbbadfb2",
    "housenumber": 74,
    "lat": 52.3887837,
    "lon": 13.5602185,
    "parity": "L",
    "proj_lat": 52.3886737618677,
    "proj_lon": 13.56021003729747,
    "marker-color": "#3366ff",
    "marker-symbol": "e"
  },
  {
    "rowid": 263287,
    "id": 23455,
    "source": "OA",
    "source_id": "624666b959f3dc5b",
    "housenumber": 75,
    "lat": 52.3889118,
    "lon": 13.559855,
    "parity": "L",
    "proj_lat": 52.388684443045626,
    "proj_lon": 13.55983749865265,
    "marker-color": "#3366ff",
    "marker-symbol": "o"
  },
  {
    "rowid": 263287,
    "id": 23455,
    "source": "OA",
    "source_id": "624666b959f3dc5b",
    "housenumber": 75,
    "lat": 52.3889118,
    "lon": 13.559855,
    "parity": "L",
    "proj_lat": 52.388684443045626,
    "proj_lon": 13.55983749865265,
    "marker-color": "#3366ff",
    "marker-symbol": "o"
  },
  {
    "rowid": 268263,
    "id": 23455,
    "source": "OA",
    "source_id": "826466c6776bf70a",
    "housenumber": 76,
    "lat": 52.388813,
    "lon": 13.5595766,
    "parity": "L",
    "proj_lat": 52.388692189988504,
    "proj_lon": 13.559567300400982,
    "marker-color": "#3366ff",
    "marker-symbol": "e"
  },
  {
    "rowid": 268263,
    "id": 23455,
    "source": "OA",
    "source_id": "826466c6776bf70a",
    "housenumber": 76,
    "lat": 52.388813,
    "lon": 13.5595766,
    "parity": "L",
    "proj_lat": 52.388692189988504,
    "proj_lon": 13.559567300400982,
    "marker-color": "#3366ff",
    "marker-symbol": "e"
  },
  {
    "rowid": 264243,
    "id": 23455,
    "source": "OA",
    "source_id": "16467e8b950bf52c",
    "housenumber": 77,
    "lat": 52.3887786,
    "lon": 13.5592566,
    "parity": "L",
    "proj_lat": 52.38870126885406,
    "proj_lon": 13.559250647285326,
    "marker-color": "#3366ff",
    "marker-symbol": "o"
  },
  {
    "rowid": 264243,
    "id": 23455,
    "source": "OA",
    "source_id": "16467e8b950bf52c",
    "housenumber": 77,
    "lat": 52.3887786,
    "lon": 13.5592566,
    "parity": "L",
    "proj_lat": 52.38870126885406,
    "proj_lon": 13.559250647285326,
    "marker-color": "#3366ff",
    "marker-symbol": "o"
  },
  {
    "rowid": 262566,
    "id": 23455,
    "source": "OA",
    "source_id": "0811a2440992f063",
    "housenumber": 77.03,
    "lat": 52.389038,
    "lon": 13.5592636,
    "parity": "L",
    "proj_lat": 52.389054522116574,
    "proj_lon": 13.5590541926621,
    "marker-color": "#3366ff",
    "marker-symbol": "o"
  },
  {
    "rowid": 262566,
    "id": 23455,
    "source": "OA",
    "source_id": "0811a2440992f063",
    "housenumber": 77.03,
    "lat": 52.389038,
    "lon": 13.5592636,
    "parity": "L",
    "proj_lat": 52.389054522116574,
    "proj_lon": 13.5590541926621,
    "marker-color": "#3366ff",
    "marker-symbol": "o"
  },
  {
    "rowid": 248232,
    "id": 23455,
    "source": "OA",
    "source_id": "c224ef7cfaaf8946",
    "housenumber": 77.06,
    "lat": 52.3891624,
    "lon": 13.5593013,
    "parity": "L",
    "proj_lat": 52.38917980265939,
    "proj_lon": 13.559080731097696,
    "marker-color": "#3366ff",
    "marker-symbol": "o"
  },
  {
    "rowid": 248232,
    "id": 23455,
    "source": "OA",
    "source_id": "c224ef7cfaaf8946",
    "housenumber": 77.06,
    "lat": 52.3891624,
    "lon": 13.5593013,
    "parity": "L",
    "proj_lat": 52.38917980265939,
    "proj_lon": 13.559080731097696,
    "marker-color": "#3366ff",
    "marker-symbol": "o"
  },
  {
    "rowid": 267635,
    "id": 23455,
    "source": "OA",
    "source_id": "4951e5e0e5b5841c",
    "housenumber": 77.09,
    "lat": 52.389347,
    "lon": 13.5592555,
    "parity": "L",
    "proj_lat": 52.389233,
    "proj_lon": 13.559092,
    "marker-color": "#3366ff",
    "marker-symbol": "o"
  },
  {
    "rowid": 267635,
    "id": 23455,
    "source": "OA",
    "source_id": "4951e5e0e5b5841c",
    "housenumber": 77.09,
    "lat": 52.389347,
    "lon": 13.5592555,
    "parity": "L",
    "proj_lat": 52.389233,
    "proj_lon": 13.559092,
    "marker-color": "#3366ff",
    "marker-symbol": "o"
  },
  {
    "rowid": 260815,
    "id": 23455,
    "source": "OA",
    "source_id": "294e9609f40b76f2",
    "housenumber": 78,
    "lat": 52.3885919,
    "lon": 13.5592065,
    "parity": "R",
    "proj_lat": 52.38870229098112,
    "proj_lon": 13.559214997487608,
    "marker-color": "#ff0000",
    "marker-symbol": "e"
  },
  {
    "rowid": 260815,
    "id": 23455,
    "source": "OA",
    "source_id": "294e9609f40b76f2",
    "housenumber": 78,
    "lat": 52.3885919,
    "lon": 13.5592065,
    "parity": "R",
    "proj_lat": 52.38870229098112,
    "proj_lon": 13.559214997487608,
    "marker-color": "#ff0000",
    "marker-symbol": "e"
  },
  {
    "rowid": 261120,
    "id": 23455,
    "source": "OA",
    "source_id": "a80c734b832024d7",
    "housenumber": 78.06,
    "lat": 52.3882857,
    "lon": 13.559288,
    "parity": "R",
    "proj_lat": 52.388699285127274,
    "proj_lon": 13.559319835804894,
    "marker-color": "#ff0000",
    "marker-symbol": "e"
  },
  {
    "rowid": 261120,
    "id": 23455,
    "source": "OA",
    "source_id": "a80c734b832024d7",
    "housenumber": 78.06,
    "lat": 52.3882857,
    "lon": 13.559288,
    "parity": "R",
    "proj_lat": 52.388699285127274,
    "proj_lon": 13.559319835804894,
    "marker-color": "#ff0000",
    "marker-symbol": "e"
  },
  {
    "rowid": 248233,
    "id": 23455,
    "source": "OA",
    "source_id": "5d91f727d46c2468",
    "housenumber": 79,
    "lat": 52.3884845,
    "lon": 13.5594751,
    "parity": "R",
    "proj_lat": 52.388694370312386,
    "proj_lon": 13.559491254958337,
    "marker-color": "#ff0000",
    "marker-symbol": "o"
  },
  {
    "rowid": 248233,
    "id": 23455,
    "source": "OA",
    "source_id": "5d91f727d46c2468",
    "housenumber": 79,
    "lat": 52.3884845,
    "lon": 13.5594751,
    "parity": "R",
    "proj_lat": 52.388694370312386,
    "proj_lon": 13.559491254958337,
    "marker-color": "#ff0000",
    "marker-symbol": "o"
  },
  {
    "rowid": 248234,
    "id": 23455,
    "source": "OA",
    "source_id": "6b8a0aeca40a8e8f",
    "housenumber": 80,
    "lat": 52.3884482,
    "lon": 13.559728,
    "parity": "R",
    "proj_lat": 52.38868705536417,
    "proj_lon": 13.559746386078842,
    "marker-color": "#ff0000",
    "marker-symbol": "e"
  },
  {
    "rowid": 248234,
    "id": 23455,
    "source": "OA",
    "source_id": "6b8a0aeca40a8e8f",
    "housenumber": 80,
    "lat": 52.3884482,
    "lon": 13.559728,
    "parity": "R",
    "proj_lat": 52.38868705536417,
    "proj_lon": 13.559746386078842,
    "marker-color": "#ff0000",
    "marker-symbol": "e"
  },
  {
    "rowid": 248235,
    "id": 23455,
    "source": "OA",
    "source_id": "b0f4e80f4b451f09",
    "housenumber": 81,
    "lat": 52.3885301,
    "lon": 13.5600094,
    "parity": "R",
    "proj_lat": 52.388679185373256,
    "proj_lon": 13.560020876006027,
    "marker-color": "#ff0000",
    "marker-symbol": "o"
  },
  {
    "rowid": 248235,
    "id": 23455,
    "source": "OA",
    "source_id": "b0f4e80f4b451f09",
    "housenumber": 81,
    "lat": 52.3885301,
    "lon": 13.5600094,
    "parity": "R",
    "proj_lat": 52.388679185373256,
    "proj_lon": 13.560020876006027,
    "marker-color": "#ff0000",
    "marker-symbol": "o"
  },
  {
    "rowid": 248236,
    "id": 23455,
    "source": "OA",
    "source_id": "67c0adf1e4b9b3d7",
    "housenumber": 82,
    "lat": 52.3885091,
    "lon": 13.5602528,
    "parity": "R",
    "proj_lat": 52.38867217589503,
    "proj_lon": 13.560265352929456,
    "marker-color": "#ff0000",
    "marker-symbol": "e"
  },
  {
    "rowid": 248236,
    "id": 23455,
    "source": "OA",
    "source_id": "67c0adf1e4b9b3d7",
    "housenumber": 82,
    "lat": 52.3885091,
    "lon": 13.5602528,
    "parity": "R",
    "proj_lat": 52.38867217589503,
    "proj_lon": 13.560265352929456,
    "marker-color": "#ff0000",
    "marker-symbol": "e"
  },
  {
    "rowid": 248237,
    "id": 23455,
    "source": "OA",
    "source_id": "9ed2828acb753cd3",
    "housenumber": 83,
    "lat": 52.3884884,
    "lon": 13.5605067,
    "parity": "R",
    "proj_lat": 52.3886629080406,
    "proj_lon": 13.56052722599395,
    "marker-color": "#ff0000",
    "marker-symbol": "o"
  },
  {
    "rowid": 248237,
    "id": 23455,
    "source": "OA",
    "source_id": "9ed2828acb753cd3",
    "housenumber": 83,
    "lat": 52.3884884,
    "lon": 13.5605067,
    "parity": "R",
    "proj_lat": 52.3886629080406,
    "proj_lon": 13.56052722599395,
    "marker-color": "#ff0000",
    "marker-symbol": "o"
  },
  {
    "rowid": 248238,
    "id": 23455,
    "source": "OA",
    "source_id": "a44d4379dece41d5",
    "housenumber": 84,
    "lat": 52.3885099,
    "lon": 13.5607677,
    "parity": "R",
    "proj_lat": 52.388651642254544,
    "proj_lon": 13.560784372031176,
    "marker-color": "#ff0000",
    "marker-symbol": "e"
  },
  {
    "rowid": 248238,
    "id": 23455,
    "source": "OA",
    "source_id": "a44d4379dece41d5",
    "housenumber": 84,
    "lat": 52.3885099,
    "lon": 13.5607677,
    "parity": "R",
    "proj_lat": 52.388651642254544,
    "proj_lon": 13.560784372031176,
    "marker-color": "#ff0000",
    "marker-symbol": "e"
  },
  {
    "rowid": 263288,
    "id": 23455,
    "source": "OA",
    "source_id": "15a7b5f0dc1443e7",
    "housenumber": 84.03,
    "lat": 52.3883166,
    "lon": 13.5608455,
    "parity": "R",
    "proj_lat": 52.388647260266964,
    "proj_lon": 13.560884392636607,
    "marker-color": "#ff0000",
    "marker-symbol": "e"
  },
  {
    "rowid": 263288,
    "id": 23455,
    "source": "OA",
    "source_id": "15a7b5f0dc1443e7",
    "housenumber": 84.03,
    "lat": 52.3883166,
    "lon": 13.5608455,
    "parity": "R",
    "proj_lat": 52.388647260266964,
    "proj_lon": 13.560884392636607,
    "marker-color": "#ff0000",
    "marker-symbol": "e"
  },
  {
    "rowid": 248239,
    "id": 23455,
    "source": "OA",
    "source_id": "e2309f387b90fcb6",
    "housenumber": 85,
    "lat": 52.3884542,
    "lon": 13.5610414,
    "parity": "R",
    "proj_lat": 52.38863942714459,
    "proj_lon": 13.561063186763205,
    "marker-color": "#ff0000",
    "marker-symbol": "o"
  },
  {
    "rowid": 248239,
    "id": 23455,
    "source": "OA",
    "source_id": "e2309f387b90fcb6",
    "housenumber": 85,
    "lat": 52.3884542,
    "lon": 13.5610414,
    "parity": "R",
    "proj_lat": 52.38863942714459,
    "proj_lon": 13.561063186763205,
    "marker-color": "#ff0000",
    "marker-symbol": "o"
  },
  {
    "rowid": 248240,
    "id": 23455,
    "source": "OA",
    "source_id": "9be99530ef55974f",
    "housenumber": 86,
    "lat": 52.3884835,
    "lon": 13.5613936,
    "parity": "R",
    "proj_lat": 52.38862422628084,
    "proj_lon": 13.561410152510348,
    "marker-color": "#ff0000",
    "marker-symbol": "e"
  },
  {
    "rowid": 248240,
    "id": 23455,
    "source": "OA",
    "source_id": "9be99530ef55974f",
    "housenumber": 86,
    "lat": 52.3884835,
    "lon": 13.5613936,
    "parity": "R",
    "proj_lat": 52.38862422628084,
    "proj_lon": 13.561410152510348,
    "marker-color": "#ff0000",
    "marker-symbol": "e"
  },
  {
    "rowid": 248241,
    "id": 23455,
    "source": "OA",
    "source_id": "11db53f33fef38f3",
    "housenumber": 86.03,
    "lat": 52.3882746,
    "lon": 13.5613742,
    "parity": "R",
    "proj_lat": 52.38862400090281,
    "proj_lon": 13.561415296853303,
    "marker-color": "#ff0000",
    "marker-symbol": "e"
  },
  {
    "rowid": 248241,
    "id": 23455,
    "source": "OA",
    "source_id": "11db53f33fef38f3",
    "housenumber": 86.03,
    "lat": 52.3882746,
    "lon": 13.5613742,
    "parity": "R",
    "proj_lat": 52.38862400090281,
    "proj_lon": 13.561415296853303,
    "marker-color": "#ff0000",
    "marker-symbol": "e"
  },
  {
    "rowid": 248242,
    "id": 23455,
    "source": "OA",
    "source_id": "6d07ef0fe40742aa",
    "housenumber": 87,
    "lat": 52.3883807,
    "lon": 13.5617116,
    "parity": "R",
    "proj_lat": 52.388609838835976,
    "proj_lon": 13.561738551648727,
    "marker-color": "#ff0000",
    "marker-symbol": "o"
  },
  {
    "rowid": 248242,
    "id": 23455,
    "source": "OA",
    "source_id": "6d07ef0fe40742aa",
    "housenumber": 87,
    "lat": 52.3883807,
    "lon": 13.5617116,
    "parity": "R",
    "proj_lat": 52.388609838835976,
    "proj_lon": 13.561738551648727,
    "marker-color": "#ff0000",
    "marker-symbol": "o"
  },
  {
    "rowid": 261121,
    "id": 23455,
    "source": "OA",
    "source_id": "5bca89b7841b7505",
    "housenumber": 88,
    "lat": 52.3883807,
    "lon": 13.5621129,
    "parity": "R",
    "proj_lat": 52.38859011277796,
    "proj_lon": 13.562141513795096,
    "marker-color": "#ff0000",
    "marker-symbol": "e"
  },
  {
    "rowid": 261121,
    "id": 23455,
    "source": "OA",
    "source_id": "5bca89b7841b7505",
    "housenumber": 88,
    "lat": 52.3883807,
    "lon": 13.5621129,
    "parity": "R",
    "proj_lat": 52.38859011277796,
    "proj_lon": 13.562141513795096,
    "marker-color": "#ff0000",
    "marker-symbol": "e"
  },
  {
    "rowid": 248243,
    "id": 23455,
    "source": "OA",
    "source_id": "00f767c9ad120d9e",
    "housenumber": 88.03,
    "lat": 52.3882471,
    "lon": 13.5620166,
    "parity": "R",
    "proj_lat": 52.38859405739689,
    "proj_lon": 13.562064007363883,
    "marker-color": "#ff0000",
    "marker-symbol": "e"
  },
  {
    "rowid": 248243,
    "id": 23455,
    "source": "OA",
    "source_id": "00f767c9ad120d9e",
    "housenumber": 88.03,
    "lat": 52.3882471,
    "lon": 13.5620166,
    "parity": "R",
    "proj_lat": 52.38859405739689,
    "proj_lon": 13.562064007363883,
    "marker-color": "#ff0000",
    "marker-symbol": "e"
  },
  {
    "rowid": 248244,
    "id": 23455,
    "source": "OA",
    "source_id": "98871c99c6eb224c",
    "housenumber": 89,
    "lat": 52.3883576,
    "lon": 13.5623871,
    "parity": "R",
    "proj_lat": 52.38857609446659,
    "proj_lon": 13.562416954669871,
    "marker-color": "#ff0000",
    "marker-symbol": "o"
  },
  {
    "rowid": 248244,
    "id": 23455,
    "source": "OA",
    "source_id": "98871c99c6eb224c",
    "housenumber": 89,
    "lat": 52.3883576,
    "lon": 13.5623871,
    "parity": "R",
    "proj_lat": 52.38857609446659,
    "proj_lon": 13.562416954669871,
    "marker-color": "#ff0000",
    "marker-symbol": "o"
  },
  {
    "rowid": 248245,
    "id": 23455,
    "source": "OA",
    "source_id": "50c932815a08be65",
    "housenumber": 90,
    "lat": 52.3884104,
    "lon": 13.5626119,
    "parity": "R",
    "proj_lat": 52.38856509712492,
    "proj_lon": 13.562633037572567,
    "marker-color": "#ff0000",
    "marker-symbol": "e"
  },
  {
    "rowid": 248245,
    "id": 23455,
    "source": "OA",
    "source_id": "50c932815a08be65",
    "housenumber": 90,
    "lat": 52.3884104,
    "lon": 13.5626119,
    "parity": "R",
    "proj_lat": 52.38856509712492,
    "proj_lon": 13.562633037572567,
    "marker-color": "#ff0000",
    "marker-symbol": "e"
  },
  {
    "rowid": 248246,
    "id": 23455,
    "source": "OA",
    "source_id": "ca99a6cb05469737",
    "housenumber": 91,
    "lat": 52.388431,
    "lon": 13.5628642,
    "parity": "R",
    "proj_lat": 52.38855248748914,
    "proj_lon": 13.562880799875504,
    "marker-color": "#ff0000",
    "marker-symbol": "o"
  },
  {
    "rowid": 248246,
    "id": 23455,
    "source": "OA",
    "source_id": "ca99a6cb05469737",
    "housenumber": 91,
    "lat": 52.388431,
    "lon": 13.5628642,
    "parity": "R",
    "proj_lat": 52.38855248748914,
    "proj_lon": 13.562880799875504,
    "marker-color": "#ff0000",
    "marker-symbol": "o"
  },
  {
    "rowid": 248247,
    "id": 23455,
    "source": "OA",
    "source_id": "f8f85e44a2aa0f3e",
    "housenumber": 92,
    "lat": 52.3883858,
    "lon": 13.5630841,
    "parity": "R",
    "proj_lat": 52.38854106101769,
    "proj_lon": 13.563105314598344,
    "marker-color": "#ff0000",
    "marker-symbol": "e"
  },
  {
    "rowid": 248247,
    "id": 23455,
    "source": "OA",
    "source_id": "f8f85e44a2aa0f3e",
    "housenumber": 92,
    "lat": 52.3883858,
    "lon": 13.5630841,
    "parity": "R",
    "proj_lat": 52.38854106101769,
    "proj_lon": 13.563105314598344,
    "marker-color": "#ff0000",
    "marker-symbol": "e"
  },
  {
    "rowid": 248248,
    "id": 23455,
    "source": "OA",
    "source_id": "d82c068145b18b61",
    "housenumber": 93,
    "lat": 52.3883657,
    "lon": 13.5634047,
    "parity": "R",
    "proj_lat": 52.38852616783722,
    "proj_lon": 13.563423734617592,
    "marker-color": "#ff0000",
    "marker-symbol": "o"
  },
  {
    "rowid": 248248,
    "id": 23455,
    "source": "OA",
    "source_id": "d82c068145b18b61",
    "housenumber": 93,
    "lat": 52.3883657,
    "lon": 13.5634047,
    "parity": "R",
    "proj_lat": 52.38852616783722,
    "proj_lon": 13.563423734617592,
    "marker-color": "#ff0000",
    "marker-symbol": "o"
  },
  {
    "rowid": 248249,
    "id": 23455,
    "source": "OA",
    "source_id": "b01b2be9c9e79d7f",
    "housenumber": 94,
    "lat": 52.3883324,
    "lon": 13.563625,
    "parity": "R",
    "proj_lat": 52.388516311540556,
    "proj_lon": 13.56364681546548,
    "marker-color": "#ff0000",
    "marker-symbol": "e"
  },
  {
    "rowid": 248249,
    "id": 23455,
    "source": "OA",
    "source_id": "b01b2be9c9e79d7f",
    "housenumber": 94,
    "lat": 52.3883324,
    "lon": 13.563625,
    "parity": "R",
    "proj_lat": 52.388516311540556,
    "proj_lon": 13.56364681546548,
    "marker-color": "#ff0000",
    "marker-symbol": "e"
  },
  {
    "rowid": 248250,
    "id": 23455,
    "source": "OA",
    "source_id": "014663dd25804963",
    "housenumber": 95,
    "lat": 52.3883508,
    "lon": 13.5638927,
    "parity": "R",
    "proj_lat": 52.388504641446865,
    "proj_lon": 13.56391094858604,
    "marker-color": "#ff0000",
    "marker-symbol": "o"
  },
  {
    "rowid": 248250,
    "id": 23455,
    "source": "OA",
    "source_id": "014663dd25804963",
    "housenumber": 95,
    "lat": 52.3883508,
    "lon": 13.5638927,
    "parity": "R",
    "proj_lat": 52.388504641446865,
    "proj_lon": 13.56391094858604,
    "marker-color": "#ff0000",
    "marker-symbol": "o"
  }
]
