[
  {
    "rowid": 306354,
    "id": 34747,
    "source": "OA",
    "source_id": "e37578b8c194d66b",
    "housenumber": 11,
    "lat": 52.575356,
    "lon": 13.2927483,
    "parity": "R",
    "proj_lat": 52.57548040937462,
    "proj_lon": 13.292823157814206,
    "marker-color": "#ff0000",
    "marker-symbol": "o"
  },
  {
    "rowid": 271472,
    "id": 34747,
    "source": "OA",
    "source_id": "4a19c538e19890b5",
    "housenumber": 17,
    "lat": 52.5753445,
    "lon": 13.2919187,
    "parity": "R",
    "proj_lat": 52.57551,
    "proj_lon": 13.291917,
    "marker-color": "#ff0000",
    "marker-symbol": "o"
  },
  {
    "rowid": 271473,
    "id": 34747,
    "source": "OA",
    "source_id": "8e1db5b38a7f6a0a",
    "housenumber": 18,
    "lat": 52.5756779,
    "lon": 13.2919326,
    "parity": "L",
    "proj_lat": 52.57551692636168,
    "proj_lon": 13.2919802962898,
    "marker-color": "#3366ff",
    "marker-symbol": "e"
  },
  {
    "rowid": 271474,
    "id": 34747,
    "source": "OA",
    "source_id": "8bfb8cc0ac6289f8",
    "housenumber": 19,
    "lat": 52.5753484,
    "lon": 13.2917081,
    "parity": "R",
    "proj_lat": 52.575513210462816,
    "proj_lon": 13.291715199480004,
    "marker-color": "#ff0000",
    "marker-symbol": "o"
  },
  {
    "rowid": 271475,
    "id": 34747,
    "source": "OA",
    "source_id": "0adab1faf0a47df6",
    "housenumber": 20,
    "lat": 52.5756593,
    "lon": 13.2917273,
    "parity": "L",
    "proj_lat": 52.57551311813587,
    "proj_lon": 13.29172100288802,
    "marker-color": "#3366ff",
    "marker-symbol": "e"
  },
  {
    "rowid": 271476,
    "id": 34747,
    "source": "OA",
    "source_id": "b5e2f22bfba1a8ac",
    "housenumber": 22,
    "lat": 52.5756636,
    "lon": 13.2914597,
    "parity": "L",
    "proj_lat": 52.575517290565514,
    "proj_lon": 13.291454568342369,
    "marker-color": "#3366ff",
    "marker-symbol": "e"
  },
  {
    "rowid": 271477,
    "id": 34747,
    "source": "OA",
    "source_id": "c2a86d666badc400",
    "housenumber": 23,
    "lat": 52.5753606,
    "lon": 13.2908319,
    "parity": "R",
    "proj_lat": 52.575526349983086,
    "proj_lon": 13.290839667643736,
    "marker-color": "#ff0000",
    "marker-symbol": "o"
  },
  {
    "rowid": 271478,
    "id": 34747,
    "source": "OA",
    "source_id": "e975fe88b66a3a79",
    "housenumber": 25,
    "lat": 52.5753638,
    "lon": 13.2906238,
    "parity": "R",
    "proj_lat": 52.575529951388255,
    "proj_lon": 13.29063158645617,
    "marker-color": "#ff0000",
    "marker-symbol": "o"
  },
  {
    "rowid": 271479,
    "id": 34747,
    "source": "OA",
    "source_id": "6589cba320cf3129",
    "housenumber": 27,
    "lat": 52.5753676,
    "lon": 13.2904024,
    "parity": "R",
    "proj_lat": 52.57553378328544,
    "proj_lon": 13.290410187952336,
    "marker-color": "#ff0000",
    "marker-symbol": "o"
  },
  {
    "rowid": 271480,
    "id": 34747,
    "source": "OA",
    "source_id": "cc967ee0e713d716",
    "housenumber": 29,
    "lat": 52.5753707,
    "lon": 13.2901647,
    "parity": "R",
    "proj_lat": 52.575537896502055,
    "proj_lon": 13.290172535436456,
    "marker-color": "#ff0000",
    "marker-symbol": "o"
  },
  {
    "rowid": 271481,
    "id": 34747,
    "source": "OA",
    "source_id": "3f7f76e75d18d45a",
    "housenumber": 31,
    "lat": 52.5753742,
    "lon": 13.2899692,
    "parity": "R",
    "proj_lat": 52.575541363660584,
    "proj_lon": 13.289977610266554,
    "marker-color": "#ff0000",
    "marker-symbol": "o"
  },
  {
    "rowid": 271482,
    "id": 34747,
    "source": "OA",
    "source_id": "551826c1f80cad84",
    "housenumber": 33,
    "lat": 52.5753778,
    "lon": 13.2897489,
    "parity": "R",
    "proj_lat": 52.57554545661189,
    "proj_lon": 13.289757335069094,
    "marker-color": "#ff0000",
    "marker-symbol": "o"
  },
  {
    "rowid": 271483,
    "id": 34747,
    "source": "OA",
    "source_id": "d2b4ee4e21718ff3",
    "housenumber": 35,
    "lat": 52.5753901,
    "lon": 13.289378,
    "parity": "R",
    "proj_lat": 52.575551902195514,
    "proj_lon": 13.289383215576867,
    "marker-color": "#ff0000",
    "marker-symbol": "o"
  },
  {
    "rowid": 271484,
    "id": 34747,
    "source": "OA",
    "source_id": "9fdd8e1f36f6c58c",
    "housenumber": 35.03,
    "lat": 52.5752515,
    "lon": 13.2893618,
    "parity": "R",
    "proj_lat": 52.575552,
    "proj_lon": 13.289375,
    "marker-color": "#ff0000",
    "marker-symbol": "o"
  },
  {
    "rowid": 271485,
    "id": 34747,
    "source": "OA",
    "source_id": "87a41a155a0acb4b",
    "housenumber": 37,
    "lat": 52.575394,
    "lon": 13.288932,
    "parity": "R",
    "proj_lat": 52.575563687837295,
    "proj_lon": 13.288943486508138,
    "marker-color": "#ff0000",
    "marker-symbol": "o"
  },
  {
    "rowid": 271486,
    "id": 34747,
    "source": "OA",
    "source_id": "9dde2d5e7d651a09",
    "housenumber": 39,
    "lat": 52.5753971,
    "lon": 13.2887268,
    "parity": "R",
    "proj_lat": 52.57556871202691,
    "proj_lon": 13.288736348023578,
    "marker-color": "#ff0000",
    "marker-symbol": "o"
  },
  {
    "rowid": 271487,
    "id": 34747,
    "source": "OA",
    "source_id": "f5c90ff46e3fa3c0",
    "housenumber": 41,
    "lat": 52.5754004,
    "lon": 13.2885098,
    "parity": "R",
    "proj_lat": 52.57557316960761,
    "proj_lon": 13.288519412429649,
    "marker-color": "#ff0000",
    "marker-symbol": "o"
  },
  {
    "rowid": 271488,
    "id": 34747,
    "source": "OA",
    "source_id": "306f6ef2a82d5ddd",
    "housenumber": 43,
    "lat": 52.5754036,
    "lon": 13.2882951,
    "parity": "R",
    "proj_lat": 52.57557757986781,
    "proj_lon": 13.288304779766635,
    "marker-color": "#ff0000",
    "marker-symbol": "o"
  },
  {
    "rowid": 271489,
    "id": 34747,
    "source": "OA",
    "source_id": "7d165edd623fb79c",
    "housenumber": 45,
    "lat": 52.5754068,
    "lon": 13.2880823,
    "parity": "R",
    "proj_lat": 52.57558230120082,
    "proj_lon": 13.28809406689007,
    "marker-color": "#ff0000",
    "marker-symbol": "o"
  },
  {
    "rowid": 271490,
    "id": 34747,
    "source": "OA",
    "source_id": "26680736ad2e3ee2",
    "housenumber": 47,
    "lat": 52.5754093,
    "lon": 13.2878656,
    "parity": "R",
    "proj_lat": 52.575587662355396,
    "proj_lon": 13.287877558724261,
    "marker-color": "#ff0000",
    "marker-symbol": "o"
  },
  {
    "rowid": 271491,
    "id": 34747,
    "source": "OA",
    "source_id": "502ef85af32648d5",
    "housenumber": 49,
    "lat": 52.5754013,
    "lon": 13.2874752,
    "parity": "R",
    "proj_lat": 52.57559628708944,
    "proj_lon": 13.28748742802067,
    "marker-color": "#ff0000",
    "marker-symbol": "o"
  },
  {
    "rowid": 271492,
    "id": 34747,
    "source": "OA",
    "source_id": "23279862e88d3dd0",
    "housenumber": 49.03,
    "lat": 52.5752875,
    "lon": 13.2874528,
    "parity": "R",
    "proj_lat": 52.57559664009058,
    "proj_lon": 13.287472186677373,
    "marker-color": "#ff0000",
    "marker-symbol": "o"
  },
  {
    "rowid": 271493,
    "id": 34747,
    "source": "OA",
    "source_id": "c02bcde3b6cf366a",
    "housenumber": 51,
    "lat": 52.5754247,
    "lon": 13.287016,
    "parity": "R",
    "proj_lat": 52.5756069410246,
    "proj_lon": 13.287027428702284,
    "marker-color": "#ff0000",
    "marker-symbol": "o"
  },
  {
    "rowid": 271494,
    "id": 34747,
    "source": "OA",
    "source_id": "d7f3c12153a3743d",
    "housenumber": 53,
    "lat": 52.5754282,
    "lon": 13.2868137,
    "parity": "R",
    "proj_lat": 52.57561162472763,
    "proj_lon": 13.286825202936525,
    "marker-color": "#ff0000",
    "marker-symbol": "o"
  },
  {
    "rowid": 271495,
    "id": 34747,
    "source": "OA",
    "source_id": "4e064319fbc2229e",
    "housenumber": 55,
    "lat": 52.5754316,
    "lon": 13.2865861,
    "parity": "R",
    "proj_lat": 52.575612,
    "proj_lon": 13.2865861,
    "marker-color": "#ff0000",
    "marker-symbol": "o"
  },
  {
    "rowid": 271496,
    "id": 34747,
    "source": "OA",
    "source_id": "7e0ffe4c8092be1d",
    "housenumber": 57,
    "lat": 52.5754352,
    "lon": 13.2864364,
    "parity": "R",
    "proj_lat": 52.575612,
    "proj_lon": 13.2864364,
    "marker-color": "#ff0000",
    "marker-symbol": "o"
  },
  {
    "rowid": 271497,
    "id": 34747,
    "source": "OA",
    "source_id": "f5fb1be13645d66b",
    "housenumber": 59,
    "lat": 52.5754384,
    "lon": 13.2861759,
    "parity": "R",
    "proj_lat": 52.575612,
    "proj_lon": 13.2861759,
    "marker-color": "#ff0000",
    "marker-symbol": "o"
  },
  {
    "rowid": 271498,
    "id": 34747,
    "source": "OA",
    "source_id": "51f268f8ca4b5c50",
    "housenumber": 61,
    "lat": 52.5754427,
    "lon": 13.2859242,
    "parity": "R",
    "proj_lat": 52.57561249087254,
    "proj_lon": 13.285932820131249,
    "marker-color": "#ff0000",
    "marker-symbol": "o"
  },
  {
    "rowid": 271499,
    "id": 34747,
    "source": "OA",
    "source_id": "bd2f600effd5b3d4",
    "housenumber": 65,
    "lat": 52.5754563,
    "lon": 13.2848255,
    "parity": "R",
    "proj_lat": 52.57563248106884,
    "proj_lon": 13.284833778408206,
    "marker-color": "#ff0000",
    "marker-symbol": "o"
  },
  {
    "rowid": 309753,
    "id": 34747,
    "source": "OA",
    "source_id": "6c939fe3444fb553",
    "housenumber": 66,
    "lat": 52.5757996,
    "lon": 13.2841708,
    "parity": "L",
    "proj_lat": 52.575644075672656,
    "proj_lon": 13.284164740750102,
    "marker-color": "#3366ff",
    "marker-symbol": "e"
  },
  {
    "rowid": 271500,
    "id": 34747,
    "source": "OA",
    "source_id": "d89d4017e08dc6aa",
    "housenumber": 67,
    "lat": 52.5754223,
    "lon": 13.2843066,
    "parity": "R",
    "proj_lat": 52.575641450803346,
    "proj_lon": 13.284316897457083,
    "marker-color": "#ff0000",
    "marker-symbol": "o"
  },
  {
    "rowid": 271501,
    "id": 34747,
    "source": "OA",
    "source_id": "c05c5f78765a9cb3",
    "housenumber": 67.03,
    "lat": 52.5752284,
    "lon": 13.2843772,
    "parity": "R",
    "proj_lat": 52.57564006866266,
    "proj_lon": 13.284396543314408,
    "marker-color": "#ff0000",
    "marker-symbol": "o"
  },
  {
    "rowid": 271502,
    "id": 34747,
    "source": "OA",
    "source_id": "1ec6918582742fa4",
    "housenumber": 67.06,
    "lat": 52.5750842,
    "lon": 13.2843703,
    "parity": "R",
    "proj_lat": 52.5756400708225,
    "proj_lon": 13.284396418853195,
    "marker-color": "#ff0000",
    "marker-symbol": "o"
  },
  {
    "rowid": 308259,
    "id": 34747,
    "source": "OA",
    "source_id": "7249f830536e21f7",
    "housenumber": 68,
    "lat": 52.5758263,
    "lon": 13.2847344,
    "parity": "L",
    "proj_lat": 52.57563436215082,
    "proj_lon": 13.284725381058895,
    "marker-color": "#3366ff",
    "marker-symbol": "e"
  },
  {
    "rowid": 271503,
    "id": 34747,
    "source": "OA",
    "source_id": "2e7f36067d5daeb5",
    "housenumber": 69,
    "lat": 52.575478,
    "lon": 13.2837067,
    "parity": "R",
    "proj_lat": 52.57565140639031,
    "proj_lon": 13.283714726167101,
    "marker-color": "#ff0000",
    "marker-symbol": "o"
  },
  {
    "rowid": 310766,
    "id": 34747,
    "source": "OA",
    "source_id": "6ae591603cee2b1a",
    "housenumber": 70,
    "lat": 52.5760744,
    "lon": 13.283672,
    "parity": "L",
    "proj_lat": 52.575652470592495,
    "proj_lon": 13.283652470338751,
    "marker-color": "#3366ff",
    "marker-symbol": "e"
  },
  {
    "rowid": 271504,
    "id": 34747,
    "source": "OA",
    "source_id": "74b0e854f14b33ae",
    "housenumber": 71,
    "lat": 52.575478,
    "lon": 13.2837067,
    "parity": "R",
    "proj_lat": 52.57565140639031,
    "proj_lon": 13.283714726167101,
    "marker-color": "#ff0000",
    "marker-symbol": "o"
  },
  {
    "rowid": 310767,
    "id": 34747,
    "source": "OA",
    "source_id": "8d28e4d1e07f0996",
    "housenumber": 72,
    "lat": 52.5762262,
    "lon": 13.283617,
    "parity": "L",
    "proj_lat": 52.575653530036014,
    "proj_lon": 13.283590492893241,
    "marker-color": "#3366ff",
    "marker-symbol": "e"
  },
  {
    "rowid": 271505,
    "id": 34747,
    "source": "OA",
    "source_id": "c3ed08fd9bda90d0",
    "housenumber": 73,
    "lat": 52.575478,
    "lon": 13.2837067,
    "parity": "R",
    "proj_lat": 52.57565140639031,
    "proj_lon": 13.283714726167101,
    "marker-color": "#ff0000",
    "marker-symbol": "o"
  },
  {
    "rowid": 310768,
    "id": 34747,
    "source": "OA",
    "source_id": "1c6f7fda6a72c1c5",
    "housenumber": 74,
    "lat": 52.5763706,
    "lon": 13.2835603,
    "parity": "L",
    "proj_lat": 52.575654612667336,
    "proj_lon": 13.28352715896088,
    "marker-color": "#3366ff",
    "marker-symbol": "e"
  },
  {
    "rowid": 271506,
    "id": 34747,
    "source": "OA",
    "source_id": "c331dd9a28411dc1",
    "housenumber": 75,
    "lat": 52.5754969,
    "lon": 13.2828897,
    "parity": "R",
    "proj_lat": 52.575665025062406,
    "proj_lon": 13.282898149762756,
    "marker-color": "#ff0000",
    "marker-symbol": "o"
  },
  {
    "rowid": 310769,
    "id": 34747,
    "source": "OA",
    "source_id": "5c3dbabd9832fda6",
    "housenumber": 76,
    "lat": 52.5759929,
    "lon": 13.2830186,
    "parity": "L",
    "proj_lat": 52.57566309700001,
    "proj_lon": 13.283002024124169,
    "marker-color": "#3366ff",
    "marker-symbol": "e"
  },
  {
    "rowid": 271507,
    "id": 34747,
    "source": "OA",
    "source_id": "e80194dfde50669c",
    "housenumber": 77,
    "lat": 52.5755027,
    "lon": 13.2825349,
    "parity": "R",
    "proj_lat": 52.57567136934678,
    "proj_lon": 13.282542549997387,
    "marker-color": "#ff0000",
    "marker-symbol": "o"
  },
  {
    "rowid": 310770,
    "id": 34747,
    "source": "OA",
    "source_id": "51e7a98337874996",
    "housenumber": 78,
    "lat": 52.5761292,
    "lon": 13.2830215,
    "parity": "L",
    "proj_lat": 52.57566317026019,
    "proj_lon": 13.282998077232074,
    "marker-color": "#3366ff",
    "marker-symbol": "e"
  },
  {
    "rowid": 271508,
    "id": 34747,
    "source": "OA",
    "source_id": "9ab63b5d74c82794",
    "housenumber": 79,
    "lat": 52.5755065,
    "lon": 13.2823216,
    "parity": "R",
    "proj_lat": 52.57567494238351,
    "proj_lon": 13.282329239704794,
    "marker-color": "#ff0000",
    "marker-symbol": "o"
  },
  {
    "rowid": 310771,
    "id": 34747,
    "source": "OA",
    "source_id": "a40617b63b09c73a",
    "housenumber": 80,
    "lat": 52.5762691,
    "lon": 13.2830283,
    "parity": "L",
    "proj_lat": 52.57566317455507,
    "proj_lon": 13.282997845845602,
    "marker-color": "#3366ff",
    "marker-symbol": "e"
  },
  {
    "rowid": 310772,
    "id": 34747,
    "source": "OA",
    "source_id": "91ad96a4e3315e16",
    "housenumber": 82,
    "lat": 52.5758912,
    "lon": 13.2825533,
    "parity": "L",
    "proj_lat": 52.57567135630128,
    "proj_lon": 13.282543328813427,
    "marker-color": "#3366ff",
    "marker-symbol": "e"
  },
  {
    "rowid": 271509,
    "id": 34747,
    "source": "OA",
    "source_id": "83e99ec5c5166e6a",
    "housenumber": 83,
    "lat": 52.5755029,
    "lon": 13.2812951,
    "parity": "R",
    "proj_lat": 52.57570276239316,
    "proj_lon": 13.281311561324674,
    "marker-color": "#ff0000",
    "marker-symbol": "o"
  },
  {
    "rowid": 271510,
    "id": 34747,
    "source": "OA",
    "source_id": "98c053b25282f737",
    "housenumber": 83.03,
    "lat": 52.5753797,
    "lon": 13.2813097,
    "parity": "R",
    "proj_lat": 52.57570201151367,
    "proj_lon": 13.28133624648817,
    "marker-color": "#ff0000",
    "marker-symbol": "o"
  },
  {
    "rowid": 271511,
    "id": 34747,
    "source": "OA",
    "source_id": "aadaa037d322f73c",
    "housenumber": 83.06,
    "lat": 52.5752798,
    "lon": 13.281305,
    "parity": "R",
    "proj_lat": 52.57570190446966,
    "proj_lon": 13.281339765559942,
    "marker-color": "#ff0000",
    "marker-symbol": "o"
  },
  {
    "rowid": 310773,
    "id": 34747,
    "source": "OA",
    "source_id": "f6e6f27095ed5853",
    "housenumber": 84,
    "lat": 52.575895,
    "lon": 13.2823439,
    "parity": "L",
    "proj_lat": 52.57567486406102,
    "proj_lon": 13.282333915556906,
    "marker-color": "#3366ff",
    "marker-symbol": "e"
  },
  {
    "rowid": 271512,
    "id": 34747,
    "source": "OA",
    "source_id": "f7ea230ea994eeb1",
    "housenumber": 85,
    "lat": 52.5755608,
    "lon": 13.2808865,
    "parity": "R",
    "proj_lat": 52.57571500818127,
    "proj_lon": 13.280896376336294,
    "marker-color": "#ff0000",
    "marker-symbol": "o"
  },
  {
    "rowid": 310774,
    "id": 34747,
    "source": "OA",
    "source_id": "c57f5fe7e6d50df1",
    "housenumber": 86,
    "lat": 52.5760123,
    "lon": 13.2819589,
    "parity": "L",
    "proj_lat": 52.575683628700475,
    "proj_lon": 13.28193124122589,
    "marker-color": "#3366ff",
    "marker-symbol": "e"
  },
  {
    "rowid": 271513,
    "id": 34747,
    "source": "OA",
    "source_id": "091fd9cb7959919e",
    "housenumber": 87,
    "lat": 52.575564,
    "lon": 13.2806863,
    "parity": "R",
    "proj_lat": 52.57571974120712,
    "proj_lon": 13.28069627452112,
    "marker-color": "#ff0000",
    "marker-symbol": "o"
  },
  {
    "rowid": 310775,
    "id": 34747,
    "source": "OA",
    "source_id": "2fa6cbfc567d3454",
    "housenumber": 88,
    "lat": 52.5761486,
    "lon": 13.2819624,
    "parity": "L",
    "proj_lat": 52.57568387576134,
    "proj_lon": 13.28192329167908,
    "marker-color": "#3366ff",
    "marker-symbol": "e"
  },
  {
    "rowid": 271514,
    "id": 34747,
    "source": "OA",
    "source_id": "66116c675b53ee0f",
    "housenumber": 89,
    "lat": 52.5755674,
    "lon": 13.2804782,
    "parity": "R",
    "proj_lat": 52.57572466111224,
    "proj_lon": 13.28048827186574,
    "marker-color": "#ff0000",
    "marker-symbol": "o"
  },
  {
    "rowid": 310776,
    "id": 34747,
    "source": "OA",
    "source_id": "7262a3bb8ab82e6f",
    "housenumber": 90,
    "lat": 52.5762858,
    "lon": 13.2819698,
    "parity": "L",
    "proj_lat": 52.57568400428401,
    "proj_lon": 13.2819191562734,
    "marker-color": "#3366ff",
    "marker-symbol": "e"
  },
  {
    "rowid": 308991,
    "id": 34747,
    "source": "OA",
    "source_id": "d3336824abcd5d5f",
    "housenumber": 91,
    "lat": 52.5755037,
    "lon": 13.2800922,
    "parity": "R",
    "proj_lat": 52.57573010284495,
    "proj_lon": 13.280080296515084,
    "marker-color": "#ff0000",
    "marker-symbol": "o"
  },
  {
    "rowid": 308992,
    "id": 34747,
    "source": "OA",
    "source_id": "ba36e32de1e32050",
    "housenumber": 91.03,
    "lat": 52.5753959,
    "lon": 13.2800694,
    "parity": "R",
    "proj_lat": 52.57573,
    "proj_lon": 13.280075,
    "marker-color": "#ff0000",
    "marker-symbol": "o"
  },
  {
    "rowid": 271515,
    "id": 34747,
    "source": "OA",
    "source_id": "46d1c16c9aec7caa",
    "housenumber": 91.06,
    "lat": 52.575286,
    "lon": 13.2800684,
    "parity": "R",
    "proj_lat": 52.57573,
    "proj_lon": 13.280075,
    "marker-color": "#ff0000",
    "marker-symbol": "o"
  },
  {
    "rowid": 310777,
    "id": 34747,
    "source": "OA",
    "source_id": "e69d00494deafd36",
    "housenumber": 92,
    "lat": 52.575897,
    "lon": 13.2814181,
    "parity": "L",
    "proj_lat": 52.575700015197214,
    "proj_lon": 13.281401875391472,
    "marker-color": "#3366ff",
    "marker-symbol": "e"
  },
  {
    "rowid": 271516,
    "id": 34747,
    "source": "OA",
    "source_id": "07292c63a008f06a",
    "housenumber": 93,
    "lat": 52.5755121,
    "lon": 13.2795381,
    "parity": "R",
    "proj_lat": 52.575735197265736,
    "proj_lon": 13.279544012683939,
    "marker-color": "#ff0000",
    "marker-symbol": "o"
  },
  {
    "rowid": 271517,
    "id": 34747,
    "source": "OA",
    "source_id": "b3fbd57f4d52371a",
    "housenumber": 93.03,
    "lat": 52.57541,
    "lon": 13.2795535,
    "parity": "R",
    "proj_lat": 52.575735020092566,
    "proj_lon": 13.279562113875768,
    "marker-color": "#ff0000",
    "marker-symbol": "o"
  },
  {
    "rowid": 271518,
    "id": 34747,
    "source": "OA",
    "source_id": "c66705fd2a4ec473",
    "housenumber": 93.06,
    "lat": 52.5752912,
    "lon": 13.2795471,
    "parity": "R",
    "proj_lat": 52.57573505191031,
    "proj_lon": 13.279558863163519,
    "marker-color": "#ff0000",
    "marker-symbol": "o"
  },
  {
    "rowid": 310778,
    "id": 34747,
    "source": "OA",
    "source_id": "b7e7875e20708fdc",
    "housenumber": 94,
    "lat": 52.5760456,
    "lon": 13.2814277,
    "parity": "L",
    "proj_lat": 52.57570009528852,
    "proj_lon": 13.281399242390034,
    "marker-color": "#3366ff",
    "marker-symbol": "e"
  },
  {
    "rowid": 271519,
    "id": 34747,
    "source": "OA",
    "source_id": "70ec3f97365ab99a",
    "housenumber": 95,
    "lat": 52.5755561,
    "lon": 13.2790707,
    "parity": "R",
    "proj_lat": 52.57573714958036,
    "proj_lon": 13.279078127695646,
    "marker-color": "#ff0000",
    "marker-symbol": "o"
  },
  {
    "rowid": 271520,
    "id": 34747,
    "source": "OA",
    "source_id": "8f1f801b49675d56",
    "housenumber": 96,
    "lat": 52.5759589,
    "lon": 13.2803593,
    "parity": "L",
    "proj_lat": 52.575728061392724,
    "proj_lon": 13.280344515563158,
    "marker-color": "#3366ff",
    "marker-symbol": "e"
  },
  {
    "rowid": 271521,
    "id": 34747,
    "source": "OA",
    "source_id": "d7a4c33cd1821660",
    "housenumber": 96.03,
    "lat": 52.5758773,
    "lon": 13.2803542,
    "parity": "L",
    "proj_lat": 52.575728058411244,
    "proj_lon": 13.280344641613487,
    "marker-color": "#3366ff",
    "marker-symbol": "e"
  },
  {
    "rowid": 308993,
    "id": 34747,
    "source": "OA",
    "source_id": "2b3e4187d9a64daf",
    "housenumber": 97,
    "lat": 52.5755593,
    "lon": 13.278872,
    "parity": "R",
    "proj_lat": 52.575740160304065,
    "proj_lon": 13.278879419931526,
    "marker-color": "#ff0000",
    "marker-symbol": "o"
  },
  {
    "rowid": 271522,
    "id": 34747,
    "source": "OA",
    "source_id": "fc35c140ba0daa56",
    "housenumber": 98,
    "lat": 52.5761466,
    "lon": 13.2803179,
    "parity": "L",
    "proj_lat": 52.57572932307154,
    "proj_lon": 13.280291174586562,
    "marker-color": "#3366ff",
    "marker-symbol": "e"
  },
  {
    "rowid": 271523,
    "id": 34747,
    "source": "OA",
    "source_id": "648cc76f160fe548",
    "housenumber": 98.03,
    "lat": 52.5762324,
    "lon": 13.2803542,
    "parity": "L",
    "proj_lat": 52.575728595549165,
    "proj_lon": 13.28032193261587,
    "marker-color": "#3366ff",
    "marker-symbol": "e"
  },
  {
    "rowid": 271524,
    "id": 34747,
    "source": "OA",
    "source_id": "61adf139246a8f40",
    "housenumber": 98.06,
    "lat": 52.5763044,
    "lon": 13.2803656,
    "parity": "L",
    "proj_lat": 52.57572843522392,
    "proj_lon": 13.280328710810783,
    "marker-color": "#3366ff",
    "marker-symbol": "e"
  },
  {
    "rowid": 271525,
    "id": 34747,
    "source": "OA",
    "source_id": "b67482032173f210",
    "housenumber": 98.09,
    "lat": 52.5763711,
    "lon": 13.280378,
    "parity": "L",
    "proj_lat": 52.57572824326488,
    "proj_lon": 13.280336826412862,
    "marker-color": "#3366ff",
    "marker-symbol": "e"
  },
  {
    "rowid": 308994,
    "id": 34747,
    "source": "OA",
    "source_id": "a9fa4acb707b0b08",
    "housenumber": 99,
    "lat": 52.575563,
    "lon": 13.2786405,
    "parity": "R",
    "proj_lat": 52.57574366799934,
    "proj_lon": 13.27864791204333,
    "marker-color": "#ff0000",
    "marker-symbol": "o"
  },
  {
    "rowid": 271526,
    "id": 34747,
    "source": "OA",
    "source_id": "569b0ab7de815f10",
    "housenumber": 100,
    "lat": 52.5764253,
    "lon": 13.2803849,
    "parity": "L",
    "proj_lat": 52.57572816229301,
    "proj_lon": 13.280340249723311,
    "marker-color": "#3366ff",
    "marker-symbol": "e"
  },
  {
    "rowid": 271527,
    "id": 34747,
    "source": "OA",
    "source_id": "f29cca9158dec679",
    "housenumber": 101,
    "lat": 52.5755669,
    "lon": 13.278398,
    "parity": "R",
    "proj_lat": 52.575747342381995,
    "proj_lon": 13.27840540278852,
    "marker-color": "#ff0000",
    "marker-symbol": "o"
  },
  {
    "rowid": 271528,
    "id": 34747,
    "source": "OA",
    "source_id": "5a04024fff55ec47",
    "housenumber": 102,
    "lat": 52.5764362,
    "lon": 13.2798574,
    "parity": "L",
    "proj_lat": 52.57573231245402,
    "proj_lon": 13.279838744280408,
    "marker-color": "#3366ff",
    "marker-symbol": "e"
  },
  {
    "rowid": 271529,
    "id": 34747,
    "source": "OA",
    "source_id": "e26fc60e6aa6b407",
    "housenumber": 102.03,
    "lat": 52.5763707,
    "lon": 13.2798484,
    "parity": "L",
    "proj_lat": 52.57573238353459,
    "proj_lon": 13.279831482216078,
    "marker-color": "#3366ff",
    "marker-symbol": "e"
  },
  {
    "rowid": 271530,
    "id": 34747,
    "source": "OA",
    "source_id": "138443d01bf7bbae",
    "housenumber": 102.06,
    "lat": 52.576301,
    "lon": 13.2798585,
    "parity": "L",
    "proj_lat": 52.57573226662502,
    "proj_lon": 13.279843426477262,
    "marker-color": "#3366ff",
    "marker-symbol": "e"
  },
  {
    "rowid": 271531,
    "id": 34747,
    "source": "OA",
    "source_id": "5262111add7c8a60",
    "housenumber": 102.09,
    "lat": 52.5762241,
    "lon": 13.2798696,
    "parity": "L",
    "proj_lat": 52.575732138062826,
    "proj_lon": 13.279856561247996,
    "marker-color": "#3366ff",
    "marker-symbol": "e"
  },
  {
    "rowid": 271532,
    "id": 34747,
    "source": "OA",
    "source_id": "e14eac9cc117e35c",
    "housenumber": 103,
    "lat": 52.5755703,
    "lon": 13.2781867,
    "parity": "R",
    "proj_lat": 52.57575054402043,
    "proj_lon": 13.278194094651731,
    "marker-color": "#ff0000",
    "marker-symbol": "o"
  },
  {
    "rowid": 271533,
    "id": 34747,
    "source": "OA",
    "source_id": "52b49331e7fe8f44",
    "housenumber": 104,
    "lat": 52.5761521,
    "lon": 13.2798924,
    "parity": "L",
    "proj_lat": 52.575731896282534,
    "proj_lon": 13.27988126313421,
    "marker-color": "#3366ff",
    "marker-symbol": "e"
  },
  {
    "rowid": 271534,
    "id": 34747,
    "source": "OA",
    "source_id": "2b570e457c98577b",
    "housenumber": 105,
    "lat": 52.5755735,
    "lon": 13.2779879,
    "parity": "R",
    "proj_lat": 52.57575355625834,
    "proj_lon": 13.277995286949723,
    "marker-color": "#ff0000",
    "marker-symbol": "o"
  },
  {
    "rowid": 271535,
    "id": 34747,
    "source": "OA",
    "source_id": "aadbfe1dfd657ddf",
    "housenumber": 106,
    "lat": 52.5759237,
    "lon": 13.2797614,
    "parity": "L",
    "proj_lat": 52.57573311893322,
    "proj_lon": 13.279756348988881,
    "marker-color": "#3366ff",
    "marker-symbol": "e"
  },
  {
    "rowid": 271536,
    "id": 34747,
    "source": "OA",
    "source_id": "1bf8ee1492b9dc69",
    "housenumber": 108,
    "lat": 52.5759327,
    "lon": 13.279203,
    "parity": "L",
    "proj_lat": 52.575736696307644,
    "proj_lon": 13.279201580940443,
    "marker-color": "#3366ff",
    "marker-symbol": "e"
  },
  {
    "rowid": 271537,
    "id": 34747,
    "source": "OA",
    "source_id": "75de3cc16e012583",
    "housenumber": 110,
    "lat": 52.5761632,
    "lon": 13.279274,
    "parity": "L",
    "proj_lat": 52.57573651093381,
    "proj_lon": 13.279270910754299,
    "marker-color": "#3366ff",
    "marker-symbol": "e"
  },
  {
    "rowid": 271538,
    "id": 34747,
    "source": "OA",
    "source_id": "3ffa4071016c124f",
    "housenumber": 110.03,
    "lat": 52.5762161,
    "lon": 13.2793036,
    "parity": "L",
    "proj_lat": 52.57573643281502,
    "proj_lon": 13.279300127182246,
    "marker-color": "#3366ff",
    "marker-symbol": "e"
  },
  {
    "rowid": 271539,
    "id": 34747,
    "source": "OA",
    "source_id": "541ca82046e674ed",
    "housenumber": 110.06,
    "lat": 52.5762833,
    "lon": 13.2793151,
    "parity": "L",
    "proj_lat": 52.57573640336785,
    "proj_lon": 13.27931114042508,
    "marker-color": "#3366ff",
    "marker-symbol": "e"
  },
  {
    "rowid": 271540,
    "id": 34747,
    "source": "OA",
    "source_id": "4e26ad655080613d",
    "housenumber": 110.09,
    "lat": 52.5763612,
    "lon": 13.2793297,
    "parity": "L",
    "proj_lat": 52.57573636583921,
    "proj_lon": 13.279325176135124,
    "marker-color": "#3366ff",
    "marker-symbol": "e"
  },
  {
    "rowid": 271541,
    "id": 34747,
    "source": "OA",
    "source_id": "66e20a01c0fe471e",
    "housenumber": 111,
    "lat": 52.5755849,
    "lon": 13.2771409,
    "parity": "R",
    "proj_lat": 52.57576279711387,
    "proj_lon": 13.27714592378798,
    "marker-color": "#ff0000",
    "marker-symbol": "o"
  },
  {
    "rowid": 271542,
    "id": 34747,
    "source": "OA",
    "source_id": "c7d88c0d25fa3fdb",
    "housenumber": 112,
    "lat": 52.5764357,
    "lon": 13.27933,
    "parity": "L",
    "proj_lat": 52.57573636647932,
    "proj_lon": 13.279324936734735,
    "marker-color": "#3366ff",
    "marker-symbol": "e"
  },
  {
    "rowid": 271543,
    "id": 34747,
    "source": "OA",
    "source_id": "bec2f8051361de35",
    "housenumber": 113,
    "lat": 52.5755886,
    "lon": 13.2769058,
    "parity": "R",
    "proj_lat": 52.575765249444515,
    "proj_lon": 13.276910788554826,
    "marker-color": "#ff0000",
    "marker-symbol": "o"
  },
  {
    "rowid": 271544,
    "id": 34747,
    "source": "OA",
    "source_id": "09d6a0e5e6e5c56c",
    "housenumber": 114,
    "lat": 52.5764424,
    "lon": 13.2788095,
    "parity": "L",
    "proj_lat": 52.575741655299126,
    "proj_lon": 13.278780750257578,
    "marker-color": "#3366ff",
    "marker-symbol": "e"
  },
  {
    "rowid": 271545,
    "id": 34747,
    "source": "OA",
    "source_id": "bbdc67ae919a86c4",
    "housenumber": 114.03,
    "lat": 52.5763785,
    "lon": 13.2787981,
    "parity": "L",
    "proj_lat": 52.575741788220625,
    "proj_lon": 13.278771977438854,
    "marker-color": "#3366ff",
    "marker-symbol": "e"
  },
  {
    "rowid": 271546,
    "id": 34747,
    "source": "OA",
    "source_id": "3da024b0ba3f9a6f",
    "housenumber": 114.06,
    "lat": 52.5763025,
    "lon": 13.2788087,
    "parity": "L",
    "proj_lat": 52.57574158049893,
    "proj_lon": 13.278785687070698,
    "marker-color": "#3366ff",
    "marker-symbol": "e"
  },
  {
    "rowid": 271547,
    "id": 34747,
    "source": "OA",
    "source_id": "f7e3340689e1798f",
    "housenumber": 114.09,
    "lat": 52.5762299,
    "lon": 13.278818,
    "parity": "L",
    "proj_lat": 52.575741394574536,
    "proj_lon": 13.278797958080315,
    "marker-color": "#3366ff",
    "marker-symbol": "e"
  },
  {
    "rowid": 271548,
    "id": 34747,
    "source": "OA",
    "source_id": "02f7504a781e8d1d",
    "housenumber": 115,
    "lat": 52.5755923,
    "lon": 13.2766677,
    "parity": "R",
    "proj_lat": 52.5757677330543,
    "proj_lon": 13.27667265420498,
    "marker-color": "#ff0000",
    "marker-symbol": "o"
  },
  {
    "rowid": 271549,
    "id": 34747,
    "source": "OA",
    "source_id": "f616101ef3f65b9c",
    "housenumber": 115.03,
    "lat": 52.5755114,
    "lon": 13.2765089,
    "parity": "R",
    "proj_lat": 52.5757693649431,
    "proj_lon": 13.27651618486712,
    "marker-color": "#ff0000",
    "marker-symbol": "o"
  },
  {
    "rowid": 271550,
    "id": 34747,
    "source": "OA",
    "source_id": "cef73970161f1a09",
    "housenumber": 116,
    "lat": 52.5761706,
    "lon": 13.2788421,
    "parity": "L",
    "proj_lat": 52.5757409928099,
    "proj_lon": 13.278824474546813,
    "marker-color": "#3366ff",
    "marker-symbol": "e"
  },
  {
    "rowid": 271551,
    "id": 34747,
    "source": "OA",
    "source_id": "22c5d9173d799f91",
    "housenumber": 117,
    "lat": 52.5756059,
    "lon": 13.2759343,
    "parity": "R",
    "proj_lat": 52.57577538376355,
    "proj_lon": 13.275939086200806,
    "marker-color": "#ff0000",
    "marker-symbol": "o"
  },
  {
    "rowid": 271552,
    "id": 34747,
    "source": "OA",
    "source_id": "6d0dd913ee50d5f4",
    "housenumber": 117.03,
    "lat": 52.5755203,
    "lon": 13.2760805,
    "parity": "R",
    "proj_lat": 52.57577383422349,
    "proj_lon": 13.276087659747587,
    "marker-color": "#ff0000",
    "marker-symbol": "o"
  },
  {
    "rowid": 271553,
    "id": 34747,
    "source": "OA",
    "source_id": "34b0dbdf1e2dd1f4",
    "housenumber": 118,
    "lat": 52.5759849,
    "lon": 13.278759,
    "parity": "L",
    "proj_lat": 52.57574213575426,
    "proj_lon": 13.278749040218829,
    "marker-color": "#3366ff",
    "marker-symbol": "e"
  },
  {
    "rowid": 271554,
    "id": 34747,
    "source": "OA",
    "source_id": "bcec1d57155549b5",
    "housenumber": 119,
    "lat": 52.5756095,
    "lon": 13.2756959,
    "parity": "R",
    "proj_lat": 52.57577780898888,
    "proj_lon": 13.275700492641267,
    "marker-color": "#ff0000",
    "marker-symbol": "o"
  },
  {
    "rowid": 271555,
    "id": 34747,
    "source": "OA",
    "source_id": "40c237f60c6761d2",
    "housenumber": 120,
    "lat": 52.5759892,
    "lon": 13.2785188,
    "parity": "L",
    "proj_lat": 52.575745775558616,
    "proj_lon": 13.278508813131316,
    "marker-color": "#3366ff",
    "marker-symbol": "e"
  },
  {
    "rowid": 271556,
    "id": 34747,
    "source": "OA",
    "source_id": "71590ffcf79f279f",
    "housenumber": 121,
    "lat": 52.5756131,
    "lon": 13.2754581,
    "parity": "R",
    "proj_lat": 52.57578020575386,
    "proj_lon": 13.275462659809385,
    "marker-color": "#ff0000",
    "marker-symbol": "o"
  },
  {
    "rowid": 271557,
    "id": 34747,
    "source": "OA",
    "source_id": "fbd68c6c54ddc2c5",
    "housenumber": 121.03,
    "lat": 52.5755322,
    "lon": 13.275306,
    "parity": "R",
    "proj_lat": 52.57578171588327,
    "proj_lon": 13.275312808506836,
    "marker-color": "#ff0000",
    "marker-symbol": "o"
  },
  {
    "rowid": 271558,
    "id": 34747,
    "source": "OA",
    "source_id": "ee42f25136cd41f9",
    "housenumber": 122,
    "lat": 52.5759942,
    "lon": 13.2781878,
    "parity": "L",
    "proj_lat": 52.57575079070075,
    "proj_lon": 13.278177813750267,
    "marker-color": "#3366ff",
    "marker-symbol": "e"
  },
  {
    "rowid": 271559,
    "id": 34747,
    "source": "OA",
    "source_id": "69652f41f5829b88",
    "housenumber": 123,
    "lat": 52.5756253,
    "lon": 13.2747208,
    "parity": "R",
    "proj_lat": 52.575787637220145,
    "proj_lon": 13.274725229693022,
    "marker-color": "#ff0000",
    "marker-symbol": "o"
  },
  {
    "rowid": 271560,
    "id": 34747,
    "source": "OA",
    "source_id": "0d269d7b20a4b62c",
    "housenumber": 123.03,
    "lat": 52.5755391,
    "lon": 13.2748744,
    "parity": "R",
    "proj_lat": 52.57578606604177,
    "proj_lon": 13.27488113893177,
    "marker-color": "#ff0000",
    "marker-symbol": "o"
  },
  {
    "rowid": 271561,
    "id": 34747,
    "source": "OA",
    "source_id": "7e25db39a587046e",
    "housenumber": 124,
    "lat": 52.5761803,
    "lon": 13.2782265,
    "parity": "L",
    "proj_lat": 52.57575032031429,
    "proj_lon": 13.278208859256665,
    "marker-color": "#3366ff",
    "marker-symbol": "e"
  },
  {
    "rowid": 271562,
    "id": 34747,
    "source": "OA",
    "source_id": "b644e9e873a58ece",
    "housenumber": 124.03,
    "lat": 52.5762465,
    "lon": 13.2782573,
    "parity": "L",
    "proj_lat": 52.57574989506415,
    "proj_lon": 13.27823692576615,
    "marker-color": "#3366ff",
    "marker-symbol": "e"
  },
  {
    "rowid": 271563,
    "id": 34747,
    "source": "OA",
    "source_id": "a02c5720b50fd66b",
    "housenumber": 124.06,
    "lat": 52.576323,
    "lon": 13.2782705,
    "parity": "L",
    "proj_lat": 52.57574974271417,
    "proj_lon": 13.27824698086454,
    "marker-color": "#3366ff",
    "marker-symbol": "e"
  },
  {
    "rowid": 271564,
    "id": 34747,
    "source": "OA",
    "source_id": "2f0efffff92559b5",
    "housenumber": 124.09,
    "lat": 52.5763944,
    "lon": 13.278284,
    "parity": "L",
    "proj_lat": 52.575749582653486,
    "proj_lon": 13.278257544870183,
    "marker-color": "#3366ff",
    "marker-symbol": "e"
  },
  {
    "rowid": 271565,
    "id": 34747,
    "source": "OA",
    "source_id": "851a763743cca0d9",
    "housenumber": 125,
    "lat": 52.5756289,
    "lon": 13.2744836,
    "parity": "R",
    "proj_lat": 52.5757900203733,
    "proj_lon": 13.274487962670511,
    "marker-color": "#ff0000",
    "marker-symbol": "o"
  },
  {
    "rowid": 271566,
    "id": 34747,
    "source": "OA",
    "source_id": "9bd088b9c020c15b",
    "housenumber": 126,
    "lat": 52.5764554,
    "lon": 13.2782783,
    "parity": "L",
    "proj_lat": 52.57574970686032,
    "proj_lon": 13.278249347218765,
    "marker-color": "#3366ff",
    "marker-symbol": "e"
  },
  {
    "rowid": 271567,
    "id": 34747,
    "source": "OA",
    "source_id": "908a345ec14141d0",
    "housenumber": 127,
    "lat": 52.5756326,
    "lon": 13.2742471,
    "parity": "R",
    "proj_lat": 52.57579264126077,
    "proj_lon": 13.274255051288106,
    "marker-color": "#ff0000",
    "marker-symbol": "o"
  },
  {
    "rowid": 271568,
    "id": 34747,
    "source": "OA",
    "source_id": "983a96b7e2a586e1",
    "housenumber": 128,
    "lat": 52.5764623,
    "lon": 13.2777545,
    "parity": "L",
    "proj_lat": 52.57575712485382,
    "proj_lon": 13.277729292323011,
    "marker-color": "#3366ff",
    "marker-symbol": "e"
  },
  {
    "rowid": 271569,
    "id": 34747,
    "source": "OA",
    "source_id": "00c202a58733a191",
    "housenumber": 130,
    "lat": 52.576414,
    "lon": 13.2777613,
    "parity": "L",
    "proj_lat": 52.57575701234432,
    "proj_lon": 13.277737814918016,
    "marker-color": "#3366ff",
    "marker-symbol": "e"
  },
  {
    "rowid": 271570,
    "id": 34747,
    "source": "OA",
    "source_id": "d82e9094079ff62e",
    "housenumber": 130.03,
    "lat": 52.5763633,
    "lon": 13.2777488,
    "parity": "L",
    "proj_lat": 52.57575715336815,
    "proj_lon": 13.277727132362417,
    "marker-color": "#3366ff",
    "marker-symbol": "e"
  },
  {
    "rowid": 271571,
    "id": 34747,
    "source": "OA",
    "source_id": "c1b53c49dca29904",
    "housenumber": 130.06,
    "lat": 52.5762922,
    "lon": 13.2777591,
    "parity": "L",
    "proj_lat": 52.575756983921515,
    "proj_lon": 13.277739967945486,
    "marker-color": "#3366ff",
    "marker-symbol": "e"
  },
  {
    "rowid": 271572,
    "id": 34747,
    "source": "OA",
    "source_id": "23cbd503457b47ec",
    "housenumber": 130.09,
    "lat": 52.5762369,
    "lon": 13.277766,
    "parity": "L",
    "proj_lat": 52.575756866791046,
    "proj_lon": 13.277748840578367,
    "marker-color": "#3366ff",
    "marker-symbol": "e"
  },
  {
    "rowid": 271573,
    "id": 34747,
    "source": "OA",
    "source_id": "ad389d02a50b2518",
    "housenumber": 130.12,
    "lat": 52.5761849,
    "lon": 13.2777719,
    "parity": "L",
    "proj_lat": 52.57575676441236,
    "proj_lon": 13.27775659576375,
    "marker-color": "#3366ff",
    "marker-symbol": "e"
  },
  {
    "rowid": 271574,
    "id": 34747,
    "source": "OA",
    "source_id": "9bfac9ea75f97bb3",
    "housenumber": 132,
    "lat": 52.5760001,
    "lon": 13.2778149,
    "parity": "L",
    "proj_lat": 52.57575610985685,
    "proj_lon": 13.277806178344003,
    "marker-color": "#3366ff",
    "marker-symbol": "e"
  },
  {
    "rowid": 271575,
    "id": 34747,
    "source": "OA",
    "source_id": "7d15b908c72f629b",
    "housenumber": 132.03,
    "lat": 52.5759081,
    "lon": 13.277742,
    "parity": "L",
    "proj_lat": 52.575757028385134,
    "proj_lon": 13.277736599826413,
    "marker-color": "#3366ff",
    "marker-symbol": "e"
  },
  {
    "rowid": 271576,
    "id": 34747,
    "source": "OA",
    "source_id": "4a355038ac2f12bf",
    "housenumber": 133,
    "lat": 52.5756578,
    "lon": 13.2727787,
    "parity": "R",
    "proj_lat": 52.575821360667184,
    "proj_lon": 13.27278764697455,
    "marker-color": "#ff0000",
    "marker-symbol": "o"
  },
  {
    "rowid": 271577,
    "id": 34747,
    "source": "OA",
    "source_id": "56ac902dd10cd56b",
    "housenumber": 133.03,
    "lat": 52.5755471,
    "lon": 13.2730195,
    "parity": "R",
    "proj_lat": 52.57581637919522,
    "proj_lon": 13.273034229836838,
    "marker-color": "#ff0000",
    "marker-symbol": "o"
  },
  {
    "rowid": 271578,
    "id": 34747,
    "source": "OA",
    "source_id": "bb088dd418ec3849",
    "housenumber": 133.06,
    "lat": 52.575558,
    "lon": 13.2725333,
    "parity": "R",
    "proj_lat": 52.57582593494148,
    "proj_lon": 13.272546956234356,
    "marker-color": "#ff0000",
    "marker-symbol": "o"
  },
  {
    "rowid": 271579,
    "id": 34747,
    "source": "OA",
    "source_id": "5847438f2451fb2e",
    "housenumber": 133.09,
    "lat": 52.5753983,
    "lon": 13.2730081,
    "parity": "R",
    "proj_lat": 52.5758164449942,
    "proj_lon": 13.273030972787215,
    "marker-color": "#ff0000",
    "marker-symbol": "o"
  },
  {
    "rowid": 271580,
    "id": 34747,
    "source": "OA",
    "source_id": "bc83288cb313b01a",
    "housenumber": 133.12,
    "lat": 52.5754161,
    "lon": 13.2725281,
    "parity": "R",
    "proj_lat": 52.57582589672325,
    "proj_lon": 13.272548986577306,
    "marker-color": "#ff0000",
    "marker-symbol": "o"
  },
  {
    "rowid": 271581,
    "id": 34747,
    "source": "OA",
    "source_id": "9ec8e53dc43cc72a",
    "housenumber": 133.15,
    "lat": 52.5752563,
    "lon": 13.2730029,
    "parity": "R",
    "proj_lat": 52.57581639318703,
    "proj_lon": 13.27303353724183,
    "marker-color": "#ff0000",
    "marker-symbol": "o"
  },
  {
    "rowid": 271582,
    "id": 34747,
    "source": "OA",
    "source_id": "1abbdbdc753a00ce",
    "housenumber": 133.18,
    "lat": 52.575268,
    "lon": 13.2725217,
    "parity": "R",
    "proj_lat": 52.57582587513099,
    "proj_lon": 13.272550133666432,
    "marker-color": "#ff0000",
    "marker-symbol": "o"
  },
  {
    "rowid": 271583,
    "id": 34747,
    "source": "OA",
    "source_id": "6f2a7bf091187756",
    "housenumber": 134,
    "lat": 52.5760103,
    "lon": 13.2771952,
    "parity": "L",
    "proj_lat": 52.5757623562175,
    "proj_lon": 13.277188197968663,
    "marker-color": "#3366ff",
    "marker-symbol": "e"
  },
  {
    "rowid": 271584,
    "id": 34747,
    "source": "OA",
    "source_id": "bf9889ff775e8f66",
    "housenumber": 134.03,
    "lat": 52.5759153,
    "lon": 13.2772928,
    "parity": "L",
    "proj_lat": 52.57576131063064,
    "proj_lon": 13.277288451297618,
    "marker-color": "#3366ff",
    "marker-symbol": "e"
  },
  {
    "rowid": 271585,
    "id": 34747,
    "source": "OA",
    "source_id": "c2058058c272ecb3",
    "housenumber": 134.06,
    "lat": 52.5759741,
    "lon": 13.2772928,
    "parity": "L",
    "proj_lat": 52.5757613279441,
    "proj_lon": 13.277286791242176,
    "marker-color": "#3366ff",
    "marker-symbol": "e"
  },
  {
    "rowid": 271586,
    "id": 34747,
    "source": "OA",
    "source_id": "d9091719c58d1f25",
    "housenumber": 135,
    "lat": 52.5756265,
    "lon": 13.2720172,
    "parity": "R",
    "proj_lat": 52.57583585598979,
    "proj_lon": 13.272028161671114,
    "marker-color": "#ff0000",
    "marker-symbol": "o"
  },
  {
    "rowid": 271587,
    "id": 34747,
    "source": "OA",
    "source_id": "b01f6c73219fcc92",
    "housenumber": 135.03,
    "lat": 52.5754723,
    "lon": 13.2720286,
    "parity": "R",
    "proj_lat": 52.57583547980886,
    "proj_lon": 13.272047615599321,
    "marker-color": "#ff0000",
    "marker-symbol": "o"
  },
  {
    "rowid": 308995,
    "id": 34747,
    "source": "OA",
    "source_id": "96a70a0b65c996b4",
    "housenumber": 136,
    "lat": 52.5759361,
    "lon": 13.2764732,
    "parity": "L",
    "proj_lat": 52.575769862213676,
    "proj_lon": 13.276468505394483,
    "marker-color": "#3366ff",
    "marker-symbol": "e"
  },
  {
    "rowid": 306355,
    "id": 34747,
    "source": "OA",
    "source_id": "5d4d642daf39054d",
    "housenumber": 138,
    "lat": 52.5759183,
    "lon": 13.2754332,
    "parity": "L",
    "proj_lat": 52.57578054051797,
    "proj_lon": 13.275429440909067,
    "marker-color": "#3366ff",
    "marker-symbol": "e"
  },
  {
    "rowid": 306356,
    "id": 34747,
    "source": "OA",
    "source_id": "34c23993ad128c53",
    "housenumber": 138.03,
    "lat": 52.5759652,
    "lon": 13.2739136,
    "parity": "L",
    "proj_lat": 52.57579968063356,
    "proj_lon": 13.273901376769484,
    "marker-color": "#3366ff",
    "marker-symbol": "e"
  },
  {
    "rowid": 271588,
    "id": 34747,
    "source": "OA",
    "source_id": "2cbe1d18fd5f003e",
    "housenumber": 139,
    "lat": 52.5756512,
    "lon": 13.2706135,
    "parity": "R",
    "proj_lat": 52.575857892217066,
    "proj_lon": 13.270618560712542,
    "marker-color": "#ff0000",
    "marker-symbol": "o"
  },
  {
    "rowid": 271589,
    "id": 34747,
    "source": "OA",
    "source_id": "36e77ff4167844b5",
    "housenumber": 140,
    "lat": 52.576482,
    "lon": 13.2661892,
    "parity": "L",
    "proj_lat": 52.57587346942933,
    "proj_lon": 13.26634305969477,
    "marker-color": "#3366ff",
    "marker-symbol": "e"
  },
  {
    "rowid": 310539,
    "id": 34747,
    "source": "OA",
    "source_id": "9ea382a3182b6525",
    "housenumber": 141,
    "lat": 52.5756894,
    "lon": 13.2693118,
    "parity": "R",
    "proj_lat": 52.575869668598074,
    "proj_lon": 13.269316213756639,
    "marker-color": "#ff0000",
    "marker-symbol": "o"
  },
  {
    "rowid": 271590,
    "id": 34747,
    "source": "OA",
    "source_id": "8324a81dbefefce6",
    "housenumber": 143,
    "lat": 52.5756911,
    "lon": 13.269341,
    "parity": "R",
    "proj_lat": 52.57586940499386,
    "proj_lon": 13.269345365679435,
    "marker-color": "#ff0000",
    "marker-symbol": "o"
  },
  {
    "rowid": 271591,
    "id": 34747,
    "source": "OA",
    "source_id": "a14e74e79e1d71c1",
    "housenumber": 145,
    "lat": 52.575686,
    "lon": 13.2693435,
    "parity": "R",
    "proj_lat": 52.575869381263914,
    "proj_lon": 13.269347989967493,
    "marker-color": "#ff0000",
    "marker-symbol": "o"
  },
  {
    "rowid": 271592,
    "id": 34747,
    "source": "OA",
    "source_id": "e0ae21fda63867a0",
    "housenumber": 147,
    "lat": 52.5757196,
    "lon": 13.2686195,
    "parity": "R",
    "proj_lat": 52.5758759339713,
    "proj_lon": 13.268623327738505,
    "marker-color": "#ff0000",
    "marker-symbol": "o"
  },
  {
    "rowid": 271593,
    "id": 34747,
    "source": "OA",
    "source_id": "26a25f1e941c2218",
    "housenumber": 149,
    "lat": 52.5756962,
    "lon": 13.2680847,
    "parity": "R",
    "proj_lat": 52.57588076361284,
    "proj_lon": 13.268089218918616,
    "marker-color": "#ff0000",
    "marker-symbol": "o"
  },
  {
    "rowid": 271594,
    "id": 34747,
    "source": "OA",
    "source_id": "0d373160acb3552d",
    "housenumber": 149.03,
    "lat": 52.5756,
    "lon": 13.2681507,
    "parity": "R",
    "proj_lat": 52.57588014565108,
    "proj_lon": 13.268157559151831,
    "marker-color": "#ff0000",
    "marker-symbol": "o"
  },
  {
    "rowid": 271595,
    "id": 34747,
    "source": "OA",
    "source_id": "5625da11d176636b",
    "housenumber": 149.06,
    "lat": 52.5755746,
    "lon": 13.2681968,
    "parity": "R",
    "proj_lat": 52.57587972326517,
    "proj_lon": 13.268204270700938,
    "marker-color": "#ff0000",
    "marker-symbol": "o"
  },
  {
    "rowid": 271596,
    "id": 34747,
    "source": "OA",
    "source_id": "94bdab0e56b60743",
    "housenumber": 149.09,
    "lat": 52.5755226,
    "lon": 13.2682971,
    "parity": "R",
    "proj_lat": 52.57587880500031,
    "proj_lon": 13.268305821375986,
    "marker-color": "#ff0000",
    "marker-symbol": "o"
  },
  {
    "rowid": 271597,
    "id": 34747,
    "source": "OA",
    "source_id": "600a3566dfd679a1",
    "housenumber": 149.12,
    "lat": 52.5754911,
    "lon": 13.2683572,
    "parity": "R",
    "proj_lat": 52.57587825469825,
    "proj_lon": 13.268366679139355,
    "marker-color": "#ff0000",
    "marker-symbol": "o"
  },
  {
    "rowid": 271598,
    "id": 34747,
    "source": "OA",
    "source_id": "d764959c8127ffa4",
    "housenumber": 149.15,
    "lat": 52.575443,
    "lon": 13.2685113,
    "parity": "R",
    "proj_lat": 52.575876850921674,
    "proj_lon": 13.268521922431654,
    "marker-color": "#ff0000",
    "marker-symbol": "o"
  },
  {
    "rowid": 271599,
    "id": 34747,
    "source": "OA",
    "source_id": "9b81811535979409",
    "housenumber": 149.18,
    "lat": 52.5753777,
    "lon": 13.2686396,
    "parity": "R",
    "proj_lat": 52.57587567658112,
    "proj_lon": 13.26865179245178,
    "marker-color": "#ff0000",
    "marker-symbol": "o"
  },
  {
    "rowid": 271600,
    "id": 34747,
    "source": "OA",
    "source_id": "633a99f936ffbeea",
    "housenumber": 149.21,
    "lat": 52.5752991,
    "lon": 13.268792,
    "parity": "R",
    "proj_lat": 52.57587428142252,
    "proj_lon": 13.268806082683566,
    "marker-color": "#ff0000",
    "marker-symbol": "o"
  },
  {
    "rowid": 271601,
    "id": 34747,
    "source": "OA",
    "source_id": "5359096ffc5c38a1",
    "housenumber": 149.24,
    "lat": 52.5752181,
    "lon": 13.2689543,
    "parity": "R",
    "proj_lat": 52.575872796232595,
    "proj_lon": 13.268970329456879,
    "marker-color": "#ff0000",
    "marker-symbol": "o"
  },
  {
    "rowid": 309717,
    "id": 34747,
    "source": "OA",
    "source_id": "fff65fbdf8e9a4d7",
    "housenumber": 149.3,
    "lat": 52.5751274,
    "lon": 13.2691327,
    "parity": "R",
    "proj_lat": 52.57587116334494,
    "proj_lon": 13.269150910083619,
    "marker-color": "#ff0000",
    "marker-symbol": "o"
  },
  {
    "rowid": 271602,
    "id": 34747,
    "source": "OA",
    "source_id": "33a9d3cdf2e121d1",
    "housenumber": 149.33,
    "lat": 52.5750905,
    "lon": 13.2692029,
    "parity": "R",
    "proj_lat": 52.575870520539596,
    "proj_lon": 13.269221997761996,
    "marker-color": "#ff0000",
    "marker-symbol": "o"
  },
  {
    "rowid": 271603,
    "id": 34747,
    "source": "OA",
    "source_id": "674b57511033ed71",
    "housenumber": 149.36,
    "lat": 52.5750627,
    "lon": 13.269259,
    "parity": "R",
    "proj_lat": 52.57587000721846,
    "proj_lon": 13.26927876581485,
    "marker-color": "#ff0000",
    "marker-symbol": "o"
  },
  {
    "rowid": 271604,
    "id": 34747,
    "source": "OA",
    "source_id": "8e9f4a066eb96500",
    "housenumber": 149.39,
    "lat": 52.5750349,
    "lon": 13.2693132,
    "parity": "R",
    "proj_lat": 52.57586951107415,
    "proj_lon": 13.269333634286559,
    "marker-color": "#ff0000",
    "marker-symbol": "o"
  },
  {
    "rowid": 271605,
    "id": 34747,
    "source": "OA",
    "source_id": "f8b33450c4fbcfed",
    "housenumber": 149.42,
    "lat": 52.5750083,
    "lon": 13.2693693,
    "parity": "R",
    "proj_lat": 52.57586899801865,
    "proj_lon": 13.269390372963393,
    "marker-color": "#ff0000",
    "marker-symbol": "o"
  },
  {
    "rowid": 271606,
    "id": 34747,
    "source": "OA",
    "source_id": "389f1d6da2c4c8b7",
    "housenumber": 151,
    "lat": 52.5741021,
    "lon": 13.2638976,
    "parity": "R",
    "proj_lat": 52.57459233671597,
    "proj_lon": 13.263188848255679,
    "marker-color": "#ff0000",
    "marker-symbol": "o"
  },
  {
    "rowid": 271607,
    "id": 34747,
    "source": "OA",
    "source_id": "adadb97cb67d22dd",
    "housenumber": 152,
    "lat": 52.573976,
    "lon": 13.2607893,
    "parity": "L",
    "proj_lat": 52.573689,
    "proj_lon": 13.261478,
    "marker-color": "#3366ff",
    "marker-symbol": "e"
  },
  {
    "rowid": 271608,
    "id": 34747,
    "source": "OA",
    "source_id": "69fd0513887acff1",
    "housenumber": 152.03,
    "lat": 52.5737935,
    "lon": 13.2603112,
    "parity": "L",
    "proj_lat": 52.573494535615914,
    "proj_lon": 13.261294570132826,
    "marker-color": "#3366ff",
    "marker-symbol": "e"
  },
  {
    "rowid": 271609,
    "id": 34747,
    "source": "OA",
    "source_id": "39438a0ca04d68b3",
    "housenumber": 152.06,
    "lat": 52.5734106,
    "lon": 13.2592672,
    "parity": "L",
    "proj_lat": 52.5730694911585,
    "proj_lon": 13.26103706081453,
    "marker-color": "#3366ff",
    "marker-symbol": "e"
  },
  {
    "rowid": 271610,
    "id": 34747,
    "source": "OA",
    "source_id": "2c6a37d50442ea57",
    "housenumber": 152.09,
    "lat": 52.5731362,
    "lon": 13.2589595,
    "parity": "L",
    "proj_lat": 52.5727662769499,
    "proj_lon": 13.260878840799379,
    "marker-color": "#3366ff",
    "marker-symbol": "e"
  },
  {
    "rowid": 271611,
    "id": 34761,
    "source": "OA",
    "source_id": "2a3e960e48186713",
    "housenumber": 171,
    "lat": 52.5525313,
    "lon": 13.2541221,
    "parity": "R",
    "proj_lat": 52.55280979846096,
    "proj_lon": 13.254069133666954,
    "marker-color": "#ff0000",
    "marker-symbol": "o"
  },
  {
    "rowid": 271612,
    "id": 34747,
    "source": "OA",
    "source_id": "92d28ae51dacf9b3",
    "housenumber": 173,
    "lat": 52.5528518,
    "lon": 13.2498759,
    "parity": "R",
    "proj_lat": 52.55292292235121,
    "proj_lon": 13.249486703063335,
    "marker-color": "#ff0000",
    "marker-symbol": "o"
  },
  {
    "rowid": 311371,
    "id": 34747,
    "source": "OA",
    "source_id": "c17d8d7435c8c3f4",
    "housenumber": 175,
    "lat": 52.552,
    "lon": 13.249457,
    "parity": "R",
    "proj_lat": 52.552046491045246,
    "proj_lon": 13.249125662264161,
    "marker-color": "#ff0000",
    "marker-symbol": "o"
  },
  {
    "rowid": 311372,
    "id": 34747,
    "source": "OA",
    "source_id": "89904b59c12a654c",
    "housenumber": 180,
    "lat": 52.5532075,
    "lon": 13.2469648,
    "parity": "L",
    "proj_lat": 52.55279,
    "proj_lon": 13.249421,
    "marker-color": "#3366ff",
    "marker-symbol": "e"
  }
]
