[
  {
    "rowid": 265222,
    "id": 22215,
    "source": "OA",
    "source_id": "90e21b20a092083b",
    "housenumber": 1,
    "lat": 52.5342395,
    "lon": 13.159738,
    "parity": "L",
    "proj_lat": 52.534363,
    "proj_lon": 13.160007,
    "marker-color": "#3366ff",
    "marker-symbol": "o"
  },
  {
    "rowid": 228355,
    "id": 22215,
    "source": "OA",
    "source_id": "f58cebfd8aed75a0",
    "housenumber": 1.03,
    "lat": 52.534059,
    "lon": 13.1598302,
    "parity": "L",
    "proj_lat": 52.534363,
    "proj_lon": 13.160007,
    "marker-color": "#3366ff",
    "marker-symbol": "o"
  },
  {
    "rowid": 228356,
    "id": 22215,
    "source": "OA",
    "source_id": "b6048fb7c05929c1",
    "housenumber": 1.06,
    "lat": 52.5340315,
    "lon": 13.1593736,
    "parity": "L",
    "proj_lat": 52.534363,
    "proj_lon": 13.160007,
    "marker-color": "#3366ff",
    "marker-symbol": "o"
  },
  {
    "rowid": 228357,
    "id": 22215,
    "source": "OA",
    "source_id": "d6b78b8ab3d9a212",
    "housenumber": 2,
    "lat": 52.5344551,
    "lon": 13.1604365,
    "parity": "R",
    "proj_lat": 52.53442232009709,
    "proj_lon": 13.159995094205865,
    "marker-color": "#ff0000",
    "marker-symbol": "e"
  },
  {
    "rowid": 268663,
    "id": 22215,
    "source": "OA",
    "source_id": "ade4ad97925c6452",
    "housenumber": 2.03,
    "lat": 52.5341171,
    "lon": 13.1601786,
    "parity": "R",
    "proj_lat": 52.534363,
    "proj_lon": 13.160007,
    "marker-color": "#ff0000",
    "marker-symbol": "e"
  },
  {
    "rowid": 268664,
    "id": 22215,
    "source": "OA",
    "source_id": "551f2dd2243036fd",
    "housenumber": 2.06,
    "lat": 52.5340938,
    "lon": 13.1603622,
    "parity": "R",
    "proj_lat": 52.534363,
    "proj_lon": 13.160007,
    "marker-color": "#ff0000",
    "marker-symbol": "e"
  },
  {
    "rowid": 268665,
    "id": 22215,
    "source": "OA",
    "source_id": "045dae1680afef47",
    "housenumber": 2.09,
    "lat": 52.5342192,
    "lon": 13.1607437,
    "parity": "R",
    "proj_lat": 52.534363,
    "proj_lon": 13.160007,
    "marker-color": "#ff0000",
    "marker-symbol": "e"
  },
  {
    "rowid": 228358,
    "id": 22215,
    "source": "OA",
    "source_id": "6f7b837cc661b8ca",
    "housenumber": 3,
    "lat": 52.5344961,
    "lon": 13.1597861,
    "parity": "L",
    "proj_lat": 52.53451030895183,
    "proj_lon": 13.159977434470935,
    "marker-color": "#3366ff",
    "marker-symbol": "o"
  },
  {
    "rowid": 228359,
    "id": 22215,
    "source": "OA",
    "source_id": "1625d6fb5335b57d",
    "housenumber": 4,
    "lat": 52.5346074,
    "lon": 13.1601356,
    "parity": "R",
    "proj_lat": 52.53459440094639,
    "proj_lon": 13.15996055685231,
    "marker-color": "#ff0000",
    "marker-symbol": "e"
  },
  {
    "rowid": 228360,
    "id": 22215,
    "source": "OA",
    "source_id": "ffcb9527a65187cd",
    "housenumber": 4.03,
    "lat": 52.5346619,
    "lon": 13.1604698,
    "parity": "R",
    "proj_lat": 52.53462364678184,
    "proj_lon": 13.159954687089561,
    "marker-color": "#ff0000",
    "marker-symbol": "e"
  },
  {
    "rowid": 228361,
    "id": 22215,
    "source": "OA",
    "source_id": "155049c1a6f2e33f",
    "housenumber": 6,
    "lat": 52.5347767,
    "lon": 13.1600885,
    "parity": "R",
    "proj_lat": 52.53475942562325,
    "proj_lon": 13.159919028378061,
    "marker-color": "#ff0000",
    "marker-symbol": "e"
  },
  {
    "rowid": 228362,
    "id": 22215,
    "source": "OA",
    "source_id": "e82cf9717ab7a63a",
    "housenumber": 7,
    "lat": 52.5350497,
    "lon": 13.1596117,
    "parity": "L",
    "proj_lat": 52.53507224192275,
    "proj_lon": 13.159832852043127,
    "marker-color": "#3366ff",
    "marker-symbol": "o"
  },
  {
    "rowid": 228363,
    "id": 22215,
    "source": "OA",
    "source_id": "0869a2c2edffc00f",
    "housenumber": 8,
    "lat": 52.5349447,
    "lon": 13.1600291,
    "parity": "R",
    "proj_lat": 52.53492872639294,
    "proj_lon": 13.159872388481556,
    "marker-color": "#ff0000",
    "marker-symbol": "e"
  },
  {
    "rowid": 228364,
    "id": 22215,
    "source": "OA",
    "source_id": "209574132f1a120c",
    "housenumber": 8.03,
    "lat": 52.5349971,
    "lon": 13.1600165,
    "parity": "R",
    "proj_lat": 52.534980944454276,
    "proj_lon": 13.159858003166116,
    "marker-color": "#ff0000",
    "marker-symbol": "e"
  },
  {
    "rowid": 228365,
    "id": 22215,
    "source": "OA",
    "source_id": "c36b81cc03566060",
    "housenumber": 8.06,
    "lat": 52.5350523,
    "lon": 13.1600045,
    "parity": "R",
    "proj_lat": 52.535035826554385,
    "proj_lon": 13.159842883946789,
    "marker-color": "#ff0000",
    "marker-symbol": "e"
  },
  {
    "rowid": 228366,
    "id": 22215,
    "source": "OA",
    "source_id": "06f3fc4cbbae4b9e",
    "housenumber": 8.09,
    "lat": 52.5350951,
    "lon": 13.1604063,
    "parity": "R",
    "proj_lat": 52.53503762099988,
    "proj_lon": 13.159842389603188,
    "marker-color": "#ff0000",
    "marker-symbol": "e"
  },
  {
    "rowid": 228367,
    "id": 22215,
    "source": "OA",
    "source_id": "e2a9eaa9ef77ee12",
    "housenumber": 10,
    "lat": 52.5352078,
    "lon": 13.1599873,
    "parity": "R",
    "proj_lat": 52.53518878479456,
    "proj_lon": 13.159800746179169,
    "marker-color": "#ff0000",
    "marker-symbol": "e"
  },
  {
    "rowid": 262311,
    "id": 22215,
    "source": "OA",
    "source_id": "4373f56b99db29c8",
    "housenumber": 10.03,
    "lat": 52.5352803,
    "lon": 13.1603873,
    "parity": "R",
    "proj_lat": 52.53521964687435,
    "proj_lon": 13.159792244125633,
    "marker-color": "#ff0000",
    "marker-symbol": "e"
  },
  {
    "rowid": 228368,
    "id": 22215,
    "source": "OA",
    "source_id": "b66499685d5c237c",
    "housenumber": 12,
    "lat": 52.535612,
    "lon": 13.1598993,
    "parity": "R",
    "proj_lat": 52.53561129768548,
    "proj_lon": 13.159721502159941,
    "marker-color": "#ff0000",
    "marker-symbol": "e"
  },
  {
    "rowid": 261048,
    "id": 22215,
    "source": "OA",
    "source_id": "df26f05ae994b019",
    "housenumber": 13,
    "lat": 52.535747,
    "lon": 13.15954,
    "parity": "L",
    "proj_lat": 52.53574771118971,
    "proj_lon": 13.15972004578801,
    "marker-color": "#3366ff",
    "marker-symbol": "o"
  },
  {
    "rowid": 260670,
    "id": 22215,
    "source": "OA",
    "source_id": "21e345a9488cd750",
    "housenumber": 14,
    "lat": 52.5358971,
    "lon": 13.159928,
    "parity": "R",
    "proj_lat": 52.53589346545543,
    "proj_lon": 13.159713520666163,
    "marker-color": "#ff0000",
    "marker-symbol": "e"
  },
  {
    "rowid": 260671,
    "id": 22215,
    "source": "OA",
    "source_id": "1bba16fa983f12e8",
    "housenumber": 16,
    "lat": 52.536128,
    "lon": 13.1599602,
    "parity": "R",
    "proj_lat": 52.53612364119299,
    "proj_lon": 13.159702978265969,
    "marker-color": "#ff0000",
    "marker-symbol": "e"
  }
]
