[
  {
    "rowid": 73423,
    "id": 44133,
    "source": "OA",
    "source_id": "c278374f64bcd392",
    "housenumber": 1,
    "lat": 52.5274744,
    "lon": 13.3309288,
    "parity": "R",
    "proj_lat": 52.527491988866096,
    "proj_lon": 13.330728566947304,
    "marker-color": "#ff0000",
    "marker-symbol": "o"
  },
  {
    "rowid": 73423,
    "id": 44133,
    "source": "OA",
    "source_id": "c278374f64bcd392",
    "housenumber": 1,
    "lat": 52.5274744,
    "lon": 13.3309288,
    "parity": "R",
    "proj_lat": 52.527491988866096,
    "proj_lon": 13.330728566947304,
    "marker-color": "#ff0000",
    "marker-symbol": "o"
  },
  {
    "rowid": 73424,
    "id": 44133,
    "source": "OA",
    "source_id": "b5eb1e2e67ecd598",
    "housenumber": 2,
    "lat": 52.5275927,
    "lon": 13.3309581,
    "parity": "R",
    "proj_lat": 52.527610394093365,
    "proj_lon": 13.330756667946535,
    "marker-color": "#ff0000",
    "marker-symbol": "e"
  },
  {
    "rowid": 73424,
    "id": 44133,
    "source": "OA",
    "source_id": "b5eb1e2e67ecd598",
    "housenumber": 2,
    "lat": 52.5275927,
    "lon": 13.3309581,
    "parity": "R",
    "proj_lat": 52.527610394093365,
    "proj_lon": 13.330756667946535,
    "marker-color": "#ff0000",
    "marker-symbol": "e"
  },
  {
    "rowid": 73425,
    "id": 44133,
    "source": "OA",
    "source_id": "d2eb687dc8114b09",
    "housenumber": 3,
    "lat": 52.5277913,
    "lon": 13.3310073,
    "parity": "R",
    "proj_lat": 52.52780917174835,
    "proj_lon": 13.330803843657092,
    "marker-color": "#ff0000",
    "marker-symbol": "o"
  },
  {
    "rowid": 73425,
    "id": 44133,
    "source": "OA",
    "source_id": "d2eb687dc8114b09",
    "housenumber": 3,
    "lat": 52.5277913,
    "lon": 13.3310073,
    "parity": "R",
    "proj_lat": 52.52780917174835,
    "proj_lon": 13.330803843657092,
    "marker-color": "#ff0000",
    "marker-symbol": "o"
  },
  {
    "rowid": 73426,
    "id": 44133,
    "source": "OA",
    "source_id": "5dace7924aad9343",
    "housenumber": 4,
    "lat": 52.5279594,
    "lon": 13.3310489,
    "parity": "R",
    "proj_lat": 52.52797741832212,
    "proj_lon": 13.330843773455372,
    "marker-color": "#ff0000",
    "marker-symbol": "e"
  },
  {
    "rowid": 73426,
    "id": 44133,
    "source": "OA",
    "source_id": "5dace7924aad9343",
    "housenumber": 4,
    "lat": 52.5279594,
    "lon": 13.3310489,
    "parity": "R",
    "proj_lat": 52.52797741832212,
    "proj_lon": 13.330843773455372,
    "marker-color": "#ff0000",
    "marker-symbol": "e"
  },
  {
    "rowid": 73427,
    "id": 44133,
    "source": "OA",
    "source_id": "3fe1437f6dbabf9d",
    "housenumber": 5,
    "lat": 52.5281584,
    "lon": 13.3310982,
    "parity": "R",
    "proj_lat": 52.52817659640712,
    "proj_lon": 13.330891044199598,
    "marker-color": "#ff0000",
    "marker-symbol": "o"
  },
  {
    "rowid": 73427,
    "id": 44133,
    "source": "OA",
    "source_id": "3fe1437f6dbabf9d",
    "housenumber": 5,
    "lat": 52.5281584,
    "lon": 13.3310982,
    "parity": "R",
    "proj_lat": 52.52817659640712,
    "proj_lon": 13.330891044199598,
    "marker-color": "#ff0000",
    "marker-symbol": "o"
  },
  {
    "rowid": 73428,
    "id": 44133,
    "source": "OA",
    "source_id": "5dd88ab40ba70f67",
    "housenumber": 6,
    "lat": 52.5283346,
    "lon": 13.3311411,
    "parity": "R",
    "proj_lat": 52.52835288941814,
    "proj_lon": 13.330932883651126,
    "marker-color": "#ff0000",
    "marker-symbol": "e"
  },
  {
    "rowid": 73428,
    "id": 44133,
    "source": "OA",
    "source_id": "5dd88ab40ba70f67",
    "housenumber": 6,
    "lat": 52.5283346,
    "lon": 13.3311411,
    "parity": "R",
    "proj_lat": 52.52835288941814,
    "proj_lon": 13.330932883651126,
    "marker-color": "#ff0000",
    "marker-symbol": "e"
  },
  {
    "rowid": 73429,
    "id": 44133,
    "source": "OA",
    "source_id": "14c03b0c2a44c633",
    "housenumber": 7,
    "lat": 52.5285133,
    "lon": 13.3311856,
    "parity": "R",
    "proj_lat": 52.528484,
    "proj_lon": 13.330964,
    "marker-color": "#ff0000",
    "marker-symbol": "o"
  },
  {
    "rowid": 73429,
    "id": 44133,
    "source": "OA",
    "source_id": "14c03b0c2a44c633",
    "housenumber": 7,
    "lat": 52.5285133,
    "lon": 13.3311856,
    "parity": "R",
    "proj_lat": 52.528484,
    "proj_lon": 13.330964,
    "marker-color": "#ff0000",
    "marker-symbol": "o"
  },
  {
    "rowid": 73430,
    "id": 44133,
    "source": "OA",
    "source_id": "96643a9b048dcda9",
    "housenumber": 10,
    "lat": 52.5291343,
    "lon": 13.3313398,
    "parity": "R",
    "proj_lat": 52.528484,
    "proj_lon": 13.330964,
    "marker-color": "#ff0000",
    "marker-symbol": "e"
  },
  {
    "rowid": 73430,
    "id": 44133,
    "source": "OA",
    "source_id": "96643a9b048dcda9",
    "housenumber": 10,
    "lat": 52.5291343,
    "lon": 13.3313398,
    "parity": "R",
    "proj_lat": 52.528484,
    "proj_lon": 13.330964,
    "marker-color": "#ff0000",
    "marker-symbol": "e"
  },
  {
    "rowid": 73431,
    "id": 44133,
    "source": "OA",
    "source_id": "4dc5e7abf5ac3da3",
    "housenumber": 10.03,
    "lat": 52.5291046,
    "lon": 13.3316339,
    "parity": "R",
    "proj_lat": 52.528484,
    "proj_lon": 13.330964,
    "marker-color": "#ff0000",
    "marker-symbol": "e"
  },
  {
    "rowid": 73431,
    "id": 44133,
    "source": "OA",
    "source_id": "4dc5e7abf5ac3da3",
    "housenumber": 10.03,
    "lat": 52.5291046,
    "lon": 13.3316339,
    "parity": "R",
    "proj_lat": 52.528484,
    "proj_lon": 13.330964,
    "marker-color": "#ff0000",
    "marker-symbol": "e"
  },
  {
    "rowid": 73432,
    "id": 44133,
    "source": "OA",
    "source_id": "1739cba0deccfb4d",
    "housenumber": 10.06,
    "lat": 52.5290828,
    "lon": 13.3319015,
    "parity": "R",
    "proj_lat": 52.528484,
    "proj_lon": 13.330964,
    "marker-color": "#ff0000",
    "marker-symbol": "e"
  },
  {
    "rowid": 73432,
    "id": 44133,
    "source": "OA",
    "source_id": "1739cba0deccfb4d",
    "housenumber": 10.06,
    "lat": 52.5290828,
    "lon": 13.3319015,
    "parity": "R",
    "proj_lat": 52.528484,
    "proj_lon": 13.330964,
    "marker-color": "#ff0000",
    "marker-symbol": "e"
  },
  {
    "rowid": 73433,
    "id": 44133,
    "source": "OA",
    "source_id": "23b9934c33dd79f1",
    "housenumber": 11,
    "lat": 52.529327,
    "lon": 13.3313875,
    "parity": "R",
    "proj_lat": 52.528484,
    "proj_lon": 13.330964,
    "marker-color": "#ff0000",
    "marker-symbol": "o"
  },
  {
    "rowid": 73433,
    "id": 44133,
    "source": "OA",
    "source_id": "23b9934c33dd79f1",
    "housenumber": 11,
    "lat": 52.529327,
    "lon": 13.3313875,
    "parity": "R",
    "proj_lat": 52.528484,
    "proj_lon": 13.330964,
    "marker-color": "#ff0000",
    "marker-symbol": "o"
  },
  {
    "rowid": 73434,
    "id": 44133,
    "source": "OA",
    "source_id": "8f57cd57ba51ecd8",
    "housenumber": 12,
    "lat": 52.5294966,
    "lon": 13.3314295,
    "parity": "R",
    "proj_lat": 52.528484,
    "proj_lon": 13.330964,
    "marker-color": "#ff0000",
    "marker-symbol": "e"
  },
  {
    "rowid": 73434,
    "id": 44133,
    "source": "OA",
    "source_id": "8f57cd57ba51ecd8",
    "housenumber": 12,
    "lat": 52.5294966,
    "lon": 13.3314295,
    "parity": "R",
    "proj_lat": 52.528484,
    "proj_lon": 13.330964,
    "marker-color": "#ff0000",
    "marker-symbol": "e"
  },
  {
    "rowid": 73435,
    "id": 44133,
    "source": "OA",
    "source_id": "d0b69eb4111210aa",
    "housenumber": 13,
    "lat": 52.5296679,
    "lon": 13.3314734,
    "parity": "R",
    "proj_lat": 52.528484,
    "proj_lon": 13.330964,
    "marker-color": "#ff0000",
    "marker-symbol": "o"
  },
  {
    "rowid": 73435,
    "id": 44133,
    "source": "OA",
    "source_id": "d0b69eb4111210aa",
    "housenumber": 13,
    "lat": 52.5296679,
    "lon": 13.3314734,
    "parity": "R",
    "proj_lat": 52.528484,
    "proj_lon": 13.330964,
    "marker-color": "#ff0000",
    "marker-symbol": "o"
  },
  {
    "rowid": 73436,
    "id": 44133,
    "source": "OA",
    "source_id": "2f3dfc468a75c0c8",
    "housenumber": 14,
    "lat": 52.5298116,
    "lon": 13.3315075,
    "parity": "R",
    "proj_lat": 52.528484,
    "proj_lon": 13.330964,
    "marker-color": "#ff0000",
    "marker-symbol": "e"
  },
  {
    "rowid": 73436,
    "id": 44133,
    "source": "OA",
    "source_id": "2f3dfc468a75c0c8",
    "housenumber": 14,
    "lat": 52.5298116,
    "lon": 13.3315075,
    "parity": "R",
    "proj_lat": 52.528484,
    "proj_lon": 13.330964,
    "marker-color": "#ff0000",
    "marker-symbol": "e"
  },
  {
    "rowid": 73437,
    "id": 44133,
    "source": "OA",
    "source_id": "836ee5d5656d83a2",
    "housenumber": 15,
    "lat": 52.5299492,
    "lon": 13.3315415,
    "parity": "R",
    "proj_lat": 52.528484,
    "proj_lon": 13.330964,
    "marker-color": "#ff0000",
    "marker-symbol": "o"
  },
  {
    "rowid": 73437,
    "id": 44133,
    "source": "OA",
    "source_id": "836ee5d5656d83a2",
    "housenumber": 15,
    "lat": 52.5299492,
    "lon": 13.3315415,
    "parity": "R",
    "proj_lat": 52.528484,
    "proj_lon": 13.330964,
    "marker-color": "#ff0000",
    "marker-symbol": "o"
  },
  {
    "rowid": 73438,
    "id": 44133,
    "source": "OA",
    "source_id": "a99c03c7a76c7757",
    "housenumber": 16,
    "lat": 52.5301229,
    "lon": 13.3315846,
    "parity": "R",
    "proj_lat": 52.528484,
    "proj_lon": 13.330964,
    "marker-color": "#ff0000",
    "marker-symbol": "e"
  },
  {
    "rowid": 73438,
    "id": 44133,
    "source": "OA",
    "source_id": "a99c03c7a76c7757",
    "housenumber": 16,
    "lat": 52.5301229,
    "lon": 13.3315846,
    "parity": "R",
    "proj_lat": 52.528484,
    "proj_lon": 13.330964,
    "marker-color": "#ff0000",
    "marker-symbol": "e"
  },
  {
    "rowid": 73439,
    "id": 44133,
    "source": "OA",
    "source_id": "84b0dc815e7582b4",
    "housenumber": 17,
    "lat": 52.5303155,
    "lon": 13.3316322,
    "parity": "R",
    "proj_lat": 52.528484,
    "proj_lon": 13.330964,
    "marker-color": "#ff0000",
    "marker-symbol": "o"
  },
  {
    "rowid": 73439,
    "id": 44133,
    "source": "OA",
    "source_id": "84b0dc815e7582b4",
    "housenumber": 17,
    "lat": 52.5303155,
    "lon": 13.3316322,
    "parity": "R",
    "proj_lat": 52.528484,
    "proj_lon": 13.330964,
    "marker-color": "#ff0000",
    "marker-symbol": "o"
  },
  {
    "rowid": 174100,
    "id": 44133,
    "source": "OA",
    "source_id": "05ab9287046bb20c",
    "housenumber": 18,
    "lat": 52.5304487,
    "lon": 13.3316646,
    "parity": "R",
    "proj_lat": 52.528484,
    "proj_lon": 13.330964,
    "marker-color": "#ff0000",
    "marker-symbol": "e"
  },
  {
    "rowid": 174100,
    "id": 44133,
    "source": "OA",
    "source_id": "05ab9287046bb20c",
    "housenumber": 18,
    "lat": 52.5304487,
    "lon": 13.3316646,
    "parity": "R",
    "proj_lat": 52.528484,
    "proj_lon": 13.330964,
    "marker-color": "#ff0000",
    "marker-symbol": "e"
  },
  {
    "rowid": 154592,
    "id": 44133,
    "source": "OA",
    "source_id": "99bc9a24abd1994c",
    "housenumber": 20,
    "lat": 52.5311582,
    "lon": 13.3318406,
    "parity": "R",
    "proj_lat": 52.528484,
    "proj_lon": 13.330964,
    "marker-color": "#ff0000",
    "marker-symbol": "e"
  },
  {
    "rowid": 154592,
    "id": 44133,
    "source": "OA",
    "source_id": "99bc9a24abd1994c",
    "housenumber": 20,
    "lat": 52.5311582,
    "lon": 13.3318406,
    "parity": "R",
    "proj_lat": 52.528484,
    "proj_lon": 13.330964,
    "marker-color": "#ff0000",
    "marker-symbol": "e"
  },
  {
    "rowid": 73440,
    "id": 44133,
    "source": "OA",
    "source_id": "e90694e07e24d23f",
    "housenumber": 23,
    "lat": 52.531563,
    "lon": 13.3319455,
    "parity": "R",
    "proj_lat": 52.528484,
    "proj_lon": 13.330964,
    "marker-color": "#ff0000",
    "marker-symbol": "o"
  },
  {
    "rowid": 73440,
    "id": 44133,
    "source": "OA",
    "source_id": "e90694e07e24d23f",
    "housenumber": 23,
    "lat": 52.531563,
    "lon": 13.3319455,
    "parity": "R",
    "proj_lat": 52.528484,
    "proj_lon": 13.330964,
    "marker-color": "#ff0000",
    "marker-symbol": "o"
  },
  {
    "rowid": 73441,
    "id": 44133,
    "source": "OA",
    "source_id": "8bb61f4158b8c54a",
    "housenumber": 24,
    "lat": 52.5318248,
    "lon": 13.3320054,
    "parity": "R",
    "proj_lat": 52.528484,
    "proj_lon": 13.330964,
    "marker-color": "#ff0000",
    "marker-symbol": "e"
  },
  {
    "rowid": 73441,
    "id": 44133,
    "source": "OA",
    "source_id": "8bb61f4158b8c54a",
    "housenumber": 24,
    "lat": 52.5318248,
    "lon": 13.3320054,
    "parity": "R",
    "proj_lat": 52.528484,
    "proj_lon": 13.330964,
    "marker-color": "#ff0000",
    "marker-symbol": "e"
  },
  {
    "rowid": 73442,
    "id": 44133,
    "source": "OA",
    "source_id": "6f87474894f6d097",
    "housenumber": 25,
    "lat": 52.5319659,
    "lon": 13.3320404,
    "parity": "R",
    "proj_lat": 52.528484,
    "proj_lon": 13.330964,
    "marker-color": "#ff0000",
    "marker-symbol": "o"
  },
  {
    "rowid": 73442,
    "id": 44133,
    "source": "OA",
    "source_id": "6f87474894f6d097",
    "housenumber": 25,
    "lat": 52.5319659,
    "lon": 13.3320404,
    "parity": "R",
    "proj_lat": 52.528484,
    "proj_lon": 13.330964,
    "marker-color": "#ff0000",
    "marker-symbol": "o"
  },
  {
    "rowid": 73443,
    "id": 44133,
    "source": "OA",
    "source_id": "261fbf20ce4d3f15",
    "housenumber": 26,
    "lat": 52.5320917,
    "lon": 13.3320712,
    "parity": "R",
    "proj_lat": 52.528484,
    "proj_lon": 13.330964,
    "marker-color": "#ff0000",
    "marker-symbol": "e"
  },
  {
    "rowid": 73443,
    "id": 44133,
    "source": "OA",
    "source_id": "261fbf20ce4d3f15",
    "housenumber": 26,
    "lat": 52.5320917,
    "lon": 13.3320712,
    "parity": "R",
    "proj_lat": 52.528484,
    "proj_lon": 13.330964,
    "marker-color": "#ff0000",
    "marker-symbol": "e"
  },
  {
    "rowid": 73444,
    "id": 44133,
    "source": "OA",
    "source_id": "379fe99554c008f6",
    "housenumber": 27,
    "lat": 52.5322596,
    "lon": 13.3321103,
    "parity": "R",
    "proj_lat": 52.528484,
    "proj_lon": 13.330964,
    "marker-color": "#ff0000",
    "marker-symbol": "o"
  },
  {
    "rowid": 73444,
    "id": 44133,
    "source": "OA",
    "source_id": "379fe99554c008f6",
    "housenumber": 27,
    "lat": 52.5322596,
    "lon": 13.3321103,
    "parity": "R",
    "proj_lat": 52.528484,
    "proj_lon": 13.330964,
    "marker-color": "#ff0000",
    "marker-symbol": "o"
  },
  {
    "rowid": 73445,
    "id": 44133,
    "source": "OA",
    "source_id": "086b2925629c0e38",
    "housenumber": 28,
    "lat": 52.5323813,
    "lon": 13.3321427,
    "parity": "R",
    "proj_lat": 52.528484,
    "proj_lon": 13.330964,
    "marker-color": "#ff0000",
    "marker-symbol": "e"
  },
  {
    "rowid": 73445,
    "id": 44133,
    "source": "OA",
    "source_id": "086b2925629c0e38",
    "housenumber": 28,
    "lat": 52.5323813,
    "lon": 13.3321427,
    "parity": "R",
    "proj_lat": 52.528484,
    "proj_lon": 13.330964,
    "marker-color": "#ff0000",
    "marker-symbol": "e"
  },
  {
    "rowid": 73446,
    "id": 44133,
    "source": "OA",
    "source_id": "601cc9b711b1a292",
    "housenumber": 29,
    "lat": 52.5325357,
    "lon": 13.3321809,
    "parity": "R",
    "proj_lat": 52.528484,
    "proj_lon": 13.330964,
    "marker-color": "#ff0000",
    "marker-symbol": "o"
  },
  {
    "rowid": 73446,
    "id": 44133,
    "source": "OA",
    "source_id": "601cc9b711b1a292",
    "housenumber": 29,
    "lat": 52.5325357,
    "lon": 13.3321809,
    "parity": "R",
    "proj_lat": 52.528484,
    "proj_lon": 13.330964,
    "marker-color": "#ff0000",
    "marker-symbol": "o"
  },
  {
    "rowid": 73447,
    "id": 44133,
    "source": "OA",
    "source_id": "e102f60c8c471776",
    "housenumber": 30,
    "lat": 52.5325357,
    "lon": 13.3315788,
    "parity": "R",
    "proj_lat": 52.528506,
    "proj_lon": 13.33076,
    "marker-color": "#ff0000",
    "marker-symbol": "e"
  },
  {
    "rowid": 73447,
    "id": 44133,
    "source": "OA",
    "source_id": "e102f60c8c471776",
    "housenumber": 30,
    "lat": 52.5325357,
    "lon": 13.3315788,
    "parity": "R",
    "proj_lat": 52.528506,
    "proj_lon": 13.33076,
    "marker-color": "#ff0000",
    "marker-symbol": "e"
  },
  {
    "rowid": 73448,
    "id": 44133,
    "source": "OA",
    "source_id": "96f8677ce217d21d",
    "housenumber": 31,
    "lat": 52.5323868,
    "lon": 13.331542,
    "parity": "R",
    "proj_lat": 52.528506,
    "proj_lon": 13.33076,
    "marker-color": "#ff0000",
    "marker-symbol": "o"
  },
  {
    "rowid": 73448,
    "id": 44133,
    "source": "OA",
    "source_id": "96f8677ce217d21d",
    "housenumber": 31,
    "lat": 52.5323868,
    "lon": 13.331542,
    "parity": "R",
    "proj_lat": 52.528506,
    "proj_lon": 13.33076,
    "marker-color": "#ff0000",
    "marker-symbol": "o"
  },
  {
    "rowid": 73449,
    "id": 44133,
    "source": "OA",
    "source_id": "fb47d80f9c62ad42",
    "housenumber": 32,
    "lat": 52.5322587,
    "lon": 13.3315104,
    "parity": "R",
    "proj_lat": 52.528506,
    "proj_lon": 13.33076,
    "marker-color": "#ff0000",
    "marker-symbol": "e"
  },
  {
    "rowid": 73449,
    "id": 44133,
    "source": "OA",
    "source_id": "fb47d80f9c62ad42",
    "housenumber": 32,
    "lat": 52.5322587,
    "lon": 13.3315104,
    "parity": "R",
    "proj_lat": 52.528506,
    "proj_lon": 13.33076,
    "marker-color": "#ff0000",
    "marker-symbol": "e"
  },
  {
    "rowid": 73450,
    "id": 44133,
    "source": "OA",
    "source_id": "9fe63b13a6628717",
    "housenumber": 33,
    "lat": 52.5321343,
    "lon": 13.3314552,
    "parity": "R",
    "proj_lat": 52.528506,
    "proj_lon": 13.33076,
    "marker-color": "#ff0000",
    "marker-symbol": "o"
  },
  {
    "rowid": 73450,
    "id": 44133,
    "source": "OA",
    "source_id": "9fe63b13a6628717",
    "housenumber": 33,
    "lat": 52.5321343,
    "lon": 13.3314552,
    "parity": "R",
    "proj_lat": 52.528506,
    "proj_lon": 13.33076,
    "marker-color": "#ff0000",
    "marker-symbol": "o"
  },
  {
    "rowid": 73451,
    "id": 44133,
    "source": "OA",
    "source_id": "10eec59b67868f7d",
    "housenumber": 33.03,
    "lat": 52.5320231,
    "lon": 13.3310288,
    "parity": "R",
    "proj_lat": 52.528506,
    "proj_lon": 13.33076,
    "marker-color": "#ff0000",
    "marker-symbol": "o"
  },
  {
    "rowid": 73451,
    "id": 44133,
    "source": "OA",
    "source_id": "10eec59b67868f7d",
    "housenumber": 33.03,
    "lat": 52.5320231,
    "lon": 13.3310288,
    "parity": "R",
    "proj_lat": 52.528506,
    "proj_lon": 13.33076,
    "marker-color": "#ff0000",
    "marker-symbol": "o"
  },
  {
    "rowid": 73452,
    "id": 44133,
    "source": "OA",
    "source_id": "b5d54c150888ccb4",
    "housenumber": 33.06,
    "lat": 52.5320191,
    "lon": 13.3307862,
    "parity": "R",
    "proj_lat": 52.528506,
    "proj_lon": 13.33076,
    "marker-color": "#ff0000",
    "marker-symbol": "o"
  },
  {
    "rowid": 73452,
    "id": 44133,
    "source": "OA",
    "source_id": "b5d54c150888ccb4",
    "housenumber": 33.06,
    "lat": 52.5320191,
    "lon": 13.3307862,
    "parity": "R",
    "proj_lat": 52.528506,
    "proj_lon": 13.33076,
    "marker-color": "#ff0000",
    "marker-symbol": "o"
  },
  {
    "rowid": 73453,
    "id": 44133,
    "source": "OA",
    "source_id": "19818ddeb07fb638",
    "housenumber": 33.09,
    "lat": 52.5320559,
    "lon": 13.3304439,
    "parity": "R",
    "proj_lat": 52.528506,
    "proj_lon": 13.33076,
    "marker-color": "#ff0000",
    "marker-symbol": "o"
  },
  {
    "rowid": 73453,
    "id": 44133,
    "source": "OA",
    "source_id": "19818ddeb07fb638",
    "housenumber": 33.09,
    "lat": 52.5320559,
    "lon": 13.3304439,
    "parity": "R",
    "proj_lat": 52.528506,
    "proj_lon": 13.33076,
    "marker-color": "#ff0000",
    "marker-symbol": "o"
  },
  {
    "rowid": 73454,
    "id": 44133,
    "source": "OA",
    "source_id": "8ae73fc97edf5029",
    "housenumber": 33.12,
    "lat": 52.5320957,
    "lon": 13.3301873,
    "parity": "R",
    "proj_lat": 52.528506,
    "proj_lon": 13.33076,
    "marker-color": "#ff0000",
    "marker-symbol": "o"
  },
  {
    "rowid": 73454,
    "id": 44133,
    "source": "OA",
    "source_id": "8ae73fc97edf5029",
    "housenumber": 33.12,
    "lat": 52.5320957,
    "lon": 13.3301873,
    "parity": "R",
    "proj_lat": 52.528506,
    "proj_lon": 13.33076,
    "marker-color": "#ff0000",
    "marker-symbol": "o"
  },
  {
    "rowid": 73455,
    "id": 44133,
    "source": "OA",
    "source_id": "01106aa325dcc0c4",
    "housenumber": 33.15,
    "lat": 52.5321325,
    "lon": 13.3299257,
    "parity": "R",
    "proj_lat": 52.528506,
    "proj_lon": 13.33076,
    "marker-color": "#ff0000",
    "marker-symbol": "o"
  },
  {
    "rowid": 73455,
    "id": 44133,
    "source": "OA",
    "source_id": "01106aa325dcc0c4",
    "housenumber": 33.15,
    "lat": 52.5321325,
    "lon": 13.3299257,
    "parity": "R",
    "proj_lat": 52.528506,
    "proj_lon": 13.33076,
    "marker-color": "#ff0000",
    "marker-symbol": "o"
  },
  {
    "rowid": 73456,
    "id": 44133,
    "source": "OA",
    "source_id": "3e1adc9f3fc18a9d",
    "housenumber": 34,
    "lat": 52.5319797,
    "lon": 13.3313659,
    "parity": "R",
    "proj_lat": 52.528506,
    "proj_lon": 13.33076,
    "marker-color": "#ff0000",
    "marker-symbol": "e"
  },
  {
    "rowid": 73456,
    "id": 44133,
    "source": "OA",
    "source_id": "3e1adc9f3fc18a9d",
    "housenumber": 34,
    "lat": 52.5319797,
    "lon": 13.3313659,
    "parity": "R",
    "proj_lat": 52.528506,
    "proj_lon": 13.33076,
    "marker-color": "#ff0000",
    "marker-symbol": "e"
  },
  {
    "rowid": 73457,
    "id": 44133,
    "source": "OA",
    "source_id": "c9a1b6ca7f9f514f",
    "housenumber": 35,
    "lat": 52.5318637,
    "lon": 13.331355,
    "parity": "R",
    "proj_lat": 52.528506,
    "proj_lon": 13.33076,
    "marker-color": "#ff0000",
    "marker-symbol": "o"
  },
  {
    "rowid": 73457,
    "id": 44133,
    "source": "OA",
    "source_id": "c9a1b6ca7f9f514f",
    "housenumber": 35,
    "lat": 52.5318637,
    "lon": 13.331355,
    "parity": "R",
    "proj_lat": 52.528506,
    "proj_lon": 13.33076,
    "marker-color": "#ff0000",
    "marker-symbol": "o"
  },
  {
    "rowid": 73458,
    "id": 44133,
    "source": "OA",
    "source_id": "a8b708c0694de74c",
    "housenumber": 36,
    "lat": 52.5317387,
    "lon": 13.3313228,
    "parity": "R",
    "proj_lat": 52.528506,
    "proj_lon": 13.33076,
    "marker-color": "#ff0000",
    "marker-symbol": "e"
  },
  {
    "rowid": 73458,
    "id": 44133,
    "source": "OA",
    "source_id": "a8b708c0694de74c",
    "housenumber": 36,
    "lat": 52.5317387,
    "lon": 13.3313228,
    "parity": "R",
    "proj_lat": 52.528506,
    "proj_lon": 13.33076,
    "marker-color": "#ff0000",
    "marker-symbol": "e"
  },
  {
    "rowid": 73459,
    "id": 44133,
    "source": "OA",
    "source_id": "ec7e6c85f0f481ec",
    "housenumber": 37,
    "lat": 52.531636,
    "lon": 13.3313535,
    "parity": "R",
    "proj_lat": 52.528506,
    "proj_lon": 13.33076,
    "marker-color": "#ff0000",
    "marker-symbol": "o"
  },
  {
    "rowid": 73459,
    "id": 44133,
    "source": "OA",
    "source_id": "ec7e6c85f0f481ec",
    "housenumber": 37,
    "lat": 52.531636,
    "lon": 13.3313535,
    "parity": "R",
    "proj_lat": 52.528506,
    "proj_lon": 13.33076,
    "marker-color": "#ff0000",
    "marker-symbol": "o"
  },
  {
    "rowid": 73460,
    "id": 44133,
    "source": "OA",
    "source_id": "13d38a4d304d4dcc",
    "housenumber": 38,
    "lat": 52.5314251,
    "lon": 13.3313046,
    "parity": "R",
    "proj_lat": 52.528506,
    "proj_lon": 13.33076,
    "marker-color": "#ff0000",
    "marker-symbol": "e"
  },
  {
    "rowid": 73460,
    "id": 44133,
    "source": "OA",
    "source_id": "13d38a4d304d4dcc",
    "housenumber": 38,
    "lat": 52.5314251,
    "lon": 13.3313046,
    "parity": "R",
    "proj_lat": 52.528506,
    "proj_lon": 13.33076,
    "marker-color": "#ff0000",
    "marker-symbol": "e"
  },
  {
    "rowid": 73461,
    "id": 44133,
    "source": "OA",
    "source_id": "700eb08567b9face",
    "housenumber": 39,
    "lat": 52.5312693,
    "lon": 13.3312661,
    "parity": "R",
    "proj_lat": 52.528506,
    "proj_lon": 13.33076,
    "marker-color": "#ff0000",
    "marker-symbol": "o"
  },
  {
    "rowid": 73461,
    "id": 44133,
    "source": "OA",
    "source_id": "700eb08567b9face",
    "housenumber": 39,
    "lat": 52.5312693,
    "lon": 13.3312661,
    "parity": "R",
    "proj_lat": 52.528506,
    "proj_lon": 13.33076,
    "marker-color": "#ff0000",
    "marker-symbol": "o"
  },
  {
    "rowid": 73462,
    "id": 44133,
    "source": "OA",
    "source_id": "ded81e1ddf9b3921",
    "housenumber": 40,
    "lat": 52.5310788,
    "lon": 13.3312191,
    "parity": "R",
    "proj_lat": 52.528506,
    "proj_lon": 13.33076,
    "marker-color": "#ff0000",
    "marker-symbol": "e"
  },
  {
    "rowid": 73462,
    "id": 44133,
    "source": "OA",
    "source_id": "ded81e1ddf9b3921",
    "housenumber": 40,
    "lat": 52.5310788,
    "lon": 13.3312191,
    "parity": "R",
    "proj_lat": 52.528506,
    "proj_lon": 13.33076,
    "marker-color": "#ff0000",
    "marker-symbol": "e"
  },
  {
    "rowid": 73463,
    "id": 44133,
    "source": "OA",
    "source_id": "f22bc1729a93f686",
    "housenumber": 41,
    "lat": 52.5306898,
    "lon": 13.331123,
    "parity": "R",
    "proj_lat": 52.528506,
    "proj_lon": 13.33076,
    "marker-color": "#ff0000",
    "marker-symbol": "o"
  },
  {
    "rowid": 73463,
    "id": 44133,
    "source": "OA",
    "source_id": "f22bc1729a93f686",
    "housenumber": 41,
    "lat": 52.5306898,
    "lon": 13.331123,
    "parity": "R",
    "proj_lat": 52.528506,
    "proj_lon": 13.33076,
    "marker-color": "#ff0000",
    "marker-symbol": "o"
  },
  {
    "rowid": 73464,
    "id": 44133,
    "source": "OA",
    "source_id": "29ea089a13fe920c",
    "housenumber": 42,
    "lat": 52.5305532,
    "lon": 13.3310892,
    "parity": "R",
    "proj_lat": 52.528506,
    "proj_lon": 13.33076,
    "marker-color": "#ff0000",
    "marker-symbol": "e"
  },
  {
    "rowid": 73464,
    "id": 44133,
    "source": "OA",
    "source_id": "29ea089a13fe920c",
    "housenumber": 42,
    "lat": 52.5305532,
    "lon": 13.3310892,
    "parity": "R",
    "proj_lat": 52.528506,
    "proj_lon": 13.33076,
    "marker-color": "#ff0000",
    "marker-symbol": "e"
  },
  {
    "rowid": 73465,
    "id": 44133,
    "source": "OA",
    "source_id": "384e987db87d9c14",
    "housenumber": 42.03,
    "lat": 52.5304679,
    "lon": 13.331068,
    "parity": "R",
    "proj_lat": 52.528506,
    "proj_lon": 13.33076,
    "marker-color": "#ff0000",
    "marker-symbol": "e"
  },
  {
    "rowid": 73465,
    "id": 44133,
    "source": "OA",
    "source_id": "384e987db87d9c14",
    "housenumber": 42.03,
    "lat": 52.5304679,
    "lon": 13.331068,
    "parity": "R",
    "proj_lat": 52.528506,
    "proj_lon": 13.33076,
    "marker-color": "#ff0000",
    "marker-symbol": "e"
  },
  {
    "rowid": 73466,
    "id": 44133,
    "source": "OA",
    "source_id": "486ba5e2535a5f94",
    "housenumber": 43,
    "lat": 52.5303725,
    "lon": 13.3310444,
    "parity": "R",
    "proj_lat": 52.528506,
    "proj_lon": 13.33076,
    "marker-color": "#ff0000",
    "marker-symbol": "o"
  },
  {
    "rowid": 73466,
    "id": 44133,
    "source": "OA",
    "source_id": "486ba5e2535a5f94",
    "housenumber": 43,
    "lat": 52.5303725,
    "lon": 13.3310444,
    "parity": "R",
    "proj_lat": 52.528506,
    "proj_lon": 13.33076,
    "marker-color": "#ff0000",
    "marker-symbol": "o"
  },
  {
    "rowid": 73467,
    "id": 44133,
    "source": "OA",
    "source_id": "7cebc03301d3a015",
    "housenumber": 43.03,
    "lat": 52.5302656,
    "lon": 13.3310176,
    "parity": "R",
    "proj_lat": 52.528506,
    "proj_lon": 13.33076,
    "marker-color": "#ff0000",
    "marker-symbol": "o"
  },
  {
    "rowid": 73467,
    "id": 44133,
    "source": "OA",
    "source_id": "7cebc03301d3a015",
    "housenumber": 43.03,
    "lat": 52.5302656,
    "lon": 13.3310176,
    "parity": "R",
    "proj_lat": 52.528506,
    "proj_lon": 13.33076,
    "marker-color": "#ff0000",
    "marker-symbol": "o"
  },
  {
    "rowid": 73468,
    "id": 44133,
    "source": "OA",
    "source_id": "e8898df86d9042d3",
    "housenumber": 44,
    "lat": 52.5301491,
    "lon": 13.3309925,
    "parity": "R",
    "proj_lat": 52.528506,
    "proj_lon": 13.33076,
    "marker-color": "#ff0000",
    "marker-symbol": "e"
  },
  {
    "rowid": 73468,
    "id": 44133,
    "source": "OA",
    "source_id": "e8898df86d9042d3",
    "housenumber": 44,
    "lat": 52.5301491,
    "lon": 13.3309925,
    "parity": "R",
    "proj_lat": 52.528506,
    "proj_lon": 13.33076,
    "marker-color": "#ff0000",
    "marker-symbol": "e"
  },
  {
    "rowid": 73469,
    "id": 44133,
    "source": "OA",
    "source_id": "b29f2fdad62fb583",
    "housenumber": 44.03,
    "lat": 52.5300428,
    "lon": 13.3309628,
    "parity": "R",
    "proj_lat": 52.528506,
    "proj_lon": 13.33076,
    "marker-color": "#ff0000",
    "marker-symbol": "e"
  },
  {
    "rowid": 73469,
    "id": 44133,
    "source": "OA",
    "source_id": "b29f2fdad62fb583",
    "housenumber": 44.03,
    "lat": 52.5300428,
    "lon": 13.3309628,
    "parity": "R",
    "proj_lat": 52.528506,
    "proj_lon": 13.33076,
    "marker-color": "#ff0000",
    "marker-symbol": "e"
  },
  {
    "rowid": 73470,
    "id": 44133,
    "source": "OA",
    "source_id": "0ab222f7d5202cc8",
    "housenumber": 45,
    "lat": 52.529907,
    "lon": 13.3309291,
    "parity": "R",
    "proj_lat": 52.528506,
    "proj_lon": 13.33076,
    "marker-color": "#ff0000",
    "marker-symbol": "o"
  },
  {
    "rowid": 73470,
    "id": 44133,
    "source": "OA",
    "source_id": "0ab222f7d5202cc8",
    "housenumber": 45,
    "lat": 52.529907,
    "lon": 13.3309291,
    "parity": "R",
    "proj_lat": 52.528506,
    "proj_lon": 13.33076,
    "marker-color": "#ff0000",
    "marker-symbol": "o"
  },
  {
    "rowid": 73471,
    "id": 44133,
    "source": "OA",
    "source_id": "0827abc0994d8ab8",
    "housenumber": 46,
    "lat": 52.5297821,
    "lon": 13.3308982,
    "parity": "R",
    "proj_lat": 52.528506,
    "proj_lon": 13.33076,
    "marker-color": "#ff0000",
    "marker-symbol": "e"
  },
  {
    "rowid": 73471,
    "id": 44133,
    "source": "OA",
    "source_id": "0827abc0994d8ab8",
    "housenumber": 46,
    "lat": 52.5297821,
    "lon": 13.3308982,
    "parity": "R",
    "proj_lat": 52.528506,
    "proj_lon": 13.33076,
    "marker-color": "#ff0000",
    "marker-symbol": "e"
  },
  {
    "rowid": 73472,
    "id": 44133,
    "source": "OA",
    "source_id": "1a5dc1d64b9a625f",
    "housenumber": 47,
    "lat": 52.5296027,
    "lon": 13.3308538,
    "parity": "R",
    "proj_lat": 52.528506,
    "proj_lon": 13.33076,
    "marker-color": "#ff0000",
    "marker-symbol": "o"
  },
  {
    "rowid": 73472,
    "id": 44133,
    "source": "OA",
    "source_id": "1a5dc1d64b9a625f",
    "housenumber": 47,
    "lat": 52.5296027,
    "lon": 13.3308538,
    "parity": "R",
    "proj_lat": 52.528506,
    "proj_lon": 13.33076,
    "marker-color": "#ff0000",
    "marker-symbol": "o"
  },
  {
    "rowid": 73473,
    "id": 44133,
    "source": "OA",
    "source_id": "4cafc208de6eb854",
    "housenumber": 48,
    "lat": 52.5294646,
    "lon": 13.3308196,
    "parity": "R",
    "proj_lat": 52.528506,
    "proj_lon": 13.33076,
    "marker-color": "#ff0000",
    "marker-symbol": "e"
  },
  {
    "rowid": 73473,
    "id": 44133,
    "source": "OA",
    "source_id": "4cafc208de6eb854",
    "housenumber": 48,
    "lat": 52.5294646,
    "lon": 13.3308196,
    "parity": "R",
    "proj_lat": 52.528506,
    "proj_lon": 13.33076,
    "marker-color": "#ff0000",
    "marker-symbol": "e"
  },
  {
    "rowid": 73474,
    "id": 44133,
    "source": "OA",
    "source_id": "14bcd0fb16367834",
    "housenumber": 49,
    "lat": 52.5293684,
    "lon": 13.3307704,
    "parity": "R",
    "proj_lat": 52.528506,
    "proj_lon": 13.33076,
    "marker-color": "#ff0000",
    "marker-symbol": "o"
  },
  {
    "rowid": 73474,
    "id": 44133,
    "source": "OA",
    "source_id": "14bcd0fb16367834",
    "housenumber": 49,
    "lat": 52.5293684,
    "lon": 13.3307704,
    "parity": "R",
    "proj_lat": 52.528506,
    "proj_lon": 13.33076,
    "marker-color": "#ff0000",
    "marker-symbol": "o"
  },
  {
    "rowid": 73475,
    "id": 44133,
    "source": "OA",
    "source_id": "1d347c3871095cc2",
    "housenumber": 50,
    "lat": 52.529252,
    "lon": 13.3307669,
    "parity": "R",
    "proj_lat": 52.528506,
    "proj_lon": 13.33076,
    "marker-color": "#ff0000",
    "marker-symbol": "e"
  },
  {
    "rowid": 73475,
    "id": 44133,
    "source": "OA",
    "source_id": "1d347c3871095cc2",
    "housenumber": 50,
    "lat": 52.529252,
    "lon": 13.3307669,
    "parity": "R",
    "proj_lat": 52.528506,
    "proj_lon": 13.33076,
    "marker-color": "#ff0000",
    "marker-symbol": "e"
  },
  {
    "rowid": 73476,
    "id": 44133,
    "source": "OA",
    "source_id": "59c69d48e30611ea",
    "housenumber": 51,
    "lat": 52.5290588,
    "lon": 13.330719,
    "parity": "R",
    "proj_lat": 52.528506,
    "proj_lon": 13.33076,
    "marker-color": "#ff0000",
    "marker-symbol": "o"
  },
  {
    "rowid": 73476,
    "id": 44133,
    "source": "OA",
    "source_id": "59c69d48e30611ea",
    "housenumber": 51,
    "lat": 52.5290588,
    "lon": 13.330719,
    "parity": "R",
    "proj_lat": 52.528506,
    "proj_lon": 13.33076,
    "marker-color": "#ff0000",
    "marker-symbol": "o"
  },
  {
    "rowid": 73477,
    "id": 44133,
    "source": "OA",
    "source_id": "1df6f47eef661866",
    "housenumber": 52,
    "lat": 52.5290588,
    "lon": 13.330719,
    "parity": "R",
    "proj_lat": 52.528506,
    "proj_lon": 13.33076,
    "marker-color": "#ff0000",
    "marker-symbol": "e"
  },
  {
    "rowid": 73477,
    "id": 44133,
    "source": "OA",
    "source_id": "1df6f47eef661866",
    "housenumber": 52,
    "lat": 52.5290588,
    "lon": 13.330719,
    "parity": "R",
    "proj_lat": 52.528506,
    "proj_lon": 13.33076,
    "marker-color": "#ff0000",
    "marker-symbol": "e"
  },
  {
    "rowid": 73478,
    "id": 44133,
    "source": "OA",
    "source_id": "2b08dcef6158f384",
    "housenumber": 53,
    "lat": 52.5288939,
    "lon": 13.3306782,
    "parity": "R",
    "proj_lat": 52.528506,
    "proj_lon": 13.33076,
    "marker-color": "#ff0000",
    "marker-symbol": "o"
  },
  {
    "rowid": 73478,
    "id": 44133,
    "source": "OA",
    "source_id": "2b08dcef6158f384",
    "housenumber": 53,
    "lat": 52.5288939,
    "lon": 13.3306782,
    "parity": "R",
    "proj_lat": 52.528506,
    "proj_lon": 13.33076,
    "marker-color": "#ff0000",
    "marker-symbol": "o"
  },
  {
    "rowid": 73479,
    "id": 44133,
    "source": "OA",
    "source_id": "73fa2b919c2c17ed",
    "housenumber": 54,
    "lat": 52.5287246,
    "lon": 13.3306374,
    "parity": "R",
    "proj_lat": 52.528506,
    "proj_lon": 13.33076,
    "marker-color": "#ff0000",
    "marker-symbol": "e"
  },
  {
    "rowid": 73479,
    "id": 44133,
    "source": "OA",
    "source_id": "73fa2b919c2c17ed",
    "housenumber": 54,
    "lat": 52.5287246,
    "lon": 13.3306374,
    "parity": "R",
    "proj_lat": 52.528506,
    "proj_lon": 13.33076,
    "marker-color": "#ff0000",
    "marker-symbol": "e"
  },
  {
    "rowid": 73480,
    "id": 44133,
    "source": "OA",
    "source_id": "5e916556ab22b04b",
    "housenumber": 55,
    "lat": 52.5285183,
    "lon": 13.3305852,
    "parity": "R",
    "proj_lat": 52.528501385123825,
    "proj_lon": 13.330758784972215,
    "marker-color": "#ff0000",
    "marker-symbol": "o"
  },
  {
    "rowid": 73480,
    "id": 44133,
    "source": "OA",
    "source_id": "5e916556ab22b04b",
    "housenumber": 55,
    "lat": 52.5285183,
    "lon": 13.3305852,
    "parity": "R",
    "proj_lat": 52.528501385123825,
    "proj_lon": 13.330758784972215,
    "marker-color": "#ff0000",
    "marker-symbol": "o"
  },
  {
    "rowid": 73481,
    "id": 44133,
    "source": "OA",
    "source_id": "3ce227b4fd1ba5b4",
    "housenumber": 55.03,
    "lat": 52.5283326,
    "lon": 13.3305392,
    "parity": "R",
    "proj_lat": 52.52831595974932,
    "proj_lon": 13.330709965248008,
    "marker-color": "#ff0000",
    "marker-symbol": "o"
  },
  {
    "rowid": 73481,
    "id": 44133,
    "source": "OA",
    "source_id": "3ce227b4fd1ba5b4",
    "housenumber": 55.03,
    "lat": 52.5283326,
    "lon": 13.3305392,
    "parity": "R",
    "proj_lat": 52.52831595974932,
    "proj_lon": 13.330709965248008,
    "marker-color": "#ff0000",
    "marker-symbol": "o"
  },
  {
    "rowid": 73482,
    "id": 44133,
    "source": "OA",
    "source_id": "9ac7c133e0d62a97",
    "housenumber": 56,
    "lat": 52.528156,
    "lon": 13.3304954,
    "parity": "R",
    "proj_lat": 52.528139615774414,
    "proj_lon": 13.330663536520316,
    "marker-color": "#ff0000",
    "marker-symbol": "e"
  },
  {
    "rowid": 73482,
    "id": 44133,
    "source": "OA",
    "source_id": "9ac7c133e0d62a97",
    "housenumber": 56,
    "lat": 52.528156,
    "lon": 13.3304954,
    "parity": "R",
    "proj_lat": 52.528139615774414,
    "proj_lon": 13.330663536520316,
    "marker-color": "#ff0000",
    "marker-symbol": "e"
  },
  {
    "rowid": 73483,
    "id": 44133,
    "source": "OA",
    "source_id": "f91b7780ccc2cad4",
    "housenumber": 57,
    "lat": 52.5280015,
    "lon": 13.3304571,
    "parity": "R",
    "proj_lat": 52.527985341549545,
    "proj_lon": 13.330622918427295,
    "marker-color": "#ff0000",
    "marker-symbol": "o"
  },
  {
    "rowid": 73483,
    "id": 44133,
    "source": "OA",
    "source_id": "f91b7780ccc2cad4",
    "housenumber": 57,
    "lat": 52.5280015,
    "lon": 13.3304571,
    "parity": "R",
    "proj_lat": 52.527985341549545,
    "proj_lon": 13.330622918427295,
    "marker-color": "#ff0000",
    "marker-symbol": "o"
  },
  {
    "rowid": 73484,
    "id": 44133,
    "source": "OA",
    "source_id": "2ae202f81d74e5c9",
    "housenumber": 58,
    "lat": 52.527852,
    "lon": 13.3304201,
    "parity": "R",
    "proj_lat": 52.527836065770764,
    "proj_lon": 13.330583616350273,
    "marker-color": "#ff0000",
    "marker-symbol": "e"
  },
  {
    "rowid": 73484,
    "id": 44133,
    "source": "OA",
    "source_id": "2ae202f81d74e5c9",
    "housenumber": 58,
    "lat": 52.527852,
    "lon": 13.3304201,
    "parity": "R",
    "proj_lat": 52.527836065770764,
    "proj_lon": 13.330583616350273,
    "marker-color": "#ff0000",
    "marker-symbol": "e"
  },
  {
    "rowid": 73485,
    "id": 44133,
    "source": "OA",
    "source_id": "d0db5ba4dbb628f7",
    "housenumber": 59,
    "lat": 52.5277301,
    "lon": 13.33039,
    "parity": "R",
    "proj_lat": 52.527714355177125,
    "proj_lon": 13.330551571773688,
    "marker-color": "#ff0000",
    "marker-symbol": "o"
  },
  {
    "rowid": 73485,
    "id": 44133,
    "source": "OA",
    "source_id": "d0db5ba4dbb628f7",
    "housenumber": 59,
    "lat": 52.5277301,
    "lon": 13.33039,
    "parity": "R",
    "proj_lat": 52.527714355177125,
    "proj_lon": 13.330551571773688,
    "marker-color": "#ff0000",
    "marker-symbol": "o"
  },
  {
    "rowid": 73486,
    "id": 44133,
    "source": "OA",
    "source_id": "d8a5d851b5b42d4d",
    "housenumber": 60,
    "lat": 52.527601,
    "lon": 13.330358,
    "parity": "R",
    "proj_lat": 52.527585444167485,
    "proj_lon": 13.330517631435399,
    "marker-color": "#ff0000",
    "marker-symbol": "e"
  },
  {
    "rowid": 73486,
    "id": 44133,
    "source": "OA",
    "source_id": "d8a5d851b5b42d4d",
    "housenumber": 60,
    "lat": 52.527601,
    "lon": 13.330358,
    "parity": "R",
    "proj_lat": 52.527585444167485,
    "proj_lon": 13.330517631435399,
    "marker-color": "#ff0000",
    "marker-symbol": "e"
  },
  {
    "rowid": 73487,
    "id": 44133,
    "source": "OA",
    "source_id": "7188976e3a18413d",
    "housenumber": 61,
    "lat": 52.5274982,
    "lon": 13.3303324,
    "parity": "R",
    "proj_lat": 52.52748278335444,
    "proj_lon": 13.330490602380758,
    "marker-color": "#ff0000",
    "marker-symbol": "o"
  },
  {
    "rowid": 73487,
    "id": 44133,
    "source": "OA",
    "source_id": "7188976e3a18413d",
    "housenumber": 61,
    "lat": 52.5274982,
    "lon": 13.3303324,
    "parity": "R",
    "proj_lat": 52.52748278335444,
    "proj_lon": 13.330490602380758,
    "marker-color": "#ff0000",
    "marker-symbol": "o"
  }
]
