[
  {
    "rowid": 49873,
    "id": 26639,
    "source": "OA",
    "source_id": "a6025e91282f9dde",
    "housenumber": 201,
    "lat": 52.4300187,
    "lon": 13.4780256,
    "parity": "R",
    "proj_lat": 52.429911625774146,
    "proj_lon": 13.477775680334627,
    "marker-color": "#ff0000",
    "marker-symbol": "o"
  },
  {
    "rowid": 49873,
    "id": 26639,
    "source": "OA",
    "source_id": "a6025e91282f9dde",
    "housenumber": 201,
    "lat": 52.4300187,
    "lon": 13.4780256,
    "parity": "R",
    "proj_lat": 52.429911625774146,
    "proj_lon": 13.477775680334627,
    "marker-color": "#ff0000",
    "marker-symbol": "o"
  },
  {
    "rowid": 160833,
    "id": 26638,
    "source": "OA",
    "source_id": "214510bbb5887871",
    "housenumber": 202,
    "lat": 52.4298714,
    "lon": 13.4771554,
    "parity": "R",
    "proj_lat": 52.43000283448504,
    "proj_lon": 13.477422354330631,
    "marker-color": "#ff0000",
    "marker-symbol": "e"
  },
  {
    "rowid": 160833,
    "id": 26638,
    "source": "OA",
    "source_id": "214510bbb5887871",
    "housenumber": 202,
    "lat": 52.4298714,
    "lon": 13.4771554,
    "parity": "R",
    "proj_lat": 52.43000283448504,
    "proj_lon": 13.477422354330631,
    "marker-color": "#ff0000",
    "marker-symbol": "e"
  },
  {
    "rowid": 160834,
    "id": 26638,
    "source": "OA",
    "source_id": "9e5b0844088e9ab9",
    "housenumber": 202.03,
    "lat": 52.4298129,
    "lon": 13.4772263,
    "parity": "R",
    "proj_lat": 52.429935147289164,
    "proj_lon": 13.477504475351129,
    "marker-color": "#ff0000",
    "marker-symbol": "e"
  },
  {
    "rowid": 160834,
    "id": 26638,
    "source": "OA",
    "source_id": "9e5b0844088e9ab9",
    "housenumber": 202.03,
    "lat": 52.4298129,
    "lon": 13.4772263,
    "parity": "R",
    "proj_lat": 52.429935147289164,
    "proj_lon": 13.477504475351129,
    "marker-color": "#ff0000",
    "marker-symbol": "e"
  },
  {
    "rowid": 49874,
    "id": 26639,
    "source": "OA",
    "source_id": "27b5ba9ab4ab2bc8",
    "housenumber": 205,
    "lat": 52.4297722,
    "lon": 13.478287,
    "parity": "R",
    "proj_lat": 52.42966146637385,
    "proj_lon": 13.478068752577942,
    "marker-color": "#ff0000",
    "marker-symbol": "o"
  },
  {
    "rowid": 49874,
    "id": 26639,
    "source": "OA",
    "source_id": "27b5ba9ab4ab2bc8",
    "housenumber": 205,
    "lat": 52.4297722,
    "lon": 13.478287,
    "parity": "R",
    "proj_lat": 52.42966146637385,
    "proj_lon": 13.478068752577942,
    "marker-color": "#ff0000",
    "marker-symbol": "o"
  },
  {
    "rowid": 49875,
    "id": 26638,
    "source": "OA",
    "source_id": "dbbe4ef6f873c0ae",
    "housenumber": 206,
    "lat": 52.4296205,
    "lon": 13.4774556,
    "parity": "R",
    "proj_lat": 52.429742206958906,
    "proj_lon": 13.477732543404557,
    "marker-color": "#ff0000",
    "marker-symbol": "e"
  },
  {
    "rowid": 49875,
    "id": 26638,
    "source": "OA",
    "source_id": "dbbe4ef6f873c0ae",
    "housenumber": 206,
    "lat": 52.4296205,
    "lon": 13.4774556,
    "parity": "R",
    "proj_lat": 52.429742206958906,
    "proj_lon": 13.477732543404557,
    "marker-color": "#ff0000",
    "marker-symbol": "e"
  },
  {
    "rowid": 153809,
    "id": 26639,
    "source": "OA",
    "source_id": "11a4bdfc34cae06e",
    "housenumber": 207,
    "lat": 52.4300269,
    "lon": 13.4791609,
    "parity": "R",
    "proj_lat": 52.429549975806665,
    "proj_lon": 13.478220908397592,
    "marker-color": "#ff0000",
    "marker-symbol": "o"
  },
  {
    "rowid": 153809,
    "id": 26639,
    "source": "OA",
    "source_id": "11a4bdfc34cae06e",
    "housenumber": 207,
    "lat": 52.4300269,
    "lon": 13.4791609,
    "parity": "R",
    "proj_lat": 52.429549975806665,
    "proj_lon": 13.478220908397592,
    "marker-color": "#ff0000",
    "marker-symbol": "o"
  },
  {
    "rowid": 147474,
    "id": 26639,
    "source": "OA",
    "source_id": "7f10b9a1eba82ca8",
    "housenumber": 207.03,
    "lat": 52.4296572,
    "lon": 13.4784414,
    "parity": "R",
    "proj_lat": 52.429547229087795,
    "proj_lon": 13.478224656959215,
    "marker-color": "#ff0000",
    "marker-symbol": "o"
  },
  {
    "rowid": 147474,
    "id": 26639,
    "source": "OA",
    "source_id": "7f10b9a1eba82ca8",
    "housenumber": 207.03,
    "lat": 52.4296572,
    "lon": 13.4784414,
    "parity": "R",
    "proj_lat": 52.429547229087795,
    "proj_lon": 13.478224656959215,
    "marker-color": "#ff0000",
    "marker-symbol": "o"
  },
  {
    "rowid": 147475,
    "id": 26639,
    "source": "OA",
    "source_id": "cb110bb2c9719919",
    "housenumber": 207.06,
    "lat": 52.4296168,
    "lon": 13.4784927,
    "parity": "R",
    "proj_lat": 52.42950797883804,
    "proj_lon": 13.478278223409484,
    "marker-color": "#ff0000",
    "marker-symbol": "o"
  },
  {
    "rowid": 147475,
    "id": 26639,
    "source": "OA",
    "source_id": "cb110bb2c9719919",
    "housenumber": 207.06,
    "lat": 52.4296168,
    "lon": 13.4784927,
    "parity": "R",
    "proj_lat": 52.42950797883804,
    "proj_lon": 13.478278223409484,
    "marker-color": "#ff0000",
    "marker-symbol": "o"
  },
  {
    "rowid": 147476,
    "id": 26639,
    "source": "OA",
    "source_id": "851be086c77542f2",
    "housenumber": 207.09,
    "lat": 52.4297835,
    "lon": 13.4788523,
    "parity": "R",
    "proj_lat": 52.429498671733015,
    "proj_lon": 13.478290925203275,
    "marker-color": "#ff0000",
    "marker-symbol": "o"
  },
  {
    "rowid": 147476,
    "id": 26639,
    "source": "OA",
    "source_id": "851be086c77542f2",
    "housenumber": 207.09,
    "lat": 52.4297835,
    "lon": 13.4788523,
    "parity": "R",
    "proj_lat": 52.429498671733015,
    "proj_lon": 13.478290925203275,
    "marker-color": "#ff0000",
    "marker-symbol": "o"
  },
  {
    "rowid": 147477,
    "id": 26639,
    "source": "OA",
    "source_id": "93ff7effb0adeb95",
    "housenumber": 207.12,
    "lat": 52.4298239,
    "lon": 13.478799,
    "parity": "R",
    "proj_lat": 52.429538521758424,
    "proj_lon": 13.47823654021419,
    "marker-color": "#ff0000",
    "marker-symbol": "o"
  },
  {
    "rowid": 147477,
    "id": 26639,
    "source": "OA",
    "source_id": "93ff7effb0adeb95",
    "housenumber": 207.12,
    "lat": 52.4298239,
    "lon": 13.478799,
    "parity": "R",
    "proj_lat": 52.429538521758424,
    "proj_lon": 13.47823654021419,
    "marker-color": "#ff0000",
    "marker-symbol": "o"
  },
  {
    "rowid": 49876,
    "id": 26638,
    "source": "OA",
    "source_id": "d740cecf35ee7059",
    "housenumber": 208,
    "lat": 52.4292544,
    "lon": 13.4778967,
    "parity": "R",
    "proj_lat": 52.429395,
    "proj_lon": 13.478169,
    "marker-color": "#ff0000",
    "marker-symbol": "e"
  },
  {
    "rowid": 49876,
    "id": 26638,
    "source": "OA",
    "source_id": "d740cecf35ee7059",
    "housenumber": 208,
    "lat": 52.4292544,
    "lon": 13.4778967,
    "parity": "R",
    "proj_lat": 52.429395,
    "proj_lon": 13.478169,
    "marker-color": "#ff0000",
    "marker-symbol": "e"
  },
  {
    "rowid": 49877,
    "id": 26639,
    "source": "OA",
    "source_id": "3e081b2d832e12c9",
    "housenumber": 209,
    "lat": 52.4295096,
    "lon": 13.4786178,
    "parity": "R",
    "proj_lat": 52.42940713421662,
    "proj_lon": 13.47841585026365,
    "marker-color": "#ff0000",
    "marker-symbol": "o"
  },
  {
    "rowid": 49877,
    "id": 26639,
    "source": "OA",
    "source_id": "3e081b2d832e12c9",
    "housenumber": 209,
    "lat": 52.4295096,
    "lon": 13.4786178,
    "parity": "R",
    "proj_lat": 52.42940713421662,
    "proj_lon": 13.47841585026365,
    "marker-color": "#ff0000",
    "marker-symbol": "o"
  },
  {
    "rowid": 147478,
    "id": 26639,
    "source": "OA",
    "source_id": "ea955997608c4553",
    "housenumber": 209.03,
    "lat": 52.4294562,
    "lon": 13.4786808,
    "parity": "R",
    "proj_lat": 52.42935669518536,
    "proj_lon": 13.478484686509953,
    "marker-color": "#ff0000",
    "marker-symbol": "o"
  },
  {
    "rowid": 147478,
    "id": 26639,
    "source": "OA",
    "source_id": "ea955997608c4553",
    "housenumber": 209.03,
    "lat": 52.4294562,
    "lon": 13.4786808,
    "parity": "R",
    "proj_lat": 52.42935669518536,
    "proj_lon": 13.478484686509953,
    "marker-color": "#ff0000",
    "marker-symbol": "o"
  },
  {
    "rowid": 49878,
    "id": 26639,
    "source": "OA",
    "source_id": "cebac5e941f00f8f",
    "housenumber": 209.06,
    "lat": 52.429669,
    "lon": 13.4789631,
    "parity": "R",
    "proj_lat": 52.42939780024052,
    "proj_lon": 13.478428588729505,
    "marker-color": "#ff0000",
    "marker-symbol": "o"
  },
  {
    "rowid": 49878,
    "id": 26639,
    "source": "OA",
    "source_id": "cebac5e941f00f8f",
    "housenumber": 209.06,
    "lat": 52.429669,
    "lon": 13.4789631,
    "parity": "R",
    "proj_lat": 52.42939780024052,
    "proj_lon": 13.478428588729505,
    "marker-color": "#ff0000",
    "marker-symbol": "o"
  },
  {
    "rowid": 49879,
    "id": 26639,
    "source": "OA",
    "source_id": "5edc79a2647888b8",
    "housenumber": 209.09,
    "lat": 52.4297607,
    "lon": 13.4791676,
    "parity": "R",
    "proj_lat": 52.429390675944006,
    "proj_lon": 13.47843831155362,
    "marker-color": "#ff0000",
    "marker-symbol": "o"
  },
  {
    "rowid": 49879,
    "id": 26639,
    "source": "OA",
    "source_id": "5edc79a2647888b8",
    "housenumber": 209.09,
    "lat": 52.4297607,
    "lon": 13.4791676,
    "parity": "R",
    "proj_lat": 52.429390675944006,
    "proj_lon": 13.47843831155362,
    "marker-color": "#ff0000",
    "marker-symbol": "o"
  },
  {
    "rowid": 49880,
    "id": 26639,
    "source": "OA",
    "source_id": "dd7d59a6ab6c46a0",
    "housenumber": 209.12,
    "lat": 52.4298532,
    "lon": 13.4793614,
    "parity": "R",
    "proj_lat": 52.429387232584894,
    "proj_lon": 13.47844301084919,
    "marker-color": "#ff0000",
    "marker-symbol": "o"
  },
  {
    "rowid": 49880,
    "id": 26639,
    "source": "OA",
    "source_id": "dd7d59a6ab6c46a0",
    "housenumber": 209.12,
    "lat": 52.4298532,
    "lon": 13.4793614,
    "parity": "R",
    "proj_lat": 52.429387232584894,
    "proj_lon": 13.47844301084919,
    "marker-color": "#ff0000",
    "marker-symbol": "o"
  },
  {
    "rowid": 49881,
    "id": 26639,
    "source": "OA",
    "source_id": "d0ca85d98f203c72",
    "housenumber": 211,
    "lat": 52.4292225,
    "lon": 13.4788686,
    "parity": "R",
    "proj_lat": 52.42916230968454,
    "proj_lon": 13.478749972497384,
    "marker-color": "#ff0000",
    "marker-symbol": "o"
  },
  {
    "rowid": 49881,
    "id": 26639,
    "source": "OA",
    "source_id": "d0ca85d98f203c72",
    "housenumber": 211,
    "lat": 52.4292225,
    "lon": 13.4788686,
    "parity": "R",
    "proj_lat": 52.42916230968454,
    "proj_lon": 13.478749972497384,
    "marker-color": "#ff0000",
    "marker-symbol": "o"
  },
  {
    "rowid": 144911,
    "id": 26639,
    "source": "OA",
    "source_id": "ab40cc02285638dd",
    "housenumber": 211.03,
    "lat": 52.4293758,
    "lon": 13.4790385,
    "parity": "R",
    "proj_lat": 52.429201953736566,
    "proj_lon": 13.478695868608758,
    "marker-color": "#ff0000",
    "marker-symbol": "o"
  },
  {
    "rowid": 144911,
    "id": 26639,
    "source": "OA",
    "source_id": "ab40cc02285638dd",
    "housenumber": 211.03,
    "lat": 52.4293758,
    "lon": 13.4790385,
    "parity": "R",
    "proj_lat": 52.429201953736566,
    "proj_lon": 13.478695868608758,
    "marker-color": "#ff0000",
    "marker-symbol": "o"
  },
  {
    "rowid": 144912,
    "id": 26639,
    "source": "OA",
    "source_id": "945bc7293e0604a4",
    "housenumber": 211.06,
    "lat": 52.4294498,
    "lon": 13.4794066,
    "parity": "R",
    "proj_lat": 52.42913532394537,
    "proj_lon": 13.478786801059366,
    "marker-color": "#ff0000",
    "marker-symbol": "o"
  },
  {
    "rowid": 144912,
    "id": 26639,
    "source": "OA",
    "source_id": "945bc7293e0604a4",
    "housenumber": 211.06,
    "lat": 52.4294498,
    "lon": 13.4794066,
    "parity": "R",
    "proj_lat": 52.42913532394537,
    "proj_lon": 13.478786801059366,
    "marker-color": "#ff0000",
    "marker-symbol": "o"
  },
  {
    "rowid": 144913,
    "id": 26639,
    "source": "OA",
    "source_id": "142900d8d1ce7fa6",
    "housenumber": 211.09,
    "lat": 52.4295999,
    "lon": 13.4796762,
    "parity": "R",
    "proj_lat": 52.42914318970468,
    "proj_lon": 13.478776066330083,
    "marker-color": "#ff0000",
    "marker-symbol": "o"
  },
  {
    "rowid": 144913,
    "id": 26639,
    "source": "OA",
    "source_id": "142900d8d1ce7fa6",
    "housenumber": 211.09,
    "lat": 52.4295999,
    "lon": 13.4796762,
    "parity": "R",
    "proj_lat": 52.42914318970468,
    "proj_lon": 13.478776066330083,
    "marker-color": "#ff0000",
    "marker-symbol": "o"
  },
  {
    "rowid": 49882,
    "id": 26638,
    "source": "OA",
    "source_id": "3ae9216b3b12e220",
    "housenumber": 212,
    "lat": 52.4289588,
    "lon": 13.4782621,
    "parity": "R",
    "proj_lat": 52.42912574615117,
    "proj_lon": 13.478600907864298,
    "marker-color": "#ff0000",
    "marker-symbol": "e"
  },
  {
    "rowid": 49882,
    "id": 26638,
    "source": "OA",
    "source_id": "3ae9216b3b12e220",
    "housenumber": 212,
    "lat": 52.4289588,
    "lon": 13.4782621,
    "parity": "R",
    "proj_lat": 52.42912574615117,
    "proj_lon": 13.478600907864298,
    "marker-color": "#ff0000",
    "marker-symbol": "e"
  },
  {
    "rowid": 49883,
    "id": 26639,
    "source": "OA",
    "source_id": "6797a7640c2267fc",
    "housenumber": 213,
    "lat": 52.4290854,
    "lon": 13.4791942,
    "parity": "R",
    "proj_lat": 52.42898368955745,
    "proj_lon": 13.478993742822812,
    "marker-color": "#ff0000",
    "marker-symbol": "o"
  },
  {
    "rowid": 49883,
    "id": 26639,
    "source": "OA",
    "source_id": "6797a7640c2267fc",
    "housenumber": 213,
    "lat": 52.4290854,
    "lon": 13.4791942,
    "parity": "R",
    "proj_lat": 52.42898368955745,
    "proj_lon": 13.478993742822812,
    "marker-color": "#ff0000",
    "marker-symbol": "o"
  },
  {
    "rowid": 49884,
    "id": 26639,
    "source": "OA",
    "source_id": "415ca315d20fe9f0",
    "housenumber": 213.03,
    "lat": 52.4293816,
    "lon": 13.4798071,
    "parity": "R",
    "proj_lat": 52.42897495947009,
    "proj_lon": 13.479005657136561,
    "marker-color": "#ff0000",
    "marker-symbol": "o"
  },
  {
    "rowid": 49884,
    "id": 26639,
    "source": "OA",
    "source_id": "415ca315d20fe9f0",
    "housenumber": 213.03,
    "lat": 52.4293816,
    "lon": 13.4798071,
    "parity": "R",
    "proj_lat": 52.42897495947009,
    "proj_lon": 13.479005657136561,
    "marker-color": "#ff0000",
    "marker-symbol": "o"
  },
  {
    "rowid": 49885,
    "id": 26638,
    "source": "OA",
    "source_id": "5c99dc8716b906a2",
    "housenumber": 214,
    "lat": 52.4288073,
    "lon": 13.4784743,
    "parity": "R",
    "proj_lat": 52.42897084537198,
    "proj_lon": 13.478806203891779,
    "marker-color": "#ff0000",
    "marker-symbol": "e"
  },
  {
    "rowid": 49885,
    "id": 26638,
    "source": "OA",
    "source_id": "5c99dc8716b906a2",
    "housenumber": 214,
    "lat": 52.4288073,
    "lon": 13.4784743,
    "parity": "R",
    "proj_lat": 52.42897084537198,
    "proj_lon": 13.478806203891779,
    "marker-color": "#ff0000",
    "marker-symbol": "e"
  },
  {
    "rowid": 49886,
    "id": 26639,
    "source": "OA",
    "source_id": "b126c5a96e496265",
    "housenumber": 215,
    "lat": 52.4292213,
    "lon": 13.4801565,
    "parity": "R",
    "proj_lat": 52.428775494956284,
    "proj_lon": 13.479277874664525,
    "marker-color": "#ff0000",
    "marker-symbol": "o"
  },
  {
    "rowid": 49886,
    "id": 26639,
    "source": "OA",
    "source_id": "b126c5a96e496265",
    "housenumber": 215,
    "lat": 52.4292213,
    "lon": 13.4801565,
    "parity": "R",
    "proj_lat": 52.428775494956284,
    "proj_lon": 13.479277874664525,
    "marker-color": "#ff0000",
    "marker-symbol": "o"
  },
  {
    "rowid": 49887,
    "id": 26638,
    "source": "OA",
    "source_id": "e54e9768f7fc84ef",
    "housenumber": 216,
    "lat": 52.4286526,
    "lon": 13.4786512,
    "parity": "R",
    "proj_lat": 52.42882453115851,
    "proj_lon": 13.479000119809728,
    "marker-color": "#ff0000",
    "marker-symbol": "e"
  },
  {
    "rowid": 49887,
    "id": 26638,
    "source": "OA",
    "source_id": "e54e9768f7fc84ef",
    "housenumber": 216,
    "lat": 52.4286526,
    "lon": 13.4786512,
    "parity": "R",
    "proj_lat": 52.42882453115851,
    "proj_lon": 13.479000119809728,
    "marker-color": "#ff0000",
    "marker-symbol": "e"
  },
  {
    "rowid": 49888,
    "id": 26639,
    "source": "OA",
    "source_id": "f6772d03eec6d27e",
    "housenumber": 217,
    "lat": 52.4288776,
    "lon": 13.4794402,
    "parity": "R",
    "proj_lat": 52.428787159373684,
    "proj_lon": 13.479261955748372,
    "marker-color": "#ff0000",
    "marker-symbol": "o"
  },
  {
    "rowid": 49888,
    "id": 26639,
    "source": "OA",
    "source_id": "f6772d03eec6d27e",
    "housenumber": 217,
    "lat": 52.4288776,
    "lon": 13.4794402,
    "parity": "R",
    "proj_lat": 52.428787159373684,
    "proj_lon": 13.479261955748372,
    "marker-color": "#ff0000",
    "marker-symbol": "o"
  },
  {
    "rowid": 49889,
    "id": 26638,
    "source": "OA",
    "source_id": "1352a964c6448851",
    "housenumber": 218,
    "lat": 52.4284923,
    "lon": 13.4788806,
    "parity": "R",
    "proj_lat": 52.428659179906354,
    "proj_lon": 13.479219266255498,
    "marker-color": "#ff0000",
    "marker-symbol": "e"
  },
  {
    "rowid": 49889,
    "id": 26638,
    "source": "OA",
    "source_id": "1352a964c6448851",
    "housenumber": 218,
    "lat": 52.4284923,
    "lon": 13.4788806,
    "parity": "R",
    "proj_lat": 52.428659179906354,
    "proj_lon": 13.479219266255498,
    "marker-color": "#ff0000",
    "marker-symbol": "e"
  },
  {
    "rowid": 49890,
    "id": 26639,
    "source": "OA",
    "source_id": "73f4f3b4391b3c73",
    "housenumber": 219,
    "lat": 52.428703,
    "lon": 13.4796734,
    "parity": "R",
    "proj_lat": 52.428614083095376,
    "proj_lon": 13.479498160152513,
    "marker-color": "#ff0000",
    "marker-symbol": "o"
  },
  {
    "rowid": 49890,
    "id": 26639,
    "source": "OA",
    "source_id": "73f4f3b4391b3c73",
    "housenumber": 219,
    "lat": 52.428703,
    "lon": 13.4796734,
    "parity": "R",
    "proj_lat": 52.428614083095376,
    "proj_lon": 13.479498160152513,
    "marker-color": "#ff0000",
    "marker-symbol": "o"
  },
  {
    "rowid": 49891,
    "id": 26638,
    "source": "OA",
    "source_id": "fc135a6e21c6bd20",
    "housenumber": 220,
    "lat": 52.4283313,
    "lon": 13.479102,
    "parity": "R",
    "proj_lat": 52.4284957898554,
    "proj_lon": 13.479435813445033,
    "marker-color": "#ff0000",
    "marker-symbol": "e"
  },
  {
    "rowid": 49891,
    "id": 26638,
    "source": "OA",
    "source_id": "fc135a6e21c6bd20",
    "housenumber": 220,
    "lat": 52.4283313,
    "lon": 13.479102,
    "parity": "R",
    "proj_lat": 52.4284957898554,
    "proj_lon": 13.479435813445033,
    "marker-color": "#ff0000",
    "marker-symbol": "e"
  },
  {
    "rowid": 49892,
    "id": 26638,
    "source": "OA",
    "source_id": "3a3edfc4c75fb085",
    "housenumber": 220.03,
    "lat": 52.427948,
    "lon": 13.4787701,
    "parity": "R",
    "proj_lat": 52.42836285822027,
    "proj_lon": 13.479611992911407,
    "marker-color": "#ff0000",
    "marker-symbol": "e"
  },
  {
    "rowid": 49892,
    "id": 26638,
    "source": "OA",
    "source_id": "3a3edfc4c75fb085",
    "housenumber": 220.03,
    "lat": 52.427948,
    "lon": 13.4787701,
    "parity": "R",
    "proj_lat": 52.42836285822027,
    "proj_lon": 13.479611992911407,
    "marker-color": "#ff0000",
    "marker-symbol": "e"
  },
  {
    "rowid": 49893,
    "id": 26638,
    "source": "OA",
    "source_id": "819ed44a12a757b5",
    "housenumber": 222,
    "lat": 52.4281688,
    "lon": 13.4793006,
    "parity": "R",
    "proj_lat": 52.428338288806394,
    "proj_lon": 13.479644555711227,
    "marker-color": "#ff0000",
    "marker-symbol": "e"
  },
  {
    "rowid": 49893,
    "id": 26638,
    "source": "OA",
    "source_id": "819ed44a12a757b5",
    "housenumber": 222,
    "lat": 52.4281688,
    "lon": 13.4793006,
    "parity": "R",
    "proj_lat": 52.428338288806394,
    "proj_lon": 13.479644555711227,
    "marker-color": "#ff0000",
    "marker-symbol": "e"
  },
  {
    "rowid": 49894,
    "id": 26638,
    "source": "OA",
    "source_id": "d351b8bc386155d7",
    "housenumber": 224,
    "lat": 52.4280204,
    "lon": 13.4793521,
    "parity": "R",
    "proj_lat": 52.42823712654957,
    "proj_lon": 13.479784611220964,
    "marker-color": "#ff0000",
    "marker-symbol": "e"
  },
  {
    "rowid": 49894,
    "id": 26638,
    "source": "OA",
    "source_id": "d351b8bc386155d7",
    "housenumber": 224,
    "lat": 52.4280204,
    "lon": 13.4793521,
    "parity": "R",
    "proj_lat": 52.42823712654957,
    "proj_lon": 13.479784611220964,
    "marker-color": "#ff0000",
    "marker-symbol": "e"
  },
  {
    "rowid": 49895,
    "id": 26638,
    "source": "OA",
    "source_id": "ffc28222aa037aeb",
    "housenumber": 224.03,
    "lat": 52.4279738,
    "lon": 13.4794125,
    "parity": "R",
    "proj_lat": 52.42819124580894,
    "proj_lon": 13.479846445696342,
    "marker-color": "#ff0000",
    "marker-symbol": "e"
  },
  {
    "rowid": 49895,
    "id": 26638,
    "source": "OA",
    "source_id": "ffc28222aa037aeb",
    "housenumber": 224.03,
    "lat": 52.4279738,
    "lon": 13.4794125,
    "parity": "R",
    "proj_lat": 52.42819124580894,
    "proj_lon": 13.479846445696342,
    "marker-color": "#ff0000",
    "marker-symbol": "e"
  },
  {
    "rowid": 49896,
    "id": 26638,
    "source": "OA",
    "source_id": "8e35c7cae3ca4266",
    "housenumber": 224.06,
    "lat": 52.4278504,
    "lon": 13.4790165,
    "parity": "R",
    "proj_lat": 52.42825373256443,
    "proj_lon": 13.479761280830065,
    "marker-color": "#ff0000",
    "marker-symbol": "e"
  },
  {
    "rowid": 49896,
    "id": 26638,
    "source": "OA",
    "source_id": "8e35c7cae3ca4266",
    "housenumber": 224.06,
    "lat": 52.4278504,
    "lon": 13.4790165,
    "parity": "R",
    "proj_lat": 52.42825373256443,
    "proj_lon": 13.479761280830065,
    "marker-color": "#ff0000",
    "marker-symbol": "e"
  },
  {
    "rowid": 49897,
    "id": 26638,
    "source": "OA",
    "source_id": "29ee7af558b60f2d",
    "housenumber": 224.09,
    "lat": 52.4278092,
    "lon": 13.4790856,
    "parity": "R",
    "proj_lat": 52.428190773747,
    "proj_lon": 13.47984708190452,
    "marker-color": "#ff0000",
    "marker-symbol": "e"
  },
  {
    "rowid": 49897,
    "id": 26638,
    "source": "OA",
    "source_id": "29ee7af558b60f2d",
    "housenumber": 224.09,
    "lat": 52.4278092,
    "lon": 13.4790856,
    "parity": "R",
    "proj_lat": 52.428190773747,
    "proj_lon": 13.47984708190452,
    "marker-color": "#ff0000",
    "marker-symbol": "e"
  },
  {
    "rowid": 173986,
    "id": 26638,
    "source": "OA",
    "source_id": "d93765bb43020108",
    "housenumber": 226,
    "lat": 52.4278953,
    "lon": 13.479602,
    "parity": "R",
    "proj_lat": 52.428087710462165,
    "proj_lon": 13.479985982542594,
    "marker-color": "#ff0000",
    "marker-symbol": "e"
  },
  {
    "rowid": 173986,
    "id": 26638,
    "source": "OA",
    "source_id": "d93765bb43020108",
    "housenumber": 226,
    "lat": 52.4278953,
    "lon": 13.479602,
    "parity": "R",
    "proj_lat": 52.428087710462165,
    "proj_lon": 13.479985982542594,
    "marker-color": "#ff0000",
    "marker-symbol": "e"
  },
  {
    "rowid": 160835,
    "id": 26638,
    "source": "OA",
    "source_id": "63b084ee617058b3",
    "housenumber": 226.03,
    "lat": 52.4276687,
    "lon": 13.4792623,
    "parity": "R",
    "proj_lat": 52.428054060306266,
    "proj_lon": 13.480031333592036,
    "marker-color": "#ff0000",
    "marker-symbol": "e"
  },
  {
    "rowid": 160835,
    "id": 26638,
    "source": "OA",
    "source_id": "63b084ee617058b3",
    "housenumber": 226.03,
    "lat": 52.4276687,
    "lon": 13.4792623,
    "parity": "R",
    "proj_lat": 52.428054060306266,
    "proj_lon": 13.480031333592036,
    "marker-color": "#ff0000",
    "marker-symbol": "e"
  },
  {
    "rowid": 160836,
    "id": 26638,
    "source": "OA",
    "source_id": "b1f1c46a3ca7c350",
    "housenumber": 226.06,
    "lat": 52.427695,
    "lon": 13.4791847,
    "parity": "R",
    "proj_lat": 52.42809296863127,
    "proj_lon": 13.479978895993348,
    "marker-color": "#ff0000",
    "marker-symbol": "e"
  },
  {
    "rowid": 160836,
    "id": 26638,
    "source": "OA",
    "source_id": "b1f1c46a3ca7c350",
    "housenumber": 226.06,
    "lat": 52.427695,
    "lon": 13.4791847,
    "parity": "R",
    "proj_lat": 52.42809296863127,
    "proj_lon": 13.479978895993348,
    "marker-color": "#ff0000",
    "marker-symbol": "e"
  },
  {
    "rowid": 49898,
    "id": 26638,
    "source": "OA",
    "source_id": "54ba62f8c7396966",
    "housenumber": 228,
    "lat": 52.4277231,
    "lon": 13.4797542,
    "parity": "R",
    "proj_lat": 52.42793940288218,
    "proj_lon": 13.480185859904585,
    "marker-color": "#ff0000",
    "marker-symbol": "e"
  },
  {
    "rowid": 49898,
    "id": 26638,
    "source": "OA",
    "source_id": "54ba62f8c7396966",
    "housenumber": 228,
    "lat": 52.4277231,
    "lon": 13.4797542,
    "parity": "R",
    "proj_lat": 52.42793940288218,
    "proj_lon": 13.480185859904585,
    "marker-color": "#ff0000",
    "marker-symbol": "e"
  },
  {
    "rowid": 49899,
    "id": 26638,
    "source": "OA",
    "source_id": "f5194ff09543838d",
    "housenumber": 230,
    "lat": 52.4276303,
    "lon": 13.4800332,
    "parity": "R",
    "proj_lat": 52.42780056222492,
    "proj_lon": 13.480372978488235,
    "marker-color": "#ff0000",
    "marker-symbol": "e"
  },
  {
    "rowid": 49899,
    "id": 26638,
    "source": "OA",
    "source_id": "f5194ff09543838d",
    "housenumber": 230,
    "lat": 52.4276303,
    "lon": 13.4800332,
    "parity": "R",
    "proj_lat": 52.42780056222492,
    "proj_lon": 13.480372978488235,
    "marker-color": "#ff0000",
    "marker-symbol": "e"
  },
  {
    "rowid": 49900,
    "id": 26638,
    "source": "OA",
    "source_id": "76e00293f669763f",
    "housenumber": 232,
    "lat": 52.4275107,
    "lon": 13.4803078,
    "parity": "R",
    "proj_lat": 52.42764704076489,
    "proj_lon": 13.480579882710147,
    "marker-color": "#ff0000",
    "marker-symbol": "e"
  },
  {
    "rowid": 49900,
    "id": 26638,
    "source": "OA",
    "source_id": "76e00293f669763f",
    "housenumber": 232,
    "lat": 52.4275107,
    "lon": 13.4803078,
    "parity": "R",
    "proj_lat": 52.42764704076489,
    "proj_lon": 13.480579882710147,
    "marker-color": "#ff0000",
    "marker-symbol": "e"
  },
  {
    "rowid": 49901,
    "id": 26638,
    "source": "OA",
    "source_id": "7afa3562c33880e9",
    "housenumber": 232.03,
    "lat": 52.427406,
    "lon": 13.4799724,
    "parity": "R",
    "proj_lat": 52.42768486607805,
    "proj_lon": 13.48052890471015,
    "marker-color": "#ff0000",
    "marker-symbol": "e"
  },
  {
    "rowid": 49901,
    "id": 26638,
    "source": "OA",
    "source_id": "7afa3562c33880e9",
    "housenumber": 232.03,
    "lat": 52.427406,
    "lon": 13.4799724,
    "parity": "R",
    "proj_lat": 52.42768486607805,
    "proj_lon": 13.48052890471015,
    "marker-color": "#ff0000",
    "marker-symbol": "e"
  },
  {
    "rowid": 49902,
    "id": 26638,
    "source": "OA",
    "source_id": "806d4ea4b93ca021",
    "housenumber": 232.06,
    "lat": 52.4273587,
    "lon": 13.4800307,
    "parity": "R",
    "proj_lat": 52.427639195728545,
    "proj_lon": 13.48059045563683,
    "marker-color": "#ff0000",
    "marker-symbol": "e"
  },
  {
    "rowid": 49902,
    "id": 26638,
    "source": "OA",
    "source_id": "806d4ea4b93ca021",
    "housenumber": 232.06,
    "lat": 52.4273587,
    "lon": 13.4800307,
    "parity": "R",
    "proj_lat": 52.427639195728545,
    "proj_lon": 13.48059045563683,
    "marker-color": "#ff0000",
    "marker-symbol": "e"
  },
  {
    "rowid": 49903,
    "id": 26638,
    "source": "OA",
    "source_id": "31753397bdb15c76",
    "housenumber": 232.09,
    "lat": 52.4272376,
    "lon": 13.4796618,
    "parity": "R",
    "proj_lat": 52.42767725326458,
    "proj_lon": 13.480539164665004,
    "marker-color": "#ff0000",
    "marker-symbol": "e"
  },
  {
    "rowid": 49903,
    "id": 26638,
    "source": "OA",
    "source_id": "31753397bdb15c76",
    "housenumber": 232.09,
    "lat": 52.4272376,
    "lon": 13.4796618,
    "parity": "R",
    "proj_lat": 52.42767725326458,
    "proj_lon": 13.480539164665004,
    "marker-color": "#ff0000",
    "marker-symbol": "e"
  },
  {
    "rowid": 49904,
    "id": 26639,
    "source": "OA",
    "source_id": "24ca769244b5a284",
    "housenumber": 233,
    "lat": 52.4275987,
    "lon": 13.4811431,
    "parity": "R",
    "proj_lat": 52.42751846206106,
    "proj_lon": 13.480984079602244,
    "marker-color": "#ff0000",
    "marker-symbol": "o"
  },
  {
    "rowid": 49904,
    "id": 26639,
    "source": "OA",
    "source_id": "24ca769244b5a284",
    "housenumber": 233,
    "lat": 52.4275987,
    "lon": 13.4811431,
    "parity": "R",
    "proj_lat": 52.42751846206106,
    "proj_lon": 13.480984079602244,
    "marker-color": "#ff0000",
    "marker-symbol": "o"
  },
  {
    "rowid": 49905,
    "id": 26638,
    "source": "OA",
    "source_id": "e48f91f4c0810a61",
    "housenumber": 234,
    "lat": 52.4274219,
    "lon": 13.4804234,
    "parity": "R",
    "proj_lat": 52.42755946074742,
    "proj_lon": 13.480697916210909,
    "marker-color": "#ff0000",
    "marker-symbol": "e"
  },
  {
    "rowid": 49905,
    "id": 26638,
    "source": "OA",
    "source_id": "e48f91f4c0810a61",
    "housenumber": 234,
    "lat": 52.4274219,
    "lon": 13.4804234,
    "parity": "R",
    "proj_lat": 52.42755946074742,
    "proj_lon": 13.480697916210909,
    "marker-color": "#ff0000",
    "marker-symbol": "e"
  },
  {
    "rowid": 49906,
    "id": 26638,
    "source": "OA",
    "source_id": "db62089fd03173ed",
    "housenumber": 234.03,
    "lat": 52.4271738,
    "lon": 13.48004,
    "parity": "R",
    "proj_lat": 52.42752605073575,
    "proj_lon": 13.48074294361273,
    "marker-color": "#ff0000",
    "marker-symbol": "e"
  },
  {
    "rowid": 49906,
    "id": 26638,
    "source": "OA",
    "source_id": "db62089fd03173ed",
    "housenumber": 234.03,
    "lat": 52.4271738,
    "lon": 13.48004,
    "parity": "R",
    "proj_lat": 52.42752605073575,
    "proj_lon": 13.48074294361273,
    "marker-color": "#ff0000",
    "marker-symbol": "e"
  },
  {
    "rowid": 49907,
    "id": 26638,
    "source": "OA",
    "source_id": "e792a1d7d35aced1",
    "housenumber": 234.06,
    "lat": 52.4270318,
    "lon": 13.479736,
    "parity": "R",
    "proj_lat": 52.42753222261553,
    "proj_lon": 13.48073462563566,
    "marker-color": "#ff0000",
    "marker-symbol": "e"
  },
  {
    "rowid": 49907,
    "id": 26638,
    "source": "OA",
    "source_id": "e792a1d7d35aced1",
    "housenumber": 234.06,
    "lat": 52.4270318,
    "lon": 13.479736,
    "parity": "R",
    "proj_lat": 52.42753222261553,
    "proj_lon": 13.48073462563566,
    "marker-color": "#ff0000",
    "marker-symbol": "e"
  },
  {
    "rowid": 49908,
    "id": 26638,
    "source": "OA",
    "source_id": "762101b87fdfc8d5",
    "housenumber": 234.09,
    "lat": 52.4267547,
    "lon": 13.4799267,
    "parity": "R",
    "proj_lat": 52.42731092760017,
    "proj_lon": 13.48103328305903,
    "marker-color": "#ff0000",
    "marker-symbol": "e"
  },
  {
    "rowid": 49908,
    "id": 26638,
    "source": "OA",
    "source_id": "762101b87fdfc8d5",
    "housenumber": 234.09,
    "lat": 52.4267547,
    "lon": 13.4799267,
    "parity": "R",
    "proj_lat": 52.42731092760017,
    "proj_lon": 13.48103328305903,
    "marker-color": "#ff0000",
    "marker-symbol": "e"
  },
  {
    "rowid": 49909,
    "id": 26639,
    "source": "OA",
    "source_id": "6b01e4f320f14d2f",
    "housenumber": 235,
    "lat": 52.4274446,
    "lon": 13.4813568,
    "parity": "R",
    "proj_lat": 52.42736299164485,
    "proj_lon": 13.481195064759385,
    "marker-color": "#ff0000",
    "marker-symbol": "o"
  },
  {
    "rowid": 49909,
    "id": 26639,
    "source": "OA",
    "source_id": "6b01e4f320f14d2f",
    "housenumber": 235,
    "lat": 52.4274446,
    "lon": 13.4813568,
    "parity": "R",
    "proj_lat": 52.42736299164485,
    "proj_lon": 13.481195064759385,
    "marker-color": "#ff0000",
    "marker-symbol": "o"
  },
  {
    "rowid": 49910,
    "id": 26638,
    "source": "OA",
    "source_id": "40ef417f98ad185f",
    "housenumber": 236,
    "lat": 52.4267274,
    "lon": 13.4806064,
    "parity": "R",
    "proj_lat": 52.427096772733286,
    "proj_lon": 13.481326889110163,
    "marker-color": "#ff0000",
    "marker-symbol": "e"
  },
  {
    "rowid": 49910,
    "id": 26638,
    "source": "OA",
    "source_id": "40ef417f98ad185f",
    "housenumber": 236,
    "lat": 52.4267274,
    "lon": 13.4806064,
    "parity": "R",
    "proj_lat": 52.427096772733286,
    "proj_lon": 13.481326889110163,
    "marker-color": "#ff0000",
    "marker-symbol": "e"
  },
  {
    "rowid": 49911,
    "id": 26639,
    "source": "OA",
    "source_id": "123c6934e5a56c94",
    "housenumber": 237,
    "lat": 52.4274238,
    "lon": 13.4816922,
    "parity": "R",
    "proj_lat": 52.42725019395844,
    "proj_lon": 13.481348139782733,
    "marker-color": "#ff0000",
    "marker-symbol": "o"
  },
  {
    "rowid": 49911,
    "id": 26639,
    "source": "OA",
    "source_id": "123c6934e5a56c94",
    "housenumber": 237,
    "lat": 52.4274238,
    "lon": 13.4816922,
    "parity": "R",
    "proj_lat": 52.42725019395844,
    "proj_lon": 13.481348139782733,
    "marker-color": "#ff0000",
    "marker-symbol": "o"
  },
  {
    "rowid": 49912,
    "id": 26639,
    "source": "OA",
    "source_id": "1534db9ed395d974",
    "housenumber": 237.03,
    "lat": 52.4273257,
    "lon": 13.4815153,
    "parity": "R",
    "proj_lat": 52.42724494684971,
    "proj_lon": 13.481355260507609,
    "marker-color": "#ff0000",
    "marker-symbol": "o"
  },
  {
    "rowid": 49912,
    "id": 26639,
    "source": "OA",
    "source_id": "1534db9ed395d974",
    "housenumber": 237.03,
    "lat": 52.4273257,
    "lon": 13.4815153,
    "parity": "R",
    "proj_lat": 52.42724494684971,
    "proj_lon": 13.481355260507609,
    "marker-color": "#ff0000",
    "marker-symbol": "o"
  },
  {
    "rowid": 153810,
    "id": 26639,
    "source": "OA",
    "source_id": "91fb772e8c73cf6c",
    "housenumber": 239,
    "lat": 52.4271499,
    "lon": 13.4816659,
    "parity": "R",
    "proj_lat": 52.427095494681126,
    "proj_lon": 13.481558078445852,
    "marker-color": "#ff0000",
    "marker-symbol": "o"
  },
  {
    "rowid": 153810,
    "id": 26639,
    "source": "OA",
    "source_id": "91fb772e8c73cf6c",
    "housenumber": 239,
    "lat": 52.4271499,
    "lon": 13.4816659,
    "parity": "R",
    "proj_lat": 52.427095494681126,
    "proj_lon": 13.481558078445852,
    "marker-color": "#ff0000",
    "marker-symbol": "o"
  },
  {
    "rowid": 49913,
    "id": 26639,
    "source": "OA",
    "source_id": "376665b0bd48cd47",
    "housenumber": 241,
    "lat": 52.4271576,
    "lon": 13.4820877,
    "parity": "R",
    "proj_lat": 52.426973735915034,
    "proj_lon": 13.481723314334609,
    "marker-color": "#ff0000",
    "marker-symbol": "o"
  },
  {
    "rowid": 49913,
    "id": 26639,
    "source": "OA",
    "source_id": "376665b0bd48cd47",
    "housenumber": 241,
    "lat": 52.4271576,
    "lon": 13.4820877,
    "parity": "R",
    "proj_lat": 52.426973735915034,
    "proj_lon": 13.481723314334609,
    "marker-color": "#ff0000",
    "marker-symbol": "o"
  },
  {
    "rowid": 49914,
    "id": 26638,
    "source": "OA",
    "source_id": "da1cbdba79d0b2bf",
    "housenumber": 242,
    "lat": 52.4266481,
    "lon": 13.4813437,
    "parity": "R",
    "proj_lat": 52.426838254313054,
    "proj_lon": 13.48169750851505,
    "marker-color": "#ff0000",
    "marker-symbol": "e"
  },
  {
    "rowid": 49914,
    "id": 26638,
    "source": "OA",
    "source_id": "da1cbdba79d0b2bf",
    "housenumber": 242,
    "lat": 52.4266481,
    "lon": 13.4813437,
    "parity": "R",
    "proj_lat": 52.426838254313054,
    "proj_lon": 13.48169750851505,
    "marker-color": "#ff0000",
    "marker-symbol": "e"
  },
  {
    "rowid": 147479,
    "id": 26639,
    "source": "OA",
    "source_id": "d66e8cdd151d198f",
    "housenumber": 243,
    "lat": 52.4269383,
    "lon": 13.4821027,
    "parity": "R",
    "proj_lat": 52.42683907608714,
    "proj_lon": 13.4819060579436,
    "marker-color": "#ff0000",
    "marker-symbol": "o"
  },
  {
    "rowid": 147479,
    "id": 26639,
    "source": "OA",
    "source_id": "d66e8cdd151d198f",
    "housenumber": 243,
    "lat": 52.4269383,
    "lon": 13.4821027,
    "parity": "R",
    "proj_lat": 52.42683907608714,
    "proj_lon": 13.4819060579436,
    "marker-color": "#ff0000",
    "marker-symbol": "o"
  },
  {
    "rowid": 147480,
    "id": 26639,
    "source": "OA",
    "source_id": "aa0b57b3cbae775f",
    "housenumber": 243.03,
    "lat": 52.4269957,
    "lon": 13.4822247,
    "parity": "R",
    "proj_lat": 52.42683660705408,
    "proj_lon": 13.481909408608892,
    "marker-color": "#ff0000",
    "marker-symbol": "o"
  },
  {
    "rowid": 147480,
    "id": 26639,
    "source": "OA",
    "source_id": "aa0b57b3cbae775f",
    "housenumber": 243.03,
    "lat": 52.4269957,
    "lon": 13.4822247,
    "parity": "R",
    "proj_lat": 52.42683660705408,
    "proj_lon": 13.481909408608892,
    "marker-color": "#ff0000",
    "marker-symbol": "o"
  },
  {
    "rowid": 49915,
    "id": 26638,
    "source": "OA",
    "source_id": "fbead232b352aa16",
    "housenumber": 244,
    "lat": 52.4264994,
    "lon": 13.4815663,
    "parity": "R",
    "proj_lat": 52.42668723659243,
    "proj_lon": 13.481915793715956,
    "marker-color": "#ff0000",
    "marker-symbol": "e"
  },
  {
    "rowid": 49915,
    "id": 26638,
    "source": "OA",
    "source_id": "fbead232b352aa16",
    "housenumber": 244,
    "lat": 52.4264994,
    "lon": 13.4815663,
    "parity": "R",
    "proj_lat": 52.42668723659243,
    "proj_lon": 13.481915793715956,
    "marker-color": "#ff0000",
    "marker-symbol": "e"
  },
  {
    "rowid": 49916,
    "id": 26639,
    "source": "OA",
    "source_id": "ce1e0527e9cc6864",
    "housenumber": 245,
    "lat": 52.4268112,
    "lon": 13.4822973,
    "parity": "R",
    "proj_lat": 52.42670535204523,
    "proj_lon": 13.482087531619959,
    "marker-color": "#ff0000",
    "marker-symbol": "o"
  },
  {
    "rowid": 49916,
    "id": 26639,
    "source": "OA",
    "source_id": "ce1e0527e9cc6864",
    "housenumber": 245,
    "lat": 52.4268112,
    "lon": 13.4822973,
    "parity": "R",
    "proj_lat": 52.42670535204523,
    "proj_lon": 13.482087531619959,
    "marker-color": "#ff0000",
    "marker-symbol": "o"
  },
  {
    "rowid": 49917,
    "id": 26638,
    "source": "OA",
    "source_id": "b8125d21ff32a520",
    "housenumber": 246,
    "lat": 52.4263703,
    "lon": 13.4818061,
    "parity": "R",
    "proj_lat": 52.42654204689547,
    "proj_lon": 13.482125654929852,
    "marker-color": "#ff0000",
    "marker-symbol": "e"
  },
  {
    "rowid": 49917,
    "id": 26638,
    "source": "OA",
    "source_id": "b8125d21ff32a520",
    "housenumber": 246,
    "lat": 52.4263703,
    "lon": 13.4818061,
    "parity": "R",
    "proj_lat": 52.42654204689547,
    "proj_lon": 13.482125654929852,
    "marker-color": "#ff0000",
    "marker-symbol": "e"
  },
  {
    "rowid": 49918,
    "id": 26639,
    "source": "OA",
    "source_id": "2487cd05e4d53c21",
    "housenumber": 247,
    "lat": 52.4266856,
    "lon": 13.4824849,
    "parity": "R",
    "proj_lat": 52.42657461481573,
    "proj_lon": 13.482264951965155,
    "marker-color": "#ff0000",
    "marker-symbol": "o"
  },
  {
    "rowid": 49918,
    "id": 26639,
    "source": "OA",
    "source_id": "2487cd05e4d53c21",
    "housenumber": 247,
    "lat": 52.4266856,
    "lon": 13.4824849,
    "parity": "R",
    "proj_lat": 52.42657461481573,
    "proj_lon": 13.482264951965155,
    "marker-color": "#ff0000",
    "marker-symbol": "o"
  },
  {
    "rowid": 49919,
    "id": 26638,
    "source": "OA",
    "source_id": "108953e8d64cab3f",
    "housenumber": 248,
    "lat": 52.4260979,
    "lon": 13.4817721,
    "parity": "R",
    "proj_lat": 52.42632916623213,
    "proj_lon": 13.482412566895963,
    "marker-color": "#ff0000",
    "marker-symbol": "e"
  },
  {
    "rowid": 49919,
    "id": 26638,
    "source": "OA",
    "source_id": "108953e8d64cab3f",
    "housenumber": 248,
    "lat": 52.4260979,
    "lon": 13.4817721,
    "parity": "R",
    "proj_lat": 52.42632916623213,
    "proj_lon": 13.482412566895963,
    "marker-color": "#ff0000",
    "marker-symbol": "e"
  },
  {
    "rowid": 49920,
    "id": 26639,
    "source": "OA",
    "source_id": "ef86fd5f203df403",
    "housenumber": 249,
    "lat": 52.4265139,
    "lon": 13.4825882,
    "parity": "R",
    "proj_lat": 52.42644202643818,
    "proj_lon": 13.48244999956653,
    "marker-color": "#ff0000",
    "marker-symbol": "o"
  },
  {
    "rowid": 49920,
    "id": 26639,
    "source": "OA",
    "source_id": "ef86fd5f203df403",
    "housenumber": 249,
    "lat": 52.4265139,
    "lon": 13.4825882,
    "parity": "R",
    "proj_lat": 52.42644202643818,
    "proj_lon": 13.48244999956653,
    "marker-color": "#ff0000",
    "marker-symbol": "o"
  },
  {
    "rowid": 49921,
    "id": 26638,
    "source": "OA",
    "source_id": "1a0bea537f87bd4b",
    "housenumber": 250,
    "lat": 52.4259144,
    "lon": 13.4821554,
    "parity": "R",
    "proj_lat": 52.426146554616444,
    "proj_lon": 13.482611206701844,
    "marker-color": "#ff0000",
    "marker-symbol": "e"
  },
  {
    "rowid": 49921,
    "id": 26638,
    "source": "OA",
    "source_id": "1a0bea537f87bd4b",
    "housenumber": 250,
    "lat": 52.4259144,
    "lon": 13.4821554,
    "parity": "R",
    "proj_lat": 52.426146554616444,
    "proj_lon": 13.482611206701844,
    "marker-color": "#ff0000",
    "marker-symbol": "e"
  },
  {
    "rowid": 49922,
    "id": 26639,
    "source": "OA",
    "source_id": "326d076d50a3f532",
    "housenumber": 251,
    "lat": 52.4263839,
    "lon": 13.4827767,
    "parity": "R",
    "proj_lat": 52.42631001722578,
    "proj_lon": 13.482634637036371,
    "marker-color": "#ff0000",
    "marker-symbol": "o"
  },
  {
    "rowid": 49922,
    "id": 26639,
    "source": "OA",
    "source_id": "326d076d50a3f532",
    "housenumber": 251,
    "lat": 52.4263839,
    "lon": 13.4827767,
    "parity": "R",
    "proj_lat": 52.42631001722578,
    "proj_lon": 13.482634637036371,
    "marker-color": "#ff0000",
    "marker-symbol": "o"
  },
  {
    "rowid": 49923,
    "id": 26639,
    "source": "OA",
    "source_id": "1f8a8ebf360eb0b6",
    "housenumber": 251.03,
    "lat": 52.4265884,
    "lon": 13.4830836,
    "parity": "R",
    "proj_lat": 52.42633600568572,
    "proj_lon": 13.482598287728614,
    "marker-color": "#ff0000",
    "marker-symbol": "o"
  },
  {
    "rowid": 49923,
    "id": 26639,
    "source": "OA",
    "source_id": "1f8a8ebf360eb0b6",
    "housenumber": 251.03,
    "lat": 52.4265884,
    "lon": 13.4830836,
    "parity": "R",
    "proj_lat": 52.42633600568572,
    "proj_lon": 13.482598287728614,
    "marker-color": "#ff0000",
    "marker-symbol": "o"
  },
  {
    "rowid": 49924,
    "id": 26639,
    "source": "OA",
    "source_id": "c16eb71cabbaaebf",
    "housenumber": 251.06,
    "lat": 52.4265438,
    "lon": 13.4831595,
    "parity": "R",
    "proj_lat": 52.426287335161014,
    "proj_lon": 13.482666361784768,
    "marker-color": "#ff0000",
    "marker-symbol": "o"
  },
  {
    "rowid": 49924,
    "id": 26639,
    "source": "OA",
    "source_id": "c16eb71cabbaaebf",
    "housenumber": 251.06,
    "lat": 52.4265438,
    "lon": 13.4831595,
    "parity": "R",
    "proj_lat": 52.426287335161014,
    "proj_lon": 13.482666361784768,
    "marker-color": "#ff0000",
    "marker-symbol": "o"
  },
  {
    "rowid": 49925,
    "id": 26639,
    "source": "OA",
    "source_id": "8e959082bea99bd0",
    "housenumber": 253,
    "lat": 52.4264406,
    "lon": 13.4832868,
    "parity": "R",
    "proj_lat": 52.42619006931005,
    "proj_lon": 13.48280168151382,
    "marker-color": "#ff0000",
    "marker-symbol": "o"
  },
  {
    "rowid": 49925,
    "id": 26639,
    "source": "OA",
    "source_id": "8e959082bea99bd0",
    "housenumber": 253,
    "lat": 52.4264406,
    "lon": 13.4832868,
    "parity": "R",
    "proj_lat": 52.42619006931005,
    "proj_lon": 13.48280168151382,
    "marker-color": "#ff0000",
    "marker-symbol": "o"
  },
  {
    "rowid": 49926,
    "id": 26639,
    "source": "OA",
    "source_id": "bef0696ca650471c",
    "housenumber": 253.03,
    "lat": 52.4262646,
    "lon": 13.4829688,
    "parity": "R",
    "proj_lat": 52.42618321231591,
    "proj_lon": 13.482811205116786,
    "marker-color": "#ff0000",
    "marker-symbol": "o"
  },
  {
    "rowid": 49926,
    "id": 26639,
    "source": "OA",
    "source_id": "bef0696ca650471c",
    "housenumber": 253.03,
    "lat": 52.4262646,
    "lon": 13.4829688,
    "parity": "R",
    "proj_lat": 52.42618321231591,
    "proj_lon": 13.482811205116786,
    "marker-color": "#ff0000",
    "marker-symbol": "o"
  },
  {
    "rowid": 49927,
    "id": 26639,
    "source": "OA",
    "source_id": "09b46719d44f804c",
    "housenumber": 255,
    "lat": 52.4261813,
    "lon": 13.4832266,
    "parity": "R",
    "proj_lat": 52.42605678397879,
    "proj_lon": 13.482987264433048,
    "marker-color": "#ff0000",
    "marker-symbol": "o"
  },
  {
    "rowid": 49927,
    "id": 26639,
    "source": "OA",
    "source_id": "09b46719d44f804c",
    "housenumber": 255,
    "lat": 52.4261813,
    "lon": 13.4832266,
    "parity": "R",
    "proj_lat": 52.42605678397879,
    "proj_lon": 13.482987264433048,
    "marker-color": "#ff0000",
    "marker-symbol": "o"
  },
  {
    "rowid": 49928,
    "id": 26639,
    "source": "OA",
    "source_id": "c6289576cf4bdae9",
    "housenumber": 257,
    "lat": 52.4260594,
    "lon": 13.4833864,
    "parity": "R",
    "proj_lat": 52.425938122565476,
    "proj_lon": 13.483153290696196,
    "marker-color": "#ff0000",
    "marker-symbol": "o"
  },
  {
    "rowid": 49928,
    "id": 26639,
    "source": "OA",
    "source_id": "c6289576cf4bdae9",
    "housenumber": 257,
    "lat": 52.4260594,
    "lon": 13.4833864,
    "parity": "R",
    "proj_lat": 52.425938122565476,
    "proj_lon": 13.483153290696196,
    "marker-color": "#ff0000",
    "marker-symbol": "o"
  },
  {
    "rowid": 49929,
    "id": 26639,
    "source": "OA",
    "source_id": "8524cb8710108912",
    "housenumber": 259,
    "lat": 52.4258727,
    "lon": 13.4836226,
    "parity": "R",
    "proj_lat": 52.42575933039045,
    "proj_lon": 13.48339890524561,
    "marker-color": "#ff0000",
    "marker-symbol": "o"
  },
  {
    "rowid": 49929,
    "id": 26639,
    "source": "OA",
    "source_id": "8524cb8710108912",
    "housenumber": 259,
    "lat": 52.4258727,
    "lon": 13.4836226,
    "parity": "R",
    "proj_lat": 52.42575933039045,
    "proj_lon": 13.48339890524561,
    "marker-color": "#ff0000",
    "marker-symbol": "o"
  },
  {
    "rowid": 49930,
    "id": 26639,
    "source": "OA",
    "source_id": "bf2b46675868cbe5",
    "housenumber": 261,
    "lat": 52.4257079,
    "lon": 13.483854,
    "parity": "R",
    "proj_lat": 52.425592496462,
    "proj_lon": 13.483626293711042,
    "marker-color": "#ff0000",
    "marker-symbol": "o"
  },
  {
    "rowid": 49930,
    "id": 26639,
    "source": "OA",
    "source_id": "bf2b46675868cbe5",
    "housenumber": 261,
    "lat": 52.4257079,
    "lon": 13.483854,
    "parity": "R",
    "proj_lat": 52.425592496462,
    "proj_lon": 13.483626293711042,
    "marker-color": "#ff0000",
    "marker-symbol": "o"
  },
  {
    "rowid": 49931,
    "id": 26639,
    "source": "OA",
    "source_id": "aae554544dbf7410",
    "housenumber": 263,
    "lat": 52.4255673,
    "lon": 13.4839747,
    "parity": "R",
    "proj_lat": 52.42547315827603,
    "proj_lon": 13.483788947238592,
    "marker-color": "#ff0000",
    "marker-symbol": "o"
  },
  {
    "rowid": 49931,
    "id": 26639,
    "source": "OA",
    "source_id": "aae554544dbf7410",
    "housenumber": 263,
    "lat": 52.4255673,
    "lon": 13.4839747,
    "parity": "R",
    "proj_lat": 52.42547315827603,
    "proj_lon": 13.483788947238592,
    "marker-color": "#ff0000",
    "marker-symbol": "o"
  },
  {
    "rowid": 49932,
    "id": 26638,
    "source": "OA",
    "source_id": "34bc99de55b594ec",
    "housenumber": 264,
    "lat": 52.4251385,
    "lon": 13.4832734,
    "parity": "R",
    "proj_lat": 52.42535183706748,
    "proj_lon": 13.483689752072365,
    "marker-color": "#ff0000",
    "marker-symbol": "e"
  },
  {
    "rowid": 49932,
    "id": 26638,
    "source": "OA",
    "source_id": "34bc99de55b594ec",
    "housenumber": 264,
    "lat": 52.4251385,
    "lon": 13.4832734,
    "parity": "R",
    "proj_lat": 52.42535183706748,
    "proj_lon": 13.483689752072365,
    "marker-color": "#ff0000",
    "marker-symbol": "e"
  },
  {
    "rowid": 49933,
    "id": 26638,
    "source": "OA",
    "source_id": "ad1fc7da2db44750",
    "housenumber": 266,
    "lat": 52.4249004,
    "lon": 13.4832008,
    "parity": "R",
    "proj_lat": 52.42523358711489,
    "proj_lon": 13.483852442717033,
    "marker-color": "#ff0000",
    "marker-symbol": "e"
  },
  {
    "rowid": 49933,
    "id": 26638,
    "source": "OA",
    "source_id": "ad1fc7da2db44750",
    "housenumber": 266,
    "lat": 52.4249004,
    "lon": 13.4832008,
    "parity": "R",
    "proj_lat": 52.42523358711489,
    "proj_lon": 13.483852442717033,
    "marker-color": "#ff0000",
    "marker-symbol": "e"
  },
  {
    "rowid": 49934,
    "id": 26638,
    "source": "OA",
    "source_id": "800745e8820b3d35",
    "housenumber": 268,
    "lat": 52.4247222,
    "lon": 13.4839665,
    "parity": "R",
    "proj_lat": 52.42490093627596,
    "proj_lon": 13.484312367969439,
    "marker-color": "#ff0000",
    "marker-symbol": "e"
  },
  {
    "rowid": 49934,
    "id": 26638,
    "source": "OA",
    "source_id": "800745e8820b3d35",
    "housenumber": 268,
    "lat": 52.4247222,
    "lon": 13.4839665,
    "parity": "R",
    "proj_lat": 52.42490093627596,
    "proj_lon": 13.484312367969439,
    "marker-color": "#ff0000",
    "marker-symbol": "e"
  },
  {
    "rowid": 49935,
    "id": 26638,
    "source": "OA",
    "source_id": "69f2bd06c6f2912f",
    "housenumber": 270,
    "lat": 52.4245275,
    "lon": 13.4840973,
    "parity": "R",
    "proj_lat": 52.424747052102575,
    "proj_lon": 13.484525316364387,
    "marker-color": "#ff0000",
    "marker-symbol": "e"
  },
  {
    "rowid": 49935,
    "id": 26638,
    "source": "OA",
    "source_id": "69f2bd06c6f2912f",
    "housenumber": 270,
    "lat": 52.4245275,
    "lon": 13.4840973,
    "parity": "R",
    "proj_lat": 52.424747052102575,
    "proj_lon": 13.484525316364387,
    "marker-color": "#ff0000",
    "marker-symbol": "e"
  },
  {
    "rowid": 49936,
    "id": 26638,
    "source": "OA",
    "source_id": "47aee7d5903b2d9f",
    "housenumber": 272,
    "lat": 52.4243504,
    "lon": 13.4842147,
    "parity": "R",
    "proj_lat": 52.42460807204935,
    "proj_lon": 13.484717027084862,
    "marker-color": "#ff0000",
    "marker-symbol": "e"
  },
  {
    "rowid": 49936,
    "id": 26638,
    "source": "OA",
    "source_id": "47aee7d5903b2d9f",
    "housenumber": 272,
    "lat": 52.4243504,
    "lon": 13.4842147,
    "parity": "R",
    "proj_lat": 52.42460807204935,
    "proj_lon": 13.484717027084862,
    "marker-color": "#ff0000",
    "marker-symbol": "e"
  },
  {
    "rowid": 49937,
    "id": 26638,
    "source": "OA",
    "source_id": "1e789bf751e4326e",
    "housenumber": 274,
    "lat": 52.4241794,
    "lon": 13.4842331,
    "parity": "R",
    "proj_lat": 52.42450240434776,
    "proj_lon": 13.484862786355585,
    "marker-color": "#ff0000",
    "marker-symbol": "e"
  },
  {
    "rowid": 49937,
    "id": 26638,
    "source": "OA",
    "source_id": "1e789bf751e4326e",
    "housenumber": 274,
    "lat": 52.4241794,
    "lon": 13.4842331,
    "parity": "R",
    "proj_lat": 52.42450240434776,
    "proj_lon": 13.484862786355585,
    "marker-color": "#ff0000",
    "marker-symbol": "e"
  },
  {
    "rowid": 49938,
    "id": 26638,
    "source": "OA",
    "source_id": "8d0ae1778ca761bd",
    "housenumber": 276,
    "lat": 52.4240141,
    "lon": 13.4842604,
    "parity": "R",
    "proj_lat": 52.424397401635595,
    "proj_lon": 13.485007628332077,
    "marker-color": "#ff0000",
    "marker-symbol": "e"
  },
  {
    "rowid": 49938,
    "id": 26638,
    "source": "OA",
    "source_id": "8d0ae1778ca761bd",
    "housenumber": 276,
    "lat": 52.4240141,
    "lon": 13.4842604,
    "parity": "R",
    "proj_lat": 52.424397401635595,
    "proj_lon": 13.485007628332077,
    "marker-color": "#ff0000",
    "marker-symbol": "e"
  },
  {
    "rowid": 49939,
    "id": 26638,
    "source": "OA",
    "source_id": "ffad467e50673530",
    "housenumber": 276.03,
    "lat": 52.4238587,
    "lon": 13.4841731,
    "parity": "R",
    "proj_lat": 52.42433262326433,
    "proj_lon": 13.485096984379503,
    "marker-color": "#ff0000",
    "marker-symbol": "e"
  },
  {
    "rowid": 49939,
    "id": 26638,
    "source": "OA",
    "source_id": "ffad467e50673530",
    "housenumber": 276.03,
    "lat": 52.4238587,
    "lon": 13.4841731,
    "parity": "R",
    "proj_lat": 52.42433262326433,
    "proj_lon": 13.485096984379503,
    "marker-color": "#ff0000",
    "marker-symbol": "e"
  },
  {
    "rowid": 153811,
    "id": 26639,
    "source": "OA",
    "source_id": "f347133f270defb8",
    "housenumber": 277,
    "lat": 52.4249961,
    "lon": 13.4847123,
    "parity": "R",
    "proj_lat": 52.42491400491574,
    "proj_lon": 13.484554232803633,
    "marker-color": "#ff0000",
    "marker-symbol": "o"
  },
  {
    "rowid": 153811,
    "id": 26639,
    "source": "OA",
    "source_id": "f347133f270defb8",
    "housenumber": 277,
    "lat": 52.4249961,
    "lon": 13.4847123,
    "parity": "R",
    "proj_lat": 52.42491400491574,
    "proj_lon": 13.484554232803633,
    "marker-color": "#ff0000",
    "marker-symbol": "o"
  },
  {
    "rowid": 153812,
    "id": 26638,
    "source": "OA",
    "source_id": "283720916b8389a0",
    "housenumber": 278,
    "lat": 52.4242393,
    "lon": 13.4849033,
    "parity": "R",
    "proj_lat": 52.42433615395183,
    "proj_lon": 13.485092114107623,
    "marker-color": "#ff0000",
    "marker-symbol": "e"
  },
  {
    "rowid": 153812,
    "id": 26638,
    "source": "OA",
    "source_id": "283720916b8389a0",
    "housenumber": 278,
    "lat": 52.4242393,
    "lon": 13.4849033,
    "parity": "R",
    "proj_lat": 52.42433615395183,
    "proj_lon": 13.485092114107623,
    "marker-color": "#ff0000",
    "marker-symbol": "e"
  },
  {
    "rowid": 49940,
    "id": 26638,
    "source": "OA",
    "source_id": "55726451c6c1a9e6",
    "housenumber": 280,
    "lat": 52.4237999,
    "lon": 13.4854909,
    "parity": "R",
    "proj_lat": 52.423896354045,
    "proj_lon": 13.485690727325434,
    "marker-color": "#ff0000",
    "marker-symbol": "e"
  },
  {
    "rowid": 49940,
    "id": 26638,
    "source": "OA",
    "source_id": "55726451c6c1a9e6",
    "housenumber": 280,
    "lat": 52.4237999,
    "lon": 13.4854909,
    "parity": "R",
    "proj_lat": 52.423896354045,
    "proj_lon": 13.485690727325434,
    "marker-color": "#ff0000",
    "marker-symbol": "e"
  },
  {
    "rowid": 49941,
    "id": 26638,
    "source": "OA",
    "source_id": "fd0138f2bd8dd6bc",
    "housenumber": 282,
    "lat": 52.423568,
    "lon": 13.4856555,
    "parity": "R",
    "proj_lat": 52.42370070394602,
    "proj_lon": 13.485938819779419,
    "marker-color": "#ff0000",
    "marker-symbol": "e"
  },
  {
    "rowid": 49941,
    "id": 26638,
    "source": "OA",
    "source_id": "fd0138f2bd8dd6bc",
    "housenumber": 282,
    "lat": 52.423568,
    "lon": 13.4856555,
    "parity": "R",
    "proj_lat": 52.42370070394602,
    "proj_lon": 13.485938819779419,
    "marker-color": "#ff0000",
    "marker-symbol": "e"
  },
  {
    "rowid": 49942,
    "id": 26638,
    "source": "OA",
    "source_id": "dafe950381197fb2",
    "housenumber": 284,
    "lat": 52.4234186,
    "lon": 13.4857256,
    "parity": "R",
    "proj_lat": 52.42358608807624,
    "proj_lon": 13.486083180649464,
    "marker-color": "#ff0000",
    "marker-symbol": "e"
  },
  {
    "rowid": 49942,
    "id": 26638,
    "source": "OA",
    "source_id": "dafe950381197fb2",
    "housenumber": 284,
    "lat": 52.4234186,
    "lon": 13.4857256,
    "parity": "R",
    "proj_lat": 52.42358608807624,
    "proj_lon": 13.486083180649464,
    "marker-color": "#ff0000",
    "marker-symbol": "e"
  },
  {
    "rowid": 153813,
    "id": 26638,
    "source": "OA",
    "source_id": "bbf6ad95446993ff",
    "housenumber": 286,
    "lat": 52.4233418,
    "lon": 13.4860815,
    "parity": "R",
    "proj_lat": 52.42343293818058,
    "proj_lon": 13.486276075858722,
    "marker-color": "#ff0000",
    "marker-symbol": "e"
  },
  {
    "rowid": 153813,
    "id": 26638,
    "source": "OA",
    "source_id": "bbf6ad95446993ff",
    "housenumber": 286,
    "lat": 52.4233418,
    "lon": 13.4860815,
    "parity": "R",
    "proj_lat": 52.42343293818058,
    "proj_lon": 13.486276075858722,
    "marker-color": "#ff0000",
    "marker-symbol": "e"
  },
  {
    "rowid": 49943,
    "id": 26638,
    "source": "OA",
    "source_id": "3006acfd16b464d8",
    "housenumber": 288,
    "lat": 52.423018,
    "lon": 13.4859621,
    "parity": "R",
    "proj_lat": 52.423264461238745,
    "proj_lon": 13.486488275774443,
    "marker-color": "#ff0000",
    "marker-symbol": "e"
  },
  {
    "rowid": 49943,
    "id": 26638,
    "source": "OA",
    "source_id": "3006acfd16b464d8",
    "housenumber": 288,
    "lat": 52.423018,
    "lon": 13.4859621,
    "parity": "R",
    "proj_lat": 52.423264461238745,
    "proj_lon": 13.486488275774443,
    "marker-color": "#ff0000",
    "marker-symbol": "e"
  },
  {
    "rowid": 49944,
    "id": 26638,
    "source": "OA",
    "source_id": "cf5d386df73f6f67",
    "housenumber": 290,
    "lat": 52.4229553,
    "lon": 13.4860561,
    "parity": "R",
    "proj_lat": 52.42319733438854,
    "proj_lon": 13.486572823320241,
    "marker-color": "#ff0000",
    "marker-symbol": "e"
  },
  {
    "rowid": 49944,
    "id": 26638,
    "source": "OA",
    "source_id": "cf5d386df73f6f67",
    "housenumber": 290,
    "lat": 52.4229553,
    "lon": 13.4860561,
    "parity": "R",
    "proj_lat": 52.42319733438854,
    "proj_lon": 13.486572823320241,
    "marker-color": "#ff0000",
    "marker-symbol": "e"
  },
  {
    "rowid": 49945,
    "id": 26638,
    "source": "OA",
    "source_id": "015bcb4d7017a5ff",
    "housenumber": 292,
    "lat": 52.4228849,
    "lon": 13.4865283,
    "parity": "R",
    "proj_lat": 52.42301394684645,
    "proj_lon": 13.48680380342085,
    "marker-color": "#ff0000",
    "marker-symbol": "e"
  },
  {
    "rowid": 49945,
    "id": 26638,
    "source": "OA",
    "source_id": "015bcb4d7017a5ff",
    "housenumber": 292,
    "lat": 52.4228849,
    "lon": 13.4865283,
    "parity": "R",
    "proj_lat": 52.42301394684645,
    "proj_lon": 13.48680380342085,
    "marker-color": "#ff0000",
    "marker-symbol": "e"
  },
  {
    "rowid": 49946,
    "id": 26639,
    "source": "OA",
    "source_id": "5cdca23bbaa15777",
    "housenumber": 293,
    "lat": 52.4228538,
    "lon": 13.487615,
    "parity": "R",
    "proj_lat": 52.42275558097655,
    "proj_lon": 13.487399360823005,
    "marker-color": "#ff0000",
    "marker-symbol": "o"
  },
  {
    "rowid": 49946,
    "id": 26639,
    "source": "OA",
    "source_id": "5cdca23bbaa15777",
    "housenumber": 293,
    "lat": 52.4228538,
    "lon": 13.487615,
    "parity": "R",
    "proj_lat": 52.42275558097655,
    "proj_lon": 13.487399360823005,
    "marker-color": "#ff0000",
    "marker-symbol": "o"
  },
  {
    "rowid": 49947,
    "id": 26638,
    "source": "OA",
    "source_id": "e9a9b89daab183fe",
    "housenumber": 294,
    "lat": 52.4224577,
    "lon": 13.4867452,
    "parity": "R",
    "proj_lat": 52.422682249270935,
    "proj_lon": 13.487222522289755,
    "marker-color": "#ff0000",
    "marker-symbol": "e"
  },
  {
    "rowid": 49947,
    "id": 26638,
    "source": "OA",
    "source_id": "e9a9b89daab183fe",
    "housenumber": 294,
    "lat": 52.4224577,
    "lon": 13.4867452,
    "parity": "R",
    "proj_lat": 52.422682249270935,
    "proj_lon": 13.487222522289755,
    "marker-color": "#ff0000",
    "marker-symbol": "e"
  },
  {
    "rowid": 49948,
    "id": 26639,
    "source": "OA",
    "source_id": "f108878b47e19af8",
    "housenumber": 295,
    "lat": 52.4227247,
    "lon": 13.4877805,
    "parity": "R",
    "proj_lat": 52.42262432191853,
    "proj_lon": 13.48756012191692,
    "marker-color": "#ff0000",
    "marker-symbol": "o"
  },
  {
    "rowid": 49948,
    "id": 26639,
    "source": "OA",
    "source_id": "f108878b47e19af8",
    "housenumber": 295,
    "lat": 52.4227247,
    "lon": 13.4877805,
    "parity": "R",
    "proj_lat": 52.42262432191853,
    "proj_lon": 13.48756012191692,
    "marker-color": "#ff0000",
    "marker-symbol": "o"
  },
  {
    "rowid": 49949,
    "id": 26638,
    "source": "OA",
    "source_id": "022127ecdb92bd0c",
    "housenumber": 296,
    "lat": 52.4223614,
    "lon": 13.4872307,
    "parity": "R",
    "proj_lat": 52.42247868849559,
    "proj_lon": 13.487480017971391,
    "marker-color": "#ff0000",
    "marker-symbol": "e"
  },
  {
    "rowid": 49949,
    "id": 26638,
    "source": "OA",
    "source_id": "022127ecdb92bd0c",
    "housenumber": 296,
    "lat": 52.4223614,
    "lon": 13.4872307,
    "parity": "R",
    "proj_lat": 52.42247868849559,
    "proj_lon": 13.487480017971391,
    "marker-color": "#ff0000",
    "marker-symbol": "e"
  },
  {
    "rowid": 49950,
    "id": 26639,
    "source": "OA",
    "source_id": "1a2e22fe1b7e6545",
    "housenumber": 297,
    "lat": 52.4225746,
    "lon": 13.4879148,
    "parity": "R",
    "proj_lat": 52.42248870495141,
    "proj_lon": 13.487726220411885,
    "marker-color": "#ff0000",
    "marker-symbol": "o"
  },
  {
    "rowid": 49950,
    "id": 26639,
    "source": "OA",
    "source_id": "1a2e22fe1b7e6545",
    "housenumber": 297,
    "lat": 52.4225746,
    "lon": 13.4879148,
    "parity": "R",
    "proj_lat": 52.42248870495141,
    "proj_lon": 13.487726220411885,
    "marker-color": "#ff0000",
    "marker-symbol": "o"
  },
  {
    "rowid": 49951,
    "id": 26638,
    "source": "OA",
    "source_id": "00a9ac1ca9686ed4",
    "housenumber": 298,
    "lat": 52.4221878,
    "lon": 13.4874256,
    "parity": "R",
    "proj_lat": 52.42231237286562,
    "proj_lon": 13.487690400135795,
    "marker-color": "#ff0000",
    "marker-symbol": "e"
  },
  {
    "rowid": 49951,
    "id": 26638,
    "source": "OA",
    "source_id": "00a9ac1ca9686ed4",
    "housenumber": 298,
    "lat": 52.4221878,
    "lon": 13.4874256,
    "parity": "R",
    "proj_lat": 52.42231237286562,
    "proj_lon": 13.487690400135795,
    "marker-color": "#ff0000",
    "marker-symbol": "e"
  },
  {
    "rowid": 49952,
    "id": 26639,
    "source": "OA",
    "source_id": "156ea12c4e1dfaf5",
    "housenumber": 299,
    "lat": 52.4224596,
    "lon": 13.4882579,
    "parity": "R",
    "proj_lat": 52.422335401284386,
    "proj_lon": 13.487911209497243,
    "marker-color": "#ff0000",
    "marker-symbol": "o"
  },
  {
    "rowid": 49952,
    "id": 26639,
    "source": "OA",
    "source_id": "156ea12c4e1dfaf5",
    "housenumber": 299,
    "lat": 52.4224596,
    "lon": 13.4882579,
    "parity": "R",
    "proj_lat": 52.422335401284386,
    "proj_lon": 13.487911209497243,
    "marker-color": "#ff0000",
    "marker-symbol": "o"
  },
  {
    "rowid": 49953,
    "id": 26639,
    "source": "OA",
    "source_id": "69c5e3e09d1a65da",
    "housenumber": 299.03,
    "lat": 52.4225902,
    "lon": 13.4886014,
    "parity": "R",
    "proj_lat": 52.42234101113685,
    "proj_lon": 13.487905805656307,
    "marker-color": "#ff0000",
    "marker-symbol": "o"
  },
  {
    "rowid": 49953,
    "id": 26639,
    "source": "OA",
    "source_id": "69c5e3e09d1a65da",
    "housenumber": 299.03,
    "lat": 52.4225902,
    "lon": 13.4886014,
    "parity": "R",
    "proj_lat": 52.42234101113685,
    "proj_lon": 13.487905805656307,
    "marker-color": "#ff0000",
    "marker-symbol": "o"
  },
  {
    "rowid": 49954,
    "id": 26639,
    "source": "OA",
    "source_id": "9453ca87aa84edad",
    "housenumber": 299.06,
    "lat": 52.4224365,
    "lon": 13.4887764,
    "parity": "R",
    "proj_lat": 52.42218013366331,
    "proj_lon": 13.488060775200031,
    "marker-color": "#ff0000",
    "marker-symbol": "o"
  },
  {
    "rowid": 49954,
    "id": 26639,
    "source": "OA",
    "source_id": "9453ca87aa84edad",
    "housenumber": 299.06,
    "lat": 52.4224365,
    "lon": 13.4887764,
    "parity": "R",
    "proj_lat": 52.42218013366331,
    "proj_lon": 13.488060775200031,
    "marker-color": "#ff0000",
    "marker-symbol": "o"
  },
  {
    "rowid": 49955,
    "id": 26638,
    "source": "OA",
    "source_id": "0d7c97bb89a3bbe0",
    "housenumber": 300,
    "lat": 52.4219187,
    "lon": 13.4868909,
    "parity": "R",
    "proj_lat": 52.42230137003884,
    "proj_lon": 13.48770431824147,
    "marker-color": "#ff0000",
    "marker-symbol": "e"
  },
  {
    "rowid": 49955,
    "id": 26638,
    "source": "OA",
    "source_id": "0d7c97bb89a3bbe0",
    "housenumber": 300,
    "lat": 52.4219187,
    "lon": 13.4868909,
    "parity": "R",
    "proj_lat": 52.42230137003884,
    "proj_lon": 13.48770431824147,
    "marker-color": "#ff0000",
    "marker-symbol": "e"
  },
  {
    "rowid": 49956,
    "id": 26639,
    "source": "OA",
    "source_id": "de90e1c62e607d54",
    "housenumber": 301,
    "lat": 52.4222384,
    "lon": 13.4883709,
    "parity": "R",
    "proj_lat": 52.422140854345194,
    "proj_lon": 13.488098612057312,
    "marker-color": "#ff0000",
    "marker-symbol": "o"
  },
  {
    "rowid": 49956,
    "id": 26639,
    "source": "OA",
    "source_id": "de90e1c62e607d54",
    "housenumber": 301,
    "lat": 52.4222384,
    "lon": 13.4883709,
    "parity": "R",
    "proj_lat": 52.422140854345194,
    "proj_lon": 13.488098612057312,
    "marker-color": "#ff0000",
    "marker-symbol": "o"
  },
  {
    "rowid": 49957,
    "id": 26638,
    "source": "OA",
    "source_id": "6ed3f435f05d9ec5",
    "housenumber": 302,
    "lat": 52.4216803,
    "lon": 13.4872962,
    "parity": "R",
    "proj_lat": 52.42195847496169,
    "proj_lon": 13.488052757708328,
    "marker-color": "#ff0000",
    "marker-symbol": "e"
  },
  {
    "rowid": 49957,
    "id": 26638,
    "source": "OA",
    "source_id": "6ed3f435f05d9ec5",
    "housenumber": 302,
    "lat": 52.4216803,
    "lon": 13.4872962,
    "parity": "R",
    "proj_lat": 52.42195847496169,
    "proj_lon": 13.488052757708328,
    "marker-color": "#ff0000",
    "marker-symbol": "e"
  },
  {
    "rowid": 49958,
    "id": 26639,
    "source": "OA",
    "source_id": "5b6e0bf0f2fb265e",
    "housenumber": 303,
    "lat": 52.4221014,
    "lon": 13.4887019,
    "parity": "R",
    "proj_lat": 52.42194870596819,
    "proj_lon": 13.488284595740977,
    "marker-color": "#ff0000",
    "marker-symbol": "o"
  },
  {
    "rowid": 49958,
    "id": 26639,
    "source": "OA",
    "source_id": "5b6e0bf0f2fb265e",
    "housenumber": 303,
    "lat": 52.4221014,
    "lon": 13.4887019,
    "parity": "R",
    "proj_lat": 52.42194870596819,
    "proj_lon": 13.488284595740977,
    "marker-color": "#ff0000",
    "marker-symbol": "o"
  },
  {
    "rowid": 49959,
    "id": 26638,
    "source": "OA",
    "source_id": "fe28bd6eaeae5b67",
    "housenumber": 304,
    "lat": 52.4216101,
    "lon": 13.4871651,
    "parity": "R",
    "proj_lat": 52.421942343446105,
    "proj_lon": 13.488068705911235,
    "marker-color": "#ff0000",
    "marker-symbol": "e"
  },
  {
    "rowid": 49959,
    "id": 26638,
    "source": "OA",
    "source_id": "fe28bd6eaeae5b67",
    "housenumber": 304,
    "lat": 52.4216101,
    "lon": 13.4871651,
    "parity": "R",
    "proj_lat": 52.421942343446105,
    "proj_lon": 13.488068705911235,
    "marker-color": "#ff0000",
    "marker-symbol": "e"
  },
  {
    "rowid": 49960,
    "id": 26638,
    "source": "OA",
    "source_id": "b44f0b80f2f090d1",
    "housenumber": 306,
    "lat": 52.4213636,
    "lon": 13.4877019,
    "parity": "R",
    "proj_lat": 52.421606097386935,
    "proj_lon": 13.488389647931866,
    "marker-color": "#ff0000",
    "marker-symbol": "e"
  },
  {
    "rowid": 49960,
    "id": 26638,
    "source": "OA",
    "source_id": "b44f0b80f2f090d1",
    "housenumber": 306,
    "lat": 52.4213636,
    "lon": 13.4877019,
    "parity": "R",
    "proj_lat": 52.421606097386935,
    "proj_lon": 13.488389647931866,
    "marker-color": "#ff0000",
    "marker-symbol": "e"
  },
  {
    "rowid": 49961,
    "id": 26638,
    "source": "OA",
    "source_id": "d444d59a11d8837c",
    "housenumber": 308,
    "lat": 52.4213085,
    "lon": 13.4875531,
    "parity": "R",
    "proj_lat": 52.421604124090436,
    "proj_lon": 13.48839151871946,
    "marker-color": "#ff0000",
    "marker-symbol": "e"
  },
  {
    "rowid": 49961,
    "id": 26638,
    "source": "OA",
    "source_id": "d444d59a11d8837c",
    "housenumber": 308,
    "lat": 52.4213085,
    "lon": 13.4875531,
    "parity": "R",
    "proj_lat": 52.421604124090436,
    "proj_lon": 13.48839151871946,
    "marker-color": "#ff0000",
    "marker-symbol": "e"
  },
  {
    "rowid": 49962,
    "id": 26638,
    "source": "OA",
    "source_id": "80df507b6025cede",
    "housenumber": 310,
    "lat": 52.4210788,
    "lon": 13.4880683,
    "parity": "R",
    "proj_lat": 52.421260072211275,
    "proj_lon": 13.488677542230981,
    "marker-color": "#ff0000",
    "marker-symbol": "e"
  },
  {
    "rowid": 49962,
    "id": 26638,
    "source": "OA",
    "source_id": "80df507b6025cede",
    "housenumber": 310,
    "lat": 52.4210788,
    "lon": 13.4880683,
    "parity": "R",
    "proj_lat": 52.421260072211275,
    "proj_lon": 13.488677542230981,
    "marker-color": "#ff0000",
    "marker-symbol": "e"
  },
  {
    "rowid": 49963,
    "id": 26638,
    "source": "OA",
    "source_id": "244ca67c5014d82a",
    "housenumber": 312,
    "lat": 52.421001,
    "lon": 13.487946,
    "parity": "R",
    "proj_lat": 52.42122662357418,
    "proj_lon": 13.488704301140661,
    "marker-color": "#ff0000",
    "marker-symbol": "e"
  },
  {
    "rowid": 49963,
    "id": 26638,
    "source": "OA",
    "source_id": "244ca67c5014d82a",
    "housenumber": 312,
    "lat": 52.421001,
    "lon": 13.487946,
    "parity": "R",
    "proj_lat": 52.42122662357418,
    "proj_lon": 13.488704301140661,
    "marker-color": "#ff0000",
    "marker-symbol": "e"
  },
  {
    "rowid": 49964,
    "id": 26639,
    "source": "OA",
    "source_id": "48d0a021e63014e8",
    "housenumber": 313,
    "lat": 52.4190829,
    "lon": 13.4918328,
    "parity": "R",
    "proj_lat": 52.41892947992215,
    "proj_lon": 13.491514894510578,
    "marker-color": "#ff0000",
    "marker-symbol": "o"
  },
  {
    "rowid": 49964,
    "id": 26639,
    "source": "OA",
    "source_id": "48d0a021e63014e8",
    "housenumber": 313,
    "lat": 52.4190829,
    "lon": 13.4918328,
    "parity": "R",
    "proj_lat": 52.41892947992215,
    "proj_lon": 13.491514894510578,
    "marker-color": "#ff0000",
    "marker-symbol": "o"
  },
  {
    "rowid": 49965,
    "id": 26638,
    "source": "OA",
    "source_id": "5dd3aacc5cb1bd91",
    "housenumber": 314,
    "lat": 52.4207917,
    "lon": 13.4884408,
    "parity": "R",
    "proj_lat": 52.4209387469167,
    "proj_lon": 13.488934669818056,
    "marker-color": "#ff0000",
    "marker-symbol": "e"
  },
  {
    "rowid": 49965,
    "id": 26638,
    "source": "OA",
    "source_id": "5dd3aacc5cb1bd91",
    "housenumber": 314,
    "lat": 52.4207917,
    "lon": 13.4884408,
    "parity": "R",
    "proj_lat": 52.4209387469167,
    "proj_lon": 13.488934669818056,
    "marker-color": "#ff0000",
    "marker-symbol": "e"
  },
  {
    "rowid": 49966,
    "id": 26639,
    "source": "OA",
    "source_id": "a138079a6a7a943d",
    "housenumber": 315.03,
    "lat": 52.4187298,
    "lon": 13.4923033,
    "parity": "R",
    "proj_lat": 52.4185727081097,
    "proj_lon": 13.491977791271719,
    "marker-color": "#ff0000",
    "marker-symbol": "o"
  },
  {
    "rowid": 49966,
    "id": 26639,
    "source": "OA",
    "source_id": "a138079a6a7a943d",
    "housenumber": 315.03,
    "lat": 52.4187298,
    "lon": 13.4923033,
    "parity": "R",
    "proj_lat": 52.4185727081097,
    "proj_lon": 13.491977791271719,
    "marker-color": "#ff0000",
    "marker-symbol": "o"
  },
  {
    "rowid": 49967,
    "id": 26639,
    "source": "OA",
    "source_id": "9e84404d015f8020",
    "housenumber": 315.06,
    "lat": 52.4189083,
    "lon": 13.492666,
    "parity": "R",
    "proj_lat": 52.41857483714139,
    "proj_lon": 13.491975028940619,
    "marker-color": "#ff0000",
    "marker-symbol": "o"
  },
  {
    "rowid": 49967,
    "id": 26639,
    "source": "OA",
    "source_id": "9e84404d015f8020",
    "housenumber": 315.06,
    "lat": 52.4189083,
    "lon": 13.492666,
    "parity": "R",
    "proj_lat": 52.41857483714139,
    "proj_lon": 13.491975028940619,
    "marker-color": "#ff0000",
    "marker-symbol": "o"
  },
  {
    "rowid": 49968,
    "id": 26639,
    "source": "OA",
    "source_id": "a4e698321b8b4ec7",
    "housenumber": 315.09,
    "lat": 52.4190034,
    "lon": 13.4925451,
    "parity": "R",
    "proj_lat": 52.41866919955293,
    "proj_lon": 13.491852597590517,
    "marker-color": "#ff0000",
    "marker-symbol": "o"
  },
  {
    "rowid": 49968,
    "id": 26639,
    "source": "OA",
    "source_id": "a4e698321b8b4ec7",
    "housenumber": 315.09,
    "lat": 52.4190034,
    "lon": 13.4925451,
    "parity": "R",
    "proj_lat": 52.41866919955293,
    "proj_lon": 13.491852597590517,
    "marker-color": "#ff0000",
    "marker-symbol": "o"
  },
  {
    "rowid": 49969,
    "id": 26638,
    "source": "OA",
    "source_id": "0301890aa286dde0",
    "housenumber": 316,
    "lat": 52.4206968,
    "lon": 13.4883422,
    "parity": "R",
    "proj_lat": 52.420885820709,
    "proj_lon": 13.488977039705633,
    "marker-color": "#ff0000",
    "marker-symbol": "e"
  },
  {
    "rowid": 49969,
    "id": 26638,
    "source": "OA",
    "source_id": "0301890aa286dde0",
    "housenumber": 316,
    "lat": 52.4206968,
    "lon": 13.4883422,
    "parity": "R",
    "proj_lat": 52.420885820709,
    "proj_lon": 13.488977039705633,
    "marker-color": "#ff0000",
    "marker-symbol": "e"
  },
  {
    "rowid": 49970,
    "id": 26638,
    "source": "OA",
    "source_id": "a6ccb76dc68dcc84",
    "housenumber": 318,
    "lat": 52.4204007,
    "lon": 13.4889403,
    "parity": "R",
    "proj_lat": 52.42053803204725,
    "proj_lon": 13.489293937127139,
    "marker-color": "#ff0000",
    "marker-symbol": "e"
  },
  {
    "rowid": 49970,
    "id": 26638,
    "source": "OA",
    "source_id": "a6ccb76dc68dcc84",
    "housenumber": 318,
    "lat": 52.4204007,
    "lon": 13.4889403,
    "parity": "R",
    "proj_lat": 52.42053803204725,
    "proj_lon": 13.489293937127139,
    "marker-color": "#ff0000",
    "marker-symbol": "e"
  },
  {
    "rowid": 49971,
    "id": 26638,
    "source": "OA",
    "source_id": "bdaf975897b88fe4",
    "housenumber": 320,
    "lat": 52.4203518,
    "lon": 13.4890017,
    "parity": "R",
    "proj_lat": 52.42048627451894,
    "proj_lon": 13.489347978075815,
    "marker-color": "#ff0000",
    "marker-symbol": "e"
  },
  {
    "rowid": 49971,
    "id": 26638,
    "source": "OA",
    "source_id": "bdaf975897b88fe4",
    "housenumber": 320,
    "lat": 52.4203518,
    "lon": 13.4890017,
    "parity": "R",
    "proj_lat": 52.42048627451894,
    "proj_lon": 13.489347978075815,
    "marker-color": "#ff0000",
    "marker-symbol": "e"
  },
  {
    "rowid": 49972,
    "id": 26639,
    "source": "OA",
    "source_id": "9cbe39ff144b54be",
    "housenumber": 321,
    "lat": 52.4180198,
    "lon": 13.4933587,
    "parity": "R",
    "proj_lat": 52.41782906270058,
    "proj_lon": 13.49295954816436,
    "marker-color": "#ff0000",
    "marker-symbol": "o"
  },
  {
    "rowid": 49972,
    "id": 26639,
    "source": "OA",
    "source_id": "9cbe39ff144b54be",
    "housenumber": 321,
    "lat": 52.4180198,
    "lon": 13.4933587,
    "parity": "R",
    "proj_lat": 52.41782906270058,
    "proj_lon": 13.49295954816436,
    "marker-color": "#ff0000",
    "marker-symbol": "o"
  },
  {
    "rowid": 49973,
    "id": 26638,
    "source": "OA",
    "source_id": "ac6321b3c2c39180",
    "housenumber": 322,
    "lat": 52.4203027,
    "lon": 13.4890639,
    "parity": "R",
    "proj_lat": 52.42043415363605,
    "proj_lon": 13.48940239840942,
    "marker-color": "#ff0000",
    "marker-symbol": "e"
  },
  {
    "rowid": 49973,
    "id": 26638,
    "source": "OA",
    "source_id": "ac6321b3c2c39180",
    "housenumber": 322,
    "lat": 52.4203027,
    "lon": 13.4890639,
    "parity": "R",
    "proj_lat": 52.42043415363605,
    "proj_lon": 13.48940239840942,
    "marker-color": "#ff0000",
    "marker-symbol": "e"
  },
  {
    "rowid": 49974,
    "id": 26639,
    "source": "OA",
    "source_id": "c960e39cb7b22ebb",
    "housenumber": 323,
    "lat": 52.4181339,
    "lon": 13.4935804,
    "parity": "R",
    "proj_lat": 52.4178341193127,
    "proj_lon": 13.492953052170071,
    "marker-color": "#ff0000",
    "marker-symbol": "o"
  },
  {
    "rowid": 49974,
    "id": 26639,
    "source": "OA",
    "source_id": "c960e39cb7b22ebb",
    "housenumber": 323,
    "lat": 52.4181339,
    "lon": 13.4935804,
    "parity": "R",
    "proj_lat": 52.4178341193127,
    "proj_lon": 13.492953052170071,
    "marker-color": "#ff0000",
    "marker-symbol": "o"
  },
  {
    "rowid": 49975,
    "id": 26638,
    "source": "OA",
    "source_id": "ee4b667671f524b0",
    "housenumber": 324,
    "lat": 52.4202556,
    "lon": 13.4891238,
    "parity": "R",
    "proj_lat": 52.42038409124753,
    "proj_lon": 13.48945466943273,
    "marker-color": "#ff0000",
    "marker-symbol": "e"
  },
  {
    "rowid": 49975,
    "id": 26638,
    "source": "OA",
    "source_id": "ee4b667671f524b0",
    "housenumber": 324,
    "lat": 52.4202556,
    "lon": 13.4891238,
    "parity": "R",
    "proj_lat": 52.42038409124753,
    "proj_lon": 13.48945466943273,
    "marker-color": "#ff0000",
    "marker-symbol": "e"
  },
  {
    "rowid": 49976,
    "id": 26638,
    "source": "OA",
    "source_id": "78cc8c341004ce2f",
    "housenumber": 326,
    "lat": 52.4201513,
    "lon": 13.4892772,
    "parity": "R",
    "proj_lat": 52.420267496348494,
    "proj_lon": 13.489576408224371,
    "marker-color": "#ff0000",
    "marker-symbol": "e"
  },
  {
    "rowid": 49976,
    "id": 26638,
    "source": "OA",
    "source_id": "78cc8c341004ce2f",
    "housenumber": 326,
    "lat": 52.4201513,
    "lon": 13.4892772,
    "parity": "R",
    "proj_lat": 52.420267496348494,
    "proj_lon": 13.489576408224371,
    "marker-color": "#ff0000",
    "marker-symbol": "e"
  },
  {
    "rowid": 49977,
    "id": 26639,
    "source": "OA",
    "source_id": "294362b101cef02b",
    "housenumber": 329,
    "lat": 52.4173234,
    "lon": 13.49417,
    "parity": "R",
    "proj_lat": 52.417141614363814,
    "proj_lon": 13.493860687343409,
    "marker-color": "#ff0000",
    "marker-symbol": "o"
  },
  {
    "rowid": 49977,
    "id": 26639,
    "source": "OA",
    "source_id": "294362b101cef02b",
    "housenumber": 329,
    "lat": 52.4173234,
    "lon": 13.49417,
    "parity": "R",
    "proj_lat": 52.417141614363814,
    "proj_lon": 13.493860687343409,
    "marker-color": "#ff0000",
    "marker-symbol": "o"
  },
  {
    "rowid": 49978,
    "id": 26639,
    "source": "OA",
    "source_id": "f4b2be492437e1f5",
    "housenumber": 331,
    "lat": 52.4171941,
    "lon": 13.4943055,
    "parity": "R",
    "proj_lat": 52.41703327545884,
    "proj_lon": 13.494031854758335,
    "marker-color": "#ff0000",
    "marker-symbol": "o"
  },
  {
    "rowid": 49978,
    "id": 26639,
    "source": "OA",
    "source_id": "f4b2be492437e1f5",
    "housenumber": 331,
    "lat": 52.4171941,
    "lon": 13.4943055,
    "parity": "R",
    "proj_lat": 52.41703327545884,
    "proj_lon": 13.494031854758335,
    "marker-color": "#ff0000",
    "marker-symbol": "o"
  },
  {
    "rowid": 49979,
    "id": 26639,
    "source": "OA",
    "source_id": "7a151549c013a36c",
    "housenumber": 333,
    "lat": 52.4171123,
    "lon": 13.4945258,
    "parity": "R",
    "proj_lat": 52.41692372444826,
    "proj_lon": 13.494204937209995,
    "marker-color": "#ff0000",
    "marker-symbol": "o"
  },
  {
    "rowid": 49979,
    "id": 26639,
    "source": "OA",
    "source_id": "7a151549c013a36c",
    "housenumber": 333,
    "lat": 52.4171123,
    "lon": 13.4945258,
    "parity": "R",
    "proj_lat": 52.41692372444826,
    "proj_lon": 13.494204937209995,
    "marker-color": "#ff0000",
    "marker-symbol": "o"
  },
  {
    "rowid": 49980,
    "id": 26639,
    "source": "OA",
    "source_id": "c07ecfb97ccfe14b",
    "housenumber": 335,
    "lat": 52.4169115,
    "lon": 13.4946867,
    "parity": "R",
    "proj_lat": 52.4167704391489,
    "proj_lon": 13.49444969736176,
    "marker-color": "#ff0000",
    "marker-symbol": "o"
  },
  {
    "rowid": 49980,
    "id": 26639,
    "source": "OA",
    "source_id": "c07ecfb97ccfe14b",
    "housenumber": 335,
    "lat": 52.4169115,
    "lon": 13.4946867,
    "parity": "R",
    "proj_lat": 52.4167704391489,
    "proj_lon": 13.49444969736176,
    "marker-color": "#ff0000",
    "marker-symbol": "o"
  },
  {
    "rowid": 49981,
    "id": 26638,
    "source": "OA",
    "source_id": "000cc9d512c44161",
    "housenumber": 336,
    "lat": 52.4164548,
    "lon": 13.4940961,
    "parity": "R",
    "proj_lat": 52.416641698861994,
    "proj_lon": 13.494352103962482,
    "marker-color": "#ff0000",
    "marker-symbol": "e"
  },
  {
    "rowid": 49981,
    "id": 26638,
    "source": "OA",
    "source_id": "000cc9d512c44161",
    "housenumber": 336,
    "lat": 52.4164548,
    "lon": 13.4940961,
    "parity": "R",
    "proj_lat": 52.416641698861994,
    "proj_lon": 13.494352103962482,
    "marker-color": "#ff0000",
    "marker-symbol": "e"
  },
  {
    "rowid": 49982,
    "id": 26638,
    "source": "OA",
    "source_id": "0bb63fbec9bdff58",
    "housenumber": 340,
    "lat": 52.4163003,
    "lon": 13.4945126,
    "parity": "R",
    "proj_lat": 52.41645320212426,
    "proj_lon": 13.494722035600512,
    "marker-color": "#ff0000",
    "marker-symbol": "e"
  },
  {
    "rowid": 49982,
    "id": 26638,
    "source": "OA",
    "source_id": "0bb63fbec9bdff58",
    "housenumber": 340,
    "lat": 52.4163003,
    "lon": 13.4945126,
    "parity": "R",
    "proj_lat": 52.41645320212426,
    "proj_lon": 13.494722035600512,
    "marker-color": "#ff0000",
    "marker-symbol": "e"
  },
  {
    "rowid": 49983,
    "id": 26638,
    "source": "OA",
    "source_id": "69953a08d8575096",
    "housenumber": 342,
    "lat": 52.4159768,
    "lon": 13.494996,
    "parity": "R",
    "proj_lat": 52.41617533359579,
    "proj_lon": 13.49526764258202,
    "marker-color": "#ff0000",
    "marker-symbol": "e"
  },
  {
    "rowid": 49983,
    "id": 26638,
    "source": "OA",
    "source_id": "69953a08d8575096",
    "housenumber": 342,
    "lat": 52.4159768,
    "lon": 13.494996,
    "parity": "R",
    "proj_lat": 52.41617533359579,
    "proj_lon": 13.49526764258202,
    "marker-color": "#ff0000",
    "marker-symbol": "e"
  },
  {
    "rowid": 49984,
    "id": 26638,
    "source": "OA",
    "source_id": "20d6e6938ee59fce",
    "housenumber": 344,
    "lat": 52.4158609,
    "lon": 13.4954295,
    "parity": "R",
    "proj_lat": 52.416022210552455,
    "proj_lon": 13.495608575876565,
    "marker-color": "#ff0000",
    "marker-symbol": "e"
  },
  {
    "rowid": 49984,
    "id": 26638,
    "source": "OA",
    "source_id": "20d6e6938ee59fce",
    "housenumber": 344,
    "lat": 52.4158609,
    "lon": 13.4954295,
    "parity": "R",
    "proj_lat": 52.416022210552455,
    "proj_lon": 13.495608575876565,
    "marker-color": "#ff0000",
    "marker-symbol": "e"
  },
  {
    "rowid": 49985,
    "id": 26638,
    "source": "OA",
    "source_id": "d43ca7e1f1a004a4",
    "housenumber": 346,
    "lat": 52.415389,
    "lon": 13.4963884,
    "parity": "R",
    "proj_lat": 52.415590951282404,
    "proj_lon": 13.49659431025549,
    "marker-color": "#ff0000",
    "marker-symbol": "e"
  },
  {
    "rowid": 49985,
    "id": 26638,
    "source": "OA",
    "source_id": "d43ca7e1f1a004a4",
    "housenumber": 346,
    "lat": 52.415389,
    "lon": 13.4963884,
    "parity": "R",
    "proj_lat": 52.415590951282404,
    "proj_lon": 13.49659431025549,
    "marker-color": "#ff0000",
    "marker-symbol": "e"
  },
  {
    "rowid": 49986,
    "id": 26638,
    "source": "OA",
    "source_id": "9d128f7d10dac382",
    "housenumber": 348,
    "lat": 52.4153086,
    "lon": 13.4966008,
    "parity": "R",
    "proj_lat": 52.4155104321311,
    "proj_lon": 13.496806588018014,
    "marker-color": "#ff0000",
    "marker-symbol": "e"
  },
  {
    "rowid": 49986,
    "id": 26638,
    "source": "OA",
    "source_id": "9d128f7d10dac382",
    "housenumber": 348,
    "lat": 52.4153086,
    "lon": 13.4966008,
    "parity": "R",
    "proj_lat": 52.4155104321311,
    "proj_lon": 13.496806588018014,
    "marker-color": "#ff0000",
    "marker-symbol": "e"
  },
  {
    "rowid": 147481,
    "id": 26638,
    "source": "OA",
    "source_id": "f2e41adcdf5ddfab",
    "housenumber": 350,
    "lat": 52.4153188,
    "lon": 13.4967522,
    "parity": "R",
    "proj_lat": 52.41547186496475,
    "proj_lon": 13.496908265092925,
    "marker-color": "#ff0000",
    "marker-symbol": "e"
  },
  {
    "rowid": 147481,
    "id": 26638,
    "source": "OA",
    "source_id": "f2e41adcdf5ddfab",
    "housenumber": 350,
    "lat": 52.4153188,
    "lon": 13.4967522,
    "parity": "R",
    "proj_lat": 52.41547186496475,
    "proj_lon": 13.496908265092925,
    "marker-color": "#ff0000",
    "marker-symbol": "e"
  },
  {
    "rowid": 49987,
    "id": 26638,
    "source": "OA",
    "source_id": "56cc38226ee0ed03",
    "housenumber": 352,
    "lat": 52.4152444,
    "lon": 13.4969808,
    "parity": "R",
    "proj_lat": 52.415389678817405,
    "proj_lon": 13.497126642903385,
    "marker-color": "#ff0000",
    "marker-symbol": "e"
  },
  {
    "rowid": 49987,
    "id": 26638,
    "source": "OA",
    "source_id": "56cc38226ee0ed03",
    "housenumber": 352,
    "lat": 52.4152444,
    "lon": 13.4969808,
    "parity": "R",
    "proj_lat": 52.415389678817405,
    "proj_lon": 13.497126642903385,
    "marker-color": "#ff0000",
    "marker-symbol": "e"
  },
  {
    "rowid": 49988,
    "id": 26638,
    "source": "OA",
    "source_id": "af4d8a88842af21e",
    "housenumber": 354,
    "lat": 52.4151902,
    "lon": 13.4971829,
    "parity": "R",
    "proj_lat": 52.4153200036508,
    "proj_lon": 13.497313207329771,
    "marker-color": "#ff0000",
    "marker-symbol": "e"
  },
  {
    "rowid": 49988,
    "id": 26638,
    "source": "OA",
    "source_id": "af4d8a88842af21e",
    "housenumber": 354,
    "lat": 52.4151902,
    "lon": 13.4971829,
    "parity": "R",
    "proj_lat": 52.4153200036508,
    "proj_lon": 13.497313207329771,
    "marker-color": "#ff0000",
    "marker-symbol": "e"
  },
  {
    "rowid": 49989,
    "id": 26638,
    "source": "OA",
    "source_id": "6d0870a6b0dfdb42",
    "housenumber": 356,
    "lat": 52.4151578,
    "lon": 13.4972724,
    "parity": "R",
    "proj_lat": 52.415286858156406,
    "proj_lon": 13.49740195875225,
    "marker-color": "#ff0000",
    "marker-symbol": "e"
  },
  {
    "rowid": 49989,
    "id": 26638,
    "source": "OA",
    "source_id": "6d0870a6b0dfdb42",
    "housenumber": 356,
    "lat": 52.4151578,
    "lon": 13.4972724,
    "parity": "R",
    "proj_lat": 52.415286858156406,
    "proj_lon": 13.49740195875225,
    "marker-color": "#ff0000",
    "marker-symbol": "e"
  }
]
