[
  {
    "rowid": 264763,
    "id": 9089,
    "source": "OA",
    "source_id": "db97bf353d8cdf2d",
    "housenumber": 1,
    "lat": 52.4514902,
    "lon": 13.5957859,
    "parity": "R",
    "proj_lat": 52.45156770833298,
    "proj_lon": 13.595813212893322,
    "marker-color": "#ff0000",
    "marker-symbol": "o"
  },
  {
    "rowid": 269063,
    "id": 9089,
    "source": "OA",
    "source_id": "f297dffb0788030b",
    "housenumber": 1.03,
    "lat": 52.451022,
    "lon": 13.5956673,
    "parity": "R",
    "proj_lat": 52.451561905347084,
    "proj_lon": 13.595857551332422,
    "marker-color": "#ff0000",
    "marker-symbol": "o"
  },
  {
    "rowid": 269064,
    "id": 9089,
    "source": "OA",
    "source_id": "853c5a08b94cad4b",
    "housenumber": 1.06,
    "lat": 52.4506834,
    "lon": 13.5955549,
    "parity": "R",
    "proj_lat": 52.45156104074216,
    "proj_lon": 13.595864157454374,
    "marker-color": "#ff0000",
    "marker-symbol": "o"
  },
  {
    "rowid": 269065,
    "id": 9089,
    "source": "OA",
    "source_id": "63d626ea88e50adb",
    "housenumber": 1.09,
    "lat": 52.4505881,
    "lon": 13.5950354,
    "parity": "R",
    "proj_lat": 52.451621833992846,
    "proj_lon": 13.595399659023412,
    "marker-color": "#ff0000",
    "marker-symbol": "o"
  },
  {
    "rowid": 269066,
    "id": 9089,
    "source": "OA",
    "source_id": "1127fa142e5cb9bb",
    "housenumber": 1.12,
    "lat": 52.4505883,
    "lon": 13.5946475,
    "parity": "R",
    "proj_lat": 52.45167037279072,
    "proj_lon": 13.595028792270853,
    "marker-color": "#ff0000",
    "marker-symbol": "o"
  },
  {
    "rowid": 269067,
    "id": 9089,
    "source": "OA",
    "source_id": "8b59186d88647975",
    "housenumber": 1.15,
    "lat": 52.4509042,
    "lon": 13.5946454,
    "parity": "R",
    "proj_lat": 52.45168456151154,
    "proj_lon": 13.59492038157585,
    "marker-color": "#ff0000",
    "marker-symbol": "o"
  },
  {
    "rowid": 269068,
    "id": 9089,
    "source": "OA",
    "source_id": "1234ee3726ac347a",
    "housenumber": 1.18,
    "lat": 52.4511519,
    "lon": 13.5946289,
    "parity": "R",
    "proj_lat": 52.45169754557667,
    "proj_lon": 13.594821175203263,
    "marker-color": "#ff0000",
    "marker-symbol": "o"
  },
  {
    "rowid": 269069,
    "id": 9089,
    "source": "OA",
    "source_id": "da11b65e952100dc",
    "housenumber": 1.21,
    "lat": 52.4511201,
    "lon": 13.5950229,
    "parity": "R",
    "proj_lat": 52.45164685057589,
    "proj_lon": 13.595208516693553,
    "marker-color": "#ff0000",
    "marker-symbol": "o"
  },
  {
    "rowid": 255073,
    "id": 9089,
    "source": "OA",
    "source_id": "60de4b7703de60a8",
    "housenumber": 2,
    "lat": 52.4515923,
    "lon": 13.5964633,
    "parity": "L",
    "proj_lat": 52.4514874605866,
    "proj_lon": 13.596426355830504,
    "marker-color": "#3366ff",
    "marker-symbol": "e"
  },
  {
    "rowid": 255074,
    "id": 9089,
    "source": "OA",
    "source_id": "d985f652c396c78a",
    "housenumber": 2.03,
    "lat": 52.4516419,
    "lon": 13.5961687,
    "parity": "L",
    "proj_lat": 52.45152650450386,
    "proj_lon": 13.596128035900188,
    "marker-color": "#3366ff",
    "marker-symbol": "e"
  },
  {
    "rowid": 255075,
    "id": 9089,
    "source": "OA",
    "source_id": "fd4e5199ee2bafcd",
    "housenumber": 3,
    "lat": 52.4514839,
    "lon": 13.5953877,
    "parity": "R",
    "proj_lat": 52.45161724910697,
    "proj_lon": 13.595434690417049,
    "marker-color": "#ff0000",
    "marker-symbol": "o"
  },
  {
    "rowid": 255076,
    "id": 9089,
    "source": "OA",
    "source_id": "791a18bb84ac0c9b",
    "housenumber": 4,
    "lat": 52.4516718,
    "lon": 13.5958251,
    "parity": "L",
    "proj_lat": 52.45157081025384,
    "proj_lon": 13.595789512279238,
    "marker-color": "#3366ff",
    "marker-symbol": "e"
  },
  {
    "rowid": 255077,
    "id": 9089,
    "source": "OA",
    "source_id": "80658b663524f29d",
    "housenumber": 5,
    "lat": 52.4514934,
    "lon": 13.5953129,
    "parity": "R",
    "proj_lat": 52.45162702610422,
    "proj_lon": 13.595359988047438,
    "marker-color": "#ff0000",
    "marker-symbol": "o"
  },
  {
    "rowid": 255078,
    "id": 9089,
    "source": "OA",
    "source_id": "a0123efced2e1a5a",
    "housenumber": 6,
    "lat": 52.4517054,
    "lon": 13.5955426,
    "parity": "L",
    "proj_lat": 52.4516076349512,
    "proj_lon": 13.595508148575986,
    "marker-color": "#3366ff",
    "marker-symbol": "e"
  },
  {
    "rowid": 255079,
    "id": 9089,
    "source": "OA",
    "source_id": "c936fadcf83159be",
    "housenumber": 7,
    "lat": 52.4513735,
    "lon": 13.59481,
    "parity": "R",
    "proj_lat": 52.45168465762888,
    "proj_lon": 13.594919647179333,
    "marker-color": "#ff0000",
    "marker-symbol": "o"
  },
  {
    "rowid": 255080,
    "id": 9089,
    "source": "OA",
    "source_id": "d42dcca9613bbbf7",
    "housenumber": 9,
    "lat": 52.4515855,
    "lon": 13.5945647,
    "parity": "R",
    "proj_lat": 52.45172469324645,
    "proj_lon": 13.594613750038858,
    "marker-color": "#ff0000",
    "marker-symbol": "o"
  },
  {
    "rowid": 261180,
    "id": 9089,
    "source": "OA",
    "source_id": "b3a018375077f6b9",
    "housenumber": 10,
    "lat": 52.4518485,
    "lon": 13.5948244,
    "parity": "L",
    "proj_lat": 52.45170379733043,
    "proj_lon": 13.594773407897174,
    "marker-color": "#3366ff",
    "marker-symbol": "e"
  }
]
