[
  {
    "rowid": 52634,
    "id": 40470,
    "source": "OA",
    "source_id": "796fa9bfa290cb23",
    "housenumber": 1,
    "lat": 52.5556488,
    "lon": 13.3912237,
    "parity": "R",
    "proj_lat": 52.555477172693394,
    "proj_lon": 13.39119263515013,
    "marker-color": "#ff0000",
    "marker-symbol": "o"
  },
  {
    "rowid": 52635,
    "id": 40470,
    "source": "OA",
    "source_id": "99d17be9ea809952",
    "housenumber": 4,
    "lat": 52.5558373,
    "lon": 13.3896198,
    "parity": "R",
    "proj_lat": 52.555592769314494,
    "proj_lon": 13.389567126994342,
    "marker-color": "#ff0000",
    "marker-symbol": "e"
  },
  {
    "rowid": 52636,
    "id": 40470,
    "source": "OA",
    "source_id": "ef85d3fc47888e56",
    "housenumber": 5,
    "lat": 52.5558655,
    "lon": 13.3893223,
    "parity": "R",
    "proj_lat": 52.555616533579055,
    "proj_lon": 13.389268671448109,
    "marker-color": "#ff0000",
    "marker-symbol": "o"
  },
  {
    "rowid": 52637,
    "id": 40470,
    "source": "OA",
    "source_id": "2890108d38be4d37",
    "housenumber": 6,
    "lat": 52.5558828,
    "lon": 13.3890358,
    "parity": "R",
    "proj_lat": 52.555639252947046,
    "proj_lon": 13.388983338764396,
    "marker-color": "#ff0000",
    "marker-symbol": "e"
  },
  {
    "rowid": 52638,
    "id": 40470,
    "source": "OA",
    "source_id": "18ce187e20330b7a",
    "housenumber": 7,
    "lat": 52.5559368,
    "lon": 13.3876252,
    "parity": "R",
    "proj_lat": 52.555752303779634,
    "proj_lon": 13.387583517472638,
    "marker-color": "#ff0000",
    "marker-symbol": "o"
  },
  {
    "rowid": 52639,
    "id": 40470,
    "source": "OA",
    "source_id": "fbbfb12efeddda84",
    "housenumber": 8,
    "lat": 52.5559634,
    "lon": 13.3872969,
    "parity": "R",
    "proj_lat": 52.55577970599752,
    "proj_lon": 13.387255398664344,
    "marker-color": "#ff0000",
    "marker-symbol": "e"
  },
  {
    "rowid": 52640,
    "id": 40470,
    "source": "OA",
    "source_id": "feb205ac0cb5ed8c",
    "housenumber": 9,
    "lat": 52.5559862,
    "lon": 13.387011,
    "parity": "R",
    "proj_lat": 52.55580356246237,
    "proj_lon": 13.386969737304822,
    "marker-color": "#ff0000",
    "marker-symbol": "o"
  },
  {
    "rowid": 52641,
    "id": 40470,
    "source": "OA",
    "source_id": "0ae075bf585c87e6",
    "housenumber": 10,
    "lat": 52.5560105,
    "lon": 13.3866984,
    "parity": "R",
    "proj_lat": 52.55582963521233,
    "proj_lon": 13.3866575377711,
    "marker-color": "#ff0000",
    "marker-symbol": "e"
  },
  {
    "rowid": 144370,
    "id": 40470,
    "source": "OA",
    "source_id": "9fff9d2b9ef3a659",
    "housenumber": 11,
    "lat": 52.5560357,
    "lon": 13.38639,
    "parity": "R",
    "proj_lat": 52.55585538036943,
    "proj_lon": 13.38634926088998,
    "marker-color": "#ff0000",
    "marker-symbol": "o"
  },
  {
    "rowid": 140326,
    "id": 40470,
    "source": "OA",
    "source_id": "638d96f16367bf5c",
    "housenumber": 12,
    "lat": 52.5560787,
    "lon": 13.3859883,
    "parity": "R",
    "proj_lat": 52.55588910263865,
    "proj_lon": 13.385945464714242,
    "marker-color": "#ff0000",
    "marker-symbol": "e"
  },
  {
    "rowid": 52642,
    "id": 40470,
    "source": "OA",
    "source_id": "17ab988ab6e48bac",
    "housenumber": 13,
    "lat": 52.556093,
    "lon": 13.3856469,
    "parity": "R",
    "proj_lat": 52.55591735083867,
    "proj_lon": 13.385607215972387,
    "marker-color": "#ff0000",
    "marker-symbol": "o"
  },
  {
    "rowid": 52643,
    "id": 40470,
    "source": "OA",
    "source_id": "67de4af5915bbb14",
    "housenumber": 14,
    "lat": 52.5561185,
    "lon": 13.3853208,
    "parity": "R",
    "proj_lat": 52.555944552359264,
    "proj_lon": 13.385281500347503,
    "marker-color": "#ff0000",
    "marker-symbol": "e"
  },
  {
    "rowid": 52644,
    "id": 40470,
    "source": "OA",
    "source_id": "4a221aab993d53c6",
    "housenumber": 15,
    "lat": 52.5561476,
    "lon": 13.3849698,
    "parity": "R",
    "proj_lat": 52.55597386151436,
    "proj_lon": 13.384930547549438,
    "marker-color": "#ff0000",
    "marker-symbol": "o"
  },
  {
    "rowid": 52645,
    "id": 40470,
    "source": "OA",
    "source_id": "e94787e6ca41d554",
    "housenumber": 16,
    "lat": 52.556216,
    "lon": 13.3840976,
    "parity": "R",
    "proj_lat": 52.5560453580983,
    "proj_lon": 13.384062568934901,
    "marker-color": "#ff0000",
    "marker-symbol": "e"
  },
  {
    "rowid": 52646,
    "id": 40470,
    "source": "OA",
    "source_id": "faf7d01f0e68014b",
    "housenumber": 17,
    "lat": 52.5562364,
    "lon": 13.3838198,
    "parity": "R",
    "proj_lat": 52.556066428233365,
    "proj_lon": 13.383784906474435,
    "marker-color": "#ff0000",
    "marker-symbol": "o"
  },
  {
    "rowid": 52647,
    "id": 40470,
    "source": "OA",
    "source_id": "86d4db58faa1472d",
    "housenumber": 18.03,
    "lat": 52.5563135,
    "lon": 13.3835095,
    "parity": "R",
    "proj_lat": 52.556090796514354,
    "proj_lon": 13.38346378101246,
    "marker-color": "#ff0000",
    "marker-symbol": "e"
  },
  {
    "rowid": 52648,
    "id": 40470,
    "source": "OA",
    "source_id": "d2a009732494e9c7",
    "housenumber": 18.06,
    "lat": 52.5563274,
    "lon": 13.3833398,
    "parity": "R",
    "proj_lat": 52.5561036897137,
    "proj_lon": 13.383293874296402,
    "marker-color": "#ff0000",
    "marker-symbol": "e"
  },
  {
    "rowid": 159204,
    "id": 40470,
    "source": "OA",
    "source_id": "fead6db4bc691413",
    "housenumber": 19.03,
    "lat": 52.5562553,
    "lon": 13.3835205,
    "parity": "R",
    "proj_lat": 52.55608908183893,
    "proj_lon": 13.3834863770232,
    "marker-color": "#ff0000",
    "marker-symbol": "o"
  },
  {
    "rowid": 52649,
    "id": 40470,
    "source": "OA",
    "source_id": "ee416521c5b1a2be",
    "housenumber": 19.06,
    "lat": 52.5562916,
    "lon": 13.3831487,
    "parity": "R",
    "proj_lat": 52.556117419549,
    "proj_lon": 13.383112942383113,
    "marker-color": "#ff0000",
    "marker-symbol": "o"
  },
  {
    "rowid": 52650,
    "id": 40470,
    "source": "OA",
    "source_id": "36830cf96438e7a0",
    "housenumber": 20,
    "lat": 52.5563076,
    "lon": 13.3830019,
    "parity": "R",
    "proj_lat": 52.556128633873165,
    "proj_lon": 13.382965159901845,
    "marker-color": "#ff0000",
    "marker-symbol": "e"
  },
  {
    "rowid": 52651,
    "id": 40470,
    "source": "OA",
    "source_id": "8b9fee4e9749df7d",
    "housenumber": 20.03,
    "lat": 52.5564704,
    "lon": 13.3826937,
    "parity": "R",
    "proj_lat": 52.556154159848866,
    "proj_lon": 13.38262877832671,
    "marker-color": "#ff0000",
    "marker-symbol": "e"
  },
  {
    "rowid": 52652,
    "id": 40470,
    "source": "OA",
    "source_id": "528b6ccb8a465d85",
    "housenumber": 20.06,
    "lat": 52.5565886,
    "lon": 13.3827114,
    "parity": "R",
    "proj_lat": 52.55615465046258,
    "proj_lon": 13.382622313014085,
    "marker-color": "#ff0000",
    "marker-symbol": "e"
  },
  {
    "rowid": 52653,
    "id": 40470,
    "source": "OA",
    "source_id": "fa8de39050402590",
    "housenumber": 20.09,
    "lat": 52.5565925,
    "lon": 13.3832393,
    "parity": "R",
    "proj_lat": 52.556115265618416,
    "proj_lon": 13.383141326902848,
    "marker-color": "#ff0000",
    "marker-symbol": "e"
  },
  {
    "rowid": 52654,
    "id": 40470,
    "source": "OA",
    "source_id": "c38619f80ad4bfbc",
    "housenumber": 20.12,
    "lat": 52.5564659,
    "lon": 13.383207,
    "parity": "R",
    "proj_lat": 52.556115737059045,
    "proj_lon": 13.38313511425334,
    "marker-color": "#ff0000",
    "marker-symbol": "e"
  },
  {
    "rowid": 52655,
    "id": 40470,
    "source": "OA",
    "source_id": "e1f5d716089926aa",
    "housenumber": 20.15,
    "lat": 52.5563422,
    "lon": 13.3831519,
    "parity": "R",
    "proj_lat": 52.556117956622224,
    "proj_lon": 13.383105864826474,
    "marker-color": "#ff0000",
    "marker-symbol": "e"
  },
  {
    "rowid": 52656,
    "id": 40470,
    "source": "OA",
    "source_id": "b2cf55e4f5d9fa55",
    "housenumber": 21,
    "lat": 52.5563317,
    "lon": 13.3826416,
    "parity": "R",
    "proj_lat": 52.55615592516255,
    "proj_lon": 13.382605515004531,
    "marker-color": "#ff0000",
    "marker-symbol": "o"
  },
  {
    "rowid": 52657,
    "id": 40470,
    "source": "OA",
    "source_id": "4efa4684fc32d57a",
    "housenumber": 21.03,
    "lat": 52.5563432,
    "lon": 13.3824811,
    "parity": "R",
    "proj_lat": 52.556168094122924,
    "proj_lon": 13.382445152317246,
    "marker-color": "#ff0000",
    "marker-symbol": "o"
  },
  {
    "rowid": 52658,
    "id": 40470,
    "source": "OA",
    "source_id": "d4171d59c62cc832",
    "housenumber": 21.06,
    "lat": 52.5563527,
    "lon": 13.382362,
    "parity": "R",
    "proj_lat": 52.55617713899728,
    "proj_lon": 13.382325958868382,
    "marker-color": "#ff0000",
    "marker-symbol": "o"
  },
  {
    "rowid": 52659,
    "id": 40470,
    "source": "OA",
    "source_id": "38066626a9a5fec5",
    "housenumber": 21.09,
    "lat": 52.5563612,
    "lon": 13.3822562,
    "parity": "R",
    "proj_lat": 52.55618517475645,
    "proj_lon": 13.382220063549818,
    "marker-color": "#ff0000",
    "marker-symbol": "o"
  },
  {
    "rowid": 52660,
    "id": 40470,
    "source": "OA",
    "source_id": "ff7c9a2306193c31",
    "housenumber": 22,
    "lat": 52.5563771,
    "lon": 13.3820631,
    "parity": "R",
    "proj_lat": 52.556199847081814,
    "proj_lon": 13.382026711492527,
    "marker-color": "#ff0000",
    "marker-symbol": "e"
  },
  {
    "rowid": 52661,
    "id": 40470,
    "source": "OA",
    "source_id": "aea9e451e53aa84a",
    "housenumber": 23,
    "lat": 52.5571995,
    "lon": 13.3802885,
    "parity": "R",
    "proj_lat": 52.55634851905758,
    "proj_lon": 13.380101305843523,
    "marker-color": "#ff0000",
    "marker-symbol": "o"
  },
  {
    "rowid": 52662,
    "id": 40470,
    "source": "OA",
    "source_id": "64fde20867d8604f",
    "housenumber": 24,
    "lat": 52.5566704,
    "lon": 13.3804201,
    "parity": "R",
    "proj_lat": 52.55632870966263,
    "proj_lon": 13.380344938631978,
    "marker-color": "#ff0000",
    "marker-symbol": "e"
  },
  {
    "rowid": 52663,
    "id": 40470,
    "source": "OA",
    "source_id": "33c5339f178947e3",
    "housenumber": 25,
    "lat": 52.5565506,
    "lon": 13.3802522,
    "parity": "R",
    "proj_lat": 52.556340016433765,
    "proj_lon": 13.380205878343356,
    "marker-color": "#ff0000",
    "marker-symbol": "o"
  },
  {
    "rowid": 52664,
    "id": 40470,
    "source": "OA",
    "source_id": "238b1fd854ff75f4",
    "housenumber": 26,
    "lat": 52.5567224,
    "lon": 13.3796395,
    "parity": "R",
    "proj_lat": 52.556391977493334,
    "proj_lon": 13.379566817035986,
    "marker-color": "#ff0000",
    "marker-symbol": "e"
  },
  {
    "rowid": 52665,
    "id": 40470,
    "source": "OA",
    "source_id": "a7da6788dde333ba",
    "housenumber": 33,
    "lat": 52.5567497,
    "lon": 13.3773613,
    "parity": "R",
    "proj_lat": 52.5565755581113,
    "proj_lon": 13.377318033899183,
    "marker-color": "#ff0000",
    "marker-symbol": "o"
  },
  {
    "rowid": 175727,
    "id": 40470,
    "source": "OA",
    "source_id": "f565b65db1398712",
    "housenumber": 36,
    "lat": 52.5570078,
    "lon": 13.3748811,
    "parity": "R",
    "proj_lat": 52.55677158074113,
    "proj_lon": 13.374831281460589,
    "marker-color": "#ff0000",
    "marker-symbol": "e"
  },
  {
    "rowid": 52666,
    "id": 40470,
    "source": "OA",
    "source_id": "e14561437a8080b7",
    "housenumber": 37,
    "lat": 52.5570725,
    "lon": 13.3740962,
    "parity": "R",
    "proj_lat": 52.556833337302436,
    "proj_lon": 13.374045198401936,
    "marker-color": "#ff0000",
    "marker-symbol": "o"
  },
  {
    "rowid": 52667,
    "id": 40470,
    "source": "OA",
    "source_id": "7fc313d0ed11ba5f",
    "housenumber": 42,
    "lat": 52.5573895,
    "lon": 13.3688203,
    "parity": "R",
    "proj_lat": 52.55725649320815,
    "proj_lon": 13.368793731695463,
    "marker-color": "#ff0000",
    "marker-symbol": "e"
  },
  {
    "rowid": 52668,
    "id": 40469,
    "source": "OA",
    "source_id": "c4ca45d8542c0040",
    "housenumber": 76,
    "lat": 52.5566663,
    "lon": 13.3665502,
    "parity": "R",
    "proj_lat": 52.55688716829965,
    "proj_lon": 13.366506276544033,
    "marker-color": "#ff0000",
    "marker-symbol": "e"
  },
  {
    "rowid": 52669,
    "id": 40469,
    "source": "OA",
    "source_id": "47bfb684b1a59711",
    "housenumber": 77,
    "lat": 52.5566887,
    "lon": 13.3669152,
    "parity": "R",
    "proj_lat": 52.55691393501089,
    "proj_lon": 13.366870408102745,
    "marker-color": "#ff0000",
    "marker-symbol": "o"
  },
  {
    "rowid": 52670,
    "id": 40469,
    "source": "OA",
    "source_id": "b6ea637189de9d0a",
    "housenumber": 78,
    "lat": 52.5564864,
    "lon": 13.368195,
    "parity": "R",
    "proj_lat": 52.55699919870912,
    "proj_lon": 13.368265065559408,
    "marker-color": "#ff0000",
    "marker-symbol": "e"
  },
  {
    "rowid": 52671,
    "id": 40469,
    "source": "OA",
    "source_id": "97c72f2df1dc1e42",
    "housenumber": 80,
    "lat": 52.5564786,
    "lon": 13.3701375,
    "parity": "R",
    "proj_lat": 52.55684473094795,
    "proj_lon": 13.370214895271918,
    "marker-color": "#ff0000",
    "marker-symbol": "e"
  },
  {
    "rowid": 52672,
    "id": 40469,
    "source": "OA",
    "source_id": "c55602990b59c0b6",
    "housenumber": 83,
    "lat": 52.5564233,
    "lon": 13.3729826,
    "parity": "R",
    "proj_lat": 52.556624526418695,
    "proj_lon": 13.373022886598614,
    "marker-color": "#ff0000",
    "marker-symbol": "o"
  },
  {
    "rowid": 52673,
    "id": 40469,
    "source": "OA",
    "source_id": "6d958052dd47f9c5",
    "housenumber": 83.03,
    "lat": 52.5564079,
    "lon": 13.3731775,
    "parity": "R",
    "proj_lat": 52.55661008882222,
    "proj_lon": 13.373217979248496,
    "marker-color": "#ff0000",
    "marker-symbol": "o"
  },
  {
    "rowid": 52674,
    "id": 40469,
    "source": "OA",
    "source_id": "5d8d414c94cdd69c",
    "housenumber": 84,
    "lat": 52.5563785,
    "lon": 13.373444,
    "parity": "R",
    "proj_lat": 52.55659022551987,
    "proj_lon": 13.373486388487908,
    "marker-color": "#ff0000",
    "marker-symbol": "e"
  },
  {
    "rowid": 52675,
    "id": 40469,
    "source": "OA",
    "source_id": "4f31468e51448d64",
    "housenumber": 85,
    "lat": 52.5563595,
    "lon": 13.373683,
    "parity": "R",
    "proj_lat": 52.556572021581545,
    "proj_lon": 13.37372745421207,
    "marker-color": "#ff0000",
    "marker-symbol": "o"
  },
  {
    "rowid": 52676,
    "id": 40469,
    "source": "OA",
    "source_id": "fa8513b5adf8cbe1",
    "housenumber": 86,
    "lat": 52.5561537,
    "lon": 13.3749129,
    "parity": "R",
    "proj_lat": 52.55646907240698,
    "proj_lon": 13.374982381164767,
    "marker-color": "#ff0000",
    "marker-symbol": "e"
  },
  {
    "rowid": 52677,
    "id": 40469,
    "source": "OA",
    "source_id": "698316e9ca6288f4",
    "housenumber": 87,
    "lat": 52.5562454,
    "lon": 13.3749961,
    "parity": "R",
    "proj_lat": 52.5564640324555,
    "proj_lon": 13.375044268136545,
    "marker-color": "#ff0000",
    "marker-symbol": "o"
  },
  {
    "rowid": 52678,
    "id": 40469,
    "source": "OA",
    "source_id": "4af0b1942461402a",
    "housenumber": 88,
    "lat": 52.5562415,
    "lon": 13.3752947,
    "parity": "R",
    "proj_lat": 52.55644007494117,
    "proj_lon": 13.375338449145836,
    "marker-color": "#ff0000",
    "marker-symbol": "e"
  },
  {
    "rowid": 52679,
    "id": 40469,
    "source": "OA",
    "source_id": "d486ae8c85ee394b",
    "housenumber": 89,
    "lat": 52.5562248,
    "lon": 13.3755086,
    "parity": "R",
    "proj_lat": 52.55642266803803,
    "proj_lon": 13.375552193370902,
    "marker-color": "#ff0000",
    "marker-symbol": "o"
  },
  {
    "rowid": 52680,
    "id": 40469,
    "source": "OA",
    "source_id": "c50b8d65c4b1261c",
    "housenumber": 90,
    "lat": 52.5561913,
    "lon": 13.3759361,
    "parity": "R",
    "proj_lat": 52.556387876469906,
    "proj_lon": 13.375979408752453,
    "marker-color": "#ff0000",
    "marker-symbol": "e"
  },
  {
    "rowid": 52681,
    "id": 40469,
    "source": "OA",
    "source_id": "35140cdf35846801",
    "housenumber": 91,
    "lat": 52.5561583,
    "lon": 13.3763575,
    "parity": "R",
    "proj_lat": 52.55635358173036,
    "proj_lon": 13.376400523437141,
    "marker-color": "#ff0000",
    "marker-symbol": "o"
  },
  {
    "rowid": 52682,
    "id": 40469,
    "source": "OA",
    "source_id": "28970e1506bdf4a0",
    "housenumber": 92,
    "lat": 52.5561409,
    "lon": 13.3765792,
    "parity": "R",
    "proj_lat": 52.55633553846894,
    "proj_lon": 13.37662208168318,
    "marker-color": "#ff0000",
    "marker-symbol": "e"
  },
  {
    "rowid": 52683,
    "id": 40469,
    "source": "OA",
    "source_id": "5cc50d0bdb31ce3c",
    "housenumber": 93,
    "lat": 52.5560361,
    "lon": 13.3778721,
    "parity": "R",
    "proj_lat": 52.556242466126264,
    "proj_lon": 13.37791634309752,
    "marker-color": "#ff0000",
    "marker-symbol": "o"
  },
  {
    "rowid": 52684,
    "id": 40469,
    "source": "OA",
    "source_id": "ac916602028ce75b",
    "housenumber": 93.03,
    "lat": 52.5560121,
    "lon": 13.3781774,
    "parity": "R",
    "proj_lat": 52.556218274697606,
    "proj_lon": 13.378221602008528,
    "marker-color": "#ff0000",
    "marker-symbol": "o"
  },
  {
    "rowid": 52685,
    "id": 40469,
    "source": "OA",
    "source_id": "aa0f076a06fe2b7c",
    "housenumber": 94,
    "lat": 52.556002,
    "lon": 13.3784086,
    "parity": "R",
    "proj_lat": 52.55620008972246,
    "proj_lon": 13.378451068642718,
    "marker-color": "#ff0000",
    "marker-symbol": "e"
  },
  {
    "rowid": 52686,
    "id": 40469,
    "source": "OA",
    "source_id": "6603df573f92b96e",
    "housenumber": 94.03,
    "lat": 52.5559855,
    "lon": 13.3786148,
    "parity": "R",
    "proj_lat": 52.556183745950335,
    "proj_lon": 13.378657302104592,
    "marker-color": "#ff0000",
    "marker-symbol": "e"
  },
  {
    "rowid": 52687,
    "id": 40469,
    "source": "OA",
    "source_id": "2cc59dd6b64ec25a",
    "housenumber": 95,
    "lat": 52.5559675,
    "lon": 13.3788397,
    "parity": "R",
    "proj_lat": 52.5561659199228,
    "proj_lon": 13.378882239367782,
    "marker-color": "#ff0000",
    "marker-symbol": "o"
  },
  {
    "rowid": 52688,
    "id": 40469,
    "source": "OA",
    "source_id": "d61f59dc4351a957",
    "housenumber": 96,
    "lat": 52.5559502,
    "lon": 13.3790561,
    "parity": "R",
    "proj_lat": 52.55614876795148,
    "proj_lon": 13.37909867107017,
    "marker-color": "#ff0000",
    "marker-symbol": "e"
  },
  {
    "rowid": 52689,
    "id": 40469,
    "source": "OA",
    "source_id": "8e6fd688e7666054",
    "housenumber": 97,
    "lat": 52.5559318,
    "lon": 13.3792858,
    "parity": "R",
    "proj_lat": 52.55613056120182,
    "proj_lon": 13.379328412465453,
    "marker-color": "#ff0000",
    "marker-symbol": "o"
  },
  {
    "rowid": 52690,
    "id": 40469,
    "source": "OA",
    "source_id": "c490ff36eaf24740",
    "housenumber": 98,
    "lat": 52.5559137,
    "lon": 13.3795117,
    "parity": "R",
    "proj_lat": 52.556112655578744,
    "proj_lon": 13.379554354102781,
    "marker-color": "#ff0000",
    "marker-symbol": "e"
  },
  {
    "rowid": 144371,
    "id": 40469,
    "source": "OA",
    "source_id": "53a1303bc62208ee",
    "housenumber": 99,
    "lat": 52.5558892,
    "lon": 13.3797582,
    "parity": "R",
    "proj_lat": 52.556093037782695,
    "proj_lon": 13.37980190075008,
    "marker-color": "#ff0000",
    "marker-symbol": "o"
  },
  {
    "rowid": 144372,
    "id": 40469,
    "source": "OA",
    "source_id": "dbcb1c7214bba582",
    "housenumber": 100,
    "lat": 52.5558336,
    "lon": 13.3801262,
    "parity": "R",
    "proj_lat": 52.55606343254741,
    "proj_lon": 13.380175473638706,
    "marker-color": "#ff0000",
    "marker-symbol": "e"
  },
  {
    "rowid": 52691,
    "id": 40469,
    "source": "OA",
    "source_id": "93ac4f04c250671a",
    "housenumber": 101,
    "lat": 52.5558367,
    "lon": 13.3804097,
    "parity": "R",
    "proj_lat": 52.55604139261796,
    "proj_lon": 13.38045358391306,
    "marker-color": "#ff0000",
    "marker-symbol": "o"
  },
  {
    "rowid": 153886,
    "id": 40469,
    "source": "OA",
    "source_id": "40b14a9d7356b203",
    "housenumber": 102,
    "lat": 52.5558078,
    "lon": 13.3807137,
    "parity": "R",
    "proj_lat": 52.55601722063179,
    "proj_lon": 13.380758597489628,
    "marker-color": "#ff0000",
    "marker-symbol": "e"
  },
  {
    "rowid": 52692,
    "id": 40469,
    "source": "OA",
    "source_id": "1fdd4f3b595503ea",
    "housenumber": 103,
    "lat": 52.5557601,
    "lon": 13.3814727,
    "parity": "R",
    "proj_lat": 52.5559565483282,
    "proj_lon": 13.38151393265878,
    "marker-color": "#ff0000",
    "marker-symbol": "o"
  },
  {
    "rowid": 52693,
    "id": 40469,
    "source": "OA",
    "source_id": "e228320fa7e1f200",
    "housenumber": 104,
    "lat": 52.5557427,
    "lon": 13.3816917,
    "parity": "R",
    "proj_lat": 52.555940498847455,
    "proj_lon": 13.381731166789173,
    "marker-color": "#ff0000",
    "marker-symbol": "e"
  },
  {
    "rowid": 52694,
    "id": 40469,
    "source": "OA",
    "source_id": "5f0bec219d0220b6",
    "housenumber": 105,
    "lat": 52.5554034,
    "lon": 13.3817447,
    "parity": "R",
    "proj_lat": 52.555931725641095,
    "proj_lon": 13.381850115145099,
    "marker-color": "#ff0000",
    "marker-symbol": "o"
  },
  {
    "rowid": 52695,
    "id": 40469,
    "source": "OA",
    "source_id": "8ec26f48b3a2e64e",
    "housenumber": 105.03,
    "lat": 52.5552528,
    "lon": 13.3816158,
    "parity": "R",
    "proj_lat": 52.555938910885686,
    "proj_lon": 13.381752696596429,
    "marker-color": "#ff0000",
    "marker-symbol": "o"
  },
  {
    "rowid": 52696,
    "id": 40469,
    "source": "OA",
    "source_id": "cffc74b6a0cdd6e7",
    "housenumber": 105.06,
    "lat": 52.5551017,
    "lon": 13.3814884,
    "parity": "R",
    "proj_lat": 52.55594597988044,
    "proj_lon": 13.381656854179107,
    "marker-color": "#ff0000",
    "marker-symbol": "o"
  },
  {
    "rowid": 52697,
    "id": 40469,
    "source": "OA",
    "source_id": "7afe5232d7e99f8e",
    "housenumber": 105.09,
    "lat": 52.5549465,
    "lon": 13.3813702,
    "parity": "R",
    "proj_lat": 52.55595232073035,
    "proj_lon": 13.381570884051296,
    "marker-color": "#ff0000",
    "marker-symbol": "o"
  },
  {
    "rowid": 52698,
    "id": 40469,
    "source": "OA",
    "source_id": "1c80529ecc72082e",
    "housenumber": 105.12,
    "lat": 52.5548213,
    "lon": 13.3811968,
    "parity": "R",
    "proj_lat": 52.55596256911425,
    "proj_lon": 13.381436331416362,
    "marker-color": "#ff0000",
    "marker-symbol": "o"
  },
  {
    "rowid": 52699,
    "id": 40469,
    "source": "OA",
    "source_id": "c915c5b41f5769ce",
    "housenumber": 106,
    "lat": 52.5556986,
    "lon": 13.3822496,
    "parity": "R",
    "proj_lat": 52.555898531612115,
    "proj_lon": 13.38229136562306,
    "marker-color": "#ff0000",
    "marker-symbol": "e"
  },
  {
    "rowid": 52700,
    "id": 40469,
    "source": "OA",
    "source_id": "baff472e8391d73b",
    "housenumber": 107,
    "lat": 52.5556806,
    "lon": 13.3824773,
    "parity": "R",
    "proj_lat": 52.55588094198339,
    "proj_lon": 13.382519151315092,
    "marker-color": "#ff0000",
    "marker-symbol": "o"
  },
  {
    "rowid": 153887,
    "id": 40469,
    "source": "OA",
    "source_id": "3c9d96bcb3a26ff7",
    "housenumber": 108,
    "lat": 52.5556809,
    "lon": 13.3832429,
    "parity": "R",
    "proj_lat": 52.55582222897692,
    "proj_lon": 13.383272229407982,
    "marker-color": "#ff0000",
    "marker-symbol": "e"
  },
  {
    "rowid": 52701,
    "id": 40469,
    "source": "OA",
    "source_id": "a5f8586c372330c1",
    "housenumber": 109,
    "lat": 52.5555899,
    "lon": 13.3835568,
    "parity": "R",
    "proj_lat": 52.55579710033266,
    "proj_lon": 13.383599799234942,
    "marker-color": "#ff0000",
    "marker-symbol": "o"
  },
  {
    "rowid": 52702,
    "id": 40469,
    "source": "OA",
    "source_id": "ea34271eb655cd01",
    "housenumber": 110,
    "lat": 52.5554913,
    "lon": 13.3847674,
    "parity": "R",
    "proj_lat": 52.55570003307157,
    "proj_lon": 13.384812325703916,
    "marker-color": "#ff0000",
    "marker-symbol": "e"
  },
  {
    "rowid": 52703,
    "id": 40469,
    "source": "OA",
    "source_id": "9ceb36b17206de77",
    "housenumber": 111,
    "lat": 52.5554573,
    "lon": 13.3851976,
    "parity": "R",
    "proj_lat": 52.55566580974091,
    "proj_lon": 13.385242477566816,
    "marker-color": "#ff0000",
    "marker-symbol": "o"
  },
  {
    "rowid": 52704,
    "id": 40469,
    "source": "OA",
    "source_id": "282f72e36ffbdd28",
    "housenumber": 112,
    "lat": 52.555437,
    "lon": 13.3854554,
    "parity": "R",
    "proj_lat": 52.555645302456966,
    "proj_lon": 13.385500232911593,
    "marker-color": "#ff0000",
    "marker-symbol": "e"
  },
  {
    "rowid": 153888,
    "id": 40469,
    "source": "OA",
    "source_id": "04db1fe1fb812e7f",
    "housenumber": 113,
    "lat": 52.555418,
    "lon": 13.3856959,
    "parity": "R",
    "proj_lat": 52.55562609222345,
    "proj_lon": 13.385741109733825,
    "marker-color": "#ff0000",
    "marker-symbol": "o"
  },
  {
    "rowid": 52705,
    "id": 40469,
    "source": "OA",
    "source_id": "9c0375221507cbe4",
    "housenumber": 114,
    "lat": 52.5553892,
    "lon": 13.3860514,
    "parity": "R",
    "proj_lat": 52.555597537431645,
    "proj_lon": 13.386096662947887,
    "marker-color": "#ff0000",
    "marker-symbol": "e"
  },
  {
    "rowid": 144373,
    "id": 40469,
    "source": "OA",
    "source_id": "fa620ed350d1cb9d",
    "housenumber": 115,
    "lat": 52.5553642,
    "lon": 13.3863521,
    "parity": "R",
    "proj_lat": 52.55557337336837,
    "proj_lon": 13.386397544509938,
    "marker-color": "#ff0000",
    "marker-symbol": "o"
  },
  {
    "rowid": 144374,
    "id": 40469,
    "source": "OA",
    "source_id": "8b98d0ca4edb510f",
    "housenumber": 116,
    "lat": 52.5553433,
    "lon": 13.3866212,
    "parity": "R",
    "proj_lat": 52.55555177391792,
    "proj_lon": 13.386666492505846,
    "marker-color": "#ff0000",
    "marker-symbol": "e"
  },
  {
    "rowid": 52706,
    "id": 40469,
    "source": "OA",
    "source_id": "3dd0a887e7b4f4a9",
    "housenumber": 116.03,
    "lat": 52.5553101,
    "lon": 13.3870349,
    "parity": "R",
    "proj_lat": 52.55551854973399,
    "proj_lon": 13.387080187183171,
    "marker-color": "#ff0000",
    "marker-symbol": "e"
  },
  {
    "rowid": 52707,
    "id": 40469,
    "source": "OA",
    "source_id": "5d38bfd8884814af",
    "housenumber": 117,
    "lat": 52.5552783,
    "lon": 13.3874322,
    "parity": "R",
    "proj_lat": 52.555486644069944,
    "proj_lon": 13.387477464161297,
    "marker-color": "#ff0000",
    "marker-symbol": "o"
  },
  {
    "rowid": 52708,
    "id": 40469,
    "source": "OA",
    "source_id": "742239a466a3deb7",
    "housenumber": 118,
    "lat": 52.5551463,
    "lon": 13.3876705,
    "parity": "R",
    "proj_lat": 52.55546553705075,
    "proj_lon": 13.38774000371074,
    "marker-color": "#ff0000",
    "marker-symbol": "e"
  },
  {
    "rowid": 52709,
    "id": 40469,
    "source": "OA",
    "source_id": "411e7b91225305d1",
    "housenumber": 119,
    "lat": 52.5550951,
    "lon": 13.387803,
    "parity": "R",
    "proj_lat": 52.5554541751517,
    "proj_lon": 13.387881177007255,
    "marker-color": "#ff0000",
    "marker-symbol": "o"
  },
  {
    "rowid": 52710,
    "id": 40469,
    "source": "OA",
    "source_id": "73ecd60e3a7fd8d7",
    "housenumber": 120.03,
    "lat": 52.5551869,
    "lon": 13.3882134,
    "parity": "R",
    "proj_lat": 52.55542329499445,
    "proj_lon": 13.388264867583983,
    "marker-color": "#ff0000",
    "marker-symbol": "e"
  },
  {
    "rowid": 52711,
    "id": 40469,
    "source": "OA",
    "source_id": "733fa68be4bb69c4",
    "housenumber": 120.06,
    "lat": 52.5551869,
    "lon": 13.3882134,
    "parity": "R",
    "proj_lat": 52.55542329499445,
    "proj_lon": 13.388264867583983,
    "marker-color": "#ff0000",
    "marker-symbol": "e"
  },
  {
    "rowid": 52712,
    "id": 40469,
    "source": "OA",
    "source_id": "cdec50cc8afec530",
    "housenumber": 120.09,
    "lat": 52.5551869,
    "lon": 13.3882134,
    "parity": "R",
    "proj_lat": 52.55542329499445,
    "proj_lon": 13.388264867583983,
    "marker-color": "#ff0000",
    "marker-symbol": "e"
  },
  {
    "rowid": 52713,
    "id": 40469,
    "source": "OA",
    "source_id": "219e92088a8816b1",
    "housenumber": 120.12,
    "lat": 52.5551869,
    "lon": 13.3882134,
    "parity": "R",
    "proj_lat": 52.55542329499445,
    "proj_lon": 13.388264867583983,
    "marker-color": "#ff0000",
    "marker-symbol": "e"
  },
  {
    "rowid": 52714,
    "id": 40469,
    "source": "OA",
    "source_id": "88cd98a8006787b6",
    "housenumber": 120.15,
    "lat": 52.5551869,
    "lon": 13.3882134,
    "parity": "R",
    "proj_lat": 52.55542329499445,
    "proj_lon": 13.388264867583983,
    "marker-color": "#ff0000",
    "marker-symbol": "e"
  },
  {
    "rowid": 52715,
    "id": 40469,
    "source": "OA",
    "source_id": "848e92d14626043e",
    "housenumber": 120.18,
    "lat": 52.5551869,
    "lon": 13.3882134,
    "parity": "R",
    "proj_lat": 52.55542329499445,
    "proj_lon": 13.388264867583983,
    "marker-color": "#ff0000",
    "marker-symbol": "e"
  },
  {
    "rowid": 52716,
    "id": 40469,
    "source": "OA",
    "source_id": "e97984f2a17b9122",
    "housenumber": 120.21,
    "lat": 52.5551869,
    "lon": 13.3882134,
    "parity": "R",
    "proj_lat": 52.55542329499445,
    "proj_lon": 13.388264867583983,
    "marker-color": "#ff0000",
    "marker-symbol": "e"
  },
  {
    "rowid": 52717,
    "id": 40469,
    "source": "OA",
    "source_id": "c5e26444914dd074",
    "housenumber": 121.03,
    "lat": 52.5551496,
    "lon": 13.3886948,
    "parity": "R",
    "proj_lat": 52.55538457586796,
    "proj_lon": 13.388745958526792,
    "marker-color": "#ff0000",
    "marker-symbol": "o"
  },
  {
    "rowid": 52718,
    "id": 40469,
    "source": "OA",
    "source_id": "ae936dc24d0a493a",
    "housenumber": 121.06,
    "lat": 52.5551496,
    "lon": 13.3886948,
    "parity": "R",
    "proj_lat": 52.55538457586796,
    "proj_lon": 13.388745958526792,
    "marker-color": "#ff0000",
    "marker-symbol": "o"
  },
  {
    "rowid": 52719,
    "id": 40469,
    "source": "OA",
    "source_id": "96c7fbeda36578cb",
    "housenumber": 121.09,
    "lat": 52.5551496,
    "lon": 13.3886948,
    "parity": "R",
    "proj_lat": 52.55538457586796,
    "proj_lon": 13.388745958526792,
    "marker-color": "#ff0000",
    "marker-symbol": "o"
  },
  {
    "rowid": 52720,
    "id": 40469,
    "source": "OA",
    "source_id": "5fd2045c4827bd2c",
    "housenumber": 121.12,
    "lat": 52.5551496,
    "lon": 13.3886948,
    "parity": "R",
    "proj_lat": 52.55538457586796,
    "proj_lon": 13.388745958526792,
    "marker-color": "#ff0000",
    "marker-symbol": "o"
  },
  {
    "rowid": 52721,
    "id": 40469,
    "source": "OA",
    "source_id": "48fcb901b5d31ade",
    "housenumber": 121.15,
    "lat": 52.5551496,
    "lon": 13.3886948,
    "parity": "R",
    "proj_lat": 52.55538457586796,
    "proj_lon": 13.388745958526792,
    "marker-color": "#ff0000",
    "marker-symbol": "o"
  },
  {
    "rowid": 52722,
    "id": 40469,
    "source": "OA",
    "source_id": "ca875f49e78ed2c9",
    "housenumber": 121.18,
    "lat": 52.5551496,
    "lon": 13.3886948,
    "parity": "R",
    "proj_lat": 52.55538457586796,
    "proj_lon": 13.388745958526792,
    "marker-color": "#ff0000",
    "marker-symbol": "o"
  },
  {
    "rowid": 52723,
    "id": 40469,
    "source": "OA",
    "source_id": "1aa352210daaaeb7",
    "housenumber": 124,
    "lat": 52.5550927,
    "lon": 13.3897719,
    "parity": "R",
    "proj_lat": 52.55529855398727,
    "proj_lon": 13.389816228034933,
    "marker-color": "#ff0000",
    "marker-symbol": "e"
  },
  {
    "rowid": 52724,
    "id": 40469,
    "source": "OA",
    "source_id": "670e9a992829fb82",
    "housenumber": 125,
    "lat": 52.5550756,
    "lon": 13.3900061,
    "parity": "R",
    "proj_lat": 52.55527761702132,
    "proj_lon": 13.390055652279207,
    "marker-color": "#ff0000",
    "marker-symbol": "o"
  },
  {
    "rowid": 52725,
    "id": 40469,
    "source": "OA",
    "source_id": "685ed3e923cade33",
    "housenumber": 126,
    "lat": 52.5550511,
    "lon": 13.3902859,
    "parity": "R",
    "proj_lat": 52.555252265498794,
    "proj_lon": 13.39033524335615,
    "marker-color": "#ff0000",
    "marker-symbol": "e"
  },
  {
    "rowid": 52726,
    "id": 40469,
    "source": "OA",
    "source_id": "1f6eb46a3a28481b",
    "housenumber": 127,
    "lat": 52.5550276,
    "lon": 13.3905363,
    "parity": "R",
    "proj_lat": 52.555229543536,
    "proj_lon": 13.390585834145792,
    "marker-color": "#ff0000",
    "marker-symbol": "o"
  }
]
