[
  {
    "rowid": 148204,
    "id": 16037,
    "source": "OA",
    "source_id": "fe34d9aa00c3b666",
    "housenumber": 1,
    "lat": 52.5036431,
    "lon": 13.5535426,
    "parity": "L",
    "proj_lat": 52.50367603902192,
    "proj_lon": 13.553753789810372,
    "marker-color": "#3366ff",
    "marker-symbol": "o"
  },
  {
    "rowid": 148204,
    "id": 16037,
    "source": "OA",
    "source_id": "fe34d9aa00c3b666",
    "housenumber": 1,
    "lat": 52.5036431,
    "lon": 13.5535426,
    "parity": "L",
    "proj_lat": 52.50367603902192,
    "proj_lon": 13.553753789810372,
    "marker-color": "#3366ff",
    "marker-symbol": "o"
  },
  {
    "rowid": 148205,
    "id": 16037,
    "source": "OA",
    "source_id": "3e109812667a2bdb",
    "housenumber": 2,
    "lat": 52.5037412,
    "lon": 13.5538767,
    "parity": "R",
    "proj_lat": 52.50371919653201,
    "proj_lon": 13.553735623286078,
    "marker-color": "#ff0000",
    "marker-symbol": "e"
  },
  {
    "rowid": 148205,
    "id": 16037,
    "source": "OA",
    "source_id": "3e109812667a2bdb",
    "housenumber": 2,
    "lat": 52.5037412,
    "lon": 13.5538767,
    "parity": "R",
    "proj_lat": 52.50371919653201,
    "proj_lon": 13.553735623286078,
    "marker-color": "#ff0000",
    "marker-symbol": "e"
  },
  {
    "rowid": 148206,
    "id": 16037,
    "source": "OA",
    "source_id": "a61378ee13214ad7",
    "housenumber": 3,
    "lat": 52.5038133,
    "lon": 13.553462,
    "parity": "L",
    "proj_lat": 52.50384754968807,
    "proj_lon": 13.55368159489745,
    "marker-color": "#3366ff",
    "marker-symbol": "o"
  },
  {
    "rowid": 148206,
    "id": 16037,
    "source": "OA",
    "source_id": "a61378ee13214ad7",
    "housenumber": 3,
    "lat": 52.5038133,
    "lon": 13.553462,
    "parity": "L",
    "proj_lat": 52.50384754968807,
    "proj_lon": 13.55368159489745,
    "marker-color": "#3366ff",
    "marker-symbol": "o"
  },
  {
    "rowid": 148207,
    "id": 16037,
    "source": "OA",
    "source_id": "31716e571331fcd0",
    "housenumber": 4,
    "lat": 52.5039174,
    "lon": 13.5538083,
    "parity": "R",
    "proj_lat": 52.50389455238375,
    "proj_lon": 13.553661809798378,
    "marker-color": "#ff0000",
    "marker-symbol": "e"
  },
  {
    "rowid": 148207,
    "id": 16037,
    "source": "OA",
    "source_id": "31716e571331fcd0",
    "housenumber": 4,
    "lat": 52.5039174,
    "lon": 13.5538083,
    "parity": "R",
    "proj_lat": 52.50389455238375,
    "proj_lon": 13.553661809798378,
    "marker-color": "#ff0000",
    "marker-symbol": "e"
  },
  {
    "rowid": 148208,
    "id": 16037,
    "source": "OA",
    "source_id": "66116a4e7b697b7b",
    "housenumber": 5,
    "lat": 52.5039712,
    "lon": 13.5534061,
    "parity": "L",
    "proj_lat": 52.50399063098714,
    "proj_lon": 13.553622912360513,
    "marker-color": "#3366ff",
    "marker-symbol": "o"
  },
  {
    "rowid": 148208,
    "id": 16037,
    "source": "OA",
    "source_id": "66116a4e7b697b7b",
    "housenumber": 5,
    "lat": 52.5039712,
    "lon": 13.5534061,
    "parity": "L",
    "proj_lat": 52.50399063098714,
    "proj_lon": 13.553622912360513,
    "marker-color": "#3366ff",
    "marker-symbol": "o"
  },
  {
    "rowid": 148209,
    "id": 16037,
    "source": "OA",
    "source_id": "ee9b8207ad1bef9f",
    "housenumber": 6,
    "lat": 52.5040818,
    "lon": 13.553747,
    "parity": "R",
    "proj_lat": 52.50406898076524,
    "proj_lon": 13.55360396133115,
    "marker-color": "#ff0000",
    "marker-symbol": "e"
  },
  {
    "rowid": 148209,
    "id": 16037,
    "source": "OA",
    "source_id": "ee9b8207ad1bef9f",
    "housenumber": 6,
    "lat": 52.5040818,
    "lon": 13.553747,
    "parity": "R",
    "proj_lat": 52.50406898076524,
    "proj_lon": 13.55360396133115,
    "marker-color": "#ff0000",
    "marker-symbol": "e"
  },
  {
    "rowid": 148210,
    "id": 16037,
    "source": "OA",
    "source_id": "c381ca76fd02f937",
    "housenumber": 7,
    "lat": 52.5041297,
    "lon": 13.553365,
    "parity": "L",
    "proj_lat": 52.504149373169945,
    "proj_lon": 13.553584516236873,
    "marker-color": "#3366ff",
    "marker-symbol": "o"
  },
  {
    "rowid": 148210,
    "id": 16037,
    "source": "OA",
    "source_id": "c381ca76fd02f937",
    "housenumber": 7,
    "lat": 52.5041297,
    "lon": 13.553365,
    "parity": "L",
    "proj_lat": 52.504149373169945,
    "proj_lon": 13.553584516236873,
    "marker-color": "#3366ff",
    "marker-symbol": "o"
  },
  {
    "rowid": 148211,
    "id": 16037,
    "source": "OA",
    "source_id": "1b9bd0214997ec14",
    "housenumber": 8,
    "lat": 52.5042443,
    "lon": 13.5537103,
    "parity": "R",
    "proj_lat": 52.50423125234626,
    "proj_lon": 13.553564711526356,
    "marker-color": "#ff0000",
    "marker-symbol": "e"
  },
  {
    "rowid": 148211,
    "id": 16037,
    "source": "OA",
    "source_id": "1b9bd0214997ec14",
    "housenumber": 8,
    "lat": 52.5042443,
    "lon": 13.5537103,
    "parity": "R",
    "proj_lat": 52.50423125234626,
    "proj_lon": 13.553564711526356,
    "marker-color": "#ff0000",
    "marker-symbol": "e"
  },
  {
    "rowid": 148212,
    "id": 16037,
    "source": "OA",
    "source_id": "ff7ac42c37ca518f",
    "housenumber": 9,
    "lat": 52.504278,
    "lon": 13.5533442,
    "parity": "L",
    "proj_lat": 52.5042832412025,
    "proj_lon": 13.553556383919833,
    "marker-color": "#3366ff",
    "marker-symbol": "o"
  },
  {
    "rowid": 148212,
    "id": 16037,
    "source": "OA",
    "source_id": "ff7ac42c37ca518f",
    "housenumber": 9,
    "lat": 52.504278,
    "lon": 13.5533442,
    "parity": "L",
    "proj_lat": 52.5042832412025,
    "proj_lon": 13.553556383919833,
    "marker-color": "#3366ff",
    "marker-symbol": "o"
  },
  {
    "rowid": 148213,
    "id": 16037,
    "source": "OA",
    "source_id": "2eeed743b407b25f",
    "housenumber": 10,
    "lat": 52.5044207,
    "lon": 13.5536932,
    "parity": "R",
    "proj_lat": 52.504417100066895,
    "proj_lon": 13.55354745999554,
    "marker-color": "#ff0000",
    "marker-symbol": "e"
  },
  {
    "rowid": 148213,
    "id": 16037,
    "source": "OA",
    "source_id": "2eeed743b407b25f",
    "housenumber": 10,
    "lat": 52.5044207,
    "lon": 13.5536932,
    "parity": "R",
    "proj_lat": 52.504417100066895,
    "proj_lon": 13.55354745999554,
    "marker-color": "#ff0000",
    "marker-symbol": "e"
  },
  {
    "rowid": 148214,
    "id": 16037,
    "source": "OA",
    "source_id": "2fc9f13f6706c043",
    "housenumber": 11,
    "lat": 52.5044154,
    "lon": 13.5533052,
    "parity": "L",
    "proj_lat": 52.50442137703792,
    "proj_lon": 13.55354717486414,
    "marker-color": "#3366ff",
    "marker-symbol": "o"
  },
  {
    "rowid": 148214,
    "id": 16037,
    "source": "OA",
    "source_id": "2fc9f13f6706c043",
    "housenumber": 11,
    "lat": 52.5044154,
    "lon": 13.5533052,
    "parity": "L",
    "proj_lat": 52.50442137703792,
    "proj_lon": 13.55354717486414,
    "marker-color": "#3366ff",
    "marker-symbol": "o"
  },
  {
    "rowid": 148215,
    "id": 16037,
    "source": "OA",
    "source_id": "408ac966a6414ce3",
    "housenumber": 12,
    "lat": 52.504581,
    "lon": 13.5538062,
    "parity": "R",
    "proj_lat": 52.50458819097194,
    "proj_lon": 13.553542249336171,
    "marker-color": "#ff0000",
    "marker-symbol": "e"
  },
  {
    "rowid": 148215,
    "id": 16037,
    "source": "OA",
    "source_id": "408ac966a6414ce3",
    "housenumber": 12,
    "lat": 52.504581,
    "lon": 13.5538062,
    "parity": "R",
    "proj_lat": 52.50458819097194,
    "proj_lon": 13.553542249336171,
    "marker-color": "#ff0000",
    "marker-symbol": "e"
  },
  {
    "rowid": 148216,
    "id": 16037,
    "source": "OA",
    "source_id": "fdd30183294a77fe",
    "housenumber": 13,
    "lat": 52.5045914,
    "lon": 13.5533725,
    "parity": "L",
    "proj_lat": 52.50458677824554,
    "proj_lon": 13.55354214545923,
    "marker-color": "#3366ff",
    "marker-symbol": "o"
  },
  {
    "rowid": 148216,
    "id": 16037,
    "source": "OA",
    "source_id": "fdd30183294a77fe",
    "housenumber": 13,
    "lat": 52.5045914,
    "lon": 13.5533725,
    "parity": "L",
    "proj_lat": 52.50458677824554,
    "proj_lon": 13.55354214545923,
    "marker-color": "#3366ff",
    "marker-symbol": "o"
  },
  {
    "rowid": 148217,
    "id": 16037,
    "source": "OA",
    "source_id": "bbff69463573a07e",
    "housenumber": 14,
    "lat": 52.50475,
    "lon": 13.5537325,
    "parity": "R",
    "proj_lat": 52.504754849228696,
    "proj_lon": 13.553554503619758,
    "marker-color": "#ff0000",
    "marker-symbol": "e"
  },
  {
    "rowid": 148217,
    "id": 16037,
    "source": "OA",
    "source_id": "bbff69463573a07e",
    "housenumber": 14,
    "lat": 52.50475,
    "lon": 13.5537325,
    "parity": "R",
    "proj_lat": 52.504754849228696,
    "proj_lon": 13.553554503619758,
    "marker-color": "#ff0000",
    "marker-symbol": "e"
  },
  {
    "rowid": 148218,
    "id": 16037,
    "source": "OA",
    "source_id": "62dfc982be4be184",
    "housenumber": 15,
    "lat": 52.5047672,
    "lon": 13.5533682,
    "parity": "L",
    "proj_lat": 52.5047621099132,
    "proj_lon": 13.553555037493618,
    "marker-color": "#3366ff",
    "marker-symbol": "o"
  },
  {
    "rowid": 148218,
    "id": 16037,
    "source": "OA",
    "source_id": "62dfc982be4be184",
    "housenumber": 15,
    "lat": 52.5047672,
    "lon": 13.5533682,
    "parity": "L",
    "proj_lat": 52.5047621099132,
    "proj_lon": 13.553555037493618,
    "marker-color": "#3366ff",
    "marker-symbol": "o"
  },
  {
    "rowid": 148219,
    "id": 16037,
    "source": "OA",
    "source_id": "e0c825408b416bbe",
    "housenumber": 16,
    "lat": 52.5049278,
    "lon": 13.5537571,
    "parity": "R",
    "proj_lat": 52.50493296257961,
    "proj_lon": 13.553567600189679,
    "marker-color": "#ff0000",
    "marker-symbol": "e"
  },
  {
    "rowid": 148219,
    "id": 16037,
    "source": "OA",
    "source_id": "e0c825408b416bbe",
    "housenumber": 16,
    "lat": 52.5049278,
    "lon": 13.5537571,
    "parity": "R",
    "proj_lat": 52.50493296257961,
    "proj_lon": 13.553567600189679,
    "marker-color": "#ff0000",
    "marker-symbol": "e"
  },
  {
    "rowid": 148220,
    "id": 16037,
    "source": "OA",
    "source_id": "83599e3f43716b45",
    "housenumber": 17,
    "lat": 52.5049358,
    "lon": 13.5534061,
    "parity": "L",
    "proj_lat": 52.504931403344436,
    "proj_lon": 13.553567485540032,
    "marker-color": "#3366ff",
    "marker-symbol": "o"
  },
  {
    "rowid": 148220,
    "id": 16037,
    "source": "OA",
    "source_id": "83599e3f43716b45",
    "housenumber": 17,
    "lat": 52.5049358,
    "lon": 13.5534061,
    "parity": "L",
    "proj_lat": 52.504931403344436,
    "proj_lon": 13.553567485540032,
    "marker-color": "#3366ff",
    "marker-symbol": "o"
  },
  {
    "rowid": 148221,
    "id": 16037,
    "source": "OA",
    "source_id": "8ee5d83eb5b7d953",
    "housenumber": 18,
    "lat": 52.5051694,
    "lon": 13.5538973,
    "parity": "R",
    "proj_lat": 52.505156,
    "proj_lon": 13.553584,
    "marker-color": "#ff0000",
    "marker-symbol": "e"
  },
  {
    "rowid": 148221,
    "id": 16037,
    "source": "OA",
    "source_id": "8ee5d83eb5b7d953",
    "housenumber": 18,
    "lat": 52.5051694,
    "lon": 13.5538973,
    "parity": "R",
    "proj_lat": 52.505156,
    "proj_lon": 13.553584,
    "marker-color": "#ff0000",
    "marker-symbol": "e"
  },
  {
    "rowid": 148222,
    "id": 16037,
    "source": "OA",
    "source_id": "ca9d07e00e9ac0be",
    "housenumber": 19,
    "lat": 52.5051736,
    "lon": 13.5533264,
    "parity": "L",
    "proj_lat": 52.505156,
    "proj_lon": 13.553584,
    "marker-color": "#3366ff",
    "marker-symbol": "o"
  },
  {
    "rowid": 148222,
    "id": 16037,
    "source": "OA",
    "source_id": "ca9d07e00e9ac0be",
    "housenumber": 19,
    "lat": 52.5051736,
    "lon": 13.5533264,
    "parity": "L",
    "proj_lat": 52.505156,
    "proj_lon": 13.553584,
    "marker-color": "#3366ff",
    "marker-symbol": "o"
  },
  {
    "rowid": 148223,
    "id": 16037,
    "source": "OA",
    "source_id": "ce4314ecf891f12a",
    "housenumber": 20,
    "lat": 52.5053327,
    "lon": 13.5538707,
    "parity": "R",
    "proj_lat": 52.505156,
    "proj_lon": 13.553584,
    "marker-color": "#ff0000",
    "marker-symbol": "e"
  },
  {
    "rowid": 148223,
    "id": 16037,
    "source": "OA",
    "source_id": "ce4314ecf891f12a",
    "housenumber": 20,
    "lat": 52.5053327,
    "lon": 13.5538707,
    "parity": "R",
    "proj_lat": 52.505156,
    "proj_lon": 13.553584,
    "marker-color": "#ff0000",
    "marker-symbol": "e"
  },
  {
    "rowid": 148224,
    "id": 16037,
    "source": "OA",
    "source_id": "8f9f4866fb5aaa1e",
    "housenumber": 21,
    "lat": 52.5053312,
    "lon": 13.5534555,
    "parity": "L",
    "proj_lat": 52.505156,
    "proj_lon": 13.553584,
    "marker-color": "#3366ff",
    "marker-symbol": "o"
  },
  {
    "rowid": 148224,
    "id": 16037,
    "source": "OA",
    "source_id": "8f9f4866fb5aaa1e",
    "housenumber": 21,
    "lat": 52.5053312,
    "lon": 13.5534555,
    "parity": "L",
    "proj_lat": 52.505156,
    "proj_lon": 13.553584,
    "marker-color": "#3366ff",
    "marker-symbol": "o"
  }
]
