[
  {
    "rowid": 131693,
    "id": 41949,
    "source": "OA",
    "source_id": "9dc2403763962130",
    "housenumber": 2,
    "lat": 52.4846194,
    "lon": 13.583508,
    "parity": "R",
    "proj_lat": 52.484912158717314,
    "proj_lon": 13.583858143177055,
    "marker-color": "#ff0000",
    "marker-symbol": "e"
  },
  {
    "rowid": 131693,
    "id": 41949,
    "source": "OA",
    "source_id": "9dc2403763962130",
    "housenumber": 2,
    "lat": 52.4846194,
    "lon": 13.583508,
    "parity": "R",
    "proj_lat": 52.484912158717314,
    "proj_lon": 13.583858143177055,
    "marker-color": "#ff0000",
    "marker-symbol": "e"
  },
  {
    "rowid": 131694,
    "id": 41949,
    "source": "OA",
    "source_id": "9ba58daf2f3067ce",
    "housenumber": 2.03,
    "lat": 52.4847994,
    "lon": 13.5837101,
    "parity": "R",
    "proj_lat": 52.48491597868579,
    "proj_lon": 13.583849530743025,
    "marker-color": "#ff0000",
    "marker-symbol": "e"
  },
  {
    "rowid": 131694,
    "id": 41949,
    "source": "OA",
    "source_id": "9ba58daf2f3067ce",
    "housenumber": 2.03,
    "lat": 52.4847994,
    "lon": 13.5837101,
    "parity": "R",
    "proj_lat": 52.48491597868579,
    "proj_lon": 13.583849530743025,
    "marker-color": "#ff0000",
    "marker-symbol": "e"
  },
  {
    "rowid": 131695,
    "id": 41949,
    "source": "OA",
    "source_id": "d0b803c479dec123",
    "housenumber": 3,
    "lat": 52.4846904,
    "lon": 13.5839373,
    "parity": "R",
    "proj_lat": 52.48481235461646,
    "proj_lon": 13.58408315975475,
    "marker-color": "#ff0000",
    "marker-symbol": "o"
  },
  {
    "rowid": 131695,
    "id": 41949,
    "source": "OA",
    "source_id": "d0b803c479dec123",
    "housenumber": 3,
    "lat": 52.4846904,
    "lon": 13.5839373,
    "parity": "R",
    "proj_lat": 52.48481235461646,
    "proj_lon": 13.58408315975475,
    "marker-color": "#ff0000",
    "marker-symbol": "o"
  },
  {
    "rowid": 158587,
    "id": 41949,
    "source": "OA",
    "source_id": "daac4d2bef0f8421",
    "housenumber": 3.03,
    "lat": 52.4845508,
    "lon": 13.5837731,
    "parity": "R",
    "proj_lat": 52.484811554190756,
    "proj_lon": 13.58408496438052,
    "marker-color": "#ff0000",
    "marker-symbol": "o"
  },
  {
    "rowid": 158587,
    "id": 41949,
    "source": "OA",
    "source_id": "daac4d2bef0f8421",
    "housenumber": 3.03,
    "lat": 52.4845508,
    "lon": 13.5837731,
    "parity": "R",
    "proj_lat": 52.484811554190756,
    "proj_lon": 13.58408496438052,
    "marker-color": "#ff0000",
    "marker-symbol": "o"
  },
  {
    "rowid": 131696,
    "id": 41949,
    "source": "OA",
    "source_id": "dc9c9339d96db3cc",
    "housenumber": 4,
    "lat": 52.4845662,
    "lon": 13.5841632,
    "parity": "R",
    "proj_lat": 52.48470383887061,
    "proj_lon": 13.584327817454652,
    "marker-color": "#ff0000",
    "marker-symbol": "e"
  },
  {
    "rowid": 131696,
    "id": 41949,
    "source": "OA",
    "source_id": "dc9c9339d96db3cc",
    "housenumber": 4,
    "lat": 52.4845662,
    "lon": 13.5841632,
    "parity": "R",
    "proj_lat": 52.48470383887061,
    "proj_lon": 13.584327817454652,
    "marker-color": "#ff0000",
    "marker-symbol": "e"
  },
  {
    "rowid": 168743,
    "id": 41949,
    "source": "OA",
    "source_id": "29e4aee7dbaa4caa",
    "housenumber": 5,
    "lat": 52.4844394,
    "lon": 13.5843663,
    "parity": "R",
    "proj_lat": 52.48459028642339,
    "proj_lon": 13.5845637313118,
    "marker-color": "#ff0000",
    "marker-symbol": "o"
  },
  {
    "rowid": 168743,
    "id": 41949,
    "source": "OA",
    "source_id": "29e4aee7dbaa4caa",
    "housenumber": 5,
    "lat": 52.4844394,
    "lon": 13.5843663,
    "parity": "R",
    "proj_lat": 52.48459028642339,
    "proj_lon": 13.5845637313118,
    "marker-color": "#ff0000",
    "marker-symbol": "o"
  },
  {
    "rowid": 151790,
    "id": 41949,
    "source": "OA",
    "source_id": "8d8055ae3bcdb068",
    "housenumber": 6,
    "lat": 52.484347,
    "lon": 13.5846263,
    "parity": "R",
    "proj_lat": 52.4844772341732,
    "proj_lon": 13.584796707615618,
    "marker-color": "#ff0000",
    "marker-symbol": "e"
  },
  {
    "rowid": 151790,
    "id": 41949,
    "source": "OA",
    "source_id": "8d8055ae3bcdb068",
    "housenumber": 6,
    "lat": 52.484347,
    "lon": 13.5846263,
    "parity": "R",
    "proj_lat": 52.4844772341732,
    "proj_lon": 13.584796707615618,
    "marker-color": "#ff0000",
    "marker-symbol": "e"
  },
  {
    "rowid": 158588,
    "id": 41949,
    "source": "OA",
    "source_id": "248cb04da4badc68",
    "housenumber": 6.03,
    "lat": 52.4843555,
    "lon": 13.5847426,
    "parity": "R",
    "proj_lat": 52.48444601717135,
    "proj_lon": 13.584861039123348,
    "marker-color": "#ff0000",
    "marker-symbol": "e"
  },
  {
    "rowid": 158588,
    "id": 41949,
    "source": "OA",
    "source_id": "248cb04da4badc68",
    "housenumber": 6.03,
    "lat": 52.4843555,
    "lon": 13.5847426,
    "parity": "R",
    "proj_lat": 52.48444601717135,
    "proj_lon": 13.584861039123348,
    "marker-color": "#ff0000",
    "marker-symbol": "e"
  },
  {
    "rowid": 168845,
    "id": 41949,
    "source": "OA",
    "source_id": "74e903a20c679746",
    "housenumber": 6.06,
    "lat": 52.4842581,
    "lon": 13.5848233,
    "parity": "R",
    "proj_lat": 52.48438423961614,
    "proj_lon": 13.584988349340069,
    "marker-color": "#ff0000",
    "marker-symbol": "e"
  },
  {
    "rowid": 168845,
    "id": 41949,
    "source": "OA",
    "source_id": "74e903a20c679746",
    "housenumber": 6.06,
    "lat": 52.4842581,
    "lon": 13.5848233,
    "parity": "R",
    "proj_lat": 52.48438423961614,
    "proj_lon": 13.584988349340069,
    "marker-color": "#ff0000",
    "marker-symbol": "e"
  },
  {
    "rowid": 158589,
    "id": 41949,
    "source": "OA",
    "source_id": "5f277efedf0f689d",
    "housenumber": 6.09,
    "lat": 52.4842483,
    "lon": 13.5849614,
    "parity": "R",
    "proj_lat": 52.484339445399044,
    "proj_lon": 13.585080660560006,
    "marker-color": "#ff0000",
    "marker-symbol": "e"
  },
  {
    "rowid": 158589,
    "id": 41949,
    "source": "OA",
    "source_id": "5f277efedf0f689d",
    "housenumber": 6.09,
    "lat": 52.4842483,
    "lon": 13.5849614,
    "parity": "R",
    "proj_lat": 52.484339445399044,
    "proj_lon": 13.585080660560006,
    "marker-color": "#ff0000",
    "marker-symbol": "e"
  },
  {
    "rowid": 131697,
    "id": 41949,
    "source": "OA",
    "source_id": "e6ed19278ed80ccb",
    "housenumber": 7,
    "lat": 52.4840281,
    "lon": 13.5853081,
    "parity": "R",
    "proj_lat": 52.48415198289435,
    "proj_lon": 13.585467919635017,
    "marker-color": "#ff0000",
    "marker-symbol": "o"
  },
  {
    "rowid": 131697,
    "id": 41949,
    "source": "OA",
    "source_id": "e6ed19278ed80ccb",
    "housenumber": 7,
    "lat": 52.4840281,
    "lon": 13.5853081,
    "parity": "R",
    "proj_lat": 52.48415198289435,
    "proj_lon": 13.585467919635017,
    "marker-color": "#ff0000",
    "marker-symbol": "o"
  },
  {
    "rowid": 131698,
    "id": 41949,
    "source": "OA",
    "source_id": "e35c07a34b0911fc",
    "housenumber": 8,
    "lat": 52.4838158,
    "lon": 13.5857985,
    "parity": "R",
    "proj_lat": 52.483925877271204,
    "proj_lon": 13.585940507817897,
    "marker-color": "#ff0000",
    "marker-symbol": "e"
  },
  {
    "rowid": 131698,
    "id": 41949,
    "source": "OA",
    "source_id": "e35c07a34b0911fc",
    "housenumber": 8,
    "lat": 52.4838158,
    "lon": 13.5857985,
    "parity": "R",
    "proj_lat": 52.483925877271204,
    "proj_lon": 13.585940507817897,
    "marker-color": "#ff0000",
    "marker-symbol": "e"
  },
  {
    "rowid": 131699,
    "id": 41949,
    "source": "OA",
    "source_id": "9f626515b8d99213",
    "housenumber": 8.03,
    "lat": 52.4837789,
    "lon": 13.5858848,
    "parity": "R",
    "proj_lat": 52.4838862631407,
    "proj_lon": 13.58602330615653,
    "marker-color": "#ff0000",
    "marker-symbol": "e"
  },
  {
    "rowid": 131699,
    "id": 41949,
    "source": "OA",
    "source_id": "9f626515b8d99213",
    "housenumber": 8.03,
    "lat": 52.4837789,
    "lon": 13.5858848,
    "parity": "R",
    "proj_lat": 52.4838862631407,
    "proj_lon": 13.58602330615653,
    "marker-color": "#ff0000",
    "marker-symbol": "e"
  },
  {
    "rowid": 158590,
    "id": 41949,
    "source": "OA",
    "source_id": "956b231240cd7d36",
    "housenumber": 8.06,
    "lat": 52.4836433,
    "lon": 13.5855759,
    "parity": "R",
    "proj_lat": 52.48392589653228,
    "proj_lon": 13.58594046755992,
    "marker-color": "#ff0000",
    "marker-symbol": "e"
  },
  {
    "rowid": 158590,
    "id": 41949,
    "source": "OA",
    "source_id": "956b231240cd7d36",
    "housenumber": 8.06,
    "lat": 52.4836433,
    "lon": 13.5855759,
    "parity": "R",
    "proj_lat": 52.48392589653228,
    "proj_lon": 13.58594046755992,
    "marker-color": "#ff0000",
    "marker-symbol": "e"
  },
  {
    "rowid": 158591,
    "id": 41949,
    "source": "OA",
    "source_id": "c2c382016a001dba",
    "housenumber": 8.09,
    "lat": 52.4836035,
    "lon": 13.5856636,
    "parity": "R",
    "proj_lat": 52.48388476154178,
    "proj_lon": 13.58602644468043,
    "marker-color": "#ff0000",
    "marker-symbol": "e"
  },
  {
    "rowid": 158591,
    "id": 41949,
    "source": "OA",
    "source_id": "c2c382016a001dba",
    "housenumber": 8.09,
    "lat": 52.4836035,
    "lon": 13.5856636,
    "parity": "R",
    "proj_lat": 52.48388476154178,
    "proj_lon": 13.58602644468043,
    "marker-color": "#ff0000",
    "marker-symbol": "e"
  },
  {
    "rowid": 131700,
    "id": 41949,
    "source": "OA",
    "source_id": "a65b1a6beb3cf0f2",
    "housenumber": 9,
    "lat": 52.4836469,
    "lon": 13.586001,
    "parity": "R",
    "proj_lat": 52.48380150813733,
    "proj_lon": 13.586200454395792,
    "marker-color": "#ff0000",
    "marker-symbol": "o"
  },
  {
    "rowid": 131700,
    "id": 41949,
    "source": "OA",
    "source_id": "a65b1a6beb3cf0f2",
    "housenumber": 9,
    "lat": 52.4836469,
    "lon": 13.586001,
    "parity": "R",
    "proj_lat": 52.48380150813733,
    "proj_lon": 13.586200454395792,
    "marker-color": "#ff0000",
    "marker-symbol": "o"
  },
  {
    "rowid": 174871,
    "id": 41949,
    "source": "OA",
    "source_id": "5ca4bbf91794991c",
    "housenumber": 10,
    "lat": 52.4835963,
    "lon": 13.5863409,
    "parity": "R",
    "proj_lat": 52.48368163986224,
    "proj_lon": 13.586450993632816,
    "marker-color": "#ff0000",
    "marker-symbol": "e"
  },
  {
    "rowid": 174871,
    "id": 41949,
    "source": "OA",
    "source_id": "5ca4bbf91794991c",
    "housenumber": 10,
    "lat": 52.4835963,
    "lon": 13.5863409,
    "parity": "R",
    "proj_lat": 52.48368163986224,
    "proj_lon": 13.586450993632816,
    "marker-color": "#ff0000",
    "marker-symbol": "e"
  },
  {
    "rowid": 131701,
    "id": 41949,
    "source": "OA",
    "source_id": "0b932593c76d90cf",
    "housenumber": 11,
    "lat": 52.4834823,
    "lon": 13.5865633,
    "parity": "R",
    "proj_lat": 52.48358081781194,
    "proj_lon": 13.586671361783809,
    "marker-color": "#ff0000",
    "marker-symbol": "o"
  },
  {
    "rowid": 131701,
    "id": 41949,
    "source": "OA",
    "source_id": "0b932593c76d90cf",
    "housenumber": 11,
    "lat": 52.4834823,
    "lon": 13.5865633,
    "parity": "R",
    "proj_lat": 52.48358081781194,
    "proj_lon": 13.586671361783809,
    "marker-color": "#ff0000",
    "marker-symbol": "o"
  },
  {
    "rowid": 131702,
    "id": 41949,
    "source": "OA",
    "source_id": "2d1275a8c268fb85",
    "housenumber": 12,
    "lat": 52.4838178,
    "lon": 13.5865932,
    "parity": "L",
    "proj_lat": 52.4836915358266,
    "proj_lon": 13.586430309866756,
    "marker-color": "#3366ff",
    "marker-symbol": "e"
  },
  {
    "rowid": 131702,
    "id": 41949,
    "source": "OA",
    "source_id": "2d1275a8c268fb85",
    "housenumber": 12,
    "lat": 52.4838178,
    "lon": 13.5865932,
    "parity": "L",
    "proj_lat": 52.4836915358266,
    "proj_lon": 13.586430309866756,
    "marker-color": "#3366ff",
    "marker-symbol": "e"
  },
  {
    "rowid": 131703,
    "id": 41949,
    "source": "OA",
    "source_id": "d79a4c156a5079eb",
    "housenumber": 12.03,
    "lat": 52.483874,
    "lon": 13.5869234,
    "parity": "L",
    "proj_lat": 52.48361529852137,
    "proj_lon": 13.586589655083582,
    "marker-color": "#3366ff",
    "marker-symbol": "e"
  },
  {
    "rowid": 131703,
    "id": 41949,
    "source": "OA",
    "source_id": "d79a4c156a5079eb",
    "housenumber": 12.03,
    "lat": 52.483874,
    "lon": 13.5869234,
    "parity": "L",
    "proj_lat": 52.48361529852137,
    "proj_lon": 13.586589655083582,
    "marker-color": "#3366ff",
    "marker-symbol": "e"
  },
  {
    "rowid": 131704,
    "id": 41949,
    "source": "OA",
    "source_id": "edd01cf84e0129d4",
    "housenumber": 13,
    "lat": 52.4839282,
    "lon": 13.5863691,
    "parity": "L",
    "proj_lat": 52.48379996890979,
    "proj_lon": 13.586203671568091,
    "marker-color": "#3366ff",
    "marker-symbol": "o"
  },
  {
    "rowid": 131704,
    "id": 41949,
    "source": "OA",
    "source_id": "edd01cf84e0129d4",
    "housenumber": 13,
    "lat": 52.4839282,
    "lon": 13.5863691,
    "parity": "L",
    "proj_lat": 52.48379996890979,
    "proj_lon": 13.586203671568091,
    "marker-color": "#3366ff",
    "marker-symbol": "o"
  },
  {
    "rowid": 131705,
    "id": 41949,
    "source": "OA",
    "source_id": "afbad86abafa4ff3",
    "housenumber": 14,
    "lat": 52.4841639,
    "lon": 13.5862492,
    "parity": "L",
    "proj_lat": 52.483925397892,
    "proj_lon": 13.585941509778586,
    "marker-color": "#3366ff",
    "marker-symbol": "e"
  },
  {
    "rowid": 131705,
    "id": 41949,
    "source": "OA",
    "source_id": "afbad86abafa4ff3",
    "housenumber": 14,
    "lat": 52.4841639,
    "lon": 13.5862492,
    "parity": "L",
    "proj_lat": 52.483925397892,
    "proj_lon": 13.585941509778586,
    "marker-color": "#3366ff",
    "marker-symbol": "e"
  },
  {
    "rowid": 143149,
    "id": 41949,
    "source": "OA",
    "source_id": "7858d848f5e43be5",
    "housenumber": 16,
    "lat": 52.4844285,
    "lon": 13.5851908,
    "parity": "L",
    "proj_lat": 52.484341340871254,
    "proj_lon": 13.585076754400605,
    "marker-color": "#3366ff",
    "marker-symbol": "e"
  },
  {
    "rowid": 143149,
    "id": 41949,
    "source": "OA",
    "source_id": "7858d848f5e43be5",
    "housenumber": 16,
    "lat": 52.4844285,
    "lon": 13.5851908,
    "parity": "L",
    "proj_lat": 52.484341340871254,
    "proj_lon": 13.585076754400605,
    "marker-color": "#3366ff",
    "marker-symbol": "e"
  },
  {
    "rowid": 131706,
    "id": 41949,
    "source": "OA",
    "source_id": "5ff8fc86a745aa81",
    "housenumber": 17,
    "lat": 52.4847568,
    "lon": 13.5850779,
    "parity": "L",
    "proj_lat": 52.48450234878836,
    "proj_lon": 13.584744951810643,
    "marker-color": "#3366ff",
    "marker-symbol": "o"
  },
  {
    "rowid": 131706,
    "id": 41949,
    "source": "OA",
    "source_id": "5ff8fc86a745aa81",
    "housenumber": 17,
    "lat": 52.4847568,
    "lon": 13.5850779,
    "parity": "L",
    "proj_lat": 52.48450234878836,
    "proj_lon": 13.584744951810643,
    "marker-color": "#3366ff",
    "marker-symbol": "o"
  },
  {
    "rowid": 131707,
    "id": 41949,
    "source": "OA",
    "source_id": "c944b39941c25ee4",
    "housenumber": 18,
    "lat": 52.484823,
    "lon": 13.5847561,
    "parity": "L",
    "proj_lat": 52.484623568522714,
    "proj_lon": 13.584495144083576,
    "marker-color": "#3366ff",
    "marker-symbol": "e"
  },
  {
    "rowid": 131707,
    "id": 41949,
    "source": "OA",
    "source_id": "c944b39941c25ee4",
    "housenumber": 18,
    "lat": 52.484823,
    "lon": 13.5847561,
    "parity": "L",
    "proj_lat": 52.484623568522714,
    "proj_lon": 13.584495144083576,
    "marker-color": "#3366ff",
    "marker-symbol": "e"
  },
  {
    "rowid": 168744,
    "id": 41949,
    "source": "OA",
    "source_id": "a9b870b38087457e",
    "housenumber": 19,
    "lat": 52.4848354,
    "lon": 13.5844469,
    "parity": "L",
    "proj_lat": 52.48471492903414,
    "proj_lon": 13.584302813766204,
    "marker-color": "#3366ff",
    "marker-symbol": "o"
  },
  {
    "rowid": 168744,
    "id": 41949,
    "source": "OA",
    "source_id": "a9b870b38087457e",
    "housenumber": 19,
    "lat": 52.4848354,
    "lon": 13.5844469,
    "parity": "L",
    "proj_lat": 52.48471492903414,
    "proj_lon": 13.584302813766204,
    "marker-color": "#3366ff",
    "marker-symbol": "o"
  },
  {
    "rowid": 131708,
    "id": 41949,
    "source": "OA",
    "source_id": "aee980074b4f423a",
    "housenumber": 20,
    "lat": 52.4850283,
    "lon": 13.5842265,
    "parity": "L",
    "proj_lat": 52.48484566401714,
    "proj_lon": 13.584008060963376,
    "marker-color": "#3366ff",
    "marker-symbol": "e"
  },
  {
    "rowid": 131708,
    "id": 41949,
    "source": "OA",
    "source_id": "aee980074b4f423a",
    "housenumber": 20,
    "lat": 52.4850283,
    "lon": 13.5842265,
    "parity": "L",
    "proj_lat": 52.48484566401714,
    "proj_lon": 13.584008060963376,
    "marker-color": "#3366ff",
    "marker-symbol": "e"
  },
  {
    "rowid": 131709,
    "id": 41949,
    "source": "OA",
    "source_id": "3c1aa889cbe0ffc9",
    "housenumber": 21,
    "lat": 52.48503,
    "lon": 13.583955,
    "parity": "L",
    "proj_lat": 52.48492493483365,
    "proj_lon": 13.583829338368945,
    "marker-color": "#3366ff",
    "marker-symbol": "o"
  },
  {
    "rowid": 131709,
    "id": 41949,
    "source": "OA",
    "source_id": "3c1aa889cbe0ffc9",
    "housenumber": 21,
    "lat": 52.48503,
    "lon": 13.583955,
    "parity": "L",
    "proj_lat": 52.48492493483365,
    "proj_lon": 13.583829338368945,
    "marker-color": "#3366ff",
    "marker-symbol": "o"
  },
  {
    "rowid": 144173,
    "id": 41949,
    "source": "OA",
    "source_id": "dd8c10983a957200",
    "housenumber": 22,
    "lat": 52.4851539,
    "lon": 13.5837896,
    "parity": "L",
    "proj_lat": 52.48501581412494,
    "proj_lon": 13.583624443510574,
    "marker-color": "#3366ff",
    "marker-symbol": "e"
  },
  {
    "rowid": 144173,
    "id": 41949,
    "source": "OA",
    "source_id": "dd8c10983a957200",
    "housenumber": 22,
    "lat": 52.4851539,
    "lon": 13.5837896,
    "parity": "L",
    "proj_lat": 52.48501581412494,
    "proj_lon": 13.583624443510574,
    "marker-color": "#3366ff",
    "marker-symbol": "e"
  }
]
