[
  {
    "rowid": 87481,
    "id": 47523,
    "source": "OA",
    "source_id": "9c1e3c6e1798c357",
    "housenumber": 7,
    "lat": 52.6132002,
    "lon": 13.4299832,
    "parity": "L",
    "proj_lat": 52.613329177203006,
    "proj_lon": 13.430154784343394,
    "marker-color": "#3366ff",
    "marker-symbol": "o"
  },
  {
    "rowid": 87481,
    "id": 47523,
    "source": "OA",
    "source_id": "9c1e3c6e1798c357",
    "housenumber": 7,
    "lat": 52.6132002,
    "lon": 13.4299832,
    "parity": "L",
    "proj_lat": 52.613329177203006,
    "proj_lon": 13.430154784343394,
    "marker-color": "#3366ff",
    "marker-symbol": "o"
  },
  {
    "rowid": 87482,
    "id": 47523,
    "source": "OA",
    "source_id": "28adcb76f77322b3",
    "housenumber": 9,
    "lat": 52.6132204,
    "lon": 13.4299427,
    "parity": "L",
    "proj_lat": 52.61334917400109,
    "proj_lon": 13.430114014172545,
    "marker-color": "#3366ff",
    "marker-symbol": "o"
  },
  {
    "rowid": 87482,
    "id": 47523,
    "source": "OA",
    "source_id": "28adcb76f77322b3",
    "housenumber": 9,
    "lat": 52.6132204,
    "lon": 13.4299427,
    "parity": "L",
    "proj_lat": 52.61334917400109,
    "proj_lon": 13.430114014172545,
    "marker-color": "#3366ff",
    "marker-symbol": "o"
  },
  {
    "rowid": 87483,
    "id": 47523,
    "source": "OA",
    "source_id": "66513330dc6645bd",
    "housenumber": 11,
    "lat": 52.6132193,
    "lon": 13.4298825,
    "parity": "L",
    "proj_lat": 52.61336660749664,
    "proj_lon": 13.430078470152488,
    "marker-color": "#3366ff",
    "marker-symbol": "o"
  },
  {
    "rowid": 87483,
    "id": 47523,
    "source": "OA",
    "source_id": "66513330dc6645bd",
    "housenumber": 11,
    "lat": 52.6132193,
    "lon": 13.4298825,
    "parity": "L",
    "proj_lat": 52.61336660749664,
    "proj_lon": 13.430078470152488,
    "marker-color": "#3366ff",
    "marker-symbol": "o"
  },
  {
    "rowid": 87484,
    "id": 47523,
    "source": "OA",
    "source_id": "c54d2a13853781bd",
    "housenumber": 13,
    "lat": 52.6132606,
    "lon": 13.4298614,
    "parity": "L",
    "proj_lat": 52.61338917766884,
    "proj_lon": 13.430032453296537,
    "marker-color": "#3366ff",
    "marker-symbol": "o"
  },
  {
    "rowid": 87484,
    "id": 47523,
    "source": "OA",
    "source_id": "c54d2a13853781bd",
    "housenumber": 13,
    "lat": 52.6132606,
    "lon": 13.4298614,
    "parity": "L",
    "proj_lat": 52.61338917766884,
    "proj_lon": 13.430032453296537,
    "marker-color": "#3366ff",
    "marker-symbol": "o"
  },
  {
    "rowid": 87485,
    "id": 47523,
    "source": "OA",
    "source_id": "a6ef5735e7a6cd71",
    "housenumber": 15,
    "lat": 52.613282,
    "lon": 13.4298178,
    "parity": "L",
    "proj_lat": 52.61341056839801,
    "proj_lon": 13.429988841130275,
    "marker-color": "#3366ff",
    "marker-symbol": "o"
  },
  {
    "rowid": 87485,
    "id": 47523,
    "source": "OA",
    "source_id": "a6ef5735e7a6cd71",
    "housenumber": 15,
    "lat": 52.613282,
    "lon": 13.4298178,
    "parity": "L",
    "proj_lat": 52.61341056839801,
    "proj_lon": 13.429988841130275,
    "marker-color": "#3366ff",
    "marker-symbol": "o"
  },
  {
    "rowid": 159330,
    "id": 47523,
    "source": "OA",
    "source_id": "f8e52476f83094f5",
    "housenumber": 17.03,
    "lat": 52.613018,
    "lon": 13.4295464,
    "parity": "L",
    "proj_lat": 52.61338688113057,
    "proj_lon": 13.430037135559035,
    "marker-color": "#3366ff",
    "marker-symbol": "o"
  },
  {
    "rowid": 159330,
    "id": 47523,
    "source": "OA",
    "source_id": "f8e52476f83094f5",
    "housenumber": 17.03,
    "lat": 52.613018,
    "lon": 13.4295464,
    "parity": "L",
    "proj_lat": 52.61338688113057,
    "proj_lon": 13.430037135559035,
    "marker-color": "#3366ff",
    "marker-symbol": "o"
  },
  {
    "rowid": 159331,
    "id": 47523,
    "source": "OA",
    "source_id": "49c45a22d5ed9208",
    "housenumber": 17.06,
    "lat": 52.6129879,
    "lon": 13.4296076,
    "parity": "L",
    "proj_lat": 52.61335683147141,
    "proj_lon": 13.43009840185442,
    "marker-color": "#3366ff",
    "marker-symbol": "o"
  },
  {
    "rowid": 159331,
    "id": 47523,
    "source": "OA",
    "source_id": "49c45a22d5ed9208",
    "housenumber": 17.06,
    "lat": 52.6129879,
    "lon": 13.4296076,
    "parity": "L",
    "proj_lat": 52.61335683147141,
    "proj_lon": 13.43009840185442,
    "marker-color": "#3366ff",
    "marker-symbol": "o"
  },
  {
    "rowid": 175108,
    "id": 47523,
    "source": "OA",
    "source_id": "26ada73166ad7924",
    "housenumber": 19.03,
    "lat": 52.6129343,
    "lon": 13.4293988,
    "parity": "L",
    "proj_lat": 52.61339764143566,
    "proj_lon": 13.43001519707293,
    "marker-color": "#3366ff",
    "marker-symbol": "o"
  },
  {
    "rowid": 175108,
    "id": 47523,
    "source": "OA",
    "source_id": "26ada73166ad7924",
    "housenumber": 19.03,
    "lat": 52.6129343,
    "lon": 13.4293988,
    "parity": "L",
    "proj_lat": 52.61339764143566,
    "proj_lon": 13.43001519707293,
    "marker-color": "#3366ff",
    "marker-symbol": "o"
  },
  {
    "rowid": 175109,
    "id": 47523,
    "source": "OA",
    "source_id": "bfd6d89341ad92f9",
    "housenumber": 19.06,
    "lat": 52.6128822,
    "lon": 13.4295051,
    "parity": "L",
    "proj_lat": 52.61334551910603,
    "proj_lon": 13.43012146590033,
    "marker-color": "#3366ff",
    "marker-symbol": "o"
  },
  {
    "rowid": 175109,
    "id": 47523,
    "source": "OA",
    "source_id": "bfd6d89341ad92f9",
    "housenumber": 19.06,
    "lat": 52.6128822,
    "lon": 13.4295051,
    "parity": "L",
    "proj_lat": 52.61334551910603,
    "proj_lon": 13.43012146590033,
    "marker-color": "#3366ff",
    "marker-symbol": "o"
  },
  {
    "rowid": 174216,
    "id": 47523,
    "source": "OA",
    "source_id": "30d8c2e2ea5b1e2d",
    "housenumber": 23,
    "lat": 52.6131536,
    "lon": 13.4293034,
    "parity": "L",
    "proj_lat": 52.61351254723722,
    "proj_lon": 13.429780923108577,
    "marker-color": "#3366ff",
    "marker-symbol": "o"
  },
  {
    "rowid": 174216,
    "id": 47523,
    "source": "OA",
    "source_id": "30d8c2e2ea5b1e2d",
    "housenumber": 23,
    "lat": 52.6131536,
    "lon": 13.4293034,
    "parity": "L",
    "proj_lat": 52.61351254723722,
    "proj_lon": 13.429780923108577,
    "marker-color": "#3366ff",
    "marker-symbol": "o"
  },
  {
    "rowid": 175110,
    "id": 47523,
    "source": "OA",
    "source_id": "0d4a6fbca8374228",
    "housenumber": 25,
    "lat": 52.6133055,
    "lon": 13.4294907,
    "parity": "L",
    "proj_lat": 52.613516933238124,
    "proj_lon": 13.429771980776646,
    "marker-color": "#3366ff",
    "marker-symbol": "o"
  },
  {
    "rowid": 175110,
    "id": 47523,
    "source": "OA",
    "source_id": "0d4a6fbca8374228",
    "housenumber": 25,
    "lat": 52.6133055,
    "lon": 13.4294907,
    "parity": "L",
    "proj_lat": 52.613516933238124,
    "proj_lon": 13.429771980776646,
    "marker-color": "#3366ff",
    "marker-symbol": "o"
  },
  {
    "rowid": 175921,
    "id": 47523,
    "source": "OA",
    "source_id": "52559fab63c36cca",
    "housenumber": 27,
    "lat": 52.6133813,
    "lon": 13.429665,
    "parity": "L",
    "proj_lat": 52.61349512982483,
    "proj_lon": 13.429816434337742,
    "marker-color": "#3366ff",
    "marker-symbol": "o"
  },
  {
    "rowid": 175921,
    "id": 47523,
    "source": "OA",
    "source_id": "52559fab63c36cca",
    "housenumber": 27,
    "lat": 52.6133813,
    "lon": 13.429665,
    "parity": "L",
    "proj_lat": 52.61349512982483,
    "proj_lon": 13.429816434337742,
    "marker-color": "#3366ff",
    "marker-symbol": "o"
  },
  {
    "rowid": 167704,
    "id": 47523,
    "source": "OA",
    "source_id": "d3daf5982c92d178",
    "housenumber": 29.03,
    "lat": 52.613506,
    "lon": 13.4294145,
    "parity": "L",
    "proj_lat": 52.61361871870609,
    "proj_lon": 13.429564457006995,
    "marker-color": "#3366ff",
    "marker-symbol": "o"
  },
  {
    "rowid": 167704,
    "id": 47523,
    "source": "OA",
    "source_id": "d3daf5982c92d178",
    "housenumber": 29.03,
    "lat": 52.613506,
    "lon": 13.4294145,
    "parity": "L",
    "proj_lat": 52.61361871870609,
    "proj_lon": 13.429564457006995,
    "marker-color": "#3366ff",
    "marker-symbol": "o"
  },
  {
    "rowid": 167705,
    "id": 47523,
    "source": "OA",
    "source_id": "15a8d339791b7392",
    "housenumber": 29.06,
    "lat": 52.6135497,
    "lon": 13.4293261,
    "parity": "L",
    "proj_lat": 52.61366221171743,
    "proj_lon": 13.429475781935336,
    "marker-color": "#3366ff",
    "marker-symbol": "o"
  },
  {
    "rowid": 167705,
    "id": 47523,
    "source": "OA",
    "source_id": "15a8d339791b7392",
    "housenumber": 29.06,
    "lat": 52.6135497,
    "lon": 13.4293261,
    "parity": "L",
    "proj_lat": 52.61366221171743,
    "proj_lon": 13.429475781935336,
    "marker-color": "#3366ff",
    "marker-symbol": "o"
  },
  {
    "rowid": 175111,
    "id": 47523,
    "source": "OA",
    "source_id": "f5cce0d7a90ba0a4",
    "housenumber": 31.03,
    "lat": 52.613601,
    "lon": 13.4291948,
    "parity": "L",
    "proj_lat": 52.61372143863536,
    "proj_lon": 13.429355028024998,
    "marker-color": "#3366ff",
    "marker-symbol": "o"
  },
  {
    "rowid": 175111,
    "id": 47523,
    "source": "OA",
    "source_id": "f5cce0d7a90ba0a4",
    "housenumber": 31.03,
    "lat": 52.613601,
    "lon": 13.4291948,
    "parity": "L",
    "proj_lat": 52.61372143863536,
    "proj_lon": 13.429355028024998,
    "marker-color": "#3366ff",
    "marker-symbol": "o"
  },
  {
    "rowid": 161527,
    "id": 47523,
    "source": "OA",
    "source_id": "de5562c322793fc0",
    "housenumber": 32,
    "lat": 52.6138355,
    "lon": 13.4297706,
    "parity": "R",
    "proj_lat": 52.613643133724935,
    "proj_lon": 13.429514678813245,
    "marker-color": "#ff0000",
    "marker-symbol": "e"
  },
  {
    "rowid": 161527,
    "id": 47523,
    "source": "OA",
    "source_id": "de5562c322793fc0",
    "housenumber": 32,
    "lat": 52.6138355,
    "lon": 13.4297706,
    "parity": "R",
    "proj_lat": 52.613643133724935,
    "proj_lon": 13.429514678813245,
    "marker-color": "#ff0000",
    "marker-symbol": "e"
  },
  {
    "rowid": 164347,
    "id": 47523,
    "source": "OA",
    "source_id": "c8468b947c38a732",
    "housenumber": 34,
    "lat": 52.6139729,
    "lon": 13.4300189,
    "parity": "R",
    "proj_lat": 52.61362369236981,
    "proj_lon": 13.429554316527563,
    "marker-color": "#ff0000",
    "marker-symbol": "e"
  },
  {
    "rowid": 164347,
    "id": 47523,
    "source": "OA",
    "source_id": "c8468b947c38a732",
    "housenumber": 34,
    "lat": 52.6139729,
    "lon": 13.4300189,
    "parity": "R",
    "proj_lat": 52.61362369236981,
    "proj_lon": 13.429554316527563,
    "marker-color": "#ff0000",
    "marker-symbol": "e"
  },
  {
    "rowid": 175922,
    "id": 47523,
    "source": "OA",
    "source_id": "48d70632118dfce6",
    "housenumber": 36.03,
    "lat": 52.614125,
    "lon": 13.4297803,
    "parity": "R",
    "proj_lat": 52.61375456989157,
    "proj_lon": 13.429287478861845,
    "marker-color": "#ff0000",
    "marker-symbol": "e"
  },
  {
    "rowid": 175922,
    "id": 47523,
    "source": "OA",
    "source_id": "48d70632118dfce6",
    "housenumber": 36.03,
    "lat": 52.614125,
    "lon": 13.4297803,
    "parity": "R",
    "proj_lat": 52.61375456989157,
    "proj_lon": 13.429287478861845,
    "marker-color": "#ff0000",
    "marker-symbol": "e"
  },
  {
    "rowid": 175923,
    "id": 47523,
    "source": "OA",
    "source_id": "5d32974c617da946",
    "housenumber": 36.06,
    "lat": 52.6140755,
    "lon": 13.4297162,
    "parity": "R",
    "proj_lat": 52.61375404873798,
    "proj_lon": 13.429288541407997,
    "marker-color": "#ff0000",
    "marker-symbol": "e"
  },
  {
    "rowid": 175923,
    "id": 47523,
    "source": "OA",
    "source_id": "5d32974c617da946",
    "housenumber": 36.06,
    "lat": 52.6140755,
    "lon": 13.4297162,
    "parity": "R",
    "proj_lat": 52.61375404873798,
    "proj_lon": 13.429288541407997,
    "marker-color": "#ff0000",
    "marker-symbol": "e"
  },
  {
    "rowid": 175113,
    "id": 47523,
    "source": "OA",
    "source_id": "6a99c16e9fc6e028",
    "housenumber": 38.03,
    "lat": 52.6139389,
    "lon": 13.4295448,
    "parity": "R",
    "proj_lat": 52.613750981534075,
    "proj_lon": 13.429294794930527,
    "marker-color": "#ff0000",
    "marker-symbol": "e"
  },
  {
    "rowid": 175113,
    "id": 47523,
    "source": "OA",
    "source_id": "6a99c16e9fc6e028",
    "housenumber": 38.03,
    "lat": 52.6139389,
    "lon": 13.4295448,
    "parity": "R",
    "proj_lat": 52.613750981534075,
    "proj_lon": 13.429294794930527,
    "marker-color": "#ff0000",
    "marker-symbol": "e"
  },
  {
    "rowid": 175114,
    "id": 47523,
    "source": "OA",
    "source_id": "cba03ad01dc3f023",
    "housenumber": 38.06,
    "lat": 52.613862,
    "lon": 13.4294497,
    "parity": "R",
    "proj_lat": 52.61374884228601,
    "proj_lon": 13.429299156504262,
    "marker-color": "#ff0000",
    "marker-symbol": "e"
  },
  {
    "rowid": 175114,
    "id": 47523,
    "source": "OA",
    "source_id": "cba03ad01dc3f023",
    "housenumber": 38.06,
    "lat": 52.613862,
    "lon": 13.4294497,
    "parity": "R",
    "proj_lat": 52.61374884228601,
    "proj_lon": 13.429299156504262,
    "marker-color": "#ff0000",
    "marker-symbol": "e"
  },
  {
    "rowid": 175115,
    "id": 47523,
    "source": "OA",
    "source_id": "c372721e93d0a7b2",
    "housenumber": 40.03,
    "lat": 52.6139526,
    "lon": 13.429265,
    "parity": "R",
    "proj_lat": 52.61383898777038,
    "proj_lon": 13.429115080694224,
    "marker-color": "#ff0000",
    "marker-symbol": "e"
  },
  {
    "rowid": 175115,
    "id": 47523,
    "source": "OA",
    "source_id": "c372721e93d0a7b2",
    "housenumber": 40.03,
    "lat": 52.6139526,
    "lon": 13.429265,
    "parity": "R",
    "proj_lat": 52.61383898777038,
    "proj_lon": 13.429115080694224,
    "marker-color": "#ff0000",
    "marker-symbol": "e"
  },
  {
    "rowid": 175116,
    "id": 47523,
    "source": "OA",
    "source_id": "7d6c594e22d23665",
    "housenumber": 40.06,
    "lat": 52.6140271,
    "lon": 13.4293657,
    "parity": "R",
    "proj_lat": 52.61383827929998,
    "proj_lon": 13.429116536994474,
    "marker-color": "#ff0000",
    "marker-symbol": "e"
  },
  {
    "rowid": 175116,
    "id": 47523,
    "source": "OA",
    "source_id": "7d6c594e22d23665",
    "housenumber": 40.06,
    "lat": 52.6140271,
    "lon": 13.4293657,
    "parity": "R",
    "proj_lat": 52.61383827929998,
    "proj_lon": 13.429116536994474,
    "marker-color": "#ff0000",
    "marker-symbol": "e"
  },
  {
    "rowid": 167706,
    "id": 47523,
    "source": "OA",
    "source_id": "69c8fe5743a21c0e",
    "housenumber": 42.03,
    "lat": 52.6141788,
    "lon": 13.4295491,
    "parity": "R",
    "proj_lat": 52.61384325171256,
    "proj_lon": 13.429106315924185,
    "marker-color": "#ff0000",
    "marker-symbol": "e"
  },
  {
    "rowid": 167706,
    "id": 47523,
    "source": "OA",
    "source_id": "69c8fe5743a21c0e",
    "housenumber": 42.03,
    "lat": 52.6141788,
    "lon": 13.4295491,
    "parity": "R",
    "proj_lat": 52.61384325171256,
    "proj_lon": 13.429106315924185,
    "marker-color": "#ff0000",
    "marker-symbol": "e"
  },
  {
    "rowid": 167707,
    "id": 47523,
    "source": "OA",
    "source_id": "f45dee92b546158f",
    "housenumber": 42.06,
    "lat": 52.6142299,
    "lon": 13.429615,
    "parity": "R",
    "proj_lat": 52.613843705596175,
    "proj_lon": 13.42910538294119,
    "marker-color": "#ff0000",
    "marker-symbol": "e"
  },
  {
    "rowid": 167707,
    "id": 47523,
    "source": "OA",
    "source_id": "f45dee92b546158f",
    "housenumber": 42.06,
    "lat": 52.6142299,
    "lon": 13.429615,
    "parity": "R",
    "proj_lat": 52.613843705596175,
    "proj_lon": 13.42910538294119,
    "marker-color": "#ff0000",
    "marker-symbol": "e"
  },
  {
    "rowid": 164348,
    "id": 47523,
    "source": "OA",
    "source_id": "eb6168d2cb045d82",
    "housenumber": 44,
    "lat": 52.6142976,
    "lon": 13.4294049,
    "parity": "R",
    "proj_lat": 52.61393242408088,
    "proj_lon": 13.428923017167088,
    "marker-color": "#ff0000",
    "marker-symbol": "e"
  },
  {
    "rowid": 164348,
    "id": 47523,
    "source": "OA",
    "source_id": "eb6168d2cb045d82",
    "housenumber": 44,
    "lat": 52.6142976,
    "lon": 13.4294049,
    "parity": "R",
    "proj_lat": 52.61393242408088,
    "proj_lon": 13.428923017167088,
    "marker-color": "#ff0000",
    "marker-symbol": "e"
  },
  {
    "rowid": 167708,
    "id": 47523,
    "source": "OA",
    "source_id": "da11a2f07e5f489e",
    "housenumber": 46,
    "lat": 52.6141312,
    "lon": 13.4291673,
    "parity": "R",
    "proj_lat": 52.61393776255376,
    "proj_lon": 13.428912043639489,
    "marker-color": "#ff0000",
    "marker-symbol": "e"
  },
  {
    "rowid": 167708,
    "id": 47523,
    "source": "OA",
    "source_id": "da11a2f07e5f489e",
    "housenumber": 46,
    "lat": 52.6141312,
    "lon": 13.4291673,
    "parity": "R",
    "proj_lat": 52.61393776255376,
    "proj_lon": 13.428912043639489,
    "marker-color": "#ff0000",
    "marker-symbol": "e"
  },
  {
    "rowid": 175924,
    "id": 47523,
    "source": "OA",
    "source_id": "394a137bc21d0dc1",
    "housenumber": 47,
    "lat": 52.6139186,
    "lon": 13.428571,
    "parity": "L",
    "proj_lat": 52.61403131685816,
    "proj_lon": 13.428719737569335,
    "marker-color": "#3366ff",
    "marker-symbol": "o"
  },
  {
    "rowid": 175924,
    "id": 47523,
    "source": "OA",
    "source_id": "394a137bc21d0dc1",
    "housenumber": 47,
    "lat": 52.6139186,
    "lon": 13.428571,
    "parity": "L",
    "proj_lat": 52.61403131685816,
    "proj_lon": 13.428719737569335,
    "marker-color": "#3366ff",
    "marker-symbol": "o"
  },
  {
    "rowid": 167709,
    "id": 47523,
    "source": "OA",
    "source_id": "55026ea6f49d33ca",
    "housenumber": 48.03,
    "lat": 52.6141545,
    "lon": 13.4289181,
    "parity": "R",
    "proj_lat": 52.6140207062884,
    "proj_lon": 13.428741548184961,
    "marker-color": "#ff0000",
    "marker-symbol": "e"
  },
  {
    "rowid": 167709,
    "id": 47523,
    "source": "OA",
    "source_id": "55026ea6f49d33ca",
    "housenumber": 48.03,
    "lat": 52.6141545,
    "lon": 13.4289181,
    "parity": "R",
    "proj_lat": 52.6140207062884,
    "proj_lon": 13.428741548184961,
    "marker-color": "#ff0000",
    "marker-symbol": "e"
  },
  {
    "rowid": 167710,
    "id": 47523,
    "source": "OA",
    "source_id": "d6bacb2d1076dfa2",
    "housenumber": 48.06,
    "lat": 52.6142108,
    "lon": 13.4289889,
    "parity": "R",
    "proj_lat": 52.61402174124632,
    "proj_lon": 13.428739420771457,
    "marker-color": "#ff0000",
    "marker-symbol": "e"
  },
  {
    "rowid": 167710,
    "id": 47523,
    "source": "OA",
    "source_id": "d6bacb2d1076dfa2",
    "housenumber": 48.06,
    "lat": 52.6142108,
    "lon": 13.4289889,
    "parity": "R",
    "proj_lat": 52.61402174124632,
    "proj_lon": 13.428739420771457,
    "marker-color": "#ff0000",
    "marker-symbol": "e"
  },
  {
    "rowid": 175925,
    "id": 47523,
    "source": "OA",
    "source_id": "1bc3796451080934",
    "housenumber": 49,
    "lat": 52.6138038,
    "lon": 13.4284062,
    "parity": "L",
    "proj_lat": 52.614035261953575,
    "proj_lon": 13.428711628206539,
    "marker-color": "#3366ff",
    "marker-symbol": "o"
  },
  {
    "rowid": 175925,
    "id": 47523,
    "source": "OA",
    "source_id": "1bc3796451080934",
    "housenumber": 49,
    "lat": 52.6138038,
    "lon": 13.4284062,
    "parity": "L",
    "proj_lat": 52.614035261953575,
    "proj_lon": 13.428711628206539,
    "marker-color": "#3366ff",
    "marker-symbol": "o"
  },
  {
    "rowid": 159332,
    "id": 47523,
    "source": "OA",
    "source_id": "6559177502f47465",
    "housenumber": 50,
    "lat": 52.6144023,
    "lon": 13.4292126,
    "parity": "R",
    "proj_lat": 52.61403033494767,
    "proj_lon": 13.42872175594091,
    "marker-color": "#ff0000",
    "marker-symbol": "e"
  },
  {
    "rowid": 159332,
    "id": 47523,
    "source": "OA",
    "source_id": "6559177502f47465",
    "housenumber": 50,
    "lat": 52.6144023,
    "lon": 13.4292126,
    "parity": "R",
    "proj_lat": 52.61403033494767,
    "proj_lon": 13.42872175594091,
    "marker-color": "#ff0000",
    "marker-symbol": "e"
  },
  {
    "rowid": 159333,
    "id": 47523,
    "source": "OA",
    "source_id": "6ba948be36bf0015",
    "housenumber": 52,
    "lat": 52.6144833,
    "lon": 13.4290239,
    "parity": "R",
    "proj_lat": 52.61411682898715,
    "proj_lon": 13.428543396116542,
    "marker-color": "#ff0000",
    "marker-symbol": "e"
  },
  {
    "rowid": 159333,
    "id": 47523,
    "source": "OA",
    "source_id": "6ba948be36bf0015",
    "housenumber": 52,
    "lat": 52.6144833,
    "lon": 13.4290239,
    "parity": "R",
    "proj_lat": 52.61411682898715,
    "proj_lon": 13.428543396116542,
    "marker-color": "#ff0000",
    "marker-symbol": "e"
  },
  {
    "rowid": 167713,
    "id": 47523,
    "source": "OA",
    "source_id": "fc214785325d8c2e",
    "housenumber": 54.03,
    "lat": 52.6143097,
    "lon": 13.4287781,
    "parity": "R",
    "proj_lat": 52.614122207722644,
    "proj_lon": 13.428532268679618,
    "marker-color": "#ff0000",
    "marker-symbol": "e"
  },
  {
    "rowid": 167713,
    "id": 47523,
    "source": "OA",
    "source_id": "fc214785325d8c2e",
    "housenumber": 54.03,
    "lat": 52.6143097,
    "lon": 13.4287781,
    "parity": "R",
    "proj_lat": 52.614122207722644,
    "proj_lon": 13.428532268679618,
    "marker-color": "#ff0000",
    "marker-symbol": "e"
  },
  {
    "rowid": 167714,
    "id": 47523,
    "source": "OA",
    "source_id": "9bf2b5233fd6b581",
    "housenumber": 54.06,
    "lat": 52.6142553,
    "lon": 13.4287182,
    "parity": "R",
    "proj_lat": 52.614118826818995,
    "proj_lon": 13.428539263035836,
    "marker-color": "#ff0000",
    "marker-symbol": "e"
  },
  {
    "rowid": 167714,
    "id": 47523,
    "source": "OA",
    "source_id": "9bf2b5233fd6b581",
    "housenumber": 54.06,
    "lat": 52.6142553,
    "lon": 13.4287182,
    "parity": "R",
    "proj_lat": 52.614118826818995,
    "proj_lon": 13.428539263035836,
    "marker-color": "#ff0000",
    "marker-symbol": "e"
  },
  {
    "rowid": 164349,
    "id": 47523,
    "source": "OA",
    "source_id": "263a184f85d99725",
    "housenumber": 56,
    "lat": 52.6143898,
    "lon": 13.4285981,
    "parity": "R",
    "proj_lat": 52.614206536012546,
    "proj_lon": 13.428357811741243,
    "marker-color": "#ff0000",
    "marker-symbol": "e"
  },
  {
    "rowid": 164349,
    "id": 47523,
    "source": "OA",
    "source_id": "263a184f85d99725",
    "housenumber": 56,
    "lat": 52.6143898,
    "lon": 13.4285981,
    "parity": "R",
    "proj_lat": 52.614206536012546,
    "proj_lon": 13.428357811741243,
    "marker-color": "#ff0000",
    "marker-symbol": "e"
  },
  {
    "rowid": 174217,
    "id": 47523,
    "source": "OA",
    "source_id": "880e4c7e45acdabb",
    "housenumber": 57.03,
    "lat": 52.6137965,
    "lon": 13.428067,
    "parity": "L",
    "proj_lat": 52.614133517379194,
    "proj_lon": 13.428508871453634,
    "marker-color": "#3366ff",
    "marker-symbol": "o"
  },
  {
    "rowid": 174217,
    "id": 47523,
    "source": "OA",
    "source_id": "880e4c7e45acdabb",
    "housenumber": 57.03,
    "lat": 52.6137965,
    "lon": 13.428067,
    "parity": "L",
    "proj_lat": 52.614133517379194,
    "proj_lon": 13.428508871453634,
    "marker-color": "#3366ff",
    "marker-symbol": "o"
  },
  {
    "rowid": 174218,
    "id": 47523,
    "source": "OA",
    "source_id": "357cc39ed4e6f13e",
    "housenumber": 57.06,
    "lat": 52.613854,
    "lon": 13.4281382,
    "parity": "L",
    "proj_lat": 52.61413475665676,
    "proj_lon": 13.428506307657177,
    "marker-color": "#3366ff",
    "marker-symbol": "o"
  },
  {
    "rowid": 174218,
    "id": 47523,
    "source": "OA",
    "source_id": "357cc39ed4e6f13e",
    "housenumber": 57.06,
    "lat": 52.613854,
    "lon": 13.4281382,
    "parity": "L",
    "proj_lat": 52.61413475665676,
    "proj_lon": 13.428506307657177,
    "marker-color": "#3366ff",
    "marker-symbol": "o"
  },
  {
    "rowid": 175117,
    "id": 47523,
    "source": "OA",
    "source_id": "3b9bf57ceb684cf3",
    "housenumber": 58.03,
    "lat": 52.6145179,
    "lon": 13.4287007,
    "parity": "R",
    "proj_lat": 52.61422587413321,
    "proj_lon": 13.428317805364628,
    "marker-color": "#ff0000",
    "marker-symbol": "e"
  },
  {
    "rowid": 175117,
    "id": 47523,
    "source": "OA",
    "source_id": "3b9bf57ceb684cf3",
    "housenumber": 58.03,
    "lat": 52.6145179,
    "lon": 13.4287007,
    "parity": "R",
    "proj_lat": 52.61422587413321,
    "proj_lon": 13.428317805364628,
    "marker-color": "#ff0000",
    "marker-symbol": "e"
  },
  {
    "rowid": 175118,
    "id": 47523,
    "source": "OA",
    "source_id": "b962323da61400fb",
    "housenumber": 58.06,
    "lat": 52.6145801,
    "lon": 13.4287938,
    "parity": "R",
    "proj_lat": 52.614222458671456,
    "proj_lon": 13.428324871214082,
    "marker-color": "#ff0000",
    "marker-symbol": "e"
  },
  {
    "rowid": 175118,
    "id": 47523,
    "source": "OA",
    "source_id": "b962323da61400fb",
    "housenumber": 58.06,
    "lat": 52.6145801,
    "lon": 13.4287938,
    "parity": "R",
    "proj_lat": 52.614222458671456,
    "proj_lon": 13.428324871214082,
    "marker-color": "#ff0000",
    "marker-symbol": "e"
  },
  {
    "rowid": 159335,
    "id": 47523,
    "source": "OA",
    "source_id": "aef5f87d54df1583",
    "housenumber": 59,
    "lat": 52.6140383,
    "lon": 13.4283268,
    "parity": "L",
    "proj_lat": 52.61415044922892,
    "proj_lon": 13.428473843129586,
    "marker-color": "#3366ff",
    "marker-symbol": "o"
  },
  {
    "rowid": 159335,
    "id": 47523,
    "source": "OA",
    "source_id": "aef5f87d54df1583",
    "housenumber": 59,
    "lat": 52.6140383,
    "lon": 13.4283268,
    "parity": "L",
    "proj_lat": 52.61415044922892,
    "proj_lon": 13.428473843129586,
    "marker-color": "#3366ff",
    "marker-symbol": "o"
  },
  {
    "rowid": 175926,
    "id": 47523,
    "source": "OA",
    "source_id": "07c8cb6660070355",
    "housenumber": 60.03,
    "lat": 52.614625,
    "lon": 13.4285876,
    "parity": "R",
    "proj_lat": 52.61430175017434,
    "proj_lon": 13.42816129793687,
    "marker-color": "#ff0000",
    "marker-symbol": "e"
  },
  {
    "rowid": 175926,
    "id": 47523,
    "source": "OA",
    "source_id": "07c8cb6660070355",
    "housenumber": 60.03,
    "lat": 52.614625,
    "lon": 13.4285876,
    "parity": "R",
    "proj_lat": 52.61430175017434,
    "proj_lon": 13.42816129793687,
    "marker-color": "#ff0000",
    "marker-symbol": "e"
  },
  {
    "rowid": 175927,
    "id": 47523,
    "source": "OA",
    "source_id": "1408249dcff70f93",
    "housenumber": 60.06,
    "lat": 52.6146723,
    "lon": 13.4286523,
    "parity": "R",
    "proj_lat": 52.61430106298954,
    "proj_lon": 13.428162711351055,
    "marker-color": "#ff0000",
    "marker-symbol": "e"
  },
  {
    "rowid": 175927,
    "id": 47523,
    "source": "OA",
    "source_id": "1408249dcff70f93",
    "housenumber": 60.06,
    "lat": 52.6146723,
    "lon": 13.4286523,
    "parity": "R",
    "proj_lat": 52.61430106298954,
    "proj_lon": 13.428162711351055,
    "marker-color": "#ff0000",
    "marker-symbol": "e"
  },
  {
    "rowid": 159336,
    "id": 47523,
    "source": "OA",
    "source_id": "702dddd07d6dc1c3",
    "housenumber": 61,
    "lat": 52.6140935,
    "lon": 13.4282144,
    "parity": "L",
    "proj_lat": 52.61420511750221,
    "proj_lon": 13.428360746331418,
    "marker-color": "#3366ff",
    "marker-symbol": "o"
  },
  {
    "rowid": 159336,
    "id": 47523,
    "source": "OA",
    "source_id": "702dddd07d6dc1c3",
    "housenumber": 61,
    "lat": 52.6140935,
    "lon": 13.4282144,
    "parity": "L",
    "proj_lat": 52.61420511750221,
    "proj_lon": 13.428360746331418,
    "marker-color": "#3366ff",
    "marker-symbol": "o"
  },
  {
    "rowid": 174219,
    "id": 47523,
    "source": "OA",
    "source_id": "e609f077fbf7de34",
    "housenumber": 62,
    "lat": 52.614482,
    "lon": 13.4283787,
    "parity": "R",
    "proj_lat": 52.61430776685305,
    "proj_lon": 13.428148922722706,
    "marker-color": "#ff0000",
    "marker-symbol": "e"
  },
  {
    "rowid": 174219,
    "id": 47523,
    "source": "OA",
    "source_id": "e609f077fbf7de34",
    "housenumber": 62,
    "lat": 52.614482,
    "lon": 13.4283787,
    "parity": "R",
    "proj_lat": 52.61430776685305,
    "proj_lon": 13.428148922722706,
    "marker-color": "#ff0000",
    "marker-symbol": "e"
  },
  {
    "rowid": 159759,
    "id": 47523,
    "source": "OA",
    "source_id": "e8a4e655c29faf22",
    "housenumber": 63,
    "lat": 52.6139821,
    "lon": 13.4280104,
    "parity": "L",
    "proj_lat": 52.61422226002923,
    "proj_lon": 13.428325282161753,
    "marker-color": "#3366ff",
    "marker-symbol": "o"
  },
  {
    "rowid": 159759,
    "id": 47523,
    "source": "OA",
    "source_id": "e8a4e655c29faf22",
    "housenumber": 63,
    "lat": 52.6139821,
    "lon": 13.4280104,
    "parity": "L",
    "proj_lat": 52.61422226002923,
    "proj_lon": 13.428325282161753,
    "marker-color": "#3366ff",
    "marker-symbol": "o"
  },
  {
    "rowid": 175119,
    "id": 47523,
    "source": "OA",
    "source_id": "169b48bb5a92cbea",
    "housenumber": 64.03,
    "lat": 52.6145078,
    "lon": 13.428134,
    "parity": "R",
    "proj_lat": 52.614390337115054,
    "proj_lon": 13.427979090706527,
    "marker-color": "#ff0000",
    "marker-symbol": "e"
  },
  {
    "rowid": 175119,
    "id": 47523,
    "source": "OA",
    "source_id": "169b48bb5a92cbea",
    "housenumber": 64.03,
    "lat": 52.6145078,
    "lon": 13.428134,
    "parity": "R",
    "proj_lat": 52.614390337115054,
    "proj_lon": 13.427979090706527,
    "marker-color": "#ff0000",
    "marker-symbol": "e"
  },
  {
    "rowid": 175120,
    "id": 47523,
    "source": "OA",
    "source_id": "ecac59e1311bf9c0",
    "housenumber": 64.06,
    "lat": 52.6145782,
    "lon": 13.4282176,
    "parity": "R",
    "proj_lat": 52.61439307553727,
    "proj_lon": 13.427973458269928,
    "marker-color": "#ff0000",
    "marker-symbol": "e"
  },
  {
    "rowid": 175120,
    "id": 47523,
    "source": "OA",
    "source_id": "ecac59e1311bf9c0",
    "housenumber": 64.06,
    "lat": 52.6145782,
    "lon": 13.4282176,
    "parity": "R",
    "proj_lat": 52.61439307553727,
    "proj_lon": 13.427973458269928,
    "marker-color": "#ff0000",
    "marker-symbol": "e"
  },
  {
    "rowid": 159337,
    "id": 47523,
    "source": "OA",
    "source_id": "3f0f15c168c1a732",
    "housenumber": 65,
    "lat": 52.6139495,
    "lon": 13.4279543,
    "parity": "L",
    "proj_lat": 52.61422621206234,
    "proj_lon": 13.428317106262567,
    "marker-color": "#3366ff",
    "marker-symbol": "o"
  },
  {
    "rowid": 159337,
    "id": 47523,
    "source": "OA",
    "source_id": "3f0f15c168c1a732",
    "housenumber": 65,
    "lat": 52.6139495,
    "lon": 13.4279543,
    "parity": "L",
    "proj_lat": 52.61422621206234,
    "proj_lon": 13.428317106262567,
    "marker-color": "#3366ff",
    "marker-symbol": "o"
  },
  {
    "rowid": 175121,
    "id": 47523,
    "source": "OA",
    "source_id": "63b055a772f97383",
    "housenumber": 66,
    "lat": 52.6146842,
    "lon": 13.4283622,
    "parity": "R",
    "proj_lat": 52.61439165192527,
    "proj_lon": 13.427976386380983,
    "marker-color": "#ff0000",
    "marker-symbol": "e"
  },
  {
    "rowid": 175121,
    "id": 47523,
    "source": "OA",
    "source_id": "63b055a772f97383",
    "housenumber": 66,
    "lat": 52.6146842,
    "lon": 13.4283622,
    "parity": "R",
    "proj_lat": 52.61439165192527,
    "proj_lon": 13.427976386380983,
    "marker-color": "#ff0000",
    "marker-symbol": "e"
  },
  {
    "rowid": 174220,
    "id": 47523,
    "source": "OA",
    "source_id": "75004af5f5af7f40",
    "housenumber": 67,
    "lat": 52.6138106,
    "lon": 13.4276335,
    "parity": "L",
    "proj_lat": 52.61426622813793,
    "proj_lon": 13.428234360307211,
    "marker-color": "#3366ff",
    "marker-symbol": "o"
  },
  {
    "rowid": 174220,
    "id": 47523,
    "source": "OA",
    "source_id": "75004af5f5af7f40",
    "housenumber": 67,
    "lat": 52.6138106,
    "lon": 13.4276335,
    "parity": "L",
    "proj_lat": 52.61426622813793,
    "proj_lon": 13.428234360307211,
    "marker-color": "#3366ff",
    "marker-symbol": "o"
  },
  {
    "rowid": 164350,
    "id": 47523,
    "source": "OA",
    "source_id": "06f3b16150e88b21",
    "housenumber": 68,
    "lat": 52.6148561,
    "lon": 13.4282641,
    "parity": "R",
    "proj_lat": 52.61448719653108,
    "proj_lon": 13.427779480676358,
    "marker-color": "#ff0000",
    "marker-symbol": "e"
  },
  {
    "rowid": 164350,
    "id": 47523,
    "source": "OA",
    "source_id": "06f3b16150e88b21",
    "housenumber": 68,
    "lat": 52.6148561,
    "lon": 13.4282641,
    "parity": "R",
    "proj_lat": 52.61448719653108,
    "proj_lon": 13.427779480676358,
    "marker-color": "#ff0000",
    "marker-symbol": "e"
  },
  {
    "rowid": 175928,
    "id": 47523,
    "source": "OA",
    "source_id": "9280cc0a330ef13a",
    "housenumber": 70,
    "lat": 52.6147029,
    "lon": 13.4280341,
    "parity": "R",
    "proj_lat": 52.61449570406996,
    "proj_lon": 13.427761913758237,
    "marker-color": "#ff0000",
    "marker-symbol": "e"
  },
  {
    "rowid": 175928,
    "id": 47523,
    "source": "OA",
    "source_id": "9280cc0a330ef13a",
    "housenumber": 70,
    "lat": 52.6147029,
    "lon": 13.4280341,
    "parity": "R",
    "proj_lat": 52.61449570406996,
    "proj_lon": 13.427761913758237,
    "marker-color": "#ff0000",
    "marker-symbol": "e"
  },
  {
    "rowid": 155346,
    "id": 47523,
    "source": "OA",
    "source_id": "2c69d4acc7152ce7",
    "housenumber": 71,
    "lat": 52.6142338,
    "lon": 13.4280286,
    "parity": "L",
    "proj_lat": 52.6143145143848,
    "proj_lon": 13.428135044276713,
    "marker-color": "#3366ff",
    "marker-symbol": "o"
  },
  {
    "rowid": 155346,
    "id": 47523,
    "source": "OA",
    "source_id": "2c69d4acc7152ce7",
    "housenumber": 71,
    "lat": 52.6142338,
    "lon": 13.4280286,
    "parity": "L",
    "proj_lat": 52.6143145143848,
    "proj_lon": 13.428135044276713,
    "marker-color": "#3366ff",
    "marker-symbol": "o"
  },
  {
    "rowid": 166162,
    "id": 47523,
    "source": "OA",
    "source_id": "70dc6c65e064dd13",
    "housenumber": 72,
    "lat": 52.6147683,
    "lon": 13.4278585,
    "parity": "R",
    "proj_lat": 52.61457310887498,
    "proj_lon": 13.427602083295982,
    "marker-color": "#ff0000",
    "marker-symbol": "e"
  },
  {
    "rowid": 166162,
    "id": 47523,
    "source": "OA",
    "source_id": "70dc6c65e064dd13",
    "housenumber": 72,
    "lat": 52.6147683,
    "lon": 13.4278585,
    "parity": "R",
    "proj_lat": 52.61457310887498,
    "proj_lon": 13.427602083295982,
    "marker-color": "#ff0000",
    "marker-symbol": "e"
  },
  {
    "rowid": 175929,
    "id": 47523,
    "source": "OA",
    "source_id": "ba5820b72a652199",
    "housenumber": 74,
    "lat": 52.6149352,
    "lon": 13.4280712,
    "parity": "R",
    "proj_lat": 52.61457504909832,
    "proj_lon": 13.427598076996981,
    "marker-color": "#ff0000",
    "marker-symbol": "e"
  },
  {
    "rowid": 175929,
    "id": 47523,
    "source": "OA",
    "source_id": "ba5820b72a652199",
    "housenumber": 74,
    "lat": 52.6149352,
    "lon": 13.4280712,
    "parity": "R",
    "proj_lat": 52.61457504909832,
    "proj_lon": 13.427598076996981,
    "marker-color": "#ff0000",
    "marker-symbol": "e"
  },
  {
    "rowid": 169443,
    "id": 47523,
    "source": "OA",
    "source_id": "b8678ffc6b40304d",
    "housenumber": 76,
    "lat": 52.6150168,
    "lon": 13.4278425,
    "parity": "R",
    "proj_lat": 52.61467446999679,
    "proj_lon": 13.427392786276899,
    "marker-color": "#ff0000",
    "marker-symbol": "e"
  },
  {
    "rowid": 169443,
    "id": 47523,
    "source": "OA",
    "source_id": "b8678ffc6b40304d",
    "housenumber": 76,
    "lat": 52.6150168,
    "lon": 13.4278425,
    "parity": "R",
    "proj_lat": 52.61467446999679,
    "proj_lon": 13.427392786276899,
    "marker-color": "#ff0000",
    "marker-symbol": "e"
  },
  {
    "rowid": 159338,
    "id": 47523,
    "source": "OA",
    "source_id": "400a07c29239d432",
    "housenumber": 77,
    "lat": 52.6143978,
    "lon": 13.427595,
    "parity": "L",
    "proj_lat": 52.61450704110237,
    "proj_lon": 13.427738504318343,
    "marker-color": "#3366ff",
    "marker-symbol": "o"
  },
  {
    "rowid": 159338,
    "id": 47523,
    "source": "OA",
    "source_id": "400a07c29239d432",
    "housenumber": 77,
    "lat": 52.6143978,
    "lon": 13.427595,
    "parity": "L",
    "proj_lat": 52.61450704110237,
    "proj_lon": 13.427738504318343,
    "marker-color": "#3366ff",
    "marker-symbol": "o"
  },
  {
    "rowid": 167715,
    "id": 47523,
    "source": "OA",
    "source_id": "c3cc2093f5c72b35",
    "housenumber": 78.03,
    "lat": 52.6148839,
    "lon": 13.4276619,
    "parity": "R",
    "proj_lat": 52.614676248758116,
    "proj_lon": 13.427389113375128,
    "marker-color": "#ff0000",
    "marker-symbol": "e"
  },
  {
    "rowid": 167715,
    "id": 47523,
    "source": "OA",
    "source_id": "c3cc2093f5c72b35",
    "housenumber": 78.03,
    "lat": 52.6148839,
    "lon": 13.4276619,
    "parity": "R",
    "proj_lat": 52.614676248758116,
    "proj_lon": 13.427389113375128,
    "marker-color": "#ff0000",
    "marker-symbol": "e"
  },
  {
    "rowid": 167716,
    "id": 47523,
    "source": "OA",
    "source_id": "d2ff0fca5f3f830c",
    "housenumber": 78.06,
    "lat": 52.6148256,
    "lon": 13.4275921,
    "parity": "R",
    "proj_lat": 52.6146742396402,
    "proj_lon": 13.427393261932119,
    "marker-color": "#ff0000",
    "marker-symbol": "e"
  },
  {
    "rowid": 167716,
    "id": 47523,
    "source": "OA",
    "source_id": "d2ff0fca5f3f830c",
    "housenumber": 78.06,
    "lat": 52.6148256,
    "lon": 13.4275921,
    "parity": "R",
    "proj_lat": 52.6146742396402,
    "proj_lon": 13.427393261932119,
    "marker-color": "#ff0000",
    "marker-symbol": "e"
  },
  {
    "rowid": 175930,
    "id": 47523,
    "source": "OA",
    "source_id": "88c9fbc9462b7e15",
    "housenumber": 80,
    "lat": 52.6149666,
    "lon": 13.4274866,
    "parity": "R",
    "proj_lat": 52.61476029155627,
    "proj_lon": 13.42721557635408,
    "marker-color": "#ff0000",
    "marker-symbol": "e"
  },
  {
    "rowid": 175930,
    "id": 47523,
    "source": "OA",
    "source_id": "88c9fbc9462b7e15",
    "housenumber": 80,
    "lat": 52.6149666,
    "lon": 13.4274866,
    "parity": "R",
    "proj_lat": 52.61476029155627,
    "proj_lon": 13.42721557635408,
    "marker-color": "#ff0000",
    "marker-symbol": "e"
  },
  {
    "rowid": 159339,
    "id": 47523,
    "source": "OA",
    "source_id": "4d7fb7e86ca62127",
    "housenumber": 81,
    "lat": 52.6145278,
    "lon": 13.4273299,
    "parity": "L",
    "proj_lat": 52.61463605449158,
    "proj_lon": 13.427472109103876,
    "marker-color": "#3366ff",
    "marker-symbol": "o"
  },
  {
    "rowid": 159339,
    "id": 47523,
    "source": "OA",
    "source_id": "4d7fb7e86ca62127",
    "housenumber": 81,
    "lat": 52.6145278,
    "lon": 13.4273299,
    "parity": "L",
    "proj_lat": 52.61463605449158,
    "proj_lon": 13.427472109103876,
    "marker-color": "#3366ff",
    "marker-symbol": "o"
  },
  {
    "rowid": 175122,
    "id": 47523,
    "source": "OA",
    "source_id": "705c4ca5e53993fb",
    "housenumber": 82,
    "lat": 52.6150615,
    "lon": 13.427594,
    "parity": "R",
    "proj_lat": 52.61476540324778,
    "proj_lon": 13.427205021401884,
    "marker-color": "#ff0000",
    "marker-symbol": "e"
  },
  {
    "rowid": 175122,
    "id": 47523,
    "source": "OA",
    "source_id": "705c4ca5e53993fb",
    "housenumber": 82,
    "lat": 52.6150615,
    "lon": 13.427594,
    "parity": "R",
    "proj_lat": 52.61476540324778,
    "proj_lon": 13.427205021401884,
    "marker-color": "#ff0000",
    "marker-symbol": "e"
  },
  {
    "rowid": 159340,
    "id": 47523,
    "source": "OA",
    "source_id": "26ebe70c455fb517",
    "housenumber": 84,
    "lat": 52.6151743,
    "lon": 13.4274362,
    "parity": "R",
    "proj_lat": 52.61485782970115,
    "proj_lon": 13.42701538740965,
    "marker-color": "#ff0000",
    "marker-symbol": "e"
  },
  {
    "rowid": 159340,
    "id": 47523,
    "source": "OA",
    "source_id": "26ebe70c455fb517",
    "housenumber": 84,
    "lat": 52.6151743,
    "lon": 13.4274362,
    "parity": "R",
    "proj_lat": 52.61485782970115,
    "proj_lon": 13.42701538740965,
    "marker-color": "#ff0000",
    "marker-symbol": "e"
  },
  {
    "rowid": 164351,
    "id": 47523,
    "source": "OA",
    "source_id": "273a1d2d0b5cd3a1",
    "housenumber": 85,
    "lat": 52.6146439,
    "lon": 13.4270806,
    "parity": "L",
    "proj_lat": 52.6147549866235,
    "proj_lon": 13.427226530323368,
    "marker-color": "#3366ff",
    "marker-symbol": "o"
  },
  {
    "rowid": 164351,
    "id": 47523,
    "source": "OA",
    "source_id": "273a1d2d0b5cd3a1",
    "housenumber": 85,
    "lat": 52.6146439,
    "lon": 13.4270806,
    "parity": "L",
    "proj_lat": 52.6147549866235,
    "proj_lon": 13.427226530323368,
    "marker-color": "#3366ff",
    "marker-symbol": "o"
  },
  {
    "rowid": 175931,
    "id": 47523,
    "source": "OA",
    "source_id": "b62a6897f0bbfed6",
    "housenumber": 86,
    "lat": 52.6150117,
    "lon": 13.4272041,
    "parity": "R",
    "proj_lat": 52.61486254472964,
    "proj_lon": 13.427005768751533,
    "marker-color": "#ff0000",
    "marker-symbol": "e"
  },
  {
    "rowid": 175931,
    "id": 47523,
    "source": "OA",
    "source_id": "b62a6897f0bbfed6",
    "housenumber": 86,
    "lat": 52.6150117,
    "lon": 13.4272041,
    "parity": "R",
    "proj_lat": 52.61486254472964,
    "proj_lon": 13.427005768751533,
    "marker-color": "#ff0000",
    "marker-symbol": "e"
  },
  {
    "rowid": 175123,
    "id": 47523,
    "source": "OA",
    "source_id": "ba907e31a30584ef",
    "housenumber": 88.03,
    "lat": 52.6151477,
    "lon": 13.4270853,
    "parity": "R",
    "proj_lat": 52.61495146678759,
    "proj_lon": 13.426824367753317,
    "marker-color": "#ff0000",
    "marker-symbol": "e"
  },
  {
    "rowid": 175123,
    "id": 47523,
    "source": "OA",
    "source_id": "ba907e31a30584ef",
    "housenumber": 88.03,
    "lat": 52.6151477,
    "lon": 13.4270853,
    "parity": "R",
    "proj_lat": 52.61495146678759,
    "proj_lon": 13.426824367753317,
    "marker-color": "#ff0000",
    "marker-symbol": "e"
  },
  {
    "rowid": 175124,
    "id": 47523,
    "source": "OA",
    "source_id": "086a07e4ddf03fd2",
    "housenumber": 88.06,
    "lat": 52.615078,
    "lon": 13.4269722,
    "parity": "R",
    "proj_lat": 52.61495752638798,
    "proj_lon": 13.426812006168518,
    "marker-color": "#ff0000",
    "marker-symbol": "e"
  },
  {
    "rowid": 175124,
    "id": 47523,
    "source": "OA",
    "source_id": "086a07e4ddf03fd2",
    "housenumber": 88.06,
    "lat": 52.615078,
    "lon": 13.4269722,
    "parity": "R",
    "proj_lat": 52.61495752638798,
    "proj_lon": 13.426812006168518,
    "marker-color": "#ff0000",
    "marker-symbol": "e"
  },
  {
    "rowid": 148050,
    "id": 47523,
    "source": "OA",
    "source_id": "de94a0906ce44c70",
    "housenumber": 89,
    "lat": 52.6147716,
    "lon": 13.4268661,
    "parity": "L",
    "proj_lat": 52.61486810643688,
    "proj_lon": 13.426994422868773,
    "marker-color": "#3366ff",
    "marker-symbol": "o"
  },
  {
    "rowid": 148050,
    "id": 47523,
    "source": "OA",
    "source_id": "de94a0906ce44c70",
    "housenumber": 89,
    "lat": 52.6147716,
    "lon": 13.4268661,
    "parity": "L",
    "proj_lat": 52.61486810643688,
    "proj_lon": 13.426994422868773,
    "marker-color": "#3366ff",
    "marker-symbol": "o"
  },
  {
    "rowid": 175125,
    "id": 47523,
    "source": "OA",
    "source_id": "a255b91e1dcc2215",
    "housenumber": 90,
    "lat": 52.6152684,
    "lon": 13.4271726,
    "parity": "R",
    "proj_lat": 52.61497318902713,
    "proj_lon": 13.426780054384652,
    "marker-color": "#ff0000",
    "marker-symbol": "e"
  },
  {
    "rowid": 175125,
    "id": 47523,
    "source": "OA",
    "source_id": "a255b91e1dcc2215",
    "housenumber": 90,
    "lat": 52.6152684,
    "lon": 13.4271726,
    "parity": "R",
    "proj_lat": 52.61497318902713,
    "proj_lon": 13.426780054384652,
    "marker-color": "#ff0000",
    "marker-symbol": "e"
  },
  {
    "rowid": 175932,
    "id": 47523,
    "source": "OA",
    "source_id": "63198ff7f2e53b35",
    "housenumber": 92.03,
    "lat": 52.615426,
    "lon": 13.4271309,
    "parity": "R",
    "proj_lat": 52.61504775511588,
    "proj_lon": 13.426627939563602,
    "marker-color": "#ff0000",
    "marker-symbol": "e"
  },
  {
    "rowid": 175932,
    "id": 47523,
    "source": "OA",
    "source_id": "63198ff7f2e53b35",
    "housenumber": 92.03,
    "lat": 52.615426,
    "lon": 13.4271309,
    "parity": "R",
    "proj_lat": 52.61504775511588,
    "proj_lon": 13.426627939563602,
    "marker-color": "#ff0000",
    "marker-symbol": "e"
  },
  {
    "rowid": 175933,
    "id": 47523,
    "source": "OA",
    "source_id": "82f36d692e6404ad",
    "housenumber": 92.06,
    "lat": 52.6153787,
    "lon": 13.4270628,
    "parity": "R",
    "proj_lat": 52.61504929922452,
    "proj_lon": 13.42662478958198,
    "marker-color": "#ff0000",
    "marker-symbol": "e"
  },
  {
    "rowid": 175933,
    "id": 47523,
    "source": "OA",
    "source_id": "82f36d692e6404ad",
    "housenumber": 92.06,
    "lat": 52.6153787,
    "lon": 13.4270628,
    "parity": "R",
    "proj_lat": 52.61504929922452,
    "proj_lon": 13.42662478958198,
    "marker-color": "#ff0000",
    "marker-symbol": "e"
  },
  {
    "rowid": 164352,
    "id": 47523,
    "source": "OA",
    "source_id": "de682f12f4fcd2a1",
    "housenumber": 93,
    "lat": 52.6148945,
    "lon": 13.4266068,
    "parity": "L",
    "proj_lat": 52.614993553638854,
    "proj_lon": 13.426738510576742,
    "marker-color": "#3366ff",
    "marker-symbol": "o"
  },
  {
    "rowid": 164352,
    "id": 47523,
    "source": "OA",
    "source_id": "de682f12f4fcd2a1",
    "housenumber": 93,
    "lat": 52.6148945,
    "lon": 13.4266068,
    "parity": "L",
    "proj_lat": 52.614993553638854,
    "proj_lon": 13.426738510576742,
    "marker-color": "#3366ff",
    "marker-symbol": "o"
  },
  {
    "rowid": 175126,
    "id": 47523,
    "source": "OA",
    "source_id": "6bf4084c6eefafc9",
    "housenumber": 94.03,
    "lat": 52.6152418,
    "lon": 13.4268836,
    "parity": "R",
    "proj_lat": 52.6150484563894,
    "proj_lon": 13.426626508965624,
    "marker-color": "#ff0000",
    "marker-symbol": "e"
  },
  {
    "rowid": 175126,
    "id": 47523,
    "source": "OA",
    "source_id": "6bf4084c6eefafc9",
    "housenumber": 94.03,
    "lat": 52.6152418,
    "lon": 13.4268836,
    "parity": "R",
    "proj_lat": 52.6150484563894,
    "proj_lon": 13.426626508965624,
    "marker-color": "#ff0000",
    "marker-symbol": "e"
  },
  {
    "rowid": 175127,
    "id": 47523,
    "source": "OA",
    "source_id": "f6ce844ae5503c44",
    "housenumber": 94.06,
    "lat": 52.6151747,
    "lon": 13.4267752,
    "parity": "R",
    "proj_lat": 52.61505414706583,
    "proj_lon": 13.426614899985708,
    "marker-color": "#ff0000",
    "marker-symbol": "e"
  },
  {
    "rowid": 175127,
    "id": 47523,
    "source": "OA",
    "source_id": "f6ce844ae5503c44",
    "housenumber": 94.06,
    "lat": 52.6151747,
    "lon": 13.4267752,
    "parity": "R",
    "proj_lat": 52.61505414706583,
    "proj_lon": 13.426614899985708,
    "marker-color": "#ff0000",
    "marker-symbol": "e"
  },
  {
    "rowid": 155347,
    "id": 47523,
    "source": "OA",
    "source_id": "736d12587231e8fb",
    "housenumber": 95,
    "lat": 52.6149855,
    "lon": 13.4264868,
    "parity": "L",
    "proj_lat": 52.615065073968346,
    "proj_lon": 13.426592609104574,
    "marker-color": "#3366ff",
    "marker-symbol": "o"
  },
  {
    "rowid": 155347,
    "id": 47523,
    "source": "OA",
    "source_id": "736d12587231e8fb",
    "housenumber": 95,
    "lat": 52.6149855,
    "lon": 13.4264868,
    "parity": "L",
    "proj_lat": 52.615065073968346,
    "proj_lon": 13.426592609104574,
    "marker-color": "#3366ff",
    "marker-symbol": "o"
  },
  {
    "rowid": 161530,
    "id": 47523,
    "source": "OA",
    "source_id": "c2c76bfa65c9d550",
    "housenumber": 96,
    "lat": 52.6153381,
    "lon": 13.4266998,
    "parity": "R",
    "proj_lat": 52.61514100210636,
    "proj_lon": 13.426437715703015,
    "marker-color": "#ff0000",
    "marker-symbol": "e"
  },
  {
    "rowid": 161530,
    "id": 47523,
    "source": "OA",
    "source_id": "c2c76bfa65c9d550",
    "housenumber": 96,
    "lat": 52.6153381,
    "lon": 13.4266998,
    "parity": "R",
    "proj_lat": 52.61514100210636,
    "proj_lon": 13.426437715703015,
    "marker-color": "#ff0000",
    "marker-symbol": "e"
  },
  {
    "rowid": 159341,
    "id": 47523,
    "source": "OA",
    "source_id": "985744a58a5169e8",
    "housenumber": 97,
    "lat": 52.615045,
    "lon": 13.4262997,
    "parity": "L",
    "proj_lat": 52.61514407711113,
    "proj_lon": 13.426431442693296,
    "marker-color": "#3366ff",
    "marker-symbol": "o"
  },
  {
    "rowid": 159341,
    "id": 47523,
    "source": "OA",
    "source_id": "985744a58a5169e8",
    "housenumber": 97,
    "lat": 52.615045,
    "lon": 13.4262997,
    "parity": "L",
    "proj_lat": 52.61514407711113,
    "proj_lon": 13.426431442693296,
    "marker-color": "#3366ff",
    "marker-symbol": "o"
  },
  {
    "rowid": 175128,
    "id": 47523,
    "source": "OA",
    "source_id": "6bec7ec2d8d3d455",
    "housenumber": 98.03,
    "lat": 52.6154397,
    "lon": 13.4268237,
    "parity": "R",
    "proj_lat": 52.615144326127,
    "proj_lon": 13.426430934700912,
    "marker-color": "#ff0000",
    "marker-symbol": "e"
  },
  {
    "rowid": 175128,
    "id": 47523,
    "source": "OA",
    "source_id": "6bec7ec2d8d3d455",
    "housenumber": 98.03,
    "lat": 52.6154397,
    "lon": 13.4268237,
    "parity": "R",
    "proj_lat": 52.615144326127,
    "proj_lon": 13.426430934700912,
    "marker-color": "#ff0000",
    "marker-symbol": "e"
  },
  {
    "rowid": 175129,
    "id": 47523,
    "source": "OA",
    "source_id": "b2799612dfc2411b",
    "housenumber": 98.06,
    "lat": 52.6155265,
    "lon": 13.4269557,
    "parity": "R",
    "proj_lat": 52.61513940642172,
    "proj_lon": 13.426440970899698,
    "marker-color": "#ff0000",
    "marker-symbol": "e"
  },
  {
    "rowid": 175129,
    "id": 47523,
    "source": "OA",
    "source_id": "b2799612dfc2411b",
    "housenumber": 98.06,
    "lat": 52.6155265,
    "lon": 13.4269557,
    "parity": "R",
    "proj_lat": 52.61513940642172,
    "proj_lon": 13.426440970899698,
    "marker-color": "#ff0000",
    "marker-symbol": "e"
  },
  {
    "rowid": 87489,
    "id": 47523,
    "source": "OA",
    "source_id": "d3cde0cfe12b3b13",
    "housenumber": 100,
    "lat": 52.6155914,
    "lon": 13.4267463,
    "parity": "R",
    "proj_lat": 52.6152271585451,
    "proj_lon": 13.426261956567986,
    "marker-color": "#ff0000",
    "marker-symbol": "e"
  },
  {
    "rowid": 87489,
    "id": 47523,
    "source": "OA",
    "source_id": "d3cde0cfe12b3b13",
    "housenumber": 100,
    "lat": 52.6155914,
    "lon": 13.4267463,
    "parity": "R",
    "proj_lat": 52.6152271585451,
    "proj_lon": 13.426261956567986,
    "marker-color": "#ff0000",
    "marker-symbol": "e"
  },
  {
    "rowid": 159342,
    "id": 47523,
    "source": "OA",
    "source_id": "55bab02c6d905282",
    "housenumber": 102,
    "lat": 52.6153823,
    "lon": 13.4264485,
    "parity": "R",
    "proj_lat": 52.61523301989955,
    "proj_lon": 13.426249999404918,
    "marker-color": "#ff0000",
    "marker-symbol": "e"
  },
  {
    "rowid": 159342,
    "id": 47523,
    "source": "OA",
    "source_id": "55bab02c6d905282",
    "housenumber": 102,
    "lat": 52.6153823,
    "lon": 13.4264485,
    "parity": "R",
    "proj_lat": 52.61523301989955,
    "proj_lon": 13.426249999404918,
    "marker-color": "#ff0000",
    "marker-symbol": "e"
  },
  {
    "rowid": 175934,
    "id": 47523,
    "source": "OA",
    "source_id": "f96263d8a8ebd6ac",
    "housenumber": 103,
    "lat": 52.6151339,
    "lon": 13.4261183,
    "parity": "L",
    "proj_lat": 52.615232990009886,
    "proj_lon": 13.42625006037984,
    "marker-color": "#3366ff",
    "marker-symbol": "o"
  },
  {
    "rowid": 175934,
    "id": 47523,
    "source": "OA",
    "source_id": "f96263d8a8ebd6ac",
    "housenumber": 103,
    "lat": 52.6151339,
    "lon": 13.4261183,
    "parity": "L",
    "proj_lat": 52.615232990009886,
    "proj_lon": 13.42625006037984,
    "marker-color": "#3366ff",
    "marker-symbol": "o"
  },
  {
    "rowid": 159343,
    "id": 47523,
    "source": "OA",
    "source_id": "61b82f84e3b10380",
    "housenumber": 104,
    "lat": 52.6154653,
    "lon": 13.4262786,
    "parity": "R",
    "proj_lat": 52.61531619224382,
    "proj_lon": 13.426080327822618,
    "marker-color": "#ff0000",
    "marker-symbol": "e"
  },
  {
    "rowid": 159343,
    "id": 47523,
    "source": "OA",
    "source_id": "61b82f84e3b10380",
    "housenumber": 104,
    "lat": 52.6154653,
    "lon": 13.4262786,
    "parity": "R",
    "proj_lat": 52.61531619224382,
    "proj_lon": 13.426080327822618,
    "marker-color": "#ff0000",
    "marker-symbol": "e"
  },
  {
    "rowid": 159344,
    "id": 47523,
    "source": "OA",
    "source_id": "09e53c611bf71246",
    "housenumber": 106,
    "lat": 52.6156904,
    "lon": 13.4265453,
    "parity": "R",
    "proj_lat": 52.6153258743065,
    "proj_lon": 13.426060576414734,
    "marker-color": "#ff0000",
    "marker-symbol": "e"
  },
  {
    "rowid": 159344,
    "id": 47523,
    "source": "OA",
    "source_id": "09e53c611bf71246",
    "housenumber": 106,
    "lat": 52.6156904,
    "lon": 13.4265453,
    "parity": "R",
    "proj_lat": 52.6153258743065,
    "proj_lon": 13.426060576414734,
    "marker-color": "#ff0000",
    "marker-symbol": "e"
  },
  {
    "rowid": 164353,
    "id": 47523,
    "source": "OA",
    "source_id": "714340d2fde86ed9",
    "housenumber": 107,
    "lat": 52.6152689,
    "lon": 13.4258439,
    "parity": "L",
    "proj_lat": 52.61536769300749,
    "proj_lon": 13.42597526626471,
    "marker-color": "#3366ff",
    "marker-symbol": "o"
  },
  {
    "rowid": 164353,
    "id": 47523,
    "source": "OA",
    "source_id": "714340d2fde86ed9",
    "housenumber": 107,
    "lat": 52.6152689,
    "lon": 13.4258439,
    "parity": "L",
    "proj_lat": 52.61536769300749,
    "proj_lon": 13.42597526626471,
    "marker-color": "#3366ff",
    "marker-symbol": "o"
  },
  {
    "rowid": 87490,
    "id": 47523,
    "source": "OA",
    "source_id": "4c6f63016c82ab5e",
    "housenumber": 108,
    "lat": 52.6157546,
    "lon": 13.426333,
    "parity": "R",
    "proj_lat": 52.615414210703115,
    "proj_lon": 13.425880370165642,
    "marker-color": "#ff0000",
    "marker-symbol": "e"
  },
  {
    "rowid": 87490,
    "id": 47523,
    "source": "OA",
    "source_id": "4c6f63016c82ab5e",
    "housenumber": 108,
    "lat": 52.6157546,
    "lon": 13.426333,
    "parity": "R",
    "proj_lat": 52.615414210703115,
    "proj_lon": 13.425880370165642,
    "marker-color": "#ff0000",
    "marker-symbol": "e"
  },
  {
    "rowid": 159345,
    "id": 47523,
    "source": "OA",
    "source_id": "f1dff76e438c921c",
    "housenumber": 110.03,
    "lat": 52.6155607,
    "lon": 13.4260626,
    "parity": "R",
    "proj_lat": 52.61541793840945,
    "proj_lon": 13.42587276564472,
    "marker-color": "#ff0000",
    "marker-symbol": "e"
  },
  {
    "rowid": 159345,
    "id": 47523,
    "source": "OA",
    "source_id": "f1dff76e438c921c",
    "housenumber": 110.03,
    "lat": 52.6155607,
    "lon": 13.4260626,
    "parity": "R",
    "proj_lat": 52.61541793840945,
    "proj_lon": 13.42587276564472,
    "marker-color": "#ff0000",
    "marker-symbol": "e"
  },
  {
    "rowid": 159346,
    "id": 47523,
    "source": "OA",
    "source_id": "325728e9f74574de",
    "housenumber": 110.06,
    "lat": 52.6156099,
    "lon": 13.4261316,
    "parity": "R",
    "proj_lat": 52.61541687698546,
    "proj_lon": 13.425874930949647,
    "marker-color": "#ff0000",
    "marker-symbol": "e"
  },
  {
    "rowid": 159346,
    "id": 47523,
    "source": "OA",
    "source_id": "325728e9f74574de",
    "housenumber": 110.06,
    "lat": 52.6156099,
    "lon": 13.4261316,
    "parity": "R",
    "proj_lat": 52.61541687698546,
    "proj_lon": 13.425874930949647,
    "marker-color": "#ff0000",
    "marker-symbol": "e"
  },
  {
    "rowid": 159347,
    "id": 47523,
    "source": "OA",
    "source_id": "cb629c6eecb89c18",
    "housenumber": 111,
    "lat": 52.6153718,
    "lon": 13.4256502,
    "parity": "L",
    "proj_lat": 52.615465780552725,
    "proj_lon": 13.425775167672438,
    "marker-color": "#3366ff",
    "marker-symbol": "o"
  },
  {
    "rowid": 159347,
    "id": 47523,
    "source": "OA",
    "source_id": "cb629c6eecb89c18",
    "housenumber": 111,
    "lat": 52.6153718,
    "lon": 13.4256502,
    "parity": "L",
    "proj_lat": 52.615465780552725,
    "proj_lon": 13.425775167672438,
    "marker-color": "#3366ff",
    "marker-symbol": "o"
  },
  {
    "rowid": 159348,
    "id": 47523,
    "source": "OA",
    "source_id": "27198c18c7059102",
    "housenumber": 112,
    "lat": 52.6156987,
    "lon": 13.4259641,
    "parity": "R",
    "proj_lat": 52.61550162594124,
    "proj_lon": 13.425702043079868,
    "marker-color": "#ff0000",
    "marker-symbol": "e"
  },
  {
    "rowid": 159348,
    "id": 47523,
    "source": "OA",
    "source_id": "27198c18c7059102",
    "housenumber": 112,
    "lat": 52.6156987,
    "lon": 13.4259641,
    "parity": "R",
    "proj_lat": 52.61550162594124,
    "proj_lon": 13.425702043079868,
    "marker-color": "#ff0000",
    "marker-symbol": "e"
  },
  {
    "rowid": 87491,
    "id": 47523,
    "source": "OA",
    "source_id": "6239bf84a7d1991e",
    "housenumber": 114,
    "lat": 52.6158708,
    "lon": 13.4261418,
    "parity": "R",
    "proj_lat": 52.615700143158286,
    "proj_lon": 13.425513526093892,
    "marker-color": "#ff0000",
    "marker-symbol": "e"
  },
  {
    "rowid": 87491,
    "id": 47523,
    "source": "OA",
    "source_id": "6239bf84a7d1991e",
    "housenumber": 114,
    "lat": 52.6158708,
    "lon": 13.4261418,
    "parity": "R",
    "proj_lat": 52.615700143158286,
    "proj_lon": 13.425513526093892,
    "marker-color": "#ff0000",
    "marker-symbol": "e"
  },
  {
    "rowid": 87492,
    "id": 47523,
    "source": "OA",
    "source_id": "66a7cf4c95d108cb",
    "housenumber": 116,
    "lat": 52.6159767,
    "lon": 13.4259672,
    "parity": "R",
    "proj_lat": 52.615728,
    "proj_lon": 13.425493,
    "marker-color": "#ff0000",
    "marker-symbol": "e"
  },
  {
    "rowid": 87492,
    "id": 47523,
    "source": "OA",
    "source_id": "66a7cf4c95d108cb",
    "housenumber": 116,
    "lat": 52.6159767,
    "lon": 13.4259672,
    "parity": "R",
    "proj_lat": 52.615728,
    "proj_lon": 13.425493,
    "marker-color": "#ff0000",
    "marker-symbol": "e"
  },
  {
    "rowid": 87493,
    "id": 47523,
    "source": "OA",
    "source_id": "0fe78d776c4c4c9b",
    "housenumber": 118,
    "lat": 52.6157892,
    "lon": 13.425719,
    "parity": "R",
    "proj_lat": 52.615727843204816,
    "proj_lon": 13.425493115533293,
    "marker-color": "#ff0000",
    "marker-symbol": "e"
  },
  {
    "rowid": 87493,
    "id": 47523,
    "source": "OA",
    "source_id": "0fe78d776c4c4c9b",
    "housenumber": 118,
    "lat": 52.6157892,
    "lon": 13.425719,
    "parity": "R",
    "proj_lat": 52.615727843204816,
    "proj_lon": 13.425493115533293,
    "marker-color": "#ff0000",
    "marker-symbol": "e"
  },
  {
    "rowid": 175130,
    "id": 47523,
    "source": "OA",
    "source_id": "8b9f25c031affb0b",
    "housenumber": 120.03,
    "lat": 52.6158254,
    "lon": 13.4254494,
    "parity": "R",
    "proj_lat": 52.6157788255824,
    "proj_lon": 13.425388154084297,
    "marker-color": "#ff0000",
    "marker-symbol": "e"
  },
  {
    "rowid": 175130,
    "id": 47523,
    "source": "OA",
    "source_id": "8b9f25c031affb0b",
    "housenumber": 120.03,
    "lat": 52.6158254,
    "lon": 13.4254494,
    "parity": "R",
    "proj_lat": 52.6157788255824,
    "proj_lon": 13.425388154084297,
    "marker-color": "#ff0000",
    "marker-symbol": "e"
  },
  {
    "rowid": 175131,
    "id": 47523,
    "source": "OA",
    "source_id": "186c4437fbc10e77",
    "housenumber": 120.06,
    "lat": 52.6158959,
    "lon": 13.4255532,
    "parity": "R",
    "proj_lat": 52.61577554210768,
    "proj_lon": 13.42539492742359,
    "marker-color": "#ff0000",
    "marker-symbol": "e"
  },
  {
    "rowid": 175131,
    "id": 47523,
    "source": "OA",
    "source_id": "186c4437fbc10e77",
    "housenumber": 120.06,
    "lat": 52.6158959,
    "lon": 13.4255532,
    "parity": "R",
    "proj_lat": 52.61577554210768,
    "proj_lon": 13.42539492742359,
    "marker-color": "#ff0000",
    "marker-symbol": "e"
  },
  {
    "rowid": 87494,
    "id": 47523,
    "source": "OA",
    "source_id": "3c928cd4de2700c0",
    "housenumber": 121,
    "lat": 52.6155772,
    "lon": 13.4252169,
    "parity": "L",
    "proj_lat": 52.615584,
    "proj_lon": 13.425534,
    "marker-color": "#3366ff",
    "marker-symbol": "o"
  },
  {
    "rowid": 87494,
    "id": 47523,
    "source": "OA",
    "source_id": "3c928cd4de2700c0",
    "housenumber": 121,
    "lat": 52.6155772,
    "lon": 13.4252169,
    "parity": "L",
    "proj_lat": 52.615584,
    "proj_lon": 13.425534,
    "marker-color": "#3366ff",
    "marker-symbol": "o"
  },
  {
    "rowid": 87495,
    "id": 47523,
    "source": "OA",
    "source_id": "df06f3729b4ec5f8",
    "housenumber": 122,
    "lat": 52.6160692,
    "lon": 13.4257674,
    "parity": "R",
    "proj_lat": 52.61577959652847,
    "proj_lon": 13.425386563732697,
    "marker-color": "#ff0000",
    "marker-symbol": "e"
  },
  {
    "rowid": 87495,
    "id": 47523,
    "source": "OA",
    "source_id": "df06f3729b4ec5f8",
    "housenumber": 122,
    "lat": 52.6160692,
    "lon": 13.4257674,
    "parity": "R",
    "proj_lat": 52.61577959652847,
    "proj_lon": 13.425386563732697,
    "marker-color": "#ff0000",
    "marker-symbol": "e"
  },
  {
    "rowid": 175132,
    "id": 47523,
    "source": "OA",
    "source_id": "9a168f0aa7ff4505",
    "housenumber": 124,
    "lat": 52.6160991,
    "lon": 13.4254809,
    "parity": "R",
    "proj_lat": 52.615876053281,
    "proj_lon": 13.425187587231767,
    "marker-color": "#ff0000",
    "marker-symbol": "e"
  },
  {
    "rowid": 175132,
    "id": 47523,
    "source": "OA",
    "source_id": "9a168f0aa7ff4505",
    "housenumber": 124,
    "lat": 52.6160991,
    "lon": 13.4254809,
    "parity": "R",
    "proj_lat": 52.615876053281,
    "proj_lon": 13.425187587231767,
    "marker-color": "#ff0000",
    "marker-symbol": "e"
  },
  {
    "rowid": 87496,
    "id": 47523,
    "source": "OA",
    "source_id": "150159ce6df79d22",
    "housenumber": 125,
    "lat": 52.615665,
    "lon": 13.4250375,
    "parity": "L",
    "proj_lat": 52.61583832278249,
    "proj_lon": 13.42526541986012,
    "marker-color": "#3366ff",
    "marker-symbol": "o"
  },
  {
    "rowid": 87496,
    "id": 47523,
    "source": "OA",
    "source_id": "150159ce6df79d22",
    "housenumber": 125,
    "lat": 52.615665,
    "lon": 13.4250375,
    "parity": "L",
    "proj_lat": 52.61583832278249,
    "proj_lon": 13.42526541986012,
    "marker-color": "#3366ff",
    "marker-symbol": "o"
  },
  {
    "rowid": 87497,
    "id": 47523,
    "source": "OA",
    "source_id": "bde39b814a258577",
    "housenumber": 126,
    "lat": 52.6160025,
    "lon": 13.4253465,
    "parity": "R",
    "proj_lat": 52.615878234389896,
    "proj_lon": 13.425183087915691,
    "marker-color": "#ff0000",
    "marker-symbol": "e"
  },
  {
    "rowid": 87497,
    "id": 47523,
    "source": "OA",
    "source_id": "bde39b814a258577",
    "housenumber": 126,
    "lat": 52.6160025,
    "lon": 13.4253465,
    "parity": "R",
    "proj_lat": 52.615878234389896,
    "proj_lon": 13.425183087915691,
    "marker-color": "#ff0000",
    "marker-symbol": "e"
  },
  {
    "rowid": 175935,
    "id": 47523,
    "source": "OA",
    "source_id": "f0466a3851a57ecb",
    "housenumber": 128,
    "lat": 52.6160699,
    "lon": 13.4251248,
    "parity": "R",
    "proj_lat": 52.61597010649643,
    "proj_lon": 13.424993568884515,
    "marker-color": "#ff0000",
    "marker-symbol": "e"
  },
  {
    "rowid": 175935,
    "id": 47523,
    "source": "OA",
    "source_id": "f0466a3851a57ecb",
    "housenumber": 128,
    "lat": 52.6160699,
    "lon": 13.4251248,
    "parity": "R",
    "proj_lat": 52.61597010649643,
    "proj_lon": 13.424993568884515,
    "marker-color": "#ff0000",
    "marker-symbol": "e"
  },
  {
    "rowid": 174221,
    "id": 47523,
    "source": "OA",
    "source_id": "eff9443eac1e9d28",
    "housenumber": 130,
    "lat": 52.616258,
    "lon": 13.4253977,
    "parity": "R",
    "proj_lat": 52.61596254550486,
    "proj_lon": 13.425009166129986,
    "marker-color": "#ff0000",
    "marker-symbol": "e"
  },
  {
    "rowid": 174221,
    "id": 47523,
    "source": "OA",
    "source_id": "eff9443eac1e9d28",
    "housenumber": 130,
    "lat": 52.616258,
    "lon": 13.4253977,
    "parity": "R",
    "proj_lat": 52.61596254550486,
    "proj_lon": 13.425009166129986,
    "marker-color": "#ff0000",
    "marker-symbol": "e"
  },
  {
    "rowid": 174222,
    "id": 47523,
    "source": "OA",
    "source_id": "4ccb78f848ba115f",
    "housenumber": 132,
    "lat": 52.6163709,
    "lon": 13.425163,
    "parity": "R",
    "proj_lat": 52.61607597998825,
    "proj_lon": 13.424775166995659,
    "marker-color": "#ff0000",
    "marker-symbol": "e"
  },
  {
    "rowid": 174222,
    "id": 47523,
    "source": "OA",
    "source_id": "4ccb78f848ba115f",
    "housenumber": 132,
    "lat": 52.6163709,
    "lon": 13.425163,
    "parity": "R",
    "proj_lat": 52.61607597998825,
    "proj_lon": 13.424775166995659,
    "marker-color": "#ff0000",
    "marker-symbol": "e"
  },
  {
    "rowid": 174223,
    "id": 47523,
    "source": "OA",
    "source_id": "16c56040e135500d",
    "housenumber": 134,
    "lat": 52.6162079,
    "lon": 13.4249517,
    "parity": "R",
    "proj_lat": 52.6160750759981,
    "proj_lon": 13.424777031798213,
    "marker-color": "#ff0000",
    "marker-symbol": "e"
  },
  {
    "rowid": 174223,
    "id": 47523,
    "source": "OA",
    "source_id": "16c56040e135500d",
    "housenumber": 134,
    "lat": 52.6162079,
    "lon": 13.4249517,
    "parity": "R",
    "proj_lat": 52.6160750759981,
    "proj_lon": 13.424777031798213,
    "marker-color": "#ff0000",
    "marker-symbol": "e"
  },
  {
    "rowid": 175133,
    "id": 47523,
    "source": "OA",
    "source_id": "c84fd775bc4a6112",
    "housenumber": 136,
    "lat": 52.616208,
    "lon": 13.4246699,
    "parity": "R",
    "proj_lat": 52.61614819084013,
    "proj_lon": 13.42459048136351,
    "marker-color": "#ff0000",
    "marker-symbol": "e"
  },
  {
    "rowid": 175133,
    "id": 47523,
    "source": "OA",
    "source_id": "c84fd775bc4a6112",
    "housenumber": 136,
    "lat": 52.616208,
    "lon": 13.4246699,
    "parity": "R",
    "proj_lat": 52.61614819084013,
    "proj_lon": 13.42459048136351,
    "marker-color": "#ff0000",
    "marker-symbol": "e"
  },
  {
    "rowid": 175134,
    "id": 47523,
    "source": "OA",
    "source_id": "323835441b820888",
    "housenumber": 138,
    "lat": 52.616443,
    "lon": 13.4247713,
    "parity": "R",
    "proj_lat": 52.616210684266335,
    "proj_lon": 13.424462812187839,
    "marker-color": "#ff0000",
    "marker-symbol": "e"
  },
  {
    "rowid": 175134,
    "id": 47523,
    "source": "OA",
    "source_id": "323835441b820888",
    "housenumber": 138,
    "lat": 52.616443,
    "lon": 13.4247713,
    "parity": "R",
    "proj_lat": 52.616210684266335,
    "proj_lon": 13.424462812187839,
    "marker-color": "#ff0000",
    "marker-symbol": "e"
  },
  {
    "rowid": 175135,
    "id": 47523,
    "source": "OA",
    "source_id": "283e6d7f93e93121",
    "housenumber": 140,
    "lat": 52.6165458,
    "lon": 13.4245667,
    "parity": "R",
    "proj_lat": 52.61631187904347,
    "proj_lon": 13.424256079183031,
    "marker-color": "#ff0000",
    "marker-symbol": "e"
  },
  {
    "rowid": 175135,
    "id": 47523,
    "source": "OA",
    "source_id": "283e6d7f93e93121",
    "housenumber": 140,
    "lat": 52.6165458,
    "lon": 13.4245667,
    "parity": "R",
    "proj_lat": 52.61631187904347,
    "proj_lon": 13.424256079183031,
    "marker-color": "#ff0000",
    "marker-symbol": "e"
  },
  {
    "rowid": 175136,
    "id": 47523,
    "source": "OA",
    "source_id": "e3d2915e946c3f35",
    "housenumber": 142,
    "lat": 52.6163636,
    "lon": 13.4243528,
    "parity": "R",
    "proj_lat": 52.616303560019475,
    "proj_lon": 13.424273074297568,
    "marker-color": "#ff0000",
    "marker-symbol": "e"
  },
  {
    "rowid": 175136,
    "id": 47523,
    "source": "OA",
    "source_id": "e3d2915e946c3f35",
    "housenumber": 142,
    "lat": 52.6163636,
    "lon": 13.4243528,
    "parity": "R",
    "proj_lat": 52.616303560019475,
    "proj_lon": 13.424273074297568,
    "marker-color": "#ff0000",
    "marker-symbol": "e"
  },
  {
    "rowid": 174224,
    "id": 47523,
    "source": "OA",
    "source_id": "95acb7c58a91045a",
    "housenumber": 144,
    "lat": 52.6165638,
    "lon": 13.4242384,
    "parity": "R",
    "proj_lat": 52.616416364963165,
    "proj_lon": 13.424042622631735,
    "marker-color": "#ff0000",
    "marker-symbol": "e"
  },
  {
    "rowid": 174224,
    "id": 47523,
    "source": "OA",
    "source_id": "95acb7c58a91045a",
    "housenumber": 144,
    "lat": 52.6165638,
    "lon": 13.4242384,
    "parity": "R",
    "proj_lat": 52.616416364963165,
    "proj_lon": 13.424042622631735,
    "marker-color": "#ff0000",
    "marker-symbol": "e"
  },
  {
    "rowid": 175137,
    "id": 47523,
    "source": "OA",
    "source_id": "9caad364e84c60bd",
    "housenumber": 146,
    "lat": 52.6166584,
    "lon": 13.4243343,
    "parity": "R",
    "proj_lat": 52.61642518172661,
    "proj_lon": 13.424024610674476,
    "marker-color": "#ff0000",
    "marker-symbol": "e"
  },
  {
    "rowid": 175137,
    "id": 47523,
    "source": "OA",
    "source_id": "9caad364e84c60bd",
    "housenumber": 146,
    "lat": 52.6166584,
    "lon": 13.4243343,
    "parity": "R",
    "proj_lat": 52.61642518172661,
    "proj_lon": 13.424024610674476,
    "marker-color": "#ff0000",
    "marker-symbol": "e"
  },
  {
    "rowid": 172157,
    "id": 47523,
    "source": "OA",
    "source_id": "2ca05ee6bdf32f58",
    "housenumber": 148,
    "lat": 52.6168507,
    "lon": 13.4241547,
    "parity": "R",
    "proj_lat": 52.616554218008616,
    "proj_lon": 13.423760999655588,
    "marker-color": "#ff0000",
    "marker-symbol": "e"
  },
  {
    "rowid": 172157,
    "id": 47523,
    "source": "OA",
    "source_id": "2ca05ee6bdf32f58",
    "housenumber": 148,
    "lat": 52.6168507,
    "lon": 13.4241547,
    "parity": "R",
    "proj_lat": 52.616554218008616,
    "proj_lon": 13.423760999655588,
    "marker-color": "#ff0000",
    "marker-symbol": "e"
  },
  {
    "rowid": 175936,
    "id": 47523,
    "source": "OA",
    "source_id": "54dcfd3f2e4fffc2",
    "housenumber": 150,
    "lat": 52.6166901,
    "lon": 13.4239248,
    "parity": "R",
    "proj_lat": 52.616559153576404,
    "proj_lon": 13.423750916677127,
    "marker-color": "#ff0000",
    "marker-symbol": "e"
  },
  {
    "rowid": 175936,
    "id": 47523,
    "source": "OA",
    "source_id": "54dcfd3f2e4fffc2",
    "housenumber": 150,
    "lat": 52.6166901,
    "lon": 13.4239248,
    "parity": "R",
    "proj_lat": 52.616559153576404,
    "proj_lon": 13.423750916677127,
    "marker-color": "#ff0000",
    "marker-symbol": "e"
  },
  {
    "rowid": 174225,
    "id": 47523,
    "source": "OA",
    "source_id": "cfaf6b59ac6417da",
    "housenumber": 154,
    "lat": 52.6170007,
    "lon": 13.4238854,
    "parity": "R",
    "proj_lat": 52.61669320129298,
    "proj_lon": 13.423477067689872,
    "marker-color": "#ff0000",
    "marker-symbol": "e"
  },
  {
    "rowid": 174225,
    "id": 47523,
    "source": "OA",
    "source_id": "cfaf6b59ac6417da",
    "housenumber": 154,
    "lat": 52.6170007,
    "lon": 13.4238854,
    "parity": "R",
    "proj_lat": 52.61669320129298,
    "proj_lon": 13.423477067689872,
    "marker-color": "#ff0000",
    "marker-symbol": "e"
  },
  {
    "rowid": 175937,
    "id": 47523,
    "source": "OA",
    "source_id": "dcb363d1bad7351a",
    "housenumber": 156,
    "lat": 52.6168863,
    "lon": 13.423386,
    "parity": "R",
    "proj_lat": 52.6167962872076,
    "proj_lon": 13.423266471239291,
    "marker-color": "#ff0000",
    "marker-symbol": "e"
  },
  {
    "rowid": 175937,
    "id": 47523,
    "source": "OA",
    "source_id": "dcb363d1bad7351a",
    "housenumber": 156,
    "lat": 52.6168863,
    "lon": 13.423386,
    "parity": "R",
    "proj_lat": 52.6167962872076,
    "proj_lon": 13.423266471239291,
    "marker-color": "#ff0000",
    "marker-symbol": "e"
  },
  {
    "rowid": 174226,
    "id": 47523,
    "source": "OA",
    "source_id": "26d968b5a7456fc5",
    "housenumber": 160,
    "lat": 52.6170285,
    "lon": 13.4232926,
    "parity": "R",
    "proj_lat": 52.616880014319186,
    "proj_lon": 13.423095423307261,
    "marker-color": "#ff0000",
    "marker-symbol": "e"
  },
  {
    "rowid": 174226,
    "id": 47523,
    "source": "OA",
    "source_id": "26d968b5a7456fc5",
    "housenumber": 160,
    "lat": 52.6170285,
    "lon": 13.4232926,
    "parity": "R",
    "proj_lat": 52.616880014319186,
    "proj_lon": 13.423095423307261,
    "marker-color": "#ff0000",
    "marker-symbol": "e"
  },
  {
    "rowid": 174227,
    "id": 47523,
    "source": "OA",
    "source_id": "75dff028df5a4e04",
    "housenumber": 162,
    "lat": 52.617188,
    "lon": 13.4234995,
    "parity": "R",
    "proj_lat": 52.61688146967289,
    "proj_lon": 13.423092450133629,
    "marker-color": "#ff0000",
    "marker-symbol": "e"
  },
  {
    "rowid": 174227,
    "id": 47523,
    "source": "OA",
    "source_id": "75dff028df5a4e04",
    "housenumber": 162,
    "lat": 52.617188,
    "lon": 13.4234995,
    "parity": "R",
    "proj_lat": 52.61688146967289,
    "proj_lon": 13.423092450133629,
    "marker-color": "#ff0000",
    "marker-symbol": "e"
  },
  {
    "rowid": 174228,
    "id": 47523,
    "source": "OA",
    "source_id": "c11e156af18360e0",
    "housenumber": 164,
    "lat": 52.6172848,
    "lon": 13.4232494,
    "parity": "R",
    "proj_lat": 52.61699379896419,
    "proj_lon": 13.422862970188365,
    "marker-color": "#ff0000",
    "marker-symbol": "e"
  },
  {
    "rowid": 174228,
    "id": 47523,
    "source": "OA",
    "source_id": "c11e156af18360e0",
    "housenumber": 164,
    "lat": 52.6172848,
    "lon": 13.4232494,
    "parity": "R",
    "proj_lat": 52.61699379896419,
    "proj_lon": 13.422862970188365,
    "marker-color": "#ff0000",
    "marker-symbol": "e"
  },
  {
    "rowid": 174229,
    "id": 47523,
    "source": "OA",
    "source_id": "229147baef69f7e8",
    "housenumber": 164.03,
    "lat": 52.6173416,
    "lon": 13.4231337,
    "parity": "R",
    "proj_lat": 52.617050499004755,
    "proj_lon": 13.422747136445864,
    "marker-color": "#ff0000",
    "marker-symbol": "e"
  },
  {
    "rowid": 174229,
    "id": 47523,
    "source": "OA",
    "source_id": "229147baef69f7e8",
    "housenumber": 164.03,
    "lat": 52.6173416,
    "lon": 13.4231337,
    "parity": "R",
    "proj_lat": 52.617050499004755,
    "proj_lon": 13.422747136445864,
    "marker-color": "#ff0000",
    "marker-symbol": "e"
  },
  {
    "rowid": 174230,
    "id": 47523,
    "source": "OA",
    "source_id": "2a956a567be7d685",
    "housenumber": 166,
    "lat": 52.6170783,
    "lon": 13.4230186,
    "parity": "R",
    "proj_lat": 52.616980918153835,
    "proj_lon": 13.422889284675186,
    "marker-color": "#ff0000",
    "marker-symbol": "e"
  },
  {
    "rowid": 174230,
    "id": 47523,
    "source": "OA",
    "source_id": "2a956a567be7d685",
    "housenumber": 166,
    "lat": 52.6170783,
    "lon": 13.4230186,
    "parity": "R",
    "proj_lat": 52.616980918153835,
    "proj_lon": 13.422889284675186,
    "marker-color": "#ff0000",
    "marker-symbol": "e"
  },
  {
    "rowid": 173248,
    "id": 47523,
    "source": "OA",
    "source_id": "f4060785d090d6d1",
    "housenumber": 168,
    "lat": 52.6171253,
    "lon": 13.4228007,
    "parity": "R",
    "proj_lat": 52.617064076139826,
    "proj_lon": 13.42271939942217,
    "marker-color": "#ff0000",
    "marker-symbol": "e"
  },
  {
    "rowid": 173248,
    "id": 47523,
    "source": "OA",
    "source_id": "f4060785d090d6d1",
    "housenumber": 168,
    "lat": 52.6171253,
    "lon": 13.4228007,
    "parity": "R",
    "proj_lat": 52.617064076139826,
    "proj_lon": 13.42271939942217,
    "marker-color": "#ff0000",
    "marker-symbol": "e"
  },
  {
    "rowid": 173249,
    "id": 47523,
    "source": "OA",
    "source_id": "62f7f60bc15efbbe",
    "housenumber": 172,
    "lat": 52.6174072,
    "lon": 13.4228127,
    "parity": "R",
    "proj_lat": 52.61717157012827,
    "proj_lon": 13.42249979762199,
    "marker-color": "#ff0000",
    "marker-symbol": "e"
  },
  {
    "rowid": 173249,
    "id": 47523,
    "source": "OA",
    "source_id": "62f7f60bc15efbbe",
    "housenumber": 172,
    "lat": 52.6174072,
    "lon": 13.4228127,
    "parity": "R",
    "proj_lat": 52.61717157012827,
    "proj_lon": 13.42249979762199,
    "marker-color": "#ff0000",
    "marker-symbol": "e"
  },
  {
    "rowid": 174231,
    "id": 47523,
    "source": "OA",
    "source_id": "a25be0f121069d36",
    "housenumber": 176,
    "lat": 52.617386,
    "lon": 13.4225575,
    "parity": "R",
    "proj_lat": 52.61723892604097,
    "proj_lon": 13.4223621947672,
    "marker-color": "#ff0000",
    "marker-symbol": "e"
  },
  {
    "rowid": 174231,
    "id": 47523,
    "source": "OA",
    "source_id": "a25be0f121069d36",
    "housenumber": 176,
    "lat": 52.617386,
    "lon": 13.4225575,
    "parity": "R",
    "proj_lat": 52.61723892604097,
    "proj_lon": 13.4223621947672,
    "marker-color": "#ff0000",
    "marker-symbol": "e"
  },
  {
    "rowid": 175938,
    "id": 47523,
    "source": "OA",
    "source_id": "367579362d2d3656",
    "housenumber": 178,
    "lat": 52.6175685,
    "lon": 13.4227583,
    "parity": "R",
    "proj_lat": 52.61725125297123,
    "proj_lon": 13.422337011814049,
    "marker-color": "#ff0000",
    "marker-symbol": "e"
  },
  {
    "rowid": 175938,
    "id": 47523,
    "source": "OA",
    "source_id": "367579362d2d3656",
    "housenumber": 178,
    "lat": 52.6175685,
    "lon": 13.4227583,
    "parity": "R",
    "proj_lat": 52.61725125297123,
    "proj_lon": 13.422337011814049,
    "marker-color": "#ff0000",
    "marker-symbol": "e"
  },
  {
    "rowid": 175939,
    "id": 47523,
    "source": "OA",
    "source_id": "9e52bcaca3ebb992",
    "housenumber": 180,
    "lat": 52.6176738,
    "lon": 13.4225555,
    "parity": "R",
    "proj_lat": 52.61735289884113,
    "proj_lon": 13.422129357262047,
    "marker-color": "#ff0000",
    "marker-symbol": "e"
  },
  {
    "rowid": 175939,
    "id": 47523,
    "source": "OA",
    "source_id": "9e52bcaca3ebb992",
    "housenumber": 180,
    "lat": 52.6176738,
    "lon": 13.4225555,
    "parity": "R",
    "proj_lat": 52.61735289884113,
    "proj_lon": 13.422129357262047,
    "marker-color": "#ff0000",
    "marker-symbol": "e"
  },
  {
    "rowid": 169444,
    "id": 47523,
    "source": "OA",
    "source_id": "02f97f9bd94b4482",
    "housenumber": 181,
    "lat": 52.6171808,
    "lon": 13.421974,
    "parity": "L",
    "proj_lat": 52.61733118995963,
    "proj_lon": 13.422173706806866,
    "marker-color": "#3366ff",
    "marker-symbol": "o"
  },
  {
    "rowid": 169444,
    "id": 47523,
    "source": "OA",
    "source_id": "02f97f9bd94b4482",
    "housenumber": 181,
    "lat": 52.6171808,
    "lon": 13.421974,
    "parity": "L",
    "proj_lat": 52.61733118995963,
    "proj_lon": 13.422173706806866,
    "marker-color": "#3366ff",
    "marker-symbol": "o"
  },
  {
    "rowid": 175940,
    "id": 47523,
    "source": "OA",
    "source_id": "7f99df69547f8dc1",
    "housenumber": 182,
    "lat": 52.617513,
    "lon": 13.4222907,
    "parity": "R",
    "proj_lat": 52.617368106511485,
    "proj_lon": 13.42209828918248,
    "marker-color": "#ff0000",
    "marker-symbol": "e"
  },
  {
    "rowid": 175940,
    "id": 47523,
    "source": "OA",
    "source_id": "7f99df69547f8dc1",
    "housenumber": 182,
    "lat": 52.617513,
    "lon": 13.4222907,
    "parity": "R",
    "proj_lat": 52.617368106511485,
    "proj_lon": 13.42209828918248,
    "marker-color": "#ff0000",
    "marker-symbol": "e"
  },
  {
    "rowid": 174232,
    "id": 47523,
    "source": "OA",
    "source_id": "ce83319d8b64224d",
    "housenumber": 186,
    "lat": 52.6177463,
    "lon": 13.4223671,
    "parity": "R",
    "proj_lat": 52.617437351079076,
    "proj_lon": 13.421956827953661,
    "marker-color": "#ff0000",
    "marker-symbol": "e"
  },
  {
    "rowid": 174232,
    "id": 47523,
    "source": "OA",
    "source_id": "ce83319d8b64224d",
    "housenumber": 186,
    "lat": 52.6177463,
    "lon": 13.4223671,
    "parity": "R",
    "proj_lat": 52.617437351079076,
    "proj_lon": 13.421956827953661,
    "marker-color": "#ff0000",
    "marker-symbol": "e"
  },
  {
    "rowid": 174233,
    "id": 47523,
    "source": "OA",
    "source_id": "ba293e46e5ff417e",
    "housenumber": 188,
    "lat": 52.6178409,
    "lon": 13.4221687,
    "parity": "R",
    "proj_lat": 52.61753356349376,
    "proj_lon": 13.421760341863427,
    "marker-color": "#ff0000",
    "marker-symbol": "e"
  },
  {
    "rowid": 174233,
    "id": 47523,
    "source": "OA",
    "source_id": "ba293e46e5ff417e",
    "housenumber": 188,
    "lat": 52.6178409,
    "lon": 13.4221687,
    "parity": "R",
    "proj_lat": 52.61753356349376,
    "proj_lon": 13.421760341863427,
    "marker-color": "#ff0000",
    "marker-symbol": "e"
  },
  {
    "rowid": 174234,
    "id": 47523,
    "source": "OA",
    "source_id": "7b41141b6806ba8c",
    "housenumber": 190,
    "lat": 52.6176988,
    "lon": 13.4219294,
    "parity": "R",
    "proj_lat": 52.617548543607214,
    "proj_lon": 13.421729755567947,
    "marker-color": "#ff0000",
    "marker-symbol": "e"
  },
  {
    "rowid": 174234,
    "id": 47523,
    "source": "OA",
    "source_id": "7b41141b6806ba8c",
    "housenumber": 190,
    "lat": 52.6176988,
    "lon": 13.4219294,
    "parity": "R",
    "proj_lat": 52.617548543607214,
    "proj_lon": 13.421729755567947,
    "marker-color": "#ff0000",
    "marker-symbol": "e"
  },
  {
    "rowid": 175138,
    "id": 47523,
    "source": "OA",
    "source_id": "4bbefcd60b2f0559",
    "housenumber": 192,
    "lat": 52.6177057,
    "lon": 13.421618,
    "parity": "R",
    "proj_lat": 52.61764365395233,
    "proj_lon": 13.421535559901287,
    "marker-color": "#ff0000",
    "marker-symbol": "e"
  },
  {
    "rowid": 175138,
    "id": 47523,
    "source": "OA",
    "source_id": "4bbefcd60b2f0559",
    "housenumber": 192,
    "lat": 52.6177057,
    "lon": 13.421618,
    "parity": "R",
    "proj_lat": 52.61764365395233,
    "proj_lon": 13.421535559901287,
    "marker-color": "#ff0000",
    "marker-symbol": "e"
  },
  {
    "rowid": 176773,
    "id": 47523,
    "source": "OA",
    "source_id": "464eab8793071fbe",
    "housenumber": 194,
    "lat": 52.6179052,
    "lon": 13.4217978,
    "parity": "R",
    "proj_lat": 52.61766895504087,
    "proj_lon": 13.42148390030789,
    "marker-color": "#ff0000",
    "marker-symbol": "e"
  },
  {
    "rowid": 176773,
    "id": 47523,
    "source": "OA",
    "source_id": "464eab8793071fbe",
    "housenumber": 194,
    "lat": 52.6179052,
    "lon": 13.4217978,
    "parity": "R",
    "proj_lat": 52.61766895504087,
    "proj_lon": 13.42148390030789,
    "marker-color": "#ff0000",
    "marker-symbol": "e"
  },
  {
    "rowid": 174235,
    "id": 47523,
    "source": "OA",
    "source_id": "97ffc5b364654135",
    "housenumber": 198,
    "lat": 52.6179568,
    "lon": 13.4214057,
    "parity": "R",
    "proj_lat": 52.617805629700996,
    "proj_lon": 13.421204838900778,
    "marker-color": "#ff0000",
    "marker-symbol": "e"
  },
  {
    "rowid": 174235,
    "id": 47523,
    "source": "OA",
    "source_id": "97ffc5b364654135",
    "housenumber": 198,
    "lat": 52.6179568,
    "lon": 13.4214057,
    "parity": "R",
    "proj_lat": 52.617805629700996,
    "proj_lon": 13.421204838900778,
    "marker-color": "#ff0000",
    "marker-symbol": "e"
  },
  {
    "rowid": 175941,
    "id": 47523,
    "source": "OA",
    "source_id": "276383252cb2b6fb",
    "housenumber": 200,
    "lat": 52.6180711,
    "lon": 13.4211931,
    "parity": "R",
    "proj_lat": 52.61791376566614,
    "proj_lon": 13.420984047610238,
    "marker-color": "#ff0000",
    "marker-symbol": "e"
  },
  {
    "rowid": 175941,
    "id": 47523,
    "source": "OA",
    "source_id": "276383252cb2b6fb",
    "housenumber": 200,
    "lat": 52.6180711,
    "lon": 13.4211931,
    "parity": "R",
    "proj_lat": 52.61791376566614,
    "proj_lon": 13.420984047610238,
    "marker-color": "#ff0000",
    "marker-symbol": "e"
  },
  {
    "rowid": 175942,
    "id": 47523,
    "source": "OA",
    "source_id": "ddc86b2535b48de6",
    "housenumber": 202,
    "lat": 52.6182411,
    "lon": 13.4213762,
    "parity": "R",
    "proj_lat": 52.61792645950735,
    "proj_lon": 13.420958129410131,
    "marker-color": "#ff0000",
    "marker-symbol": "e"
  },
  {
    "rowid": 175942,
    "id": 47523,
    "source": "OA",
    "source_id": "ddc86b2535b48de6",
    "housenumber": 202,
    "lat": 52.6182411,
    "lon": 13.4213762,
    "parity": "R",
    "proj_lat": 52.61792645950735,
    "proj_lon": 13.420958129410131,
    "marker-color": "#ff0000",
    "marker-symbol": "e"
  },
  {
    "rowid": 174236,
    "id": 47523,
    "source": "OA",
    "source_id": "346259806f792b31",
    "housenumber": 204,
    "lat": 52.6183442,
    "lon": 13.4211566,
    "parity": "R",
    "proj_lat": 52.61803225733058,
    "proj_lon": 13.42074211212212,
    "marker-color": "#ff0000",
    "marker-symbol": "e"
  },
  {
    "rowid": 174236,
    "id": 47523,
    "source": "OA",
    "source_id": "346259806f792b31",
    "housenumber": 204,
    "lat": 52.6183442,
    "lon": 13.4211566,
    "parity": "R",
    "proj_lat": 52.61803225733058,
    "proj_lon": 13.42074211212212,
    "marker-color": "#ff0000",
    "marker-symbol": "e"
  },
  {
    "rowid": 174237,
    "id": 47523,
    "source": "OA",
    "source_id": "b2fa4bc41b498d42",
    "housenumber": 206,
    "lat": 52.6181918,
    "lon": 13.4209151,
    "parity": "R",
    "proj_lat": 52.61804382824124,
    "proj_lon": 13.420718486714113,
    "marker-color": "#ff0000",
    "marker-symbol": "e"
  },
  {
    "rowid": 174237,
    "id": 47523,
    "source": "OA",
    "source_id": "b2fa4bc41b498d42",
    "housenumber": 206,
    "lat": 52.6181918,
    "lon": 13.4209151,
    "parity": "R",
    "proj_lat": 52.61804382824124,
    "proj_lon": 13.420718486714113,
    "marker-color": "#ff0000",
    "marker-symbol": "e"
  },
  {
    "rowid": 175943,
    "id": 47523,
    "source": "OA",
    "source_id": "4af760b2680b81ec",
    "housenumber": 208,
    "lat": 52.6183208,
    "lon": 13.4206432,
    "parity": "R",
    "proj_lat": 52.61817535301908,
    "proj_lon": 13.420449940302221,
    "marker-color": "#ff0000",
    "marker-symbol": "e"
  },
  {
    "rowid": 175943,
    "id": 47523,
    "source": "OA",
    "source_id": "4af760b2680b81ec",
    "housenumber": 208,
    "lat": 52.6183208,
    "lon": 13.4206432,
    "parity": "R",
    "proj_lat": 52.61817535301908,
    "proj_lon": 13.420449940302221,
    "marker-color": "#ff0000",
    "marker-symbol": "e"
  },
  {
    "rowid": 174238,
    "id": 47523,
    "source": "OA",
    "source_id": "00bddd82562033c4",
    "housenumber": 210,
    "lat": 52.6184232,
    "lon": 13.4208017,
    "parity": "R",
    "proj_lat": 52.61816869633235,
    "proj_lon": 13.420463531880683,
    "marker-color": "#ff0000",
    "marker-symbol": "e"
  },
  {
    "rowid": 174238,
    "id": 47523,
    "source": "OA",
    "source_id": "00bddd82562033c4",
    "housenumber": 210,
    "lat": 52.6184232,
    "lon": 13.4208017,
    "parity": "R",
    "proj_lat": 52.61816869633235,
    "proj_lon": 13.420463531880683,
    "marker-color": "#ff0000",
    "marker-symbol": "e"
  },
  {
    "rowid": 175139,
    "id": 47523,
    "source": "OA",
    "source_id": "176f69d0f0247c4a",
    "housenumber": 212,
    "lat": 52.6185185,
    "lon": 13.4205507,
    "parity": "R",
    "proj_lat": 52.618280735091126,
    "proj_lon": 13.420234771892204,
    "marker-color": "#ff0000",
    "marker-symbol": "e"
  },
  {
    "rowid": 175139,
    "id": 47523,
    "source": "OA",
    "source_id": "176f69d0f0247c4a",
    "housenumber": 212,
    "lat": 52.6185185,
    "lon": 13.4205507,
    "parity": "R",
    "proj_lat": 52.618280735091126,
    "proj_lon": 13.420234771892204,
    "marker-color": "#ff0000",
    "marker-symbol": "e"
  },
  {
    "rowid": 175944,
    "id": 47523,
    "source": "OA",
    "source_id": "ae254a34fbfe15c9",
    "housenumber": 214,
    "lat": 52.6184982,
    "lon": 13.4202795,
    "parity": "R",
    "proj_lat": 52.61835319432386,
    "proj_lon": 13.420086825115337,
    "marker-color": "#ff0000",
    "marker-symbol": "e"
  },
  {
    "rowid": 175944,
    "id": 47523,
    "source": "OA",
    "source_id": "ae254a34fbfe15c9",
    "housenumber": 214,
    "lat": 52.6184982,
    "lon": 13.4202795,
    "parity": "R",
    "proj_lat": 52.61835319432386,
    "proj_lon": 13.420086825115337,
    "marker-color": "#ff0000",
    "marker-symbol": "e"
  },
  {
    "rowid": 175945,
    "id": 47523,
    "source": "OA",
    "source_id": "6ed0fe693d7bcea7",
    "housenumber": 218,
    "lat": 52.6186339,
    "lon": 13.4204056,
    "parity": "R",
    "proj_lat": 52.61836927849451,
    "proj_lon": 13.420053984563253,
    "marker-color": "#ff0000",
    "marker-symbol": "e"
  },
  {
    "rowid": 175945,
    "id": 47523,
    "source": "OA",
    "source_id": "6ed0fe693d7bcea7",
    "housenumber": 218,
    "lat": 52.6186339,
    "lon": 13.4204056,
    "parity": "R",
    "proj_lat": 52.61836927849451,
    "proj_lon": 13.420053984563253,
    "marker-color": "#ff0000",
    "marker-symbol": "e"
  },
  {
    "rowid": 175946,
    "id": 47523,
    "source": "OA",
    "source_id": "5f3f66860083e867",
    "housenumber": 222,
    "lat": 52.6186226,
    "lon": 13.4200542,
    "parity": "R",
    "proj_lat": 52.618469079966154,
    "proj_lon": 13.419850210585821,
    "marker-color": "#ff0000",
    "marker-symbol": "e"
  },
  {
    "rowid": 175946,
    "id": 47523,
    "source": "OA",
    "source_id": "5f3f66860083e867",
    "housenumber": 222,
    "lat": 52.6186226,
    "lon": 13.4200542,
    "parity": "R",
    "proj_lat": 52.618469079966154,
    "proj_lon": 13.419850210585821,
    "marker-color": "#ff0000",
    "marker-symbol": "e"
  },
  {
    "rowid": 175947,
    "id": 47523,
    "source": "OA",
    "source_id": "464bcd2094223d98",
    "housenumber": 224,
    "lat": 52.6186516,
    "lon": 13.4198187,
    "parity": "R",
    "proj_lat": 52.61855038259764,
    "proj_lon": 13.419684207416521,
    "marker-color": "#ff0000",
    "marker-symbol": "e"
  },
  {
    "rowid": 175947,
    "id": 47523,
    "source": "OA",
    "source_id": "464bcd2094223d98",
    "housenumber": 224,
    "lat": 52.6186516,
    "lon": 13.4198187,
    "parity": "R",
    "proj_lat": 52.61855038259764,
    "proj_lon": 13.419684207416521,
    "marker-color": "#ff0000",
    "marker-symbol": "e"
  },
  {
    "rowid": 175140,
    "id": 47523,
    "source": "OA",
    "source_id": "1d92451cefc61f86",
    "housenumber": 226,
    "lat": 52.6187871,
    "lon": 13.420003,
    "parity": "R",
    "proj_lat": 52.6185491209401,
    "proj_lon": 13.419686783460438,
    "marker-color": "#ff0000",
    "marker-symbol": "e"
  },
  {
    "rowid": 175140,
    "id": 47523,
    "source": "OA",
    "source_id": "1d92451cefc61f86",
    "housenumber": 226,
    "lat": 52.6187871,
    "lon": 13.420003,
    "parity": "R",
    "proj_lat": 52.6185491209401,
    "proj_lon": 13.419686783460438,
    "marker-color": "#ff0000",
    "marker-symbol": "e"
  },
  {
    "rowid": 175948,
    "id": 47523,
    "source": "OA",
    "source_id": "03d0507eef520fc7",
    "housenumber": 230,
    "lat": 52.6188163,
    "lon": 13.4196478,
    "parity": "R",
    "proj_lat": 52.618666015767744,
    "proj_lon": 13.419448108383039,
    "marker-color": "#ff0000",
    "marker-symbol": "e"
  },
  {
    "rowid": 175948,
    "id": 47523,
    "source": "OA",
    "source_id": "03d0507eef520fc7",
    "housenumber": 230,
    "lat": 52.6188163,
    "lon": 13.4196478,
    "parity": "R",
    "proj_lat": 52.618666015767744,
    "proj_lon": 13.419448108383039,
    "marker-color": "#ff0000",
    "marker-symbol": "e"
  },
  {
    "rowid": 174239,
    "id": 47523,
    "source": "OA",
    "source_id": "ec6624ed8a5748c9",
    "housenumber": 232,
    "lat": 52.6189146,
    "lon": 13.4194677,
    "parity": "R",
    "proj_lat": 52.61875820183039,
    "proj_lon": 13.41925988349676,
    "marker-color": "#ff0000",
    "marker-symbol": "e"
  },
  {
    "rowid": 174239,
    "id": 47523,
    "source": "OA",
    "source_id": "ec6624ed8a5748c9",
    "housenumber": 232,
    "lat": 52.6189146,
    "lon": 13.4194677,
    "parity": "R",
    "proj_lat": 52.61875820183039,
    "proj_lon": 13.41925988349676,
    "marker-color": "#ff0000",
    "marker-symbol": "e"
  },
  {
    "rowid": 175141,
    "id": 47523,
    "source": "OA",
    "source_id": "c2a12dd52d6dbf7c",
    "housenumber": 234,
    "lat": 52.6190061,
    "lon": 13.4195608,
    "parity": "R",
    "proj_lat": 52.618766652470434,
    "proj_lon": 13.419242629036427,
    "marker-color": "#ff0000",
    "marker-symbol": "e"
  },
  {
    "rowid": 175141,
    "id": 47523,
    "source": "OA",
    "source_id": "c2a12dd52d6dbf7c",
    "housenumber": 234,
    "lat": 52.6190061,
    "lon": 13.4195608,
    "parity": "R",
    "proj_lat": 52.618766652470434,
    "proj_lon": 13.419242629036427,
    "marker-color": "#ff0000",
    "marker-symbol": "e"
  },
  {
    "rowid": 175142,
    "id": 47523,
    "source": "OA",
    "source_id": "6fd3075cf31eba9a",
    "housenumber": 236,
    "lat": 52.6191383,
    "lon": 13.4193129,
    "parity": "R",
    "proj_lat": 52.618917902538605,
    "proj_lon": 13.419026418191235,
    "marker-color": "#ff0000",
    "marker-symbol": "e"
  },
  {
    "rowid": 175142,
    "id": 47523,
    "source": "OA",
    "source_id": "6fd3075cf31eba9a",
    "housenumber": 236,
    "lat": 52.6191383,
    "lon": 13.4193129,
    "parity": "R",
    "proj_lat": 52.618917902538605,
    "proj_lon": 13.419026418191235,
    "marker-color": "#ff0000",
    "marker-symbol": "e"
  },
  {
    "rowid": 175143,
    "id": 47523,
    "source": "OA",
    "source_id": "268c663aba0ef59b",
    "housenumber": 238,
    "lat": 52.6189504,
    "lon": 13.4190813,
    "parity": "R",
    "proj_lat": 52.6189141705274,
    "proj_lon": 13.419034207825364,
    "marker-color": "#ff0000",
    "marker-symbol": "e"
  },
  {
    "rowid": 175143,
    "id": 47523,
    "source": "OA",
    "source_id": "268c663aba0ef59b",
    "housenumber": 238,
    "lat": 52.6189504,
    "lon": 13.4190813,
    "parity": "R",
    "proj_lat": 52.6189141705274,
    "proj_lon": 13.419034207825364,
    "marker-color": "#ff0000",
    "marker-symbol": "e"
  },
  {
    "rowid": 174240,
    "id": 47523,
    "source": "OA",
    "source_id": "2994fbbc209d09dc",
    "housenumber": 240,
    "lat": 52.6191155,
    "lon": 13.4189945,
    "parity": "R",
    "proj_lat": 52.61900315668192,
    "proj_lon": 13.418848471623647,
    "marker-color": "#ff0000",
    "marker-symbol": "e"
  },
  {
    "rowid": 174240,
    "id": 47523,
    "source": "OA",
    "source_id": "2994fbbc209d09dc",
    "housenumber": 240,
    "lat": 52.6191155,
    "lon": 13.4189945,
    "parity": "R",
    "proj_lat": 52.61900315668192,
    "proj_lon": 13.418848471623647,
    "marker-color": "#ff0000",
    "marker-symbol": "e"
  },
  {
    "rowid": 175949,
    "id": 47523,
    "source": "OA",
    "source_id": "76b36edf9569c835",
    "housenumber": 242,
    "lat": 52.6192938,
    "lon": 13.4192153,
    "parity": "R",
    "proj_lat": 52.61900639384998,
    "proj_lon": 13.418841714850046,
    "marker-color": "#ff0000",
    "marker-symbol": "e"
  },
  {
    "rowid": 175949,
    "id": 47523,
    "source": "OA",
    "source_id": "76b36edf9569c835",
    "housenumber": 242,
    "lat": 52.6192938,
    "lon": 13.4192153,
    "parity": "R",
    "proj_lat": 52.61900639384998,
    "proj_lon": 13.418841714850046,
    "marker-color": "#ff0000",
    "marker-symbol": "e"
  }
]
