[
  {
    "rowid": 260215,
    "id": 38711,
    "source": "OA",
    "source_id": "b23015d2cf37d2d3",
    "housenumber": 4,
    "lat": 52.5621169,
    "lon": 13.5002803,
    "parity": "R",
    "proj_lat": 52.56202671616776,
    "proj_lon": 13.500032611021757,
    "marker-color": "#ff0000",
    "marker-symbol": "e"
  },
  {
    "rowid": 261423,
    "id": 38711,
    "source": "OA",
    "source_id": "6d7ad219780cfe11",
    "housenumber": 9,
    "lat": 52.5625108,
    "lon": 13.4990757,
    "parity": "L",
    "proj_lat": 52.56263928107858,
    "proj_lon": 13.499431270324118,
    "marker-color": "#3366ff",
    "marker-symbol": "o"
  },
  {
    "rowid": 260216,
    "id": 38711,
    "source": "OA",
    "source_id": "2a6bee54fa15f4cc",
    "housenumber": 97,
    "lat": 52.5647378,
    "lon": 13.4935713,
    "parity": "L",
    "proj_lat": 52.564994470585546,
    "proj_lon": 13.493657916817249,
    "marker-color": "#3366ff",
    "marker-symbol": "o"
  },
  {
    "rowid": 269513,
    "id": 38711,
    "source": "OA",
    "source_id": "b4a65e6f8d067f9b",
    "housenumber": 105,
    "lat": 52.5651079,
    "lon": 13.4907481,
    "parity": "L",
    "proj_lat": 52.565323070642734,
    "proj_lon": 13.490803289080123,
    "marker-color": "#3366ff",
    "marker-symbol": "o"
  },
  {
    "rowid": 260218,
    "id": 38711,
    "source": "OA",
    "source_id": "9576cfe1384a8e38",
    "housenumber": 201,
    "lat": 52.5668866,
    "lon": 13.4682016,
    "parity": "L",
    "proj_lat": 52.567327434076375,
    "proj_lon": 13.46810187198518,
    "marker-color": "#3366ff",
    "marker-symbol": "o"
  },
  {
    "rowid": 260219,
    "id": 38711,
    "source": "OA",
    "source_id": "5e9ed094ae3476c5",
    "housenumber": 203,
    "lat": 52.5669482,
    "lon": 13.467296,
    "parity": "L",
    "proj_lat": 52.56725243142925,
    "proj_lon": 13.467224048579208,
    "marker-color": "#3366ff",
    "marker-symbol": "o"
  },
  {
    "rowid": 260220,
    "id": 38711,
    "source": "OA",
    "source_id": "4aef4ee22774bb3e",
    "housenumber": 205,
    "lat": 52.5666508,
    "lon": 13.4660247,
    "parity": "L",
    "proj_lat": 52.56712243976896,
    "proj_lon": 13.465887226426089,
    "marker-color": "#3366ff",
    "marker-symbol": "o"
  }
]
