[
  {
    "rowid": 138603,
    "id": 42088,
    "source": "OA",
    "source_id": "f17b81a8de733292",
    "housenumber": 1,
    "lat": 52.5303642,
    "lon": 13.5499811,
    "parity": "L",
    "proj_lat": 52.53018461669832,
    "proj_lon": 13.549948749525248,
    "marker-color": "#3366ff",
    "marker-symbol": "o"
  },
  {
    "rowid": 138603,
    "id": 42088,
    "source": "OA",
    "source_id": "f17b81a8de733292",
    "housenumber": 1,
    "lat": 52.5303642,
    "lon": 13.5499811,
    "parity": "L",
    "proj_lat": 52.53018461669832,
    "proj_lon": 13.549948749525248,
    "marker-color": "#3366ff",
    "marker-symbol": "o"
  },
  {
    "rowid": 138604,
    "id": 42088,
    "source": "OA",
    "source_id": "0ba5e82c27dffe7d",
    "housenumber": 1.03,
    "lat": 52.5306303,
    "lon": 13.5500345,
    "parity": "L",
    "proj_lat": 52.53018425680246,
    "proj_lon": 13.549954147963183,
    "marker-color": "#3366ff",
    "marker-symbol": "o"
  },
  {
    "rowid": 138604,
    "id": 42088,
    "source": "OA",
    "source_id": "0ba5e82c27dffe7d",
    "housenumber": 1.03,
    "lat": 52.5306303,
    "lon": 13.5500345,
    "parity": "L",
    "proj_lat": 52.53018425680246,
    "proj_lon": 13.549954147963183,
    "marker-color": "#3366ff",
    "marker-symbol": "o"
  },
  {
    "rowid": 144800,
    "id": 42088,
    "source": "OA",
    "source_id": "93c7a5d1c92acd09",
    "housenumber": 2,
    "lat": 52.5300394,
    "lon": 13.5498221,
    "parity": "R",
    "proj_lat": 52.53019123655211,
    "proj_lon": 13.54984945171836,
    "marker-color": "#ff0000",
    "marker-symbol": "e"
  },
  {
    "rowid": 144800,
    "id": 42088,
    "source": "OA",
    "source_id": "93c7a5d1c92acd09",
    "housenumber": 2,
    "lat": 52.5300394,
    "lon": 13.5498221,
    "parity": "R",
    "proj_lat": 52.53019123655211,
    "proj_lon": 13.54984945171836,
    "marker-color": "#ff0000",
    "marker-symbol": "e"
  },
  {
    "rowid": 138605,
    "id": 42088,
    "source": "OA",
    "source_id": "b8deedfc5e9ab76a",
    "housenumber": 3,
    "lat": 52.5303617,
    "lon": 13.5502793,
    "parity": "L",
    "proj_lat": 52.53016494294553,
    "proj_lon": 13.550243855817056,
    "marker-color": "#3366ff",
    "marker-symbol": "o"
  },
  {
    "rowid": 138605,
    "id": 42088,
    "source": "OA",
    "source_id": "b8deedfc5e9ab76a",
    "housenumber": 3,
    "lat": 52.5303617,
    "lon": 13.5502793,
    "parity": "L",
    "proj_lat": 52.53016494294553,
    "proj_lon": 13.550243855817056,
    "marker-color": "#3366ff",
    "marker-symbol": "o"
  },
  {
    "rowid": 138606,
    "id": 42088,
    "source": "OA",
    "source_id": "31f864f92b84d823",
    "housenumber": 4,
    "lat": 52.5298733,
    "lon": 13.5501158,
    "parity": "R",
    "proj_lat": 52.53016991785958,
    "proj_lon": 13.550169232106263,
    "marker-color": "#ff0000",
    "marker-symbol": "e"
  },
  {
    "rowid": 138606,
    "id": 42088,
    "source": "OA",
    "source_id": "31f864f92b84d823",
    "housenumber": 4,
    "lat": 52.5298733,
    "lon": 13.5501158,
    "parity": "R",
    "proj_lat": 52.53016991785958,
    "proj_lon": 13.550169232106263,
    "marker-color": "#ff0000",
    "marker-symbol": "e"
  },
  {
    "rowid": 138607,
    "id": 42088,
    "source": "OA",
    "source_id": "833817a70e6f5fb6",
    "housenumber": 5,
    "lat": 52.5303762,
    "lon": 13.5506366,
    "parity": "L",
    "proj_lat": 52.530141577688596,
    "proj_lon": 13.550594334671107,
    "marker-color": "#3366ff",
    "marker-symbol": "o"
  },
  {
    "rowid": 138607,
    "id": 42088,
    "source": "OA",
    "source_id": "833817a70e6f5fb6",
    "housenumber": 5,
    "lat": 52.5303762,
    "lon": 13.5506366,
    "parity": "L",
    "proj_lat": 52.530141577688596,
    "proj_lon": 13.550594334671107,
    "marker-color": "#3366ff",
    "marker-symbol": "o"
  },
  {
    "rowid": 138608,
    "id": 42088,
    "source": "OA",
    "source_id": "6062c59c28631bda",
    "housenumber": 6,
    "lat": 52.530002,
    "lon": 13.5503016,
    "parity": "R",
    "proj_lat": 52.5301592054125,
    "proj_lon": 13.550329918812459,
    "marker-color": "#ff0000",
    "marker-symbol": "e"
  },
  {
    "rowid": 138608,
    "id": 42088,
    "source": "OA",
    "source_id": "6062c59c28631bda",
    "housenumber": 6,
    "lat": 52.530002,
    "lon": 13.5503016,
    "parity": "R",
    "proj_lat": 52.5301592054125,
    "proj_lon": 13.550329918812459,
    "marker-color": "#ff0000",
    "marker-symbol": "e"
  },
  {
    "rowid": 138609,
    "id": 42088,
    "source": "OA",
    "source_id": "b05120014bc7be2a",
    "housenumber": 7,
    "lat": 52.5302732,
    "lon": 13.5515825,
    "parity": "L",
    "proj_lat": 52.5300780910476,
    "proj_lon": 13.551547400123457,
    "marker-color": "#3366ff",
    "marker-symbol": "o"
  },
  {
    "rowid": 138609,
    "id": 42088,
    "source": "OA",
    "source_id": "b05120014bc7be2a",
    "housenumber": 7,
    "lat": 52.5302732,
    "lon": 13.5515825,
    "parity": "L",
    "proj_lat": 52.5300780910476,
    "proj_lon": 13.551547400123457,
    "marker-color": "#3366ff",
    "marker-symbol": "o"
  },
  {
    "rowid": 138610,
    "id": 42088,
    "source": "OA",
    "source_id": "5613dfef5e844d12",
    "housenumber": 8,
    "lat": 52.529851,
    "lon": 13.551442,
    "parity": "R",
    "proj_lat": 52.53008233756579,
    "proj_lon": 13.551483616562319,
    "marker-color": "#ff0000",
    "marker-symbol": "e"
  },
  {
    "rowid": 138610,
    "id": 42088,
    "source": "OA",
    "source_id": "5613dfef5e844d12",
    "housenumber": 8,
    "lat": 52.529851,
    "lon": 13.551442,
    "parity": "R",
    "proj_lat": 52.53008233756579,
    "proj_lon": 13.551483616562319,
    "marker-color": "#ff0000",
    "marker-symbol": "e"
  },
  {
    "rowid": 138611,
    "id": 42088,
    "source": "OA",
    "source_id": "af51fe44b7fa22fc",
    "housenumber": 11,
    "lat": 52.5303256,
    "lon": 13.5518962,
    "parity": "L",
    "proj_lat": 52.53005807320773,
    "proj_lon": 13.551848072122356,
    "marker-color": "#3366ff",
    "marker-symbol": "o"
  },
  {
    "rowid": 138611,
    "id": 42088,
    "source": "OA",
    "source_id": "af51fe44b7fa22fc",
    "housenumber": 11,
    "lat": 52.5303256,
    "lon": 13.5518962,
    "parity": "L",
    "proj_lat": 52.53005807320773,
    "proj_lon": 13.551848072122356,
    "marker-color": "#3366ff",
    "marker-symbol": "o"
  },
  {
    "rowid": 138612,
    "id": 42088,
    "source": "OA",
    "source_id": "2689021cd9aac4bf",
    "housenumber": 12,
    "lat": 52.5299126,
    "lon": 13.5517421,
    "parity": "R",
    "proj_lat": 52.530063323311346,
    "proj_lon": 13.551769214505395,
    "marker-color": "#ff0000",
    "marker-symbol": "e"
  },
  {
    "rowid": 138612,
    "id": 42088,
    "source": "OA",
    "source_id": "2689021cd9aac4bf",
    "housenumber": 12,
    "lat": 52.5299126,
    "lon": 13.5517421,
    "parity": "R",
    "proj_lat": 52.530063323311346,
    "proj_lon": 13.551769214505395,
    "marker-color": "#ff0000",
    "marker-symbol": "e"
  },
  {
    "rowid": 138613,
    "id": 42088,
    "source": "OA",
    "source_id": "43957df7ec1ad0f8",
    "housenumber": 13,
    "lat": 52.5302223,
    "lon": 13.5521552,
    "parity": "L",
    "proj_lat": 52.530039811240606,
    "proj_lon": 13.552122370557791,
    "marker-color": "#3366ff",
    "marker-symbol": "o"
  },
  {
    "rowid": 138613,
    "id": 42088,
    "source": "OA",
    "source_id": "43957df7ec1ad0f8",
    "housenumber": 13,
    "lat": 52.5302223,
    "lon": 13.5521552,
    "parity": "L",
    "proj_lat": 52.530039811240606,
    "proj_lon": 13.552122370557791,
    "marker-color": "#3366ff",
    "marker-symbol": "o"
  },
  {
    "rowid": 138614,
    "id": 42088,
    "source": "OA",
    "source_id": "f94f26ad4bbd412b",
    "housenumber": 14,
    "lat": 52.5298866,
    "lon": 13.552205,
    "parity": "R",
    "proj_lat": 52.53003256184752,
    "proj_lon": 13.552231257906497,
    "marker-color": "#ff0000",
    "marker-symbol": "e"
  },
  {
    "rowid": 138614,
    "id": 42088,
    "source": "OA",
    "source_id": "f94f26ad4bbd412b",
    "housenumber": 14,
    "lat": 52.5298866,
    "lon": 13.552205,
    "parity": "R",
    "proj_lat": 52.53003256184752,
    "proj_lon": 13.552231257906497,
    "marker-color": "#ff0000",
    "marker-symbol": "e"
  },
  {
    "rowid": 138615,
    "id": 42088,
    "source": "OA",
    "source_id": "eedc7655d4253e38",
    "housenumber": 15,
    "lat": 52.5301372,
    "lon": 13.5524269,
    "parity": "L",
    "proj_lat": 52.53002092916554,
    "proj_lon": 13.552405983139915,
    "marker-color": "#3366ff",
    "marker-symbol": "o"
  },
  {
    "rowid": 138615,
    "id": 42088,
    "source": "OA",
    "source_id": "eedc7655d4253e38",
    "housenumber": 15,
    "lat": 52.5301372,
    "lon": 13.5524269,
    "parity": "L",
    "proj_lat": 52.53002092916554,
    "proj_lon": 13.552405983139915,
    "marker-color": "#3366ff",
    "marker-symbol": "o"
  },
  {
    "rowid": 138616,
    "id": 42088,
    "source": "OA",
    "source_id": "82d276f852ddc037",
    "housenumber": 17,
    "lat": 52.5301329,
    "lon": 13.5525287,
    "parity": "L",
    "proj_lat": 52.53001418796256,
    "proj_lon": 13.552507451898576,
    "marker-color": "#3366ff",
    "marker-symbol": "o"
  },
  {
    "rowid": 138616,
    "id": 42088,
    "source": "OA",
    "source_id": "82d276f852ddc037",
    "housenumber": 17,
    "lat": 52.5301329,
    "lon": 13.5525287,
    "parity": "L",
    "proj_lat": 52.53001418796256,
    "proj_lon": 13.552507451898576,
    "marker-color": "#3366ff",
    "marker-symbol": "o"
  },
  {
    "rowid": 138617,
    "id": 42088,
    "source": "OA",
    "source_id": "addea822c65355a6",
    "housenumber": 19,
    "lat": 52.5301183,
    "lon": 13.5527385,
    "parity": "L",
    "proj_lat": 52.530000282458445,
    "proj_lon": 13.552717376219467,
    "marker-color": "#3366ff",
    "marker-symbol": "o"
  },
  {
    "rowid": 138617,
    "id": 42088,
    "source": "OA",
    "source_id": "addea822c65355a6",
    "housenumber": 19,
    "lat": 52.5301183,
    "lon": 13.5527385,
    "parity": "L",
    "proj_lat": 52.530000282458445,
    "proj_lon": 13.552717376219467,
    "marker-color": "#3366ff",
    "marker-symbol": "o"
  },
  {
    "rowid": 138618,
    "id": 42088,
    "source": "OA",
    "source_id": "cadaef88fe2faf14",
    "housenumber": 20,
    "lat": 52.5298553,
    "lon": 13.5526886,
    "parity": "R",
    "proj_lat": 52.53000046748311,
    "proj_lon": 13.552714582996135,
    "marker-color": "#ff0000",
    "marker-symbol": "e"
  },
  {
    "rowid": 138618,
    "id": 42088,
    "source": "OA",
    "source_id": "cadaef88fe2faf14",
    "housenumber": 20,
    "lat": 52.5298553,
    "lon": 13.5526886,
    "parity": "R",
    "proj_lat": 52.53000046748311,
    "proj_lon": 13.552714582996135,
    "marker-color": "#ff0000",
    "marker-symbol": "e"
  },
  {
    "rowid": 144801,
    "id": 42088,
    "source": "OA",
    "source_id": "b64c9fa8012d8e30",
    "housenumber": 21,
    "lat": 52.5301097,
    "lon": 13.5528564,
    "parity": "L",
    "proj_lat": 52.52999246343662,
    "proj_lon": 13.552835416013785,
    "marker-color": "#3366ff",
    "marker-symbol": "o"
  },
  {
    "rowid": 144801,
    "id": 42088,
    "source": "OA",
    "source_id": "b64c9fa8012d8e30",
    "housenumber": 21,
    "lat": 52.5301097,
    "lon": 13.5528564,
    "parity": "L",
    "proj_lat": 52.52999246343662,
    "proj_lon": 13.552835416013785,
    "marker-color": "#3366ff",
    "marker-symbol": "o"
  },
  {
    "rowid": 138619,
    "id": 42088,
    "source": "OA",
    "source_id": "0c63dfa1fb22361b",
    "housenumber": 23,
    "lat": 52.530176,
    "lon": 13.5530784,
    "parity": "L",
    "proj_lat": 52.52997870720987,
    "proj_lon": 13.553043086770327,
    "marker-color": "#3366ff",
    "marker-symbol": "o"
  },
  {
    "rowid": 138619,
    "id": 42088,
    "source": "OA",
    "source_id": "0c63dfa1fb22361b",
    "housenumber": 23,
    "lat": 52.530176,
    "lon": 13.5530784,
    "parity": "L",
    "proj_lat": 52.52997870720987,
    "proj_lon": 13.553043086770327,
    "marker-color": "#3366ff",
    "marker-symbol": "o"
  },
  {
    "rowid": 138620,
    "id": 42088,
    "source": "OA",
    "source_id": "dab939847b8e5521",
    "housenumber": 24,
    "lat": 52.5298276,
    "lon": 13.5530952,
    "parity": "R",
    "proj_lat": 52.52997352509216,
    "proj_lon": 13.553121318564857,
    "marker-color": "#ff0000",
    "marker-symbol": "e"
  },
  {
    "rowid": 138620,
    "id": 42088,
    "source": "OA",
    "source_id": "dab939847b8e5521",
    "housenumber": 24,
    "lat": 52.5298276,
    "lon": 13.5530952,
    "parity": "R",
    "proj_lat": 52.52997352509216,
    "proj_lon": 13.553121318564857,
    "marker-color": "#ff0000",
    "marker-symbol": "e"
  },
  {
    "rowid": 138621,
    "id": 42088,
    "source": "OA",
    "source_id": "662ca588e677818d",
    "housenumber": 25,
    "lat": 52.5301671,
    "lon": 13.5531881,
    "parity": "L",
    "proj_lat": 52.52997142148041,
    "proj_lon": 13.553153075721115,
    "marker-color": "#3366ff",
    "marker-symbol": "o"
  },
  {
    "rowid": 138621,
    "id": 42088,
    "source": "OA",
    "source_id": "662ca588e677818d",
    "housenumber": 25,
    "lat": 52.5301671,
    "lon": 13.5531881,
    "parity": "L",
    "proj_lat": 52.52997142148041,
    "proj_lon": 13.553153075721115,
    "marker-color": "#3366ff",
    "marker-symbol": "o"
  },
  {
    "rowid": 138622,
    "id": 42088,
    "source": "OA",
    "source_id": "416cd3e05faba9ca",
    "housenumber": 27,
    "lat": 52.5301472,
    "lon": 13.5534019,
    "parity": "L",
    "proj_lat": 52.52995719201542,
    "proj_lon": 13.55336789071464,
    "marker-color": "#3366ff",
    "marker-symbol": "o"
  },
  {
    "rowid": 138622,
    "id": 42088,
    "source": "OA",
    "source_id": "416cd3e05faba9ca",
    "housenumber": 27,
    "lat": 52.5301472,
    "lon": 13.5534019,
    "parity": "L",
    "proj_lat": 52.52995719201542,
    "proj_lon": 13.55336789071464,
    "marker-color": "#3366ff",
    "marker-symbol": "o"
  },
  {
    "rowid": 138623,
    "id": 42088,
    "source": "OA",
    "source_id": "6ef9fb73c21b2a3e",
    "housenumber": 29,
    "lat": 52.5301387,
    "lon": 13.5535047,
    "parity": "L",
    "proj_lat": 52.52995036267732,
    "proj_lon": 13.553470989757319,
    "marker-color": "#3366ff",
    "marker-symbol": "o"
  },
  {
    "rowid": 138623,
    "id": 42088,
    "source": "OA",
    "source_id": "6ef9fb73c21b2a3e",
    "housenumber": 29,
    "lat": 52.5301387,
    "lon": 13.5535047,
    "parity": "L",
    "proj_lat": 52.52995036267732,
    "proj_lon": 13.553470989757319,
    "marker-color": "#3366ff",
    "marker-symbol": "o"
  },
  {
    "rowid": 138624,
    "id": 42088,
    "source": "OA",
    "source_id": "28b3a00890a6c5ce",
    "housenumber": 30,
    "lat": 52.529649,
    "lon": 13.5533401,
    "parity": "R",
    "proj_lat": 52.52995540019384,
    "proj_lon": 13.553394940933295,
    "marker-color": "#ff0000",
    "marker-symbol": "e"
  },
  {
    "rowid": 138624,
    "id": 42088,
    "source": "OA",
    "source_id": "28b3a00890a6c5ce",
    "housenumber": 30,
    "lat": 52.529649,
    "lon": 13.5533401,
    "parity": "R",
    "proj_lat": 52.52995540019384,
    "proj_lon": 13.553394940933295,
    "marker-color": "#ff0000",
    "marker-symbol": "e"
  },
  {
    "rowid": 138625,
    "id": 42088,
    "source": "OA",
    "source_id": "0972fd03aebacd97",
    "housenumber": 31,
    "lat": 52.5301304,
    "lon": 13.553726,
    "parity": "L",
    "proj_lat": 52.529935778152264,
    "proj_lon": 13.553691164911847,
    "marker-color": "#3366ff",
    "marker-symbol": "o"
  },
  {
    "rowid": 138625,
    "id": 42088,
    "source": "OA",
    "source_id": "0972fd03aebacd97",
    "housenumber": 31,
    "lat": 52.5301304,
    "lon": 13.553726,
    "parity": "L",
    "proj_lat": 52.529935778152264,
    "proj_lon": 13.553691164911847,
    "marker-color": "#3366ff",
    "marker-symbol": "o"
  },
  {
    "rowid": 176567,
    "id": 42088,
    "source": "OA",
    "source_id": "c2b4cbf0be267fe2",
    "housenumber": 32,
    "lat": 52.5297736,
    "lon": 13.553899,
    "parity": "R",
    "proj_lat": 52.52992027207967,
    "proj_lon": 13.553925252200688,
    "marker-color": "#ff0000",
    "marker-symbol": "e"
  },
  {
    "rowid": 176567,
    "id": 42088,
    "source": "OA",
    "source_id": "c2b4cbf0be267fe2",
    "housenumber": 32,
    "lat": 52.5297736,
    "lon": 13.553899,
    "parity": "R",
    "proj_lat": 52.52992027207967,
    "proj_lon": 13.553925252200688,
    "marker-color": "#ff0000",
    "marker-symbol": "e"
  },
  {
    "rowid": 138626,
    "id": 42088,
    "source": "OA",
    "source_id": "c6b55f7cbe9105b1",
    "housenumber": 33,
    "lat": 52.5301229,
    "lon": 13.5538253,
    "parity": "L",
    "proj_lat": 52.52992918965701,
    "proj_lon": 13.553790628072628,
    "marker-color": "#3366ff",
    "marker-symbol": "o"
  },
  {
    "rowid": 138626,
    "id": 42088,
    "source": "OA",
    "source_id": "c6b55f7cbe9105b1",
    "housenumber": 33,
    "lat": 52.5301229,
    "lon": 13.5538253,
    "parity": "L",
    "proj_lat": 52.52992918965701,
    "proj_lon": 13.553790628072628,
    "marker-color": "#3366ff",
    "marker-symbol": "o"
  },
  {
    "rowid": 138627,
    "id": 42088,
    "source": "OA",
    "source_id": "a4313703918b9885",
    "housenumber": 35,
    "lat": 52.5301096,
    "lon": 13.5540396,
    "parity": "L",
    "proj_lat": 52.52991500479526,
    "proj_lon": 13.55400476971363,
    "marker-color": "#3366ff",
    "marker-symbol": "o"
  },
  {
    "rowid": 138627,
    "id": 42088,
    "source": "OA",
    "source_id": "a4313703918b9885",
    "housenumber": 35,
    "lat": 52.5301096,
    "lon": 13.5540396,
    "parity": "L",
    "proj_lat": 52.52991500479526,
    "proj_lon": 13.55400476971363,
    "marker-color": "#3366ff",
    "marker-symbol": "o"
  },
  {
    "rowid": 138628,
    "id": 42088,
    "source": "OA",
    "source_id": "a8a85ad27f3e88ab",
    "housenumber": 37,
    "lat": 52.5301019,
    "lon": 13.5541511,
    "parity": "L",
    "proj_lat": 52.52990761529093,
    "proj_lon": 13.554116325300953,
    "marker-color": "#3366ff",
    "marker-symbol": "o"
  },
  {
    "rowid": 138628,
    "id": 42088,
    "source": "OA",
    "source_id": "a8a85ad27f3e88ab",
    "housenumber": 37,
    "lat": 52.5301019,
    "lon": 13.5541511,
    "parity": "L",
    "proj_lat": 52.52990761529093,
    "proj_lon": 13.554116325300953,
    "marker-color": "#3366ff",
    "marker-symbol": "o"
  },
  {
    "rowid": 138629,
    "id": 42088,
    "source": "OA",
    "source_id": "e416cfb844915e39",
    "housenumber": 39,
    "lat": 52.5300095,
    "lon": 13.5543469,
    "parity": "L",
    "proj_lat": 52.52989447966823,
    "proj_lon": 13.554328289540548,
    "marker-color": "#3366ff",
    "marker-symbol": "o"
  },
  {
    "rowid": 138629,
    "id": 42088,
    "source": "OA",
    "source_id": "e416cfb844915e39",
    "housenumber": 39,
    "lat": 52.5300095,
    "lon": 13.5543469,
    "parity": "L",
    "proj_lat": 52.52989447966823,
    "proj_lon": 13.554328289540548,
    "marker-color": "#3366ff",
    "marker-symbol": "o"
  },
  {
    "rowid": 138630,
    "id": 42088,
    "source": "OA",
    "source_id": "ee127ff27336eb70",
    "housenumber": 41,
    "lat": 52.530001,
    "lon": 13.5544566,
    "parity": "L",
    "proj_lat": 52.529887892274836,
    "proj_lon": 13.554438299010203,
    "marker-color": "#3366ff",
    "marker-symbol": "o"
  },
  {
    "rowid": 138630,
    "id": 42088,
    "source": "OA",
    "source_id": "ee127ff27336eb70",
    "housenumber": 41,
    "lat": 52.530001,
    "lon": 13.5544566,
    "parity": "L",
    "proj_lat": 52.529887892274836,
    "proj_lon": 13.554438299010203,
    "marker-color": "#3366ff",
    "marker-symbol": "o"
  },
  {
    "rowid": 138631,
    "id": 42088,
    "source": "OA",
    "source_id": "710f865eb532aee0",
    "housenumber": 43,
    "lat": 52.529993,
    "lon": 13.5546682,
    "parity": "L",
    "proj_lat": 52.52987526643415,
    "proj_lon": 13.554649150549583,
    "marker-color": "#3366ff",
    "marker-symbol": "o"
  },
  {
    "rowid": 138631,
    "id": 42088,
    "source": "OA",
    "source_id": "710f865eb532aee0",
    "housenumber": 43,
    "lat": 52.529993,
    "lon": 13.5546682,
    "parity": "L",
    "proj_lat": 52.52987526643415,
    "proj_lon": 13.554649150549583,
    "marker-color": "#3366ff",
    "marker-symbol": "o"
  },
  {
    "rowid": 138632,
    "id": 42088,
    "source": "OA",
    "source_id": "fdafef1dadee8907",
    "housenumber": 45,
    "lat": 52.5299844,
    "lon": 13.5547792,
    "parity": "L",
    "proj_lat": 52.52986860098385,
    "proj_lon": 13.554760463569682,
    "marker-color": "#3366ff",
    "marker-symbol": "o"
  },
  {
    "rowid": 138632,
    "id": 42088,
    "source": "OA",
    "source_id": "fdafef1dadee8907",
    "housenumber": 45,
    "lat": 52.5299844,
    "lon": 13.5547792,
    "parity": "L",
    "proj_lat": 52.52986860098385,
    "proj_lon": 13.554760463569682,
    "marker-color": "#3366ff",
    "marker-symbol": "o"
  },
  {
    "rowid": 158970,
    "id": 42088,
    "source": "OA",
    "source_id": "f58a28fa0a01080e",
    "housenumber": 47,
    "lat": 52.529934,
    "lon": 13.5550099,
    "parity": "L",
    "proj_lat": 52.52985316897074,
    "proj_lon": 13.554994631674631,
    "marker-color": "#3366ff",
    "marker-symbol": "o"
  },
  {
    "rowid": 158970,
    "id": 42088,
    "source": "OA",
    "source_id": "f58a28fa0a01080e",
    "housenumber": 47,
    "lat": 52.529934,
    "lon": 13.5550099,
    "parity": "L",
    "proj_lat": 52.52985316897074,
    "proj_lon": 13.554994631674631,
    "marker-color": "#3366ff",
    "marker-symbol": "o"
  },
  {
    "rowid": 138633,
    "id": 42088,
    "source": "OA",
    "source_id": "25ab360d39dda096",
    "housenumber": 48,
    "lat": 52.5295186,
    "lon": 13.554844,
    "parity": "R",
    "proj_lat": 52.52985920159917,
    "proj_lon": 13.55490833566055,
    "marker-color": "#ff0000",
    "marker-symbol": "e"
  },
  {
    "rowid": 138633,
    "id": 42088,
    "source": "OA",
    "source_id": "25ab360d39dda096",
    "housenumber": 48,
    "lat": 52.5295186,
    "lon": 13.554844,
    "parity": "R",
    "proj_lat": 52.52985920159917,
    "proj_lon": 13.55490833566055,
    "marker-color": "#ff0000",
    "marker-symbol": "e"
  },
  {
    "rowid": 138634,
    "id": 42088,
    "source": "OA",
    "source_id": "8c9aefb147c87641",
    "housenumber": 49,
    "lat": 52.5299494,
    "lon": 13.5553029,
    "parity": "L",
    "proj_lat": 52.52983315409187,
    "proj_lon": 13.555280942076054,
    "marker-color": "#3366ff",
    "marker-symbol": "o"
  },
  {
    "rowid": 138634,
    "id": 42088,
    "source": "OA",
    "source_id": "8c9aefb147c87641",
    "housenumber": 49,
    "lat": 52.5299494,
    "lon": 13.5553029,
    "parity": "L",
    "proj_lat": 52.52983315409187,
    "proj_lon": 13.555280942076054,
    "marker-color": "#3366ff",
    "marker-symbol": "o"
  },
  {
    "rowid": 138635,
    "id": 42088,
    "source": "OA",
    "source_id": "a5a7d86bfa361e86",
    "housenumber": 50,
    "lat": 52.5296807,
    "lon": 13.5551938,
    "parity": "R",
    "proj_lat": 52.529837179619854,
    "proj_lon": 13.55522335738918,
    "marker-color": "#ff0000",
    "marker-symbol": "e"
  },
  {
    "rowid": 138635,
    "id": 42088,
    "source": "OA",
    "source_id": "a5a7d86bfa361e86",
    "housenumber": 50,
    "lat": 52.5296807,
    "lon": 13.5551938,
    "parity": "R",
    "proj_lat": 52.529837179619854,
    "proj_lon": 13.55522335738918,
    "marker-color": "#ff0000",
    "marker-symbol": "e"
  },
  {
    "rowid": 138636,
    "id": 42088,
    "source": "OA",
    "source_id": "60b99bd5b9868139",
    "housenumber": 51,
    "lat": 52.530074,
    "lon": 13.5556011,
    "parity": "L",
    "proj_lat": 52.52981420362038,
    "proj_lon": 13.55555202625963,
    "marker-color": "#3366ff",
    "marker-symbol": "o"
  },
  {
    "rowid": 138636,
    "id": 42088,
    "source": "OA",
    "source_id": "60b99bd5b9868139",
    "housenumber": 51,
    "lat": 52.530074,
    "lon": 13.5556011,
    "parity": "L",
    "proj_lat": 52.52981420362038,
    "proj_lon": 13.55555202625963,
    "marker-color": "#3366ff",
    "marker-symbol": "o"
  },
  {
    "rowid": 138637,
    "id": 42088,
    "source": "OA",
    "source_id": "7ac8132f7e322a60",
    "housenumber": 53,
    "lat": 52.5299513,
    "lon": 13.5559069,
    "parity": "L",
    "proj_lat": 52.52979150577678,
    "proj_lon": 13.55587671614441,
    "marker-color": "#3366ff",
    "marker-symbol": "o"
  },
  {
    "rowid": 138637,
    "id": 42088,
    "source": "OA",
    "source_id": "7ac8132f7e322a60",
    "housenumber": 53,
    "lat": 52.5299513,
    "lon": 13.5559069,
    "parity": "L",
    "proj_lat": 52.52979150577678,
    "proj_lon": 13.55587671614441,
    "marker-color": "#3366ff",
    "marker-symbol": "o"
  },
  {
    "rowid": 138638,
    "id": 42088,
    "source": "OA",
    "source_id": "1c04686d72b9b9a4",
    "housenumber": 55,
    "lat": 52.5299016,
    "lon": 13.5561282,
    "parity": "L",
    "proj_lat": 52.529775773727714,
    "proj_lon": 13.556105590560714,
    "marker-color": "#3366ff",
    "marker-symbol": "o"
  },
  {
    "rowid": 138638,
    "id": 42088,
    "source": "OA",
    "source_id": "1c04686d72b9b9a4",
    "housenumber": 55,
    "lat": 52.5299016,
    "lon": 13.5561282,
    "parity": "L",
    "proj_lat": 52.529775773727714,
    "proj_lon": 13.556105590560714,
    "marker-color": "#3366ff",
    "marker-symbol": "o"
  },
  {
    "rowid": 150733,
    "id": 42088,
    "source": "OA",
    "source_id": "4736cd5f5f9ed456",
    "housenumber": 56,
    "lat": 52.5296174,
    "lon": 13.5564576,
    "parity": "R",
    "proj_lat": 52.529750771434,
    "proj_lon": 13.556481564902223,
    "marker-color": "#ff0000",
    "marker-symbol": "e"
  },
  {
    "rowid": 150733,
    "id": 42088,
    "source": "OA",
    "source_id": "4736cd5f5f9ed456",
    "housenumber": 56,
    "lat": 52.5296174,
    "lon": 13.5564576,
    "parity": "R",
    "proj_lat": 52.529750771434,
    "proj_lon": 13.556481564902223,
    "marker-color": "#ff0000",
    "marker-symbol": "e"
  },
  {
    "rowid": 138639,
    "id": 42088,
    "source": "OA",
    "source_id": "ba79e340437226e2",
    "housenumber": 57,
    "lat": 52.5298581,
    "lon": 13.5565138,
    "parity": "L",
    "proj_lat": 52.5297499204602,
    "proj_lon": 13.55649436150081,
    "marker-color": "#3366ff",
    "marker-symbol": "o"
  },
  {
    "rowid": 138639,
    "id": 42088,
    "source": "OA",
    "source_id": "ba79e340437226e2",
    "housenumber": 57,
    "lat": 52.5298581,
    "lon": 13.5565138,
    "parity": "L",
    "proj_lat": 52.5297499204602,
    "proj_lon": 13.55649436150081,
    "marker-color": "#3366ff",
    "marker-symbol": "o"
  },
  {
    "rowid": 138640,
    "id": 42088,
    "source": "OA",
    "source_id": "5534e6fb519206f1",
    "housenumber": 59,
    "lat": 52.5298479,
    "lon": 13.5566409,
    "parity": "L",
    "proj_lat": 52.5297414476708,
    "proj_lon": 13.556621771867661,
    "marker-color": "#3366ff",
    "marker-symbol": "o"
  },
  {
    "rowid": 138640,
    "id": 42088,
    "source": "OA",
    "source_id": "5534e6fb519206f1",
    "housenumber": 59,
    "lat": 52.5298479,
    "lon": 13.5566409,
    "parity": "L",
    "proj_lat": 52.5297414476708,
    "proj_lon": 13.556621771867661,
    "marker-color": "#3366ff",
    "marker-symbol": "o"
  },
  {
    "rowid": 138641,
    "id": 42088,
    "source": "OA",
    "source_id": "b0447d59d00bc226",
    "housenumber": 60,
    "lat": 52.5295876,
    "lon": 13.5567177,
    "parity": "R",
    "proj_lat": 52.52973332714696,
    "proj_lon": 13.556743885008167,
    "marker-color": "#ff0000",
    "marker-symbol": "e"
  },
  {
    "rowid": 138641,
    "id": 42088,
    "source": "OA",
    "source_id": "b0447d59d00bc226",
    "housenumber": 60,
    "lat": 52.5295876,
    "lon": 13.5567177,
    "parity": "R",
    "proj_lat": 52.52973332714696,
    "proj_lon": 13.556743885008167,
    "marker-color": "#ff0000",
    "marker-symbol": "e"
  },
  {
    "rowid": 138642,
    "id": 42088,
    "source": "OA",
    "source_id": "818496adddbda982",
    "housenumber": 61,
    "lat": 52.5301033,
    "lon": 13.5570818,
    "parity": "L",
    "proj_lat": 52.529715489876914,
    "proj_lon": 13.557012114632917,
    "marker-color": "#3366ff",
    "marker-symbol": "o"
  },
  {
    "rowid": 138642,
    "id": 42088,
    "source": "OA",
    "source_id": "818496adddbda982",
    "housenumber": 61,
    "lat": 52.5301033,
    "lon": 13.5570818,
    "parity": "L",
    "proj_lat": 52.529715489876914,
    "proj_lon": 13.557012114632917,
    "marker-color": "#3366ff",
    "marker-symbol": "o"
  },
  {
    "rowid": 138643,
    "id": 42088,
    "source": "OA",
    "source_id": "0ba6052638d84d37",
    "housenumber": 62,
    "lat": 52.5295681,
    "lon": 13.5570048,
    "parity": "R",
    "proj_lat": 52.52971423018261,
    "proj_lon": 13.557031057404382,
    "marker-color": "#ff0000",
    "marker-symbol": "e"
  },
  {
    "rowid": 138643,
    "id": 42088,
    "source": "OA",
    "source_id": "0ba6052638d84d37",
    "housenumber": 62,
    "lat": 52.5295681,
    "lon": 13.5570048,
    "parity": "R",
    "proj_lat": 52.52971423018261,
    "proj_lon": 13.557031057404382,
    "marker-color": "#ff0000",
    "marker-symbol": "e"
  },
  {
    "rowid": 138644,
    "id": 42088,
    "source": "OA",
    "source_id": "469ae63aa92b2302",
    "housenumber": 63,
    "lat": 52.5298319,
    "lon": 13.5572732,
    "parity": "L",
    "proj_lat": 52.52969970729668,
    "proj_lon": 13.557249446666466,
    "marker-color": "#3366ff",
    "marker-symbol": "o"
  },
  {
    "rowid": 138644,
    "id": 42088,
    "source": "OA",
    "source_id": "469ae63aa92b2302",
    "housenumber": 63,
    "lat": 52.5298319,
    "lon": 13.5572732,
    "parity": "L",
    "proj_lat": 52.52969970729668,
    "proj_lon": 13.557249446666466,
    "marker-color": "#3366ff",
    "marker-symbol": "o"
  },
  {
    "rowid": 138645,
    "id": 42088,
    "source": "OA",
    "source_id": "858b6e315a21806e",
    "housenumber": 64,
    "lat": 52.5292676,
    "lon": 13.5571661,
    "parity": "R",
    "proj_lat": 52.52970008216809,
    "proj_lon": 13.557243809502397,
    "marker-color": "#ff0000",
    "marker-symbol": "e"
  },
  {
    "rowid": 138645,
    "id": 42088,
    "source": "OA",
    "source_id": "858b6e315a21806e",
    "housenumber": 64,
    "lat": 52.5292676,
    "lon": 13.5571661,
    "parity": "R",
    "proj_lat": 52.52970008216809,
    "proj_lon": 13.557243809502397,
    "marker-color": "#ff0000",
    "marker-symbol": "e"
  },
  {
    "rowid": 138646,
    "id": 42088,
    "source": "OA",
    "source_id": "291f471599c2ba99",
    "housenumber": 69,
    "lat": 52.5297384,
    "lon": 13.5586917,
    "parity": "L",
    "proj_lat": 52.52960285222572,
    "proj_lon": 13.55866581505903,
    "marker-color": "#3366ff",
    "marker-symbol": "o"
  },
  {
    "rowid": 138646,
    "id": 42088,
    "source": "OA",
    "source_id": "291f471599c2ba99",
    "housenumber": 69,
    "lat": 52.5297384,
    "lon": 13.5586917,
    "parity": "L",
    "proj_lat": 52.52960285222572,
    "proj_lon": 13.55866581505903,
    "marker-color": "#3366ff",
    "marker-symbol": "o"
  },
  {
    "rowid": 138647,
    "id": 42088,
    "source": "OA",
    "source_id": "fd43918f3fb6be64",
    "housenumber": 71,
    "lat": 52.5296999,
    "lon": 13.5591513,
    "parity": "L",
    "proj_lat": 52.529570290197135,
    "proj_lon": 13.559126549049774,
    "marker-color": "#3366ff",
    "marker-symbol": "o"
  },
  {
    "rowid": 138647,
    "id": 42088,
    "source": "OA",
    "source_id": "fd43918f3fb6be64",
    "housenumber": 71,
    "lat": 52.5296999,
    "lon": 13.5591513,
    "parity": "L",
    "proj_lat": 52.529570290197135,
    "proj_lon": 13.559126549049774,
    "marker-color": "#3366ff",
    "marker-symbol": "o"
  },
  {
    "rowid": 158971,
    "id": 42088,
    "source": "OA",
    "source_id": "5c9fdf23d3faf046",
    "housenumber": 80,
    "lat": 52.5293774,
    "lon": 13.5600014,
    "parity": "R",
    "proj_lat": 52.529507384750126,
    "proj_lon": 13.560025970924658,
    "marker-color": "#ff0000",
    "marker-symbol": "e"
  },
  {
    "rowid": 158971,
    "id": 42088,
    "source": "OA",
    "source_id": "5c9fdf23d3faf046",
    "housenumber": 80,
    "lat": 52.5293774,
    "lon": 13.5600014,
    "parity": "R",
    "proj_lat": 52.529507384750126,
    "proj_lon": 13.560025970924658,
    "marker-color": "#ff0000",
    "marker-symbol": "e"
  },
  {
    "rowid": 138648,
    "id": 42088,
    "source": "OA",
    "source_id": "e4ebbefa4e9b42bc",
    "housenumber": 81,
    "lat": 52.5300755,
    "lon": 13.5598212,
    "parity": "L",
    "proj_lat": 52.52952893839668,
    "proj_lon": 13.559717880565113,
    "marker-color": "#3366ff",
    "marker-symbol": "o"
  },
  {
    "rowid": 138648,
    "id": 42088,
    "source": "OA",
    "source_id": "e4ebbefa4e9b42bc",
    "housenumber": 81,
    "lat": 52.5300755,
    "lon": 13.5598212,
    "parity": "L",
    "proj_lat": 52.52952893839668,
    "proj_lon": 13.559717880565113,
    "marker-color": "#3366ff",
    "marker-symbol": "o"
  },
  {
    "rowid": 138649,
    "id": 42088,
    "source": "OA",
    "source_id": "2d7d31c1cb76d4e8",
    "housenumber": 85,
    "lat": 52.529587,
    "lon": 13.5605044,
    "parity": "L",
    "proj_lat": 52.52947539037334,
    "proj_lon": 13.560483302310455,
    "marker-color": "#3366ff",
    "marker-symbol": "o"
  },
  {
    "rowid": 138649,
    "id": 42088,
    "source": "OA",
    "source_id": "2d7d31c1cb76d4e8",
    "housenumber": 85,
    "lat": 52.529587,
    "lon": 13.5605044,
    "parity": "L",
    "proj_lat": 52.52947539037334,
    "proj_lon": 13.560483302310455,
    "marker-color": "#3366ff",
    "marker-symbol": "o"
  },
  {
    "rowid": 138650,
    "id": 42088,
    "source": "OA",
    "source_id": "49aea04a9010cb2c",
    "housenumber": 87,
    "lat": 52.529603,
    "lon": 13.5608223,
    "parity": "L",
    "proj_lat": 52.52945364955664,
    "proj_lon": 13.56079406810211,
    "marker-color": "#3366ff",
    "marker-symbol": "o"
  },
  {
    "rowid": 138650,
    "id": 42088,
    "source": "OA",
    "source_id": "49aea04a9010cb2c",
    "housenumber": 87,
    "lat": 52.529603,
    "lon": 13.5608223,
    "parity": "L",
    "proj_lat": 52.52945364955664,
    "proj_lon": 13.56079406810211,
    "marker-color": "#3366ff",
    "marker-symbol": "o"
  },
  {
    "rowid": 138651,
    "id": 42088,
    "source": "OA",
    "source_id": "48bf99ca38d32ad8",
    "housenumber": 89,
    "lat": 52.5295789,
    "lon": 13.5611706,
    "parity": "L",
    "proj_lat": 52.52942899729127,
    "proj_lon": 13.561141609273438,
    "marker-color": "#3366ff",
    "marker-symbol": "o"
  },
  {
    "rowid": 138651,
    "id": 42088,
    "source": "OA",
    "source_id": "48bf99ca38d32ad8",
    "housenumber": 89,
    "lat": 52.5295789,
    "lon": 13.5611706,
    "parity": "L",
    "proj_lat": 52.52942899729127,
    "proj_lon": 13.561141609273438,
    "marker-color": "#3366ff",
    "marker-symbol": "o"
  },
  {
    "rowid": 138652,
    "id": 42088,
    "source": "OA",
    "source_id": "fc3092718181833f",
    "housenumber": 91,
    "lat": 52.5295077,
    "lon": 13.5617257,
    "parity": "L",
    "proj_lat": 52.529389234803084,
    "proj_lon": 13.561703287555956,
    "marker-color": "#3366ff",
    "marker-symbol": "o"
  },
  {
    "rowid": 138652,
    "id": 42088,
    "source": "OA",
    "source_id": "fc3092718181833f",
    "housenumber": 91,
    "lat": 52.5295077,
    "lon": 13.5617257,
    "parity": "L",
    "proj_lat": 52.529389234803084,
    "proj_lon": 13.561703287555956,
    "marker-color": "#3366ff",
    "marker-symbol": "o"
  },
  {
    "rowid": 138653,
    "id": 42088,
    "source": "OA",
    "source_id": "51531a7dbb4d9ed2",
    "housenumber": 92,
    "lat": 52.5290656,
    "lon": 13.5620868,
    "parity": "R",
    "proj_lat": 52.52935849463919,
    "proj_lon": 13.562142239025556,
    "marker-color": "#ff0000",
    "marker-symbol": "e"
  },
  {
    "rowid": 138653,
    "id": 42088,
    "source": "OA",
    "source_id": "51531a7dbb4d9ed2",
    "housenumber": 92,
    "lat": 52.5290656,
    "lon": 13.5620868,
    "parity": "R",
    "proj_lat": 52.52935849463919,
    "proj_lon": 13.562142239025556,
    "marker-color": "#ff0000",
    "marker-symbol": "e"
  },
  {
    "rowid": 146786,
    "id": 42088,
    "source": "OA",
    "source_id": "636af7ee1f2c2015",
    "housenumber": 93,
    "lat": 52.5296795,
    "lon": 13.5621134,
    "parity": "L",
    "proj_lat": 52.52936468924473,
    "proj_lon": 13.562053811031474,
    "marker-color": "#3366ff",
    "marker-symbol": "o"
  },
  {
    "rowid": 146786,
    "id": 42088,
    "source": "OA",
    "source_id": "636af7ee1f2c2015",
    "housenumber": 93,
    "lat": 52.5296795,
    "lon": 13.5621134,
    "parity": "L",
    "proj_lat": 52.52936468924473,
    "proj_lon": 13.562053811031474,
    "marker-color": "#3366ff",
    "marker-symbol": "o"
  },
  {
    "rowid": 138654,
    "id": 42088,
    "source": "OA",
    "source_id": "7e074e78ffd0eee6",
    "housenumber": 97,
    "lat": 52.5295533,
    "lon": 13.5624658,
    "parity": "L",
    "proj_lat": 52.52933867427025,
    "proj_lon": 13.56242517479219,
    "marker-color": "#3366ff",
    "marker-symbol": "o"
  },
  {
    "rowid": 138654,
    "id": 42088,
    "source": "OA",
    "source_id": "7e074e78ffd0eee6",
    "housenumber": 97,
    "lat": 52.5295533,
    "lon": 13.5624658,
    "parity": "L",
    "proj_lat": 52.52933867427025,
    "proj_lon": 13.56242517479219,
    "marker-color": "#3366ff",
    "marker-symbol": "o"
  },
  {
    "rowid": 138655,
    "id": 42088,
    "source": "OA",
    "source_id": "91b40f1b69fdd145",
    "housenumber": 99,
    "lat": 52.5297412,
    "lon": 13.5628159,
    "parity": "L",
    "proj_lat": 52.52931689224227,
    "proj_lon": 13.562735183660852,
    "marker-color": "#3366ff",
    "marker-symbol": "o"
  },
  {
    "rowid": 138655,
    "id": 42088,
    "source": "OA",
    "source_id": "91b40f1b69fdd145",
    "housenumber": 99,
    "lat": 52.5297412,
    "lon": 13.5628159,
    "parity": "L",
    "proj_lat": 52.52931689224227,
    "proj_lon": 13.562735183660852,
    "marker-color": "#3366ff",
    "marker-symbol": "o"
  },
  {
    "rowid": 138656,
    "id": 42088,
    "source": "OA",
    "source_id": "c1c81a38630ad552",
    "housenumber": 99.03,
    "lat": 52.5294529,
    "lon": 13.5627612,
    "parity": "L",
    "proj_lat": 52.52931688224977,
    "proj_lon": 13.562735325595122,
    "marker-color": "#3366ff",
    "marker-symbol": "o"
  },
  {
    "rowid": 138656,
    "id": 42088,
    "source": "OA",
    "source_id": "c1c81a38630ad552",
    "housenumber": 99.03,
    "lat": 52.5294529,
    "lon": 13.5627612,
    "parity": "L",
    "proj_lat": 52.52931688224977,
    "proj_lon": 13.562735325595122,
    "marker-color": "#3366ff",
    "marker-symbol": "o"
  },
  {
    "rowid": 138657,
    "id": 42088,
    "source": "OA",
    "source_id": "69f264b58b55f3cd",
    "housenumber": 101,
    "lat": 52.5294216,
    "lon": 13.5630423,
    "parity": "L",
    "proj_lat": 52.52929694005183,
    "proj_lon": 13.563018586202588,
    "marker-color": "#3366ff",
    "marker-symbol": "o"
  },
  {
    "rowid": 138657,
    "id": 42088,
    "source": "OA",
    "source_id": "69f264b58b55f3cd",
    "housenumber": 101,
    "lat": 52.5294216,
    "lon": 13.5630423,
    "parity": "L",
    "proj_lat": 52.52929694005183,
    "proj_lon": 13.563018586202588,
    "marker-color": "#3366ff",
    "marker-symbol": "o"
  },
  {
    "rowid": 138658,
    "id": 42088,
    "source": "OA",
    "source_id": "261040ac22c0e658",
    "housenumber": 101.03,
    "lat": 52.5297227,
    "lon": 13.5630976,
    "parity": "L",
    "proj_lat": 52.52929707751756,
    "proj_lon": 13.563016633628132,
    "marker-color": "#3366ff",
    "marker-symbol": "o"
  },
  {
    "rowid": 138658,
    "id": 42088,
    "source": "OA",
    "source_id": "261040ac22c0e658",
    "housenumber": 101.03,
    "lat": 52.5297227,
    "lon": 13.5630976,
    "parity": "L",
    "proj_lat": 52.52929707751756,
    "proj_lon": 13.563016633628132,
    "marker-color": "#3366ff",
    "marker-symbol": "o"
  },
  {
    "rowid": 138659,
    "id": 42088,
    "source": "OA",
    "source_id": "e314e48b44a60c25",
    "housenumber": 103,
    "lat": 52.5296668,
    "lon": 13.56337,
    "parity": "L",
    "proj_lat": 52.52927741460693,
    "proj_lon": 13.563295927215837,
    "marker-color": "#3366ff",
    "marker-symbol": "o"
  },
  {
    "rowid": 138659,
    "id": 42088,
    "source": "OA",
    "source_id": "e314e48b44a60c25",
    "housenumber": 103,
    "lat": 52.5296668,
    "lon": 13.56337,
    "parity": "L",
    "proj_lat": 52.52927741460693,
    "proj_lon": 13.563295927215837,
    "marker-color": "#3366ff",
    "marker-symbol": "o"
  },
  {
    "rowid": 138660,
    "id": 42088,
    "source": "OA",
    "source_id": "b462656aadefabeb",
    "housenumber": 105,
    "lat": 52.5294127,
    "lon": 13.5636411,
    "parity": "L",
    "proj_lat": 52.52925522266067,
    "proj_lon": 13.563611143432048,
    "marker-color": "#3366ff",
    "marker-symbol": "o"
  },
  {
    "rowid": 138660,
    "id": 42088,
    "source": "OA",
    "source_id": "b462656aadefabeb",
    "housenumber": 105,
    "lat": 52.5294127,
    "lon": 13.5636411,
    "parity": "L",
    "proj_lat": 52.52925522266067,
    "proj_lon": 13.563611143432048,
    "marker-color": "#3366ff",
    "marker-symbol": "o"
  },
  {
    "rowid": 138661,
    "id": 42088,
    "source": "OA",
    "source_id": "0822391a1825f2c9",
    "housenumber": 113,
    "lat": 52.5293919,
    "lon": 13.5650596,
    "parity": "L",
    "proj_lat": 52.529157012792005,
    "proj_lon": 13.56501477886522,
    "marker-color": "#3366ff",
    "marker-symbol": "o"
  },
  {
    "rowid": 138661,
    "id": 42088,
    "source": "OA",
    "source_id": "0822391a1825f2c9",
    "housenumber": 113,
    "lat": 52.5293919,
    "lon": 13.5650596,
    "parity": "L",
    "proj_lat": 52.529157012792005,
    "proj_lon": 13.56501477886522,
    "marker-color": "#3366ff",
    "marker-symbol": "o"
  },
  {
    "rowid": 173660,
    "id": 42088,
    "source": "OA",
    "source_id": "d42bc5aa168abc19",
    "housenumber": 141,
    "lat": 52.529185,
    "lon": 13.5677,
    "parity": "L",
    "proj_lat": 52.52905420761552,
    "proj_lon": 13.56768637095195,
    "marker-color": "#3366ff",
    "marker-symbol": "o"
  },
  {
    "rowid": 173660,
    "id": 42088,
    "source": "OA",
    "source_id": "d42bc5aa168abc19",
    "housenumber": 141,
    "lat": 52.529185,
    "lon": 13.5677,
    "parity": "L",
    "proj_lat": 52.52905420761552,
    "proj_lon": 13.56768637095195,
    "marker-color": "#3366ff",
    "marker-symbol": "o"
  },
  {
    "rowid": 173661,
    "id": 42088,
    "source": "OA",
    "source_id": "cb57e6380d184f20",
    "housenumber": 143,
    "lat": 52.5291631,
    "lon": 13.5681786,
    "parity": "L",
    "proj_lat": 52.52903573632597,
    "proj_lon": 13.56816532824944,
    "marker-color": "#3366ff",
    "marker-symbol": "o"
  },
  {
    "rowid": 173661,
    "id": 42088,
    "source": "OA",
    "source_id": "cb57e6380d184f20",
    "housenumber": 143,
    "lat": 52.5291631,
    "lon": 13.5681786,
    "parity": "L",
    "proj_lat": 52.52903573632597,
    "proj_lon": 13.56816532824944,
    "marker-color": "#3366ff",
    "marker-symbol": "o"
  },
  {
    "rowid": 173662,
    "id": 42088,
    "source": "OA",
    "source_id": "59022d4621404357",
    "housenumber": 145,
    "lat": 52.5291591,
    "lon": 13.5687543,
    "parity": "L",
    "proj_lat": 52.529007713007225,
    "proj_lon": 13.56873209267344,
    "marker-color": "#3366ff",
    "marker-symbol": "o"
  },
  {
    "rowid": 173662,
    "id": 42088,
    "source": "OA",
    "source_id": "59022d4621404357",
    "housenumber": 145,
    "lat": 52.5291591,
    "lon": 13.5687543,
    "parity": "L",
    "proj_lat": 52.529007713007225,
    "proj_lon": 13.56873209267344,
    "marker-color": "#3366ff",
    "marker-symbol": "o"
  },
  {
    "rowid": 173663,
    "id": 42088,
    "source": "OA",
    "source_id": "6790b5f249575d43",
    "housenumber": 147,
    "lat": 52.5290718,
    "lon": 13.5693662,
    "parity": "L",
    "proj_lat": 52.52895918784963,
    "proj_lon": 13.56933858052321,
    "marker-color": "#3366ff",
    "marker-symbol": "o"
  },
  {
    "rowid": 173663,
    "id": 42088,
    "source": "OA",
    "source_id": "6790b5f249575d43",
    "housenumber": 147,
    "lat": 52.5290718,
    "lon": 13.5693662,
    "parity": "L",
    "proj_lat": 52.52895918784963,
    "proj_lon": 13.56933858052321,
    "marker-color": "#3366ff",
    "marker-symbol": "o"
  },
  {
    "rowid": 142429,
    "id": 42088,
    "source": "OA",
    "source_id": "749d196ee403695c",
    "housenumber": 161,
    "lat": 52.5290535,
    "lon": 13.5708254,
    "parity": "L",
    "proj_lat": 52.528746,
    "proj_lon": 13.570645,
    "marker-color": "#3366ff",
    "marker-symbol": "o"
  },
  {
    "rowid": 142429,
    "id": 42088,
    "source": "OA",
    "source_id": "749d196ee403695c",
    "housenumber": 161,
    "lat": 52.5290535,
    "lon": 13.5708254,
    "parity": "L",
    "proj_lat": 52.528746,
    "proj_lon": 13.570645,
    "marker-color": "#3366ff",
    "marker-symbol": "o"
  },
  {
    "rowid": 169239,
    "id": 42091,
    "source": "OA",
    "source_id": "517449969cb610cb",
    "housenumber": 164,
    "lat": 52.5282879,
    "lon": 13.5701741,
    "parity": "R",
    "proj_lat": 52.52868345217773,
    "proj_lon": 13.570395912234561,
    "marker-color": "#ff0000",
    "marker-symbol": "e"
  },
  {
    "rowid": 169239,
    "id": 42091,
    "source": "OA",
    "source_id": "517449969cb610cb",
    "housenumber": 164,
    "lat": 52.5282879,
    "lon": 13.5701741,
    "parity": "R",
    "proj_lat": 52.52868345217773,
    "proj_lon": 13.570395912234561,
    "marker-color": "#ff0000",
    "marker-symbol": "e"
  },
  {
    "rowid": 138662,
    "id": 42089,
    "source": "OA",
    "source_id": "2881394b3cbf81e2",
    "housenumber": 166,
    "lat": 52.5277637,
    "lon": 13.5714272,
    "parity": "L",
    "proj_lat": 52.52794244592601,
    "proj_lon": 13.571465716466196,
    "marker-color": "#3366ff",
    "marker-symbol": "e"
  },
  {
    "rowid": 138662,
    "id": 42089,
    "source": "OA",
    "source_id": "2881394b3cbf81e2",
    "housenumber": 166,
    "lat": 52.5277637,
    "lon": 13.5714272,
    "parity": "L",
    "proj_lat": 52.52794244592601,
    "proj_lon": 13.571465716466196,
    "marker-color": "#3366ff",
    "marker-symbol": "e"
  },
  {
    "rowid": 158972,
    "id": 42088,
    "source": "OA",
    "source_id": "7807a69af36f62a7",
    "housenumber": 167,
    "lat": 52.5284588,
    "lon": 13.5719928,
    "parity": "L",
    "proj_lat": 52.52833914861892,
    "proj_lon": 13.571865333212875,
    "marker-color": "#3366ff",
    "marker-symbol": "o"
  },
  {
    "rowid": 158972,
    "id": 42088,
    "source": "OA",
    "source_id": "7807a69af36f62a7",
    "housenumber": 167,
    "lat": 52.5284588,
    "lon": 13.5719928,
    "parity": "L",
    "proj_lat": 52.52833914861892,
    "proj_lon": 13.571865333212875,
    "marker-color": "#3366ff",
    "marker-symbol": "o"
  },
  {
    "rowid": 138663,
    "id": 42089,
    "source": "OA",
    "source_id": "f526da0aadad3056",
    "housenumber": 168,
    "lat": 52.5277387,
    "lon": 13.5717739,
    "parity": "L",
    "proj_lat": 52.52791483979723,
    "proj_lon": 13.571811854850072,
    "marker-color": "#3366ff",
    "marker-symbol": "e"
  },
  {
    "rowid": 138663,
    "id": 42089,
    "source": "OA",
    "source_id": "f526da0aadad3056",
    "housenumber": 168,
    "lat": 52.5277387,
    "lon": 13.5717739,
    "parity": "L",
    "proj_lat": 52.52791483979723,
    "proj_lon": 13.571811854850072,
    "marker-color": "#3366ff",
    "marker-symbol": "e"
  },
  {
    "rowid": 150734,
    "id": 42088,
    "source": "OA",
    "source_id": "f71607fee43a31e3",
    "housenumber": 169,
    "lat": 52.5285499,
    "lon": 13.5723693,
    "parity": "L",
    "proj_lat": 52.528262,
    "proj_lon": 13.572061,
    "marker-color": "#3366ff",
    "marker-symbol": "o"
  },
  {
    "rowid": 150734,
    "id": 42088,
    "source": "OA",
    "source_id": "f71607fee43a31e3",
    "housenumber": 169,
    "lat": 52.5285499,
    "lon": 13.5723693,
    "parity": "L",
    "proj_lat": 52.528262,
    "proj_lon": 13.572061,
    "marker-color": "#3366ff",
    "marker-symbol": "o"
  },
  {
    "rowid": 138664,
    "id": 42089,
    "source": "OA",
    "source_id": "24aca346628d5848",
    "housenumber": 170,
    "lat": 52.5277063,
    "lon": 13.5720907,
    "parity": "L",
    "proj_lat": 52.52788945301757,
    "proj_lon": 13.572130166010382,
    "marker-color": "#3366ff",
    "marker-symbol": "e"
  },
  {
    "rowid": 138664,
    "id": 42089,
    "source": "OA",
    "source_id": "24aca346628d5848",
    "housenumber": 170,
    "lat": 52.5277063,
    "lon": 13.5720907,
    "parity": "L",
    "proj_lat": 52.52788945301757,
    "proj_lon": 13.572130166010382,
    "marker-color": "#3366ff",
    "marker-symbol": "e"
  },
  {
    "rowid": 138665,
    "id": 42089,
    "source": "OA",
    "source_id": "4299d065a21b7de7",
    "housenumber": 172,
    "lat": 52.5272993,
    "lon": 13.5722958,
    "parity": "L",
    "proj_lat": 52.52763264046869,
    "proj_lon": 13.572753130142598,
    "marker-color": "#3366ff",
    "marker-symbol": "e"
  },
  {
    "rowid": 138665,
    "id": 42089,
    "source": "OA",
    "source_id": "4299d065a21b7de7",
    "housenumber": 172,
    "lat": 52.5272993,
    "lon": 13.5722958,
    "parity": "L",
    "proj_lat": 52.52763264046869,
    "proj_lon": 13.572753130142598,
    "marker-color": "#3366ff",
    "marker-symbol": "e"
  },
  {
    "rowid": 138666,
    "id": 42088,
    "source": "OA",
    "source_id": "1d8dad616b6929c8",
    "housenumber": 173,
    "lat": 52.5282384,
    "lon": 13.5727907,
    "parity": "L",
    "proj_lat": 52.528042871132186,
    "proj_lon": 13.572557574289153,
    "marker-color": "#3366ff",
    "marker-symbol": "o"
  },
  {
    "rowid": 138666,
    "id": 42088,
    "source": "OA",
    "source_id": "1d8dad616b6929c8",
    "housenumber": 173,
    "lat": 52.5282384,
    "lon": 13.5727907,
    "parity": "L",
    "proj_lat": 52.528042871132186,
    "proj_lon": 13.572557574289153,
    "marker-color": "#3366ff",
    "marker-symbol": "o"
  },
  {
    "rowid": 138667,
    "id": 42089,
    "source": "OA",
    "source_id": "aa8ca8be6d934559",
    "housenumber": 174,
    "lat": 52.5272699,
    "lon": 13.572632,
    "parity": "L",
    "proj_lat": 52.527519946656895,
    "proj_lon": 13.572975053817055,
    "marker-color": "#3366ff",
    "marker-symbol": "e"
  },
  {
    "rowid": 138667,
    "id": 42089,
    "source": "OA",
    "source_id": "aa8ca8be6d934559",
    "housenumber": 174,
    "lat": 52.5272699,
    "lon": 13.572632,
    "parity": "L",
    "proj_lat": 52.527519946656895,
    "proj_lon": 13.572975053817055,
    "marker-color": "#3366ff",
    "marker-symbol": "e"
  },
  {
    "rowid": 138668,
    "id": 42088,
    "source": "OA",
    "source_id": "0a130f58183c1137",
    "housenumber": 175,
    "lat": 52.5279387,
    "lon": 13.5733448,
    "parity": "L",
    "proj_lat": 52.52777810493353,
    "proj_lon": 13.573129382945266,
    "marker-color": "#3366ff",
    "marker-symbol": "o"
  },
  {
    "rowid": 138668,
    "id": 42088,
    "source": "OA",
    "source_id": "0a130f58183c1137",
    "housenumber": 175,
    "lat": 52.5279387,
    "lon": 13.5733448,
    "parity": "L",
    "proj_lat": 52.52777810493353,
    "proj_lon": 13.573129382945266,
    "marker-color": "#3366ff",
    "marker-symbol": "o"
  },
  {
    "rowid": 138669,
    "id": 42089,
    "source": "OA",
    "source_id": "af63970257dbfc1d",
    "housenumber": 176,
    "lat": 52.5272407,
    "lon": 13.5729678,
    "parity": "L",
    "proj_lat": 52.52721244868799,
    "proj_lon": 13.57329064601569,
    "marker-color": "#3366ff",
    "marker-symbol": "e"
  },
  {
    "rowid": 138669,
    "id": 42089,
    "source": "OA",
    "source_id": "af63970257dbfc1d",
    "housenumber": 176,
    "lat": 52.5272407,
    "lon": 13.5729678,
    "parity": "L",
    "proj_lat": 52.52721244868799,
    "proj_lon": 13.57329064601569,
    "marker-color": "#3366ff",
    "marker-symbol": "e"
  },
  {
    "rowid": 138670,
    "id": 42088,
    "source": "OA",
    "source_id": "1bd591ff29591414",
    "housenumber": 177,
    "lat": 52.5278184,
    "lon": 13.5736002,
    "parity": "L",
    "proj_lat": 52.52765390436651,
    "proj_lon": 13.573379552058908,
    "marker-color": "#3366ff",
    "marker-symbol": "o"
  },
  {
    "rowid": 138670,
    "id": 42088,
    "source": "OA",
    "source_id": "1bd591ff29591414",
    "housenumber": 177,
    "lat": 52.5278184,
    "lon": 13.5736002,
    "parity": "L",
    "proj_lat": 52.52765390436651,
    "proj_lon": 13.573379552058908,
    "marker-color": "#3366ff",
    "marker-symbol": "o"
  },
  {
    "rowid": 138671,
    "id": 42089,
    "source": "OA",
    "source_id": "905d0753fa65a8dc",
    "housenumber": 178,
    "lat": 52.5268353,
    "lon": 13.573178,
    "parity": "L",
    "proj_lat": 52.526994,
    "proj_lon": 13.573239,
    "marker-color": "#3366ff",
    "marker-symbol": "e"
  },
  {
    "rowid": 138671,
    "id": 42089,
    "source": "OA",
    "source_id": "905d0753fa65a8dc",
    "housenumber": 178,
    "lat": 52.5268353,
    "lon": 13.573178,
    "parity": "L",
    "proj_lat": 52.526994,
    "proj_lon": 13.573239,
    "marker-color": "#3366ff",
    "marker-symbol": "e"
  },
  {
    "rowid": 138672,
    "id": 42088,
    "source": "OA",
    "source_id": "afae1f1a6ad944f3",
    "housenumber": 179,
    "lat": 52.5277589,
    "lon": 13.5738972,
    "parity": "L",
    "proj_lat": 52.52754161080945,
    "proj_lon": 13.573605737657827,
    "marker-color": "#3366ff",
    "marker-symbol": "o"
  },
  {
    "rowid": 138672,
    "id": 42088,
    "source": "OA",
    "source_id": "afae1f1a6ad944f3",
    "housenumber": 179,
    "lat": 52.5277589,
    "lon": 13.5738972,
    "parity": "L",
    "proj_lat": 52.52754161080945,
    "proj_lon": 13.573605737657827,
    "marker-color": "#3366ff",
    "marker-symbol": "o"
  },
  {
    "rowid": 138673,
    "id": 42089,
    "source": "OA",
    "source_id": "2094cedbb0dec964",
    "housenumber": 180,
    "lat": 52.5268091,
    "lon": 13.5735181,
    "parity": "R",
    "proj_lat": 52.526994,
    "proj_lon": 13.573239,
    "marker-color": "#ff0000",
    "marker-symbol": "e"
  },
  {
    "rowid": 138673,
    "id": 42089,
    "source": "OA",
    "source_id": "2094cedbb0dec964",
    "housenumber": 180,
    "lat": 52.5268091,
    "lon": 13.5735181,
    "parity": "R",
    "proj_lat": 52.526994,
    "proj_lon": 13.573239,
    "marker-color": "#ff0000",
    "marker-symbol": "e"
  },
  {
    "rowid": 138674,
    "id": 42091,
    "source": "OA",
    "source_id": "030569c8207ea48b",
    "housenumber": 182,
    "lat": 52.5267806,
    "lon": 13.5738388,
    "parity": "R",
    "proj_lat": 52.5271126458506,
    "proj_lon": 13.574207212353803,
    "marker-color": "#ff0000",
    "marker-symbol": "e"
  },
  {
    "rowid": 138674,
    "id": 42091,
    "source": "OA",
    "source_id": "030569c8207ea48b",
    "housenumber": 182,
    "lat": 52.5267806,
    "lon": 13.5738388,
    "parity": "R",
    "proj_lat": 52.5271126458506,
    "proj_lon": 13.574207212353803,
    "marker-color": "#ff0000",
    "marker-symbol": "e"
  }
]
