[
  {
    "rowid": 216486,
    "id": 12139,
    "source": "OA",
    "source_id": "5a0cbe9bd90ed923",
    "housenumber": 1,
    "lat": 52.5267876,
    "lon": 13.4014544,
    "parity": "R",
    "proj_lat": 52.526755987083504,
    "proj_lon": 13.40132931093392,
    "marker-color": "#ff0000",
    "marker-symbol": "o"
  },
  {
    "rowid": 216486,
    "id": 12139,
    "source": "OA",
    "source_id": "5a0cbe9bd90ed923",
    "housenumber": 1,
    "lat": 52.5267876,
    "lon": 13.4014544,
    "parity": "R",
    "proj_lat": 52.526755987083504,
    "proj_lon": 13.40132931093392,
    "marker-color": "#ff0000",
    "marker-symbol": "o"
  },
  {
    "rowid": 218605,
    "id": 12139,
    "source": "OA",
    "source_id": "f7a5535caab1ffd1",
    "housenumber": 2,
    "lat": 52.5268628,
    "lon": 13.4013986,
    "parity": "R",
    "proj_lat": 52.52683214736596,
    "proj_lon": 13.401277310257685,
    "marker-color": "#ff0000",
    "marker-symbol": "e"
  },
  {
    "rowid": 218605,
    "id": 12139,
    "source": "OA",
    "source_id": "f7a5535caab1ffd1",
    "housenumber": 2,
    "lat": 52.5268628,
    "lon": 13.4013986,
    "parity": "R",
    "proj_lat": 52.52683214736596,
    "proj_lon": 13.401277310257685,
    "marker-color": "#ff0000",
    "marker-symbol": "e"
  },
  {
    "rowid": 207310,
    "id": 12139,
    "source": "OA",
    "source_id": "068326739a65c2ed",
    "housenumber": 3,
    "lat": 52.5270354,
    "lon": 13.401292,
    "parity": "R",
    "proj_lat": 52.52700232334526,
    "proj_lon": 13.401161117595079,
    "marker-color": "#ff0000",
    "marker-symbol": "o"
  },
  {
    "rowid": 207310,
    "id": 12139,
    "source": "OA",
    "source_id": "068326739a65c2ed",
    "housenumber": 3,
    "lat": 52.5270354,
    "lon": 13.401292,
    "parity": "R",
    "proj_lat": 52.52700232334526,
    "proj_lon": 13.401161117595079,
    "marker-color": "#ff0000",
    "marker-symbol": "o"
  },
  {
    "rowid": 207311,
    "id": 12139,
    "source": "OA",
    "source_id": "f443e60cca8af73b",
    "housenumber": 4,
    "lat": 52.5270859,
    "lon": 13.4012566,
    "parity": "R",
    "proj_lat": 52.52705304269389,
    "proj_lon": 13.401126500782944,
    "marker-color": "#ff0000",
    "marker-symbol": "e"
  },
  {
    "rowid": 207311,
    "id": 12139,
    "source": "OA",
    "source_id": "f443e60cca8af73b",
    "housenumber": 4,
    "lat": 52.5270859,
    "lon": 13.4012566,
    "parity": "R",
    "proj_lat": 52.52705304269389,
    "proj_lon": 13.401126500782944,
    "marker-color": "#ff0000",
    "marker-symbol": "e"
  },
  {
    "rowid": 222253,
    "id": 12139,
    "source": "OA",
    "source_id": "34361d4da7b279dd",
    "housenumber": 5,
    "lat": 52.5272276,
    "lon": 13.4011436,
    "parity": "R",
    "proj_lat": 52.527198257173005,
    "proj_lon": 13.401027415689644,
    "marker-color": "#ff0000",
    "marker-symbol": "o"
  },
  {
    "rowid": 222253,
    "id": 12139,
    "source": "OA",
    "source_id": "34361d4da7b279dd",
    "housenumber": 5,
    "lat": 52.5272276,
    "lon": 13.4011436,
    "parity": "R",
    "proj_lat": 52.527198257173005,
    "proj_lon": 13.401027415689644,
    "marker-color": "#ff0000",
    "marker-symbol": "o"
  },
  {
    "rowid": 218606,
    "id": 12139,
    "source": "OA",
    "source_id": "3e6c35e52ef62382",
    "housenumber": 6,
    "lat": 52.527302,
    "lon": 13.4010883,
    "parity": "R",
    "proj_lat": 52.527273634054175,
    "proj_lon": 13.400975983316311,
    "marker-color": "#ff0000",
    "marker-symbol": "e"
  },
  {
    "rowid": 218606,
    "id": 12139,
    "source": "OA",
    "source_id": "3e6c35e52ef62382",
    "housenumber": 6,
    "lat": 52.527302,
    "lon": 13.4010883,
    "parity": "R",
    "proj_lat": 52.527273634054175,
    "proj_lon": 13.400975983316311,
    "marker-color": "#ff0000",
    "marker-symbol": "e"
  },
  {
    "rowid": 207312,
    "id": 12139,
    "source": "OA",
    "source_id": "bc3c16b97259ad4f",
    "housenumber": 7,
    "lat": 52.5274351,
    "lon": 13.4009934,
    "parity": "R",
    "proj_lat": 52.52740761337439,
    "proj_lon": 13.40088456437844,
    "marker-color": "#ff0000",
    "marker-symbol": "o"
  },
  {
    "rowid": 207312,
    "id": 12139,
    "source": "OA",
    "source_id": "bc3c16b97259ad4f",
    "housenumber": 7,
    "lat": 52.5274351,
    "lon": 13.4009934,
    "parity": "R",
    "proj_lat": 52.52740761337439,
    "proj_lon": 13.40088456437844,
    "marker-color": "#ff0000",
    "marker-symbol": "o"
  },
  {
    "rowid": 207313,
    "id": 12139,
    "source": "OA",
    "source_id": "03fd44cf61e2d4c8",
    "housenumber": 8,
    "lat": 52.527523,
    "lon": 13.4009148,
    "parity": "R",
    "proj_lat": 52.527499525295795,
    "proj_lon": 13.40082184954888,
    "marker-color": "#ff0000",
    "marker-symbol": "e"
  },
  {
    "rowid": 207313,
    "id": 12139,
    "source": "OA",
    "source_id": "03fd44cf61e2d4c8",
    "housenumber": 8,
    "lat": 52.527523,
    "lon": 13.4009148,
    "parity": "R",
    "proj_lat": 52.527499525295795,
    "proj_lon": 13.40082184954888,
    "marker-color": "#ff0000",
    "marker-symbol": "e"
  },
  {
    "rowid": 207314,
    "id": 12139,
    "source": "OA",
    "source_id": "0df91e36678ae906",
    "housenumber": 9,
    "lat": 52.5278672,
    "lon": 13.4006994,
    "parity": "R",
    "proj_lat": 52.52784500596153,
    "proj_lon": 13.400597429692661,
    "marker-color": "#ff0000",
    "marker-symbol": "o"
  },
  {
    "rowid": 207314,
    "id": 12139,
    "source": "OA",
    "source_id": "0df91e36678ae906",
    "housenumber": 9,
    "lat": 52.5278672,
    "lon": 13.4006994,
    "parity": "R",
    "proj_lat": 52.52784500596153,
    "proj_lon": 13.400597429692661,
    "marker-color": "#ff0000",
    "marker-symbol": "o"
  },
  {
    "rowid": 218607,
    "id": 12139,
    "source": "OA",
    "source_id": "da999f278b132aa3",
    "housenumber": 10,
    "lat": 52.5280178,
    "lon": 13.4006016,
    "parity": "R",
    "proj_lat": 52.52799738873477,
    "proj_lon": 13.400507819984918,
    "marker-color": "#ff0000",
    "marker-symbol": "e"
  },
  {
    "rowid": 218607,
    "id": 12139,
    "source": "OA",
    "source_id": "da999f278b132aa3",
    "housenumber": 10,
    "lat": 52.5280178,
    "lon": 13.4006016,
    "parity": "R",
    "proj_lat": 52.52799738873477,
    "proj_lon": 13.400507819984918,
    "marker-color": "#ff0000",
    "marker-symbol": "e"
  },
  {
    "rowid": 224593,
    "id": 12139,
    "source": "OA",
    "source_id": "5a0c789424607a74",
    "housenumber": 11,
    "lat": 52.5281908,
    "lon": 13.4005049,
    "parity": "R",
    "proj_lat": 52.52816941759054,
    "proj_lon": 13.4004066572671,
    "marker-color": "#ff0000",
    "marker-symbol": "o"
  },
  {
    "rowid": 224593,
    "id": 12139,
    "source": "OA",
    "source_id": "5a0c789424607a74",
    "housenumber": 11,
    "lat": 52.5281908,
    "lon": 13.4005049,
    "parity": "R",
    "proj_lat": 52.52816941759054,
    "proj_lon": 13.4004066572671,
    "marker-color": "#ff0000",
    "marker-symbol": "o"
  },
  {
    "rowid": 218608,
    "id": 12139,
    "source": "OA",
    "source_id": "96fe8f0a88a61a89",
    "housenumber": 11.03,
    "lat": 52.5283097,
    "lon": 13.4004225,
    "parity": "R",
    "proj_lat": 52.52829072574398,
    "proj_lon": 13.400335321197112,
    "marker-color": "#ff0000",
    "marker-symbol": "o"
  },
  {
    "rowid": 218608,
    "id": 12139,
    "source": "OA",
    "source_id": "96fe8f0a88a61a89",
    "housenumber": 11.03,
    "lat": 52.5283097,
    "lon": 13.4004225,
    "parity": "R",
    "proj_lat": 52.52829072574398,
    "proj_lon": 13.400335321197112,
    "marker-color": "#ff0000",
    "marker-symbol": "o"
  },
  {
    "rowid": 207315,
    "id": 12139,
    "source": "OA",
    "source_id": "1a62ffa232f13d67",
    "housenumber": 12.03,
    "lat": 52.5284275,
    "lon": 13.4004454,
    "parity": "R",
    "proj_lat": 52.528390740953135,
    "proj_lon": 13.400276506585252,
    "marker-color": "#ff0000",
    "marker-symbol": "e"
  },
  {
    "rowid": 207315,
    "id": 12139,
    "source": "OA",
    "source_id": "1a62ffa232f13d67",
    "housenumber": 12.03,
    "lat": 52.5284275,
    "lon": 13.4004454,
    "parity": "R",
    "proj_lat": 52.528390740953135,
    "proj_lon": 13.400276506585252,
    "marker-color": "#ff0000",
    "marker-symbol": "e"
  },
  {
    "rowid": 217088,
    "id": 12139,
    "source": "OA",
    "source_id": "f0a2f27cac2d30b6",
    "housenumber": 12.06,
    "lat": 52.5285404,
    "lon": 13.4003945,
    "parity": "R",
    "proj_lat": 52.5285006520158,
    "proj_lon": 13.400211872650628,
    "marker-color": "#ff0000",
    "marker-symbol": "e"
  },
  {
    "rowid": 217088,
    "id": 12139,
    "source": "OA",
    "source_id": "f0a2f27cac2d30b6",
    "housenumber": 12.06,
    "lat": 52.5285404,
    "lon": 13.4003945,
    "parity": "R",
    "proj_lat": 52.5285006520158,
    "proj_lon": 13.400211872650628,
    "marker-color": "#ff0000",
    "marker-symbol": "e"
  },
  {
    "rowid": 217089,
    "id": 12139,
    "source": "OA",
    "source_id": "4c3116d9d224c888",
    "housenumber": 12.09,
    "lat": 52.5286716,
    "lon": 13.4003508,
    "parity": "R",
    "proj_lat": 52.5286253974954,
    "proj_lon": 13.400138515238032,
    "marker-color": "#ff0000",
    "marker-symbol": "e"
  },
  {
    "rowid": 217089,
    "id": 12139,
    "source": "OA",
    "source_id": "4c3116d9d224c888",
    "housenumber": 12.09,
    "lat": 52.5286716,
    "lon": 13.4003508,
    "parity": "R",
    "proj_lat": 52.5286253974954,
    "proj_lon": 13.400138515238032,
    "marker-color": "#ff0000",
    "marker-symbol": "e"
  },
  {
    "rowid": 207316,
    "id": 12139,
    "source": "OA",
    "source_id": "647212d3c6c24a7b",
    "housenumber": 12.12,
    "lat": 52.5287878,
    "lon": 13.4003252,
    "parity": "R",
    "proj_lat": 52.528781373814304,
    "proj_lon": 13.40008211615612,
    "marker-color": "#ff0000",
    "marker-symbol": "e"
  },
  {
    "rowid": 207316,
    "id": 12139,
    "source": "OA",
    "source_id": "647212d3c6c24a7b",
    "housenumber": 12.12,
    "lat": 52.5287878,
    "lon": 13.4003252,
    "parity": "R",
    "proj_lat": 52.528781373814304,
    "proj_lon": 13.40008211615612,
    "marker-color": "#ff0000",
    "marker-symbol": "e"
  },
  {
    "rowid": 207317,
    "id": 12139,
    "source": "OA",
    "source_id": "0bb9a07ec7ab146a",
    "housenumber": 13.03,
    "lat": 52.52864,
    "lon": 13.3999388,
    "parity": "L",
    "proj_lat": 52.52867687803588,
    "proj_lon": 13.4001082417623,
    "marker-color": "#3366ff",
    "marker-symbol": "o"
  },
  {
    "rowid": 207317,
    "id": 12139,
    "source": "OA",
    "source_id": "0bb9a07ec7ab146a",
    "housenumber": 13.03,
    "lat": 52.52864,
    "lon": 13.3999388,
    "parity": "L",
    "proj_lat": 52.52867687803588,
    "proj_lon": 13.4001082417623,
    "marker-color": "#3366ff",
    "marker-symbol": "o"
  },
  {
    "rowid": 218609,
    "id": 12139,
    "source": "OA",
    "source_id": "11e590834efa7ee5",
    "housenumber": 13.06,
    "lat": 52.5284725,
    "lon": 13.4000439,
    "parity": "L",
    "proj_lat": 52.52850810471377,
    "proj_lon": 13.4002074900418,
    "marker-color": "#3366ff",
    "marker-symbol": "o"
  },
  {
    "rowid": 218609,
    "id": 12139,
    "source": "OA",
    "source_id": "11e590834efa7ee5",
    "housenumber": 13.06,
    "lat": 52.5284725,
    "lon": 13.4000439,
    "parity": "L",
    "proj_lat": 52.52850810471377,
    "proj_lon": 13.4002074900418,
    "marker-color": "#3366ff",
    "marker-symbol": "o"
  },
  {
    "rowid": 218610,
    "id": 12139,
    "source": "OA",
    "source_id": "755aaa575ce85f62",
    "housenumber": 14,
    "lat": 52.5283617,
    "lon": 13.400113,
    "parity": "L",
    "proj_lat": 52.528396544003776,
    "proj_lon": 13.400273094062557,
    "marker-color": "#3366ff",
    "marker-symbol": "e"
  },
  {
    "rowid": 218610,
    "id": 12139,
    "source": "OA",
    "source_id": "755aaa575ce85f62",
    "housenumber": 14,
    "lat": 52.5283617,
    "lon": 13.400113,
    "parity": "L",
    "proj_lat": 52.528396544003776,
    "proj_lon": 13.400273094062557,
    "marker-color": "#3366ff",
    "marker-symbol": "e"
  },
  {
    "rowid": 207318,
    "id": 12139,
    "source": "OA",
    "source_id": "fe30524a65213db2",
    "housenumber": 15,
    "lat": 52.5282523,
    "lon": 13.40018,
    "parity": "L",
    "proj_lat": 52.52828662963123,
    "proj_lon": 13.400337729943578,
    "marker-color": "#3366ff",
    "marker-symbol": "o"
  },
  {
    "rowid": 207318,
    "id": 12139,
    "source": "OA",
    "source_id": "fe30524a65213db2",
    "housenumber": 15,
    "lat": 52.5282523,
    "lon": 13.40018,
    "parity": "L",
    "proj_lat": 52.52828662963123,
    "proj_lon": 13.400337729943578,
    "marker-color": "#3366ff",
    "marker-symbol": "o"
  },
  {
    "rowid": 218611,
    "id": 12139,
    "source": "OA",
    "source_id": "286704f4cd461cb2",
    "housenumber": 16,
    "lat": 52.5281593,
    "lon": 13.4002336,
    "parity": "L",
    "proj_lat": 52.5281938399383,
    "proj_lon": 13.400392295542355,
    "marker-color": "#3366ff",
    "marker-symbol": "e"
  },
  {
    "rowid": 218611,
    "id": 12139,
    "source": "OA",
    "source_id": "286704f4cd461cb2",
    "housenumber": 16,
    "lat": 52.5281593,
    "lon": 13.4002336,
    "parity": "L",
    "proj_lat": 52.5281938399383,
    "proj_lon": 13.400392295542355,
    "marker-color": "#3366ff",
    "marker-symbol": "e"
  },
  {
    "rowid": 207319,
    "id": 12139,
    "source": "OA",
    "source_id": "6f3ac719c4b1f826",
    "housenumber": 17,
    "lat": 52.527983,
    "lon": 13.400348,
    "parity": "L",
    "proj_lat": 52.528015470631075,
    "proj_lon": 13.400497186805005,
    "marker-color": "#3366ff",
    "marker-symbol": "o"
  },
  {
    "rowid": 207319,
    "id": 12139,
    "source": "OA",
    "source_id": "6f3ac719c4b1f826",
    "housenumber": 17,
    "lat": 52.527983,
    "lon": 13.400348,
    "parity": "L",
    "proj_lat": 52.528015470631075,
    "proj_lon": 13.400497186805005,
    "marker-color": "#3366ff",
    "marker-symbol": "o"
  },
  {
    "rowid": 220663,
    "id": 12139,
    "source": "OA",
    "source_id": "5d7dde30c96b50d7",
    "housenumber": 17.03,
    "lat": 52.5278453,
    "lon": 13.400434,
    "parity": "L",
    "proj_lat": 52.52787680128848,
    "proj_lon": 13.400578732238252,
    "marker-color": "#3366ff",
    "marker-symbol": "o"
  },
  {
    "rowid": 220663,
    "id": 12139,
    "source": "OA",
    "source_id": "5d7dde30c96b50d7",
    "housenumber": 17.03,
    "lat": 52.5278453,
    "lon": 13.400434,
    "parity": "L",
    "proj_lat": 52.52787680128848,
    "proj_lon": 13.400578732238252,
    "marker-color": "#3366ff",
    "marker-symbol": "o"
  },
  {
    "rowid": 207320,
    "id": 12139,
    "source": "OA",
    "source_id": "0838a10ee712d364",
    "housenumber": 20,
    "lat": 52.527277,
    "lon": 13.4008309,
    "parity": "L",
    "proj_lat": 52.52730776043105,
    "proj_lon": 13.400952697654594,
    "marker-color": "#3366ff",
    "marker-symbol": "e"
  },
  {
    "rowid": 207320,
    "id": 12139,
    "source": "OA",
    "source_id": "0838a10ee712d364",
    "housenumber": 20,
    "lat": 52.527277,
    "lon": 13.4008309,
    "parity": "L",
    "proj_lat": 52.52730776043105,
    "proj_lon": 13.400952697654594,
    "marker-color": "#3366ff",
    "marker-symbol": "e"
  },
  {
    "rowid": 217090,
    "id": 12139,
    "source": "OA",
    "source_id": "a495f1dd3068fba1",
    "housenumber": 21,
    "lat": 52.5271163,
    "lon": 13.4009592,
    "parity": "L",
    "proj_lat": 52.52714304314689,
    "proj_lon": 13.401065090217433,
    "marker-color": "#3366ff",
    "marker-symbol": "o"
  },
  {
    "rowid": 217090,
    "id": 12139,
    "source": "OA",
    "source_id": "a495f1dd3068fba1",
    "housenumber": 21,
    "lat": 52.5271163,
    "lon": 13.4009592,
    "parity": "L",
    "proj_lat": 52.52714304314689,
    "proj_lon": 13.401065090217433,
    "marker-color": "#3366ff",
    "marker-symbol": "o"
  }
]
