[
  {
    "rowid": 227872,
    "id": 32478,
    "source": "OA",
    "source_id": "0b0b1036c1d0abb0",
    "housenumber": 1,
    "lat": 52.497545,
    "lon": 13.3374956,
    "parity": "R",
    "proj_lat": 52.49751067886343,
    "proj_lon": 13.337753783671081,
    "marker-color": "#ff0000",
    "marker-symbol": "o"
  },
  {
    "rowid": 227873,
    "id": 32478,
    "source": "OA",
    "source_id": "3b2c5e5882548b0d",
    "housenumber": 2,
    "lat": 52.4973215,
    "lon": 13.3374578,
    "parity": "R",
    "proj_lat": 52.497292553596836,
    "proj_lon": 13.337675549567809,
    "marker-color": "#ff0000",
    "marker-symbol": "e"
  },
  {
    "rowid": 227874,
    "id": 32478,
    "source": "OA",
    "source_id": "297ad9b35a3de84b",
    "housenumber": 3,
    "lat": 52.4971034,
    "lon": 13.3373763,
    "parity": "R",
    "proj_lat": 52.49707403777681,
    "proj_lon": 13.337597175386325,
    "marker-color": "#ff0000",
    "marker-symbol": "o"
  },
  {
    "rowid": 227875,
    "id": 32478,
    "source": "OA",
    "source_id": "0ad8df0a189343f3",
    "housenumber": 4,
    "lat": 52.4968585,
    "lon": 13.3372886,
    "parity": "R",
    "proj_lat": 52.49682915488472,
    "proj_lon": 13.337509344234213,
    "marker-color": "#ff0000",
    "marker-symbol": "e"
  },
  {
    "rowid": 227876,
    "id": 32478,
    "source": "OA",
    "source_id": "ef44ef348352b57e",
    "housenumber": 5,
    "lat": 52.4966188,
    "lon": 13.3372011,
    "parity": "R",
    "proj_lat": 52.49658926072227,
    "proj_lon": 13.337423302369496,
    "marker-color": "#ff0000",
    "marker-symbol": "o"
  },
  {
    "rowid": 227877,
    "id": 32478,
    "source": "OA",
    "source_id": "af2a14336784789f",
    "housenumber": 6,
    "lat": 52.4964027,
    "lon": 13.337122,
    "parity": "R",
    "proj_lat": 52.49637295839981,
    "proj_lon": 13.337345722094192,
    "marker-color": "#ff0000",
    "marker-symbol": "e"
  },
  {
    "rowid": 227878,
    "id": 32478,
    "source": "OA",
    "source_id": "30771e92f915a110",
    "housenumber": 7,
    "lat": 52.4961894,
    "lon": 13.337044,
    "parity": "R",
    "proj_lat": 52.49615946822515,
    "proj_lon": 13.337269150440514,
    "marker-color": "#ff0000",
    "marker-symbol": "o"
  },
  {
    "rowid": 227879,
    "id": 32478,
    "source": "OA",
    "source_id": "062dabcadfcbeac1",
    "housenumber": 8,
    "lat": 52.4955245,
    "lon": 13.3369433,
    "parity": "R",
    "proj_lat": 52.49552632931747,
    "proj_lon": 13.337196970246742,
    "marker-color": "#ff0000",
    "marker-symbol": "e"
  },
  {
    "rowid": 227880,
    "id": 32478,
    "source": "OA",
    "source_id": "8d4830ac30ee0662",
    "housenumber": 9,
    "lat": 52.4953428,
    "lon": 13.3369541,
    "parity": "R",
    "proj_lat": 52.495344576948824,
    "proj_lon": 13.337200506285042,
    "marker-color": "#ff0000",
    "marker-symbol": "o"
  },
  {
    "rowid": 227881,
    "id": 32477,
    "source": "OA",
    "source_id": "07a462973d162269",
    "housenumber": 13,
    "lat": 52.4938448,
    "lon": 13.3369242,
    "parity": "R",
    "proj_lat": 52.49384541703634,
    "proj_lon": 13.337176100768483,
    "marker-color": "#ff0000",
    "marker-symbol": "o"
  },
  {
    "rowid": 227882,
    "id": 32477,
    "source": "OA",
    "source_id": "b211954fdae4288f",
    "housenumber": 14,
    "lat": 52.4936915,
    "lon": 13.3369156,
    "parity": "R",
    "proj_lat": 52.49369214058766,
    "proj_lon": 13.337177113608451,
    "marker-color": "#ff0000",
    "marker-symbol": "e"
  },
  {
    "rowid": 227883,
    "id": 32477,
    "source": "OA",
    "source_id": "4e759f3cc6d442f8",
    "housenumber": 14.03,
    "lat": 52.4935358,
    "lon": 13.3368795,
    "parity": "R",
    "proj_lat": 52.4935216411968,
    "proj_lon": 13.337173272815335,
    "marker-color": "#ff0000",
    "marker-symbol": "e"
  },
  {
    "rowid": 227884,
    "id": 32477,
    "source": "OA",
    "source_id": "d87ddcc2ec1b6546",
    "housenumber": 15,
    "lat": 52.4933695,
    "lon": 13.3368825,
    "parity": "R",
    "proj_lat": 52.49335652037679,
    "proj_lon": 13.337151804655228,
    "marker-color": "#ff0000",
    "marker-symbol": "o"
  },
  {
    "rowid": 227885,
    "id": 32477,
    "source": "OA",
    "source_id": "337a635c49763900",
    "housenumber": 16,
    "lat": 52.4931912,
    "lon": 13.3368255,
    "parity": "R",
    "proj_lat": 52.49317660047284,
    "proj_lon": 13.337128412394314,
    "marker-color": "#ff0000",
    "marker-symbol": "e"
  },
  {
    "rowid": 227886,
    "id": 32477,
    "source": "OA",
    "source_id": "72d22894af37528d",
    "housenumber": 17,
    "lat": 52.4929917,
    "lon": 13.3367981,
    "parity": "R",
    "proj_lat": 52.49297703031338,
    "proj_lon": 13.337102465308202,
    "marker-color": "#ff0000",
    "marker-symbol": "o"
  },
  {
    "rowid": 227887,
    "id": 32477,
    "source": "OA",
    "source_id": "e8b7672fb7c49bef",
    "housenumber": 18,
    "lat": 52.4927825,
    "lon": 13.3368438,
    "parity": "R",
    "proj_lat": 52.49277132189165,
    "proj_lon": 13.33707572015679,
    "marker-color": "#ff0000",
    "marker-symbol": "e"
  },
  {
    "rowid": 227888,
    "id": 32477,
    "source": "OA",
    "source_id": "f813a07bac377919",
    "housenumber": 19,
    "lat": 52.4925629,
    "lon": 13.3368137,
    "parity": "R",
    "proj_lat": 52.49255164759867,
    "proj_lon": 13.337047159234595,
    "marker-color": "#ff0000",
    "marker-symbol": "o"
  },
  {
    "rowid": 227889,
    "id": 32477,
    "source": "OA",
    "source_id": "221136e45f0fdae4",
    "housenumber": 20,
    "lat": 52.49189,
    "lon": 13.3365694,
    "parity": "R",
    "proj_lat": 52.491880690994385,
    "proj_lon": 13.336982880019901,
    "marker-color": "#ff0000",
    "marker-symbol": "e"
  },
  {
    "rowid": 268648,
    "id": 32477,
    "source": "OA",
    "source_id": "98b03760e6ab0e4b",
    "housenumber": 22,
    "lat": 52.4903186,
    "lon": 13.3366121,
    "parity": "R",
    "proj_lat": 52.490311992568984,
    "proj_lon": 13.33682556338702,
    "marker-color": "#ff0000",
    "marker-symbol": "e"
  },
  {
    "rowid": 227890,
    "id": 32477,
    "source": "OA",
    "source_id": "8a8d4049c57b555c",
    "housenumber": 23,
    "lat": 52.4901354,
    "lon": 13.3365932,
    "parity": "R",
    "proj_lat": 52.49012868121326,
    "proj_lon": 13.336810259099437,
    "marker-color": "#ff0000",
    "marker-symbol": "o"
  },
  {
    "rowid": 227891,
    "id": 32477,
    "source": "OA",
    "source_id": "ba86158d96d7ceab",
    "housenumber": 24,
    "lat": 52.4899285,
    "lon": 13.3365667,
    "parity": "R",
    "proj_lat": 52.48992149629395,
    "proj_lon": 13.336792961657194,
    "marker-color": "#ff0000",
    "marker-symbol": "e"
  },
  {
    "rowid": 263356,
    "id": 32477,
    "source": "OA",
    "source_id": "396104abde1948bb",
    "housenumber": 25,
    "lat": 52.4897156,
    "lon": 13.3365568,
    "parity": "R",
    "proj_lat": 52.489712854689685,
    "proj_lon": 13.336784992335064,
    "marker-color": "#ff0000",
    "marker-symbol": "o"
  },
  {
    "rowid": 227892,
    "id": 32477,
    "source": "OA",
    "source_id": "0031d89a5f5ac358",
    "housenumber": 26,
    "lat": 52.4894532,
    "lon": 13.3364836,
    "parity": "R",
    "proj_lat": 52.489460572692224,
    "proj_lon": 13.336786462398994,
    "marker-color": "#ff0000",
    "marker-symbol": "e"
  },
  {
    "rowid": 227893,
    "id": 32477,
    "source": "OA",
    "source_id": "6c11c668a1218213",
    "housenumber": 27,
    "lat": 52.4892053,
    "lon": 13.336537,
    "parity": "R",
    "proj_lat": 52.489211770490186,
    "proj_lon": 13.336802797897109,
    "marker-color": "#ff0000",
    "marker-symbol": "o"
  },
  {
    "rowid": 268649,
    "id": 32477,
    "source": "OA",
    "source_id": "3395e8fe3a3c6ec3",
    "housenumber": 28,
    "lat": 52.4889758,
    "lon": 13.3365657,
    "parity": "R",
    "proj_lat": 52.488991055348826,
    "proj_lon": 13.336832514829386,
    "marker-color": "#ff0000",
    "marker-symbol": "e"
  },
  {
    "rowid": 227894,
    "id": 32477,
    "source": "OA",
    "source_id": "987f3a154cc21384",
    "housenumber": 29,
    "lat": 52.488736,
    "lon": 13.3365982,
    "parity": "R",
    "proj_lat": 52.488751509340595,
    "proj_lon": 13.336869454167104,
    "marker-color": "#ff0000",
    "marker-symbol": "o"
  },
  {
    "rowid": 227895,
    "id": 32477,
    "source": "OA",
    "source_id": "f122e54349f0c167",
    "housenumber": 30,
    "lat": 52.4885035,
    "lon": 13.33666,
    "parity": "R",
    "proj_lat": 52.48852747427601,
    "proj_lon": 13.33692301674048,
    "marker-color": "#ff0000",
    "marker-symbol": "e"
  },
  {
    "rowid": 227896,
    "id": 32477,
    "source": "OA",
    "source_id": "e1e6d648488ba558",
    "housenumber": 31,
    "lat": 52.4885839,
    "lon": 13.3371235,
    "parity": "L",
    "proj_lat": 52.48856478962997,
    "proj_lon": 13.336913843382634,
    "marker-color": "#3366ff",
    "marker-symbol": "o"
  },
  {
    "rowid": 227897,
    "id": 32477,
    "source": "OA",
    "source_id": "16618f5132bc21e8",
    "housenumber": 32,
    "lat": 52.4888463,
    "lon": 13.3370674,
    "parity": "L",
    "proj_lat": 52.48883425268575,
    "proj_lon": 13.3368566946793,
    "marker-color": "#3366ff",
    "marker-symbol": "e"
  },
  {
    "rowid": 227898,
    "id": 32477,
    "source": "OA",
    "source_id": "e8b19f91be8b1935",
    "housenumber": 33,
    "lat": 52.4890513,
    "lon": 13.3370349,
    "parity": "L",
    "proj_lat": 52.48903930311679,
    "proj_lon": 13.336825074753017,
    "marker-color": "#3366ff",
    "marker-symbol": "o"
  },
  {
    "rowid": 227899,
    "id": 32477,
    "source": "OA",
    "source_id": "a4a1e6440153d140",
    "housenumber": 34,
    "lat": 52.4893027,
    "lon": 13.3370082,
    "parity": "L",
    "proj_lat": 52.4892975626631,
    "proj_lon": 13.336797165077675,
    "marker-color": "#3366ff",
    "marker-symbol": "e"
  },
  {
    "rowid": 227900,
    "id": 32477,
    "source": "OA",
    "source_id": "cb209ecd3b8c60d5",
    "housenumber": 35,
    "lat": 52.4898138,
    "lon": 13.3370366,
    "parity": "L",
    "proj_lat": 52.48981678642698,
    "proj_lon": 13.336788364751317,
    "marker-color": "#3366ff",
    "marker-symbol": "o"
  },
  {
    "rowid": 227901,
    "id": 32477,
    "source": "OA",
    "source_id": "f361b4501daf6c4c",
    "housenumber": 36,
    "lat": 52.4900599,
    "lon": 13.3370641,
    "parity": "L",
    "proj_lat": 52.49006791438529,
    "proj_lon": 13.336805185802111,
    "marker-color": "#3366ff",
    "marker-symbol": "e"
  },
  {
    "rowid": 227902,
    "id": 32477,
    "source": "OA",
    "source_id": "f02bab8c2da1a275",
    "housenumber": 37,
    "lat": 52.4903025,
    "lon": 13.3372468,
    "parity": "L",
    "proj_lat": 52.49031552960085,
    "proj_lon": 13.336825858686527,
    "marker-color": "#3366ff",
    "marker-symbol": "o"
  },
  {
    "rowid": 227903,
    "id": 32477,
    "source": "OA",
    "source_id": "0a5e20229376efb2",
    "housenumber": 38,
    "lat": 52.4910741,
    "lon": 13.3372531,
    "parity": "L",
    "proj_lat": 52.49114981451362,
    "proj_lon": 13.336900082776474,
    "marker-color": "#3366ff",
    "marker-symbol": "e"
  },
  {
    "rowid": 227904,
    "id": 32477,
    "source": "OA",
    "source_id": "f4fb25fac95a26ee",
    "housenumber": 38.03,
    "lat": 52.4912088,
    "lon": 13.3372639,
    "parity": "L",
    "proj_lat": 52.491224,
    "proj_lon": 13.336943,
    "marker-color": "#3366ff",
    "marker-symbol": "e"
  },
  {
    "rowid": 227905,
    "id": 32477,
    "source": "OA",
    "source_id": "cd8ec9801f945f19",
    "housenumber": 39,
    "lat": 52.4914089,
    "lon": 13.3371845,
    "parity": "L",
    "proj_lat": 52.49141407731518,
    "proj_lon": 13.336954543156791,
    "marker-color": "#3366ff",
    "marker-symbol": "o"
  },
  {
    "rowid": 227906,
    "id": 32477,
    "source": "OA",
    "source_id": "70dfe6301fa68955",
    "housenumber": 40,
    "lat": 52.4916499,
    "lon": 13.3372027,
    "parity": "L",
    "proj_lat": 52.491655157397375,
    "proj_lon": 13.336969183647613,
    "marker-color": "#3366ff",
    "marker-symbol": "e"
  },
  {
    "rowid": 227907,
    "id": 32477,
    "source": "OA",
    "source_id": "7ca9bd998ceed582",
    "housenumber": 41,
    "lat": 52.4919595,
    "lon": 13.3372192,
    "parity": "L",
    "proj_lat": 52.49196470557617,
    "proj_lon": 13.336987982120009,
    "marker-color": "#3366ff",
    "marker-symbol": "o"
  },
  {
    "rowid": 227908,
    "id": 32477,
    "source": "OA",
    "source_id": "7328d013258601f1",
    "housenumber": 42,
    "lat": 52.4924229,
    "lon": 13.3373741,
    "parity": "L",
    "proj_lat": 52.49243936182449,
    "proj_lon": 13.337032560415516,
    "marker-color": "#3366ff",
    "marker-symbol": "e"
  },
  {
    "rowid": 227909,
    "id": 32477,
    "source": "OA",
    "source_id": "d11aebca41b384ec",
    "housenumber": 43,
    "lat": 52.4926867,
    "lon": 13.3373156,
    "parity": "L",
    "proj_lat": 52.49269871677996,
    "proj_lon": 13.337066280413442,
    "marker-color": "#3366ff",
    "marker-symbol": "o"
  },
  {
    "rowid": 227910,
    "id": 32477,
    "source": "OA",
    "source_id": "851bfd729d75e16e",
    "housenumber": 44,
    "lat": 52.4928718,
    "lon": 13.3373422,
    "parity": "L",
    "proj_lat": 52.49288393806428,
    "proj_lon": 13.337090361932576,
    "marker-color": "#3366ff",
    "marker-symbol": "e"
  },
  {
    "rowid": 227911,
    "id": 32477,
    "source": "OA",
    "source_id": "7c218c69e429ff1e",
    "housenumber": 45,
    "lat": 52.4930497,
    "lon": 13.3373904,
    "parity": "L",
    "proj_lat": 52.49306303877057,
    "proj_lon": 13.337113647685623,
    "marker-color": "#3366ff",
    "marker-symbol": "o"
  },
  {
    "rowid": 227912,
    "id": 32477,
    "source": "OA",
    "source_id": "3226d5f72e4b1765",
    "housenumber": 45.03,
    "lat": 52.4931613,
    "lon": 13.3374058,
    "parity": "L",
    "proj_lat": 52.49317468134809,
    "proj_lon": 13.33712816287958,
    "marker-color": "#3366ff",
    "marker-symbol": "o"
  },
  {
    "rowid": 227913,
    "id": 32477,
    "source": "OA",
    "source_id": "384bcc031c756c6b",
    "housenumber": 46,
    "lat": 52.4932765,
    "lon": 13.3374217,
    "parity": "L",
    "proj_lat": 52.49328992545314,
    "proj_lon": 13.33714314632563,
    "marker-color": "#3366ff",
    "marker-symbol": "e"
  },
  {
    "rowid": 227914,
    "id": 32477,
    "source": "OA",
    "source_id": "62d2cab20b1017f6",
    "housenumber": 46.03,
    "lat": 52.493384,
    "lon": 13.3375158,
    "parity": "L",
    "proj_lat": 52.493401263029355,
    "proj_lon": 13.337157621864886,
    "marker-color": "#3366ff",
    "marker-symbol": "e"
  },
  {
    "rowid": 227915,
    "id": 32477,
    "source": "OA",
    "source_id": "ace7492ac61b36a9",
    "housenumber": 47,
    "lat": 52.4935259,
    "lon": 13.3374995,
    "parity": "L",
    "proj_lat": 52.49354149856392,
    "proj_lon": 13.337175854568118,
    "marker-color": "#3366ff",
    "marker-symbol": "o"
  },
  {
    "rowid": 227916,
    "id": 32477,
    "source": "OA",
    "source_id": "87dadc1ce44dd6fd",
    "housenumber": 47.03,
    "lat": 52.493641,
    "lon": 13.3375147,
    "parity": "L",
    "proj_lat": 52.493640173908375,
    "proj_lon": 13.337177457000605,
    "marker-color": "#3366ff",
    "marker-symbol": "o"
  },
  {
    "rowid": 227917,
    "id": 32477,
    "source": "OA",
    "source_id": "be0828c01b40d740",
    "housenumber": 48,
    "lat": 52.4937608,
    "lon": 13.3375306,
    "parity": "L",
    "proj_lat": 52.49375993302687,
    "proj_lon": 13.337176665640792,
    "marker-color": "#3366ff",
    "marker-symbol": "e"
  },
  {
    "rowid": 227918,
    "id": 32477,
    "source": "OA",
    "source_id": "3a167d32cd807189",
    "housenumber": 48.03,
    "lat": 52.4938902,
    "lon": 13.3375045,
    "parity": "L",
    "proj_lat": 52.49388939486886,
    "proj_lon": 13.337175810166064,
    "marker-color": "#3366ff",
    "marker-symbol": "e"
  },
  {
    "rowid": 227919,
    "id": 32477,
    "source": "OA",
    "source_id": "f3404f5b08bb8d63",
    "housenumber": 49,
    "lat": 52.4940727,
    "lon": 13.3375132,
    "parity": "L",
    "proj_lat": 52.494111,
    "proj_lon": 13.337266,
    "marker-color": "#3366ff",
    "marker-symbol": "o"
  },
  {
    "rowid": 227920,
    "id": 32478,
    "source": "OA",
    "source_id": "867102e3e963081f",
    "housenumber": 50,
    "lat": 52.4948919,
    "lon": 13.3374587,
    "parity": "L",
    "proj_lat": 52.494926484967586,
    "proj_lon": 13.337157065265396,
    "marker-color": "#3366ff",
    "marker-symbol": "e"
  },
  {
    "rowid": 227921,
    "id": 32478,
    "source": "OA",
    "source_id": "86ba9b3532b75cc8",
    "housenumber": 51,
    "lat": 52.4950632,
    "lon": 13.3374487,
    "parity": "L",
    "proj_lat": 52.49507911138651,
    "proj_lon": 13.337189761780651,
    "marker-color": "#3366ff",
    "marker-symbol": "o"
  },
  {
    "rowid": 227922,
    "id": 32478,
    "source": "OA",
    "source_id": "4622216007b0d852",
    "housenumber": 52,
    "lat": 52.4952574,
    "lon": 13.3374374,
    "parity": "L",
    "proj_lat": 52.49525570411303,
    "proj_lon": 13.33720223532854,
    "marker-color": "#3366ff",
    "marker-symbol": "e"
  },
  {
    "rowid": 268650,
    "id": 32478,
    "source": "OA",
    "source_id": "a47893bd0950c2bc",
    "housenumber": 53,
    "lat": 52.495438,
    "lon": 13.3374267,
    "parity": "L",
    "proj_lat": 52.49543635594375,
    "proj_lon": 13.337198720701483,
    "marker-color": "#3366ff",
    "marker-symbol": "o"
  },
  {
    "rowid": 268651,
    "id": 32478,
    "source": "OA",
    "source_id": "8d63919b0c98ff6f",
    "housenumber": 54,
    "lat": 52.4956357,
    "lon": 13.3374361,
    "parity": "L",
    "proj_lat": 52.49563396044803,
    "proj_lon": 13.337194876255875,
    "marker-color": "#3366ff",
    "marker-symbol": "e"
  },
  {
    "rowid": 227923,
    "id": 32478,
    "source": "OA",
    "source_id": "d2642fd4b6cdf3df",
    "housenumber": 55,
    "lat": 52.4961562,
    "lon": 13.3375275,
    "parity": "L",
    "proj_lat": 52.49618913099121,
    "proj_lon": 13.337279789464317,
    "marker-color": "#3366ff",
    "marker-symbol": "o"
  },
  {
    "rowid": 227924,
    "id": 32478,
    "source": "OA",
    "source_id": "4950aaa462e76cee",
    "housenumber": 56,
    "lat": 52.4964351,
    "lon": 13.3376325,
    "parity": "L",
    "proj_lat": 52.496468660988505,
    "proj_lon": 13.337380047352902,
    "marker-color": "#3366ff",
    "marker-symbol": "e"
  },
  {
    "rowid": 227925,
    "id": 32478,
    "source": "OA",
    "source_id": "12a49ad869d4abf0",
    "housenumber": 57,
    "lat": 52.4966606,
    "lon": 13.3377146,
    "parity": "L",
    "proj_lat": 52.49669431556909,
    "proj_lon": 13.337460981964638,
    "marker-color": "#3366ff",
    "marker-symbol": "o"
  },
  {
    "rowid": 227926,
    "id": 32478,
    "source": "OA",
    "source_id": "a84b20b35d3547f7",
    "housenumber": 58,
    "lat": 52.4968936,
    "lon": 13.3377981,
    "parity": "L",
    "proj_lat": 52.496927306452086,
    "proj_lon": 13.337544547858156,
    "marker-color": "#3366ff",
    "marker-symbol": "e"
  },
  {
    "rowid": 227927,
    "id": 32478,
    "source": "OA",
    "source_id": "5ea596b6d4104da7",
    "housenumber": 59,
    "lat": 52.497128,
    "lon": 13.337883,
    "parity": "L",
    "proj_lat": 52.49716181125978,
    "proj_lon": 13.337628656744895,
    "marker-color": "#3366ff",
    "marker-symbol": "o"
  },
  {
    "rowid": 227928,
    "id": 32478,
    "source": "OA",
    "source_id": "14ea0953c5aded0b",
    "housenumber": 60,
    "lat": 52.4973081,
    "lon": 13.3379489,
    "parity": "L",
    "proj_lat": 52.497342076486646,
    "proj_lon": 13.33769331174152,
    "marker-color": "#3366ff",
    "marker-symbol": "e"
  },
  {
    "rowid": 227929,
    "id": 32478,
    "source": "OA",
    "source_id": "c7e690b023096abb",
    "housenumber": 61,
    "lat": 52.4974362,
    "lon": 13.3380974,
    "parity": "L",
    "proj_lat": 52.49748318887362,
    "proj_lon": 13.337743923948112,
    "marker-color": "#3366ff",
    "marker-symbol": "o"
  }
]
