[
  {
    "rowid": 265352,
    "id": 17611,
    "source": "OA",
    "source_id": "a8f6b2ee08aa66b6",
    "housenumber": 24,
    "lat": 52.5415829,
    "lon": 13.3316837,
    "parity": "R",
    "proj_lat": 52.5413986762326,
    "proj_lon": 13.331705289641778,
    "marker-color": "#ff0000",
    "marker-symbol": "e"
  },
  {
    "rowid": 265353,
    "id": 17611,
    "source": "OA",
    "source_id": "0baf052717337786",
    "housenumber": 25,
    "lat": 52.5415829,
    "lon": 13.3316837,
    "parity": "R",
    "proj_lat": 52.5413986762326,
    "proj_lon": 13.331705289641778,
    "marker-color": "#ff0000",
    "marker-symbol": "o"
  },
  {
    "rowid": 263814,
    "id": 17611,
    "source": "OA",
    "source_id": "39d35999e558a38e",
    "housenumber": 26,
    "lat": 52.5413293,
    "lon": 13.3295236,
    "parity": "R",
    "proj_lat": 52.54122870982467,
    "proj_lon": 13.329546367350282,
    "marker-color": "#ff0000",
    "marker-symbol": "e"
  },
  {
    "rowid": 239064,
    "id": 17611,
    "source": "OA",
    "source_id": "71ecf9a6f0b79f06",
    "housenumber": 27,
    "lat": 52.5412833,
    "lon": 13.3288865,
    "parity": "R",
    "proj_lat": 52.54120302189459,
    "proj_lon": 13.328889135987732,
    "marker-color": "#ff0000",
    "marker-symbol": "o"
  },
  {
    "rowid": 239065,
    "id": 17611,
    "source": "OA",
    "source_id": "3d1f669a24fcaf35",
    "housenumber": 28,
    "lat": 52.5414272,
    "lon": 13.3282571,
    "parity": "R",
    "proj_lat": 52.541248361074736,
    "proj_lon": 13.32819255038139,
    "marker-color": "#ff0000",
    "marker-symbol": "e"
  },
  {
    "rowid": 239066,
    "id": 17611,
    "source": "OA",
    "source_id": "db082e1e86bb5fbe",
    "housenumber": 28.03,
    "lat": 52.5433015,
    "lon": 13.3265433,
    "parity": "R",
    "proj_lat": 52.54340946337488,
    "proj_lon": 13.325694128035115,
    "marker-color": "#ff0000",
    "marker-symbol": "e"
  },
  {
    "rowid": 239067,
    "id": 17611,
    "source": "OA",
    "source_id": "90f4c4205dd23412",
    "housenumber": 29,
    "lat": 52.5434056,
    "lon": 13.3261373,
    "parity": "R",
    "proj_lat": 52.543412,
    "proj_lon": 13.325695,
    "marker-color": "#ff0000",
    "marker-symbol": "o"
  },
  {
    "rowid": 263815,
    "id": 17611,
    "source": "OA",
    "source_id": "e8c65184b5006425",
    "housenumber": 30,
    "lat": 52.5438773,
    "lon": 13.3252503,
    "parity": "R",
    "proj_lat": 52.54383690892686,
    "proj_lon": 13.325170875225567,
    "marker-color": "#ff0000",
    "marker-symbol": "e"
  },
  {
    "rowid": 263816,
    "id": 17611,
    "source": "OA",
    "source_id": "9b7364becbda5b13",
    "housenumber": 31,
    "lat": 52.5441377,
    "lon": 13.324792,
    "parity": "L",
    "proj_lat": 52.544068,
    "proj_lon": 13.324873,
    "marker-color": "#3366ff",
    "marker-symbol": "o"
  },
  {
    "rowid": 263817,
    "id": 17611,
    "source": "OA",
    "source_id": "10b7d573d654b24c",
    "housenumber": 32,
    "lat": 52.5440615,
    "lon": 13.3247043,
    "parity": "L",
    "proj_lat": 52.54401441233781,
    "proj_lon": 13.324767086129443,
    "marker-color": "#3366ff",
    "marker-symbol": "e"
  },
  {
    "rowid": 263818,
    "id": 17611,
    "source": "OA",
    "source_id": "339ba2b3dcef214e",
    "housenumber": 33,
    "lat": 52.5440255,
    "lon": 13.3246282,
    "parity": "L",
    "proj_lat": 52.544005,
    "proj_lon": 13.324748,
    "marker-color": "#3366ff",
    "marker-symbol": "o"
  },
  {
    "rowid": 263819,
    "id": 17611,
    "source": "OA",
    "source_id": "01a53ab38c24dc03",
    "housenumber": 34,
    "lat": 52.5441613,
    "lon": 13.3238629,
    "parity": "L",
    "proj_lat": 52.544005,
    "proj_lon": 13.324748,
    "marker-color": "#3366ff",
    "marker-symbol": "e"
  },
  {
    "rowid": 263820,
    "id": 17611,
    "source": "OA",
    "source_id": "10d428af6ca6719b",
    "housenumber": 35,
    "lat": 52.5438393,
    "lon": 13.3246372,
    "parity": "L",
    "proj_lat": 52.543915745071544,
    "proj_lon": 13.324788243586312,
    "marker-color": "#3366ff",
    "marker-symbol": "o"
  },
  {
    "rowid": 239068,
    "id": 17611,
    "source": "OA",
    "source_id": "f9608e8ff94fcf86",
    "housenumber": 37,
    "lat": 52.5430583,
    "lon": 13.3251152,
    "parity": "L",
    "proj_lat": 52.54313009735791,
    "proj_lon": 13.325328729674624,
    "marker-color": "#3366ff",
    "marker-symbol": "o"
  },
  {
    "rowid": 263821,
    "id": 17611,
    "source": "OA",
    "source_id": "0a83985cfabc46f0",
    "housenumber": 38,
    "lat": 52.5421266,
    "lon": 13.3264329,
    "parity": "L",
    "proj_lat": 52.54218797042276,
    "proj_lon": 13.326556952059562,
    "marker-color": "#3366ff",
    "marker-symbol": "e"
  },
  {
    "rowid": 239069,
    "id": 17611,
    "source": "OA",
    "source_id": "c8f08fc0508a9f2a",
    "housenumber": 39,
    "lat": 52.5418063,
    "lon": 13.3269129,
    "parity": "L",
    "proj_lat": 52.54185205858644,
    "proj_lon": 13.327005584960414,
    "marker-color": "#3366ff",
    "marker-symbol": "o"
  },
  {
    "rowid": 261463,
    "id": 17611,
    "source": "OA",
    "source_id": "5f26d2f85d82835d",
    "housenumber": 40,
    "lat": 52.5415702,
    "lon": 13.3272051,
    "parity": "L",
    "proj_lat": 52.5416227832165,
    "proj_lon": 13.327311607243654,
    "marker-color": "#3366ff",
    "marker-symbol": "e"
  }
]
