[
  {
    "rowid": 54225,
    "id": 45172,
    "source": "OA",
    "source_id": "5ef58f9baefe7241",
    "housenumber": 1,
    "lat": 52.5073125,
    "lon": 13.2312708,
    "parity": "R",
    "proj_lat": 52.50735213952389,
    "proj_lon": 13.231765362877573,
    "marker-color": "#ff0000",
    "marker-symbol": "o"
  },
  {
    "rowid": 54226,
    "id": 45172,
    "source": "OA",
    "source_id": "c611c6d04180d853",
    "housenumber": 3,
    "lat": 52.507559,
    "lon": 13.2312414,
    "parity": "R",
    "proj_lat": 52.507596753771544,
    "proj_lon": 13.231712440554794,
    "marker-color": "#ff0000",
    "marker-symbol": "o"
  },
  {
    "rowid": 54227,
    "id": 45172,
    "source": "OA",
    "source_id": "d1a779dd19fba029",
    "housenumber": 5,
    "lat": 52.507767,
    "lon": 13.2313056,
    "parity": "R",
    "proj_lat": 52.50779615026757,
    "proj_lon": 13.23166930109818,
    "marker-color": "#ff0000",
    "marker-symbol": "o"
  },
  {
    "rowid": 54228,
    "id": 45172,
    "source": "OA",
    "source_id": "a971a1ebc25d3f1a",
    "housenumber": 7,
    "lat": 52.5078405,
    "lon": 13.2312968,
    "parity": "R",
    "proj_lat": 52.507869090678696,
    "proj_lon": 13.231653520431198,
    "marker-color": "#ff0000",
    "marker-symbol": "o"
  },
  {
    "rowid": 54229,
    "id": 45172,
    "source": "OA",
    "source_id": "39ea312de00bb1d2",
    "housenumber": 11,
    "lat": 52.5083772,
    "lon": 13.2311572,
    "parity": "R",
    "proj_lat": 52.508397507344554,
    "proj_lon": 13.231549021038179,
    "marker-color": "#ff0000",
    "marker-symbol": "o"
  },
  {
    "rowid": 54230,
    "id": 45172,
    "source": "OA",
    "source_id": "fbd57e7972eb5b5c",
    "housenumber": 13,
    "lat": 52.5086102,
    "lon": 13.2311645,
    "parity": "R",
    "proj_lat": 52.508628454194216,
    "proj_lon": 13.231516710164376,
    "marker-color": "#ff0000",
    "marker-symbol": "o"
  },
  {
    "rowid": 54231,
    "id": 45172,
    "source": "OA",
    "source_id": "f088b671dd107809",
    "housenumber": 14,
    "lat": 52.5087324,
    "lon": 13.2322055,
    "parity": "L",
    "proj_lat": 52.50869621060197,
    "proj_lon": 13.231507230629395,
    "marker-color": "#3366ff",
    "marker-symbol": "e"
  },
  {
    "rowid": 54232,
    "id": 45172,
    "source": "OA",
    "source_id": "c6b64da647d47598",
    "housenumber": 15,
    "lat": 52.5086886,
    "lon": 13.2311511,
    "parity": "R",
    "proj_lat": 52.50870697923353,
    "proj_lon": 13.231505724032116,
    "marker-color": "#ff0000",
    "marker-symbol": "o"
  },
  {
    "rowid": 54233,
    "id": 45172,
    "source": "OA",
    "source_id": "29d4145a1936bf2e",
    "housenumber": 16,
    "lat": 52.5089516,
    "lon": 13.2321279,
    "parity": "L",
    "proj_lat": 52.50891782581407,
    "proj_lon": 13.231476225308642,
    "marker-color": "#3366ff",
    "marker-symbol": "e"
  },
  {
    "rowid": 54234,
    "id": 45172,
    "source": "OA",
    "source_id": "c4efe81c19b03b1d",
    "housenumber": 17,
    "lat": 52.5088597,
    "lon": 13.2311483,
    "parity": "R",
    "proj_lat": 52.50887699146259,
    "proj_lon": 13.231481938283636,
    "marker-color": "#ff0000",
    "marker-symbol": "o"
  },
  {
    "rowid": 54235,
    "id": 45172,
    "source": "OA",
    "source_id": "b029a107c08b35ca",
    "housenumber": 19,
    "lat": 52.5089418,
    "lon": 13.2311343,
    "parity": "R",
    "proj_lat": 52.50895922073807,
    "proj_lon": 13.231470433906129,
    "marker-color": "#ff0000",
    "marker-symbol": "o"
  },
  {
    "rowid": 153927,
    "id": 45172,
    "source": "OA",
    "source_id": "524fc7debbd08109",
    "housenumber": 21,
    "lat": 52.5091306,
    "lon": 13.2311695,
    "parity": "R",
    "proj_lat": 52.509144850334515,
    "proj_lon": 13.231444463192636,
    "marker-color": "#ff0000",
    "marker-symbol": "o"
  },
  {
    "rowid": 54236,
    "id": 45172,
    "source": "OA",
    "source_id": "1e026a592a7955b3",
    "housenumber": 24,
    "lat": 52.5105577,
    "lon": 13.2321255,
    "parity": "L",
    "proj_lat": 52.509947,
    "proj_lon": 13.231307,
    "marker-color": "#3366ff",
    "marker-symbol": "e"
  },
  {
    "rowid": 153928,
    "id": 45172,
    "source": "OA",
    "source_id": "de594e2d3d8ceb64",
    "housenumber": 25,
    "lat": 52.5104259,
    "lon": 13.2309049,
    "parity": "R",
    "proj_lat": 52.509947,
    "proj_lon": 13.231307,
    "marker-color": "#ff0000",
    "marker-symbol": "o"
  },
  {
    "rowid": 54237,
    "id": 45172,
    "source": "OA",
    "source_id": "784423f65a4ec3bc",
    "housenumber": 30,
    "lat": 52.5117975,
    "lon": 13.2321815,
    "parity": "L",
    "proj_lat": 52.509947,
    "proj_lon": 13.231307,
    "marker-color": "#3366ff",
    "marker-symbol": "e"
  }
]
