[
  {
    "rowid": 237078,
    "id": 29688,
    "source": "OA",
    "source_id": "374ebe8d8e823705",
    "housenumber": 1,
    "lat": 52.5366934,
    "lon": 13.3031933,
    "parity": "L",
    "proj_lat": 52.53644769887358,
    "proj_lon": 13.303196282518183,
    "marker-color": "#3366ff",
    "marker-symbol": "o"
  },
  {
    "rowid": 237079,
    "id": 29688,
    "source": "OA",
    "source_id": "7b502eacb8e5d330",
    "housenumber": 2,
    "lat": 52.5362223,
    "lon": 13.303281,
    "parity": "R",
    "proj_lat": 52.53644806703375,
    "proj_lon": 13.303278259516699,
    "marker-color": "#ff0000",
    "marker-symbol": "e"
  },
  {
    "rowid": 237080,
    "id": 29688,
    "source": "OA",
    "source_id": "88dc7e2a2392995a",
    "housenumber": 3,
    "lat": 52.5369232,
    "lon": 13.3036452,
    "parity": "L",
    "proj_lat": 52.536449,
    "proj_lon": 13.303616,
    "marker-color": "#3366ff",
    "marker-symbol": "o"
  },
  {
    "rowid": 237081,
    "id": 29688,
    "source": "OA",
    "source_id": "6206e7fedde39bcc",
    "housenumber": 4,
    "lat": 52.5362331,
    "lon": 13.3035573,
    "parity": "R",
    "proj_lat": 52.536395,
    "proj_lon": 13.303722,
    "marker-color": "#ff0000",
    "marker-symbol": "e"
  },
  {
    "rowid": 237082,
    "id": 29688,
    "source": "OA",
    "source_id": "d705beba22b1e4e6",
    "housenumber": 5,
    "lat": 52.5366966,
    "lon": 13.3038299,
    "parity": "L",
    "proj_lat": 52.536449,
    "proj_lon": 13.303616,
    "marker-color": "#3366ff",
    "marker-symbol": "o"
  },
  {
    "rowid": 237083,
    "id": 29688,
    "source": "OA",
    "source_id": "b15a3e283909e8df",
    "housenumber": 6,
    "lat": 52.5362338,
    "lon": 13.3037663,
    "parity": "R",
    "proj_lat": 52.536395,
    "proj_lon": 13.303722,
    "marker-color": "#ff0000",
    "marker-symbol": "e"
  }
]
