[
  {
    "rowid": 29541,
    "id": 25359,
    "source": "OA",
    "source_id": "c847c3ced39b295e",
    "housenumber": 1,
    "lat": 52.5503765,
    "lon": 13.3874212,
    "parity": "R",
    "proj_lat": 52.55041013785328,
    "proj_lon": 13.387785933868797,
    "marker-color": "#ff0000",
    "marker-symbol": "o"
  },
  {
    "rowid": 29542,
    "id": 25359,
    "source": "OA",
    "source_id": "35c578815bb060a5",
    "housenumber": 2,
    "lat": 52.550518,
    "lon": 13.3879577,
    "parity": "L",
    "proj_lat": 52.550502757390525,
    "proj_lon": 13.38776417002332,
    "marker-color": "#3366ff",
    "marker-symbol": "e"
  },
  {
    "rowid": 29543,
    "id": 25359,
    "source": "OA",
    "source_id": "c4574ca7332df805",
    "housenumber": 3,
    "lat": 52.5505562,
    "lon": 13.3875028,
    "parity": "R",
    "proj_lat": 52.55057556420857,
    "proj_lon": 13.387748660878648,
    "marker-color": "#ff0000",
    "marker-symbol": "o"
  },
  {
    "rowid": 29544,
    "id": 25359,
    "source": "OA",
    "source_id": "47f0b3d783a825e3",
    "housenumber": 4,
    "lat": 52.5506497,
    "lon": 13.3878881,
    "parity": "L",
    "proj_lat": 52.55063992562525,
    "proj_lon": 13.387735148657365,
    "marker-color": "#3366ff",
    "marker-symbol": "e"
  },
  {
    "rowid": 29545,
    "id": 25359,
    "source": "OA",
    "source_id": "55b0560869dae350",
    "housenumber": 5,
    "lat": 52.550756,
    "lon": 13.3875305,
    "parity": "R",
    "proj_lat": 52.55076766709489,
    "proj_lon": 13.387713069884834,
    "marker-color": "#ff0000",
    "marker-symbol": "o"
  },
  {
    "rowid": 29546,
    "id": 25359,
    "source": "OA",
    "source_id": "85f9eba54f5955e7",
    "housenumber": 6,
    "lat": 52.5507941,
    "lon": 13.3879109,
    "parity": "L",
    "proj_lat": 52.55078130706784,
    "proj_lon": 13.387710712358647,
    "marker-color": "#3366ff",
    "marker-symbol": "e"
  },
  {
    "rowid": 29547,
    "id": 25359,
    "source": "OA",
    "source_id": "63c91bef338e7d26",
    "housenumber": 7,
    "lat": 52.550974,
    "lon": 13.3873647,
    "parity": "R",
    "proj_lat": 52.55096577507104,
    "proj_lon": 13.387718608718751,
    "marker-color": "#ff0000",
    "marker-symbol": "o"
  },
  {
    "rowid": 29548,
    "id": 25359,
    "source": "OA",
    "source_id": "ae2ef20b2324dec1",
    "housenumber": 8,
    "lat": 52.5509277,
    "lon": 13.3879209,
    "parity": "L",
    "proj_lat": 52.55093244999284,
    "proj_lon": 13.38771651399955,
    "marker-color": "#3366ff",
    "marker-symbol": "e"
  },
  {
    "rowid": 29549,
    "id": 25359,
    "source": "OA",
    "source_id": "771eef9dad4e88f4",
    "housenumber": 9,
    "lat": 52.5510452,
    "lon": 13.3872728,
    "parity": "R",
    "proj_lat": 52.551009910655765,
    "proj_lon": 13.387729578345981,
    "marker-color": "#ff0000",
    "marker-symbol": "o"
  },
  {
    "rowid": 29550,
    "id": 25359,
    "source": "OA",
    "source_id": "5d076de3d19a91b1",
    "housenumber": 10,
    "lat": 52.551101,
    "lon": 13.3879654,
    "parity": "L",
    "proj_lat": 52.55112513096342,
    "proj_lon": 13.387761441908294,
    "marker-color": "#3366ff",
    "marker-symbol": "e"
  },
  {
    "rowid": 29551,
    "id": 25359,
    "source": "OA",
    "source_id": "477567f38d51f74c",
    "housenumber": 11,
    "lat": 52.551161,
    "lon": 13.3873246,
    "parity": "R",
    "proj_lat": 52.551109892833445,
    "proj_lon": 13.387756565706702,
    "marker-color": "#ff0000",
    "marker-symbol": "o"
  },
  {
    "rowid": 29552,
    "id": 25359,
    "source": "OA",
    "source_id": "8e559085ccd4f728",
    "housenumber": 12,
    "lat": 52.5512898,
    "lon": 13.3880601,
    "parity": "L",
    "proj_lat": 52.55133425645204,
    "proj_lon": 13.387865423102728,
    "marker-color": "#3366ff",
    "marker-symbol": "e"
  },
  {
    "rowid": 29553,
    "id": 25359,
    "source": "OA",
    "source_id": "e13f6312515e2643",
    "housenumber": 13,
    "lat": 52.5513265,
    "lon": 13.3873913,
    "parity": "R",
    "proj_lat": 52.55124958615075,
    "proj_lon": 13.387813303032061,
    "marker-color": "#ff0000",
    "marker-symbol": "o"
  },
  {
    "rowid": 29554,
    "id": 25359,
    "source": "OA",
    "source_id": "8fb20cadc85f0cf2",
    "housenumber": 14,
    "lat": 52.5514487,
    "lon": 13.3881854,
    "parity": "L",
    "proj_lat": 52.55150924207363,
    "proj_lon": 13.388010937735773,
    "marker-color": "#3366ff",
    "marker-symbol": "e"
  },
  {
    "rowid": 29555,
    "id": 25359,
    "source": "OA",
    "source_id": "03a502db1a231751",
    "housenumber": 15,
    "lat": 52.551484,
    "lon": 13.3874887,
    "parity": "R",
    "proj_lat": 52.551370866883275,
    "proj_lon": 13.387890603195219,
    "marker-color": "#ff0000",
    "marker-symbol": "o"
  },
  {
    "rowid": 29556,
    "id": 25359,
    "source": "OA",
    "source_id": "33b4dda24a3cfc4d",
    "housenumber": 16,
    "lat": 52.551563,
    "lon": 13.3883046,
    "parity": "L",
    "proj_lat": 52.551638008541254,
    "proj_lon": 13.388143286815682,
    "marker-color": "#3366ff",
    "marker-symbol": "e"
  },
  {
    "rowid": 29557,
    "id": 25359,
    "source": "OA",
    "source_id": "ccc5f9bbfde35029",
    "housenumber": 17,
    "lat": 52.5515985,
    "lon": 13.387559,
    "parity": "R",
    "proj_lat": 52.55145206611509,
    "proj_lon": 13.38795506611509,
    "marker-color": "#ff0000",
    "marker-symbol": "o"
  },
  {
    "rowid": 29558,
    "id": 25359,
    "source": "OA",
    "source_id": "405923f61a947134",
    "housenumber": 18,
    "lat": 52.5516759,
    "lon": 13.3884607,
    "parity": "L",
    "proj_lat": 52.55175504798505,
    "proj_lon": 13.388290483662177,
    "marker-color": "#3366ff",
    "marker-symbol": "e"
  },
  {
    "rowid": 29559,
    "id": 25359,
    "source": "OA",
    "source_id": "e2c6d37951e8cc56",
    "housenumber": 19,
    "lat": 52.5516353,
    "lon": 13.3876985,
    "parity": "R",
    "proj_lat": 52.5515225454251,
    "proj_lon": 13.388023424214788,
    "marker-color": "#ff0000",
    "marker-symbol": "o"
  },
  {
    "rowid": 29560,
    "id": 25359,
    "source": "OA",
    "source_id": "cd3003f59e8dec8f",
    "housenumber": 21,
    "lat": 52.5517073,
    "lon": 13.3879969,
    "parity": "R",
    "proj_lat": 52.55163878083836,
    "proj_lon": 13.388144258109593,
    "marker-color": "#ff0000",
    "marker-symbol": "o"
  }
]
