[
  {
    "rowid": 144061,
    "id": 16217,
    "source": "OA",
    "source_id": "f99947bd4af64c64",
    "housenumber": 1,
    "lat": 52.5185312,
    "lon": 13.4090663,
    "parity": "L",
    "proj_lat": 52.518609211775,
    "proj_lon": 13.40922520164017,
    "marker-color": "#3366ff",
    "marker-symbol": "o"
  },
  {
    "rowid": 144061,
    "id": 16217,
    "source": "OA",
    "source_id": "f99947bd4af64c64",
    "housenumber": 1,
    "lat": 52.5185312,
    "lon": 13.4090663,
    "parity": "L",
    "proj_lat": 52.518609211775,
    "proj_lon": 13.40922520164017,
    "marker-color": "#3366ff",
    "marker-symbol": "o"
  },
  {
    "rowid": 144061,
    "id": 16217,
    "source": "OA",
    "source_id": "f99947bd4af64c64",
    "housenumber": 1,
    "lat": 52.5185312,
    "lon": 13.4090663,
    "parity": "L",
    "proj_lat": 52.518609211775,
    "proj_lon": 13.40922520164017,
    "marker-color": "#3366ff",
    "marker-symbol": "o"
  },
  {
    "rowid": 144061,
    "id": 16217,
    "source": "OA",
    "source_id": "f99947bd4af64c64",
    "housenumber": 1,
    "lat": 52.5185312,
    "lon": 13.4090663,
    "parity": "L",
    "proj_lat": 52.518609211775,
    "proj_lon": 13.40922520164017,
    "marker-color": "#3366ff",
    "marker-symbol": "o"
  },
  {
    "rowid": 109013,
    "id": 16214,
    "source": "OA",
    "source_id": "97439bc60125e540",
    "housenumber": 42,
    "lat": 52.5165555,
    "lon": 13.4108347,
    "parity": "R",
    "proj_lat": 52.516528371373994,
    "proj_lon": 13.410598643366692,
    "marker-color": "#ff0000",
    "marker-symbol": "e"
  },
  {
    "rowid": 109013,
    "id": 16214,
    "source": "OA",
    "source_id": "97439bc60125e540",
    "housenumber": 42,
    "lat": 52.5165555,
    "lon": 13.4108347,
    "parity": "R",
    "proj_lat": 52.516528371373994,
    "proj_lon": 13.410598643366692,
    "marker-color": "#ff0000",
    "marker-symbol": "e"
  },
  {
    "rowid": 109013,
    "id": 16214,
    "source": "OA",
    "source_id": "97439bc60125e540",
    "housenumber": 42,
    "lat": 52.5165555,
    "lon": 13.4108347,
    "parity": "R",
    "proj_lat": 52.516528371373994,
    "proj_lon": 13.410598643366692,
    "marker-color": "#ff0000",
    "marker-symbol": "e"
  },
  {
    "rowid": 109013,
    "id": 16214,
    "source": "OA",
    "source_id": "97439bc60125e540",
    "housenumber": 42,
    "lat": 52.5165555,
    "lon": 13.4108347,
    "parity": "R",
    "proj_lat": 52.516528371373994,
    "proj_lon": 13.410598643366692,
    "marker-color": "#ff0000",
    "marker-symbol": "e"
  },
  {
    "rowid": 109014,
    "id": 16217,
    "source": "OA",
    "source_id": "1ea46bd23be67175",
    "housenumber": 50,
    "lat": 52.5184144,
    "lon": 13.409768,
    "parity": "R",
    "proj_lat": 52.51832979642113,
    "proj_lon": 13.409595672476781,
    "marker-color": "#ff0000",
    "marker-symbol": "e"
  },
  {
    "rowid": 109014,
    "id": 16217,
    "source": "OA",
    "source_id": "1ea46bd23be67175",
    "housenumber": 50,
    "lat": 52.5184144,
    "lon": 13.409768,
    "parity": "R",
    "proj_lat": 52.51832979642113,
    "proj_lon": 13.409595672476781,
    "marker-color": "#ff0000",
    "marker-symbol": "e"
  },
  {
    "rowid": 109014,
    "id": 16217,
    "source": "OA",
    "source_id": "1ea46bd23be67175",
    "housenumber": 50,
    "lat": 52.5184144,
    "lon": 13.409768,
    "parity": "R",
    "proj_lat": 52.51832979642113,
    "proj_lon": 13.409595672476781,
    "marker-color": "#ff0000",
    "marker-symbol": "e"
  },
  {
    "rowid": 109014,
    "id": 16217,
    "source": "OA",
    "source_id": "1ea46bd23be67175",
    "housenumber": 50,
    "lat": 52.5184144,
    "lon": 13.409768,
    "parity": "R",
    "proj_lat": 52.51832979642113,
    "proj_lon": 13.409595672476781,
    "marker-color": "#ff0000",
    "marker-symbol": "e"
  }
]
