[
  {
    "rowid": 220356,
    "id": 17465,
    "source": "OA",
    "source_id": "3266ed25f269a3ba",
    "housenumber": 5,
    "lat": 52.5153494,
    "lon": 13.4169877,
    "parity": "R",
    "proj_lat": 52.515238583092184,
    "proj_lon": 13.417002661843638,
    "marker-color": "#ff0000",
    "marker-symbol": "o"
  },
  {
    "rowid": 210433,
    "id": 17465,
    "source": "OA",
    "source_id": "9782d1544f39f9f6",
    "housenumber": 6,
    "lat": 52.5153757,
    "lon": 13.4165837,
    "parity": "R",
    "proj_lat": 52.515246453454765,
    "proj_lon": 13.41657402228759,
    "marker-color": "#ff0000",
    "marker-symbol": "e"
  },
  {
    "rowid": 216497,
    "id": 17465,
    "source": "OA",
    "source_id": "c98c356fc815b4ae",
    "housenumber": 13,
    "lat": 52.5150482,
    "lon": 13.4129108,
    "parity": "R",
    "proj_lat": 52.5149797122836,
    "proj_lon": 13.41293026669418,
    "marker-color": "#ff0000",
    "marker-symbol": "o"
  },
  {
    "rowid": 210434,
    "id": 17465,
    "source": "OA",
    "source_id": "4145d38f8f78c318",
    "housenumber": 18,
    "lat": 52.5151675,
    "lon": 13.4110805,
    "parity": "R",
    "proj_lat": 52.514934,
    "proj_lon": 13.41109,
    "marker-color": "#ff0000",
    "marker-symbol": "e"
  }
]
