[
  {
    "rowid": 115926,
    "id": 44023,
    "source": "OA",
    "source_id": "d7dd6053b95141e4",
    "housenumber": 1,
    "lat": 52.5450835,
    "lon": 13.4468291,
    "parity": "L",
    "proj_lat": 52.544560583294384,
    "proj_lon": 13.446331799192672,
    "marker-color": "#3366ff",
    "marker-symbol": "o"
  },
  {
    "rowid": 115926,
    "id": 44023,
    "source": "OA",
    "source_id": "d7dd6053b95141e4",
    "housenumber": 1,
    "lat": 52.5450835,
    "lon": 13.4468291,
    "parity": "L",
    "proj_lat": 52.544560583294384,
    "proj_lon": 13.446331799192672,
    "marker-color": "#3366ff",
    "marker-symbol": "o"
  },
  {
    "rowid": 115927,
    "id": 44023,
    "source": "OA",
    "source_id": "b47813c86975cbdc",
    "housenumber": 3,
    "lat": 52.5450131,
    "lon": 13.4470077,
    "parity": "L",
    "proj_lat": 52.54449586589996,
    "proj_lon": 13.446515805004768,
    "marker-color": "#3366ff",
    "marker-symbol": "o"
  },
  {
    "rowid": 115927,
    "id": 44023,
    "source": "OA",
    "source_id": "b47813c86975cbdc",
    "housenumber": 3,
    "lat": 52.5450131,
    "lon": 13.4470077,
    "parity": "L",
    "proj_lat": 52.54449586589996,
    "proj_lon": 13.446515805004768,
    "marker-color": "#3366ff",
    "marker-symbol": "o"
  },
  {
    "rowid": 115928,
    "id": 44023,
    "source": "OA",
    "source_id": "c48078e84f3aef6f",
    "housenumber": 5,
    "lat": 52.5449419,
    "lon": 13.4471884,
    "parity": "L",
    "proj_lat": 52.54443039452103,
    "proj_lon": 13.446701954560982,
    "marker-color": "#3366ff",
    "marker-symbol": "o"
  },
  {
    "rowid": 115928,
    "id": 44023,
    "source": "OA",
    "source_id": "c48078e84f3aef6f",
    "housenumber": 5,
    "lat": 52.5449419,
    "lon": 13.4471884,
    "parity": "L",
    "proj_lat": 52.54443039452103,
    "proj_lon": 13.446701954560982,
    "marker-color": "#3366ff",
    "marker-symbol": "o"
  },
  {
    "rowid": 115929,
    "id": 44023,
    "source": "OA",
    "source_id": "76f9acaf73f1a4b7",
    "housenumber": 7,
    "lat": 52.5448752,
    "lon": 13.4473576,
    "parity": "L",
    "proj_lat": 52.54435926174431,
    "proj_lon": 13.446919442492257,
    "marker-color": "#3366ff",
    "marker-symbol": "o"
  },
  {
    "rowid": 115929,
    "id": 44023,
    "source": "OA",
    "source_id": "76f9acaf73f1a4b7",
    "housenumber": 7,
    "lat": 52.5448752,
    "lon": 13.4473576,
    "parity": "L",
    "proj_lat": 52.54435926174431,
    "proj_lon": 13.446919442492257,
    "marker-color": "#3366ff",
    "marker-symbol": "o"
  },
  {
    "rowid": 115930,
    "id": 44023,
    "source": "OA",
    "source_id": "6d863784fc2e6584",
    "housenumber": 9,
    "lat": 52.5448023,
    "lon": 13.4475426,
    "parity": "L",
    "proj_lat": 52.54428404565294,
    "proj_lon": 13.447182096736178,
    "marker-color": "#3366ff",
    "marker-symbol": "o"
  },
  {
    "rowid": 115930,
    "id": 44023,
    "source": "OA",
    "source_id": "6d863784fc2e6584",
    "housenumber": 9,
    "lat": 52.5448023,
    "lon": 13.4475426,
    "parity": "L",
    "proj_lat": 52.54428404565294,
    "proj_lon": 13.447182096736178,
    "marker-color": "#3366ff",
    "marker-symbol": "o"
  },
  {
    "rowid": 115931,
    "id": 44023,
    "source": "OA",
    "source_id": "406eb5edd005c437",
    "housenumber": 11,
    "lat": 52.5447403,
    "lon": 13.448063,
    "parity": "L",
    "proj_lat": 52.544153683596925,
    "proj_lon": 13.447675182960747,
    "marker-color": "#3366ff",
    "marker-symbol": "o"
  },
  {
    "rowid": 115931,
    "id": 44023,
    "source": "OA",
    "source_id": "406eb5edd005c437",
    "housenumber": 11,
    "lat": 52.5447403,
    "lon": 13.448063,
    "parity": "L",
    "proj_lat": 52.544153683596925,
    "proj_lon": 13.447675182960747,
    "marker-color": "#3366ff",
    "marker-symbol": "o"
  },
  {
    "rowid": 115932,
    "id": 44023,
    "source": "OA",
    "source_id": "6f748f0246193452",
    "housenumber": 13,
    "lat": 52.5448457,
    "lon": 13.4481614,
    "parity": "L",
    "proj_lat": 52.5441476392649,
    "proj_lon": 13.447699903958922,
    "marker-color": "#3366ff",
    "marker-symbol": "o"
  },
  {
    "rowid": 115932,
    "id": 44023,
    "source": "OA",
    "source_id": "6f748f0246193452",
    "housenumber": 13,
    "lat": 52.5448457,
    "lon": 13.4481614,
    "parity": "L",
    "proj_lat": 52.5441476392649,
    "proj_lon": 13.447699903958922,
    "marker-color": "#3366ff",
    "marker-symbol": "o"
  },
  {
    "rowid": 115933,
    "id": 44023,
    "source": "OA",
    "source_id": "db1802a0277c25a7",
    "housenumber": 15,
    "lat": 52.5449522,
    "lon": 13.4482787,
    "parity": "L",
    "proj_lat": 52.54413777009547,
    "proj_lon": 13.447740268339707,
    "marker-color": "#3366ff",
    "marker-symbol": "o"
  },
  {
    "rowid": 115933,
    "id": 44023,
    "source": "OA",
    "source_id": "db1802a0277c25a7",
    "housenumber": 15,
    "lat": 52.5449522,
    "lon": 13.4482787,
    "parity": "L",
    "proj_lat": 52.54413777009547,
    "proj_lon": 13.447740268339707,
    "marker-color": "#3366ff",
    "marker-symbol": "o"
  },
  {
    "rowid": 115934,
    "id": 44023,
    "source": "OA",
    "source_id": "c2347b5ab7735f9b",
    "housenumber": 17,
    "lat": 52.5450644,
    "lon": 13.4483945,
    "parity": "L",
    "proj_lat": 52.544129009999445,
    "proj_lon": 13.447776096668953,
    "marker-color": "#3366ff",
    "marker-symbol": "o"
  },
  {
    "rowid": 115934,
    "id": 44023,
    "source": "OA",
    "source_id": "c2347b5ab7735f9b",
    "housenumber": 17,
    "lat": 52.5450644,
    "lon": 13.4483945,
    "parity": "L",
    "proj_lat": 52.544129009999445,
    "proj_lon": 13.447776096668953,
    "marker-color": "#3366ff",
    "marker-symbol": "o"
  },
  {
    "rowid": 115935,
    "id": 44023,
    "source": "OA",
    "source_id": "8adab046977601e7",
    "housenumber": 19,
    "lat": 52.5451743,
    "lon": 13.4484977,
    "parity": "L",
    "proj_lat": 52.544122582045105,
    "proj_lon": 13.447802386662094,
    "marker-color": "#3366ff",
    "marker-symbol": "o"
  },
  {
    "rowid": 115935,
    "id": 44023,
    "source": "OA",
    "source_id": "8adab046977601e7",
    "housenumber": 19,
    "lat": 52.5451743,
    "lon": 13.4484977,
    "parity": "L",
    "proj_lat": 52.544122582045105,
    "proj_lon": 13.447802386662094,
    "marker-color": "#3366ff",
    "marker-symbol": "o"
  },
  {
    "rowid": 115936,
    "id": 44023,
    "source": "OA",
    "source_id": "25855a6801293dcf",
    "housenumber": 21,
    "lat": 52.5444907,
    "lon": 13.4486611,
    "parity": "L",
    "proj_lat": 52.54399306320404,
    "proj_lon": 13.448332111869174,
    "marker-color": "#3366ff",
    "marker-symbol": "o"
  },
  {
    "rowid": 115936,
    "id": 44023,
    "source": "OA",
    "source_id": "25855a6801293dcf",
    "housenumber": 21,
    "lat": 52.5444907,
    "lon": 13.4486611,
    "parity": "L",
    "proj_lat": 52.54399306320404,
    "proj_lon": 13.448332111869174,
    "marker-color": "#3366ff",
    "marker-symbol": "o"
  },
  {
    "rowid": 115937,
    "id": 44023,
    "source": "OA",
    "source_id": "be21515f2de9058b",
    "housenumber": 23,
    "lat": 52.5446017,
    "lon": 13.4487717,
    "parity": "L",
    "proj_lat": 52.543986,
    "proj_lon": 13.448361,
    "marker-color": "#3366ff",
    "marker-symbol": "o"
  },
  {
    "rowid": 115937,
    "id": 44023,
    "source": "OA",
    "source_id": "be21515f2de9058b",
    "housenumber": 23,
    "lat": 52.5446017,
    "lon": 13.4487717,
    "parity": "L",
    "proj_lat": 52.543986,
    "proj_lon": 13.448361,
    "marker-color": "#3366ff",
    "marker-symbol": "o"
  },
  {
    "rowid": 115938,
    "id": 44023,
    "source": "OA",
    "source_id": "6f10ebae57f84130",
    "housenumber": 25,
    "lat": 52.5447,
    "lon": 13.4488964,
    "parity": "L",
    "proj_lat": 52.543986,
    "proj_lon": 13.448361,
    "marker-color": "#3366ff",
    "marker-symbol": "o"
  },
  {
    "rowid": 115938,
    "id": 44023,
    "source": "OA",
    "source_id": "6f10ebae57f84130",
    "housenumber": 25,
    "lat": 52.5447,
    "lon": 13.4488964,
    "parity": "L",
    "proj_lat": 52.543986,
    "proj_lon": 13.448361,
    "marker-color": "#3366ff",
    "marker-symbol": "o"
  },
  {
    "rowid": 115939,
    "id": 44023,
    "source": "OA",
    "source_id": "633a7036a9eee5ce",
    "housenumber": 27,
    "lat": 52.5448221,
    "lon": 13.4490048,
    "parity": "L",
    "proj_lat": 52.543986,
    "proj_lon": 13.448361,
    "marker-color": "#3366ff",
    "marker-symbol": "o"
  },
  {
    "rowid": 115939,
    "id": 44023,
    "source": "OA",
    "source_id": "633a7036a9eee5ce",
    "housenumber": 27,
    "lat": 52.5448221,
    "lon": 13.4490048,
    "parity": "L",
    "proj_lat": 52.543986,
    "proj_lon": 13.448361,
    "marker-color": "#3366ff",
    "marker-symbol": "o"
  },
  {
    "rowid": 115940,
    "id": 44023,
    "source": "OA",
    "source_id": "c4312aff21b2382a",
    "housenumber": 29,
    "lat": 52.5449325,
    "lon": 13.4491148,
    "parity": "L",
    "proj_lat": 52.543986,
    "proj_lon": 13.448361,
    "marker-color": "#3366ff",
    "marker-symbol": "o"
  },
  {
    "rowid": 115940,
    "id": 44023,
    "source": "OA",
    "source_id": "c4312aff21b2382a",
    "housenumber": 29,
    "lat": 52.5449325,
    "lon": 13.4491148,
    "parity": "L",
    "proj_lat": 52.543986,
    "proj_lon": 13.448361,
    "marker-color": "#3366ff",
    "marker-symbol": "o"
  },
  {
    "rowid": 115941,
    "id": 44023,
    "source": "OA",
    "source_id": "31ddf65da21c82ee",
    "housenumber": 31,
    "lat": 52.5442428,
    "lon": 13.4492798,
    "parity": "L",
    "proj_lat": 52.54381906348243,
    "proj_lon": 13.448878274356407,
    "marker-color": "#3366ff",
    "marker-symbol": "o"
  },
  {
    "rowid": 115941,
    "id": 44023,
    "source": "OA",
    "source_id": "31ddf65da21c82ee",
    "housenumber": 31,
    "lat": 52.5442428,
    "lon": 13.4492798,
    "parity": "L",
    "proj_lat": 52.54381906348243,
    "proj_lon": 13.448878274356407,
    "marker-color": "#3366ff",
    "marker-symbol": "o"
  },
  {
    "rowid": 115942,
    "id": 44023,
    "source": "OA",
    "source_id": "f1b6ef263a4c998d",
    "housenumber": 33,
    "lat": 52.5443502,
    "lon": 13.4493974,
    "parity": "L",
    "proj_lat": 52.543814899544294,
    "proj_lon": 13.448890155750579,
    "marker-color": "#3366ff",
    "marker-symbol": "o"
  },
  {
    "rowid": 115942,
    "id": 44023,
    "source": "OA",
    "source_id": "f1b6ef263a4c998d",
    "housenumber": 33,
    "lat": 52.5443502,
    "lon": 13.4493974,
    "parity": "L",
    "proj_lat": 52.543814899544294,
    "proj_lon": 13.448890155750579,
    "marker-color": "#3366ff",
    "marker-symbol": "o"
  },
  {
    "rowid": 115943,
    "id": 44023,
    "source": "OA",
    "source_id": "f4d7393e079c5697",
    "housenumber": 35,
    "lat": 52.5444615,
    "lon": 13.4495103,
    "parity": "L",
    "proj_lat": 52.54381294469965,
    "proj_lon": 13.44889573371042,
    "marker-color": "#3366ff",
    "marker-symbol": "o"
  },
  {
    "rowid": 115943,
    "id": 44023,
    "source": "OA",
    "source_id": "f4d7393e079c5697",
    "housenumber": 35,
    "lat": 52.5444615,
    "lon": 13.4495103,
    "parity": "L",
    "proj_lat": 52.54381294469965,
    "proj_lon": 13.44889573371042,
    "marker-color": "#3366ff",
    "marker-symbol": "o"
  },
  {
    "rowid": 115944,
    "id": 44023,
    "source": "OA",
    "source_id": "19d8fcbce3ec3a5a",
    "housenumber": 37,
    "lat": 52.5445699,
    "lon": 13.4496231,
    "parity": "L",
    "proj_lat": 52.54381029344907,
    "proj_lon": 13.448903298797156,
    "marker-color": "#3366ff",
    "marker-symbol": "o"
  },
  {
    "rowid": 115944,
    "id": 44023,
    "source": "OA",
    "source_id": "19d8fcbce3ec3a5a",
    "housenumber": 37,
    "lat": 52.5445699,
    "lon": 13.4496231,
    "parity": "L",
    "proj_lat": 52.54381029344907,
    "proj_lon": 13.448903298797156,
    "marker-color": "#3366ff",
    "marker-symbol": "o"
  },
  {
    "rowid": 115945,
    "id": 44023,
    "source": "OA",
    "source_id": "c9b07d83b5e06172",
    "housenumber": 39,
    "lat": 52.5446778,
    "lon": 13.4497361,
    "parity": "L",
    "proj_lat": 52.543807465197865,
    "proj_lon": 13.448911368938015,
    "marker-color": "#3366ff",
    "marker-symbol": "o"
  },
  {
    "rowid": 115945,
    "id": 44023,
    "source": "OA",
    "source_id": "c9b07d83b5e06172",
    "housenumber": 39,
    "lat": 52.5446778,
    "lon": 13.4497361,
    "parity": "L",
    "proj_lat": 52.543807465197865,
    "proj_lon": 13.448911368938015,
    "marker-color": "#3366ff",
    "marker-symbol": "o"
  },
  {
    "rowid": 115946,
    "id": 44023,
    "source": "OA",
    "source_id": "97bbb8629c5d6e54",
    "housenumber": 41,
    "lat": 52.5439951,
    "lon": 13.4499099,
    "parity": "L",
    "proj_lat": 52.54359096064067,
    "proj_lon": 13.449530325428366,
    "marker-color": "#3366ff",
    "marker-symbol": "o"
  },
  {
    "rowid": 115946,
    "id": 44023,
    "source": "OA",
    "source_id": "97bbb8629c5d6e54",
    "housenumber": 41,
    "lat": 52.5439951,
    "lon": 13.4499099,
    "parity": "L",
    "proj_lat": 52.54359096064067,
    "proj_lon": 13.449530325428366,
    "marker-color": "#3366ff",
    "marker-symbol": "o"
  },
  {
    "rowid": 115947,
    "id": 44023,
    "source": "OA",
    "source_id": "22668de2c57f6f43",
    "housenumber": 43,
    "lat": 52.5441108,
    "lon": 13.4500375,
    "parity": "L",
    "proj_lat": 52.54358600255633,
    "proj_lon": 13.449544598701465,
    "marker-color": "#3366ff",
    "marker-symbol": "o"
  },
  {
    "rowid": 115947,
    "id": 44023,
    "source": "OA",
    "source_id": "22668de2c57f6f43",
    "housenumber": 43,
    "lat": 52.5441108,
    "lon": 13.4500375,
    "parity": "L",
    "proj_lat": 52.54358600255633,
    "proj_lon": 13.449544598701465,
    "marker-color": "#3366ff",
    "marker-symbol": "o"
  },
  {
    "rowid": 115948,
    "id": 44023,
    "source": "OA",
    "source_id": "c95e5291ae17784b",
    "housenumber": 45,
    "lat": 52.5442125,
    "lon": 13.4501428,
    "parity": "L",
    "proj_lat": 52.54358344143514,
    "proj_lon": 13.449551971626107,
    "marker-color": "#3366ff",
    "marker-symbol": "o"
  },
  {
    "rowid": 115948,
    "id": 44023,
    "source": "OA",
    "source_id": "c95e5291ae17784b",
    "housenumber": 45,
    "lat": 52.5442125,
    "lon": 13.4501428,
    "parity": "L",
    "proj_lat": 52.54358344143514,
    "proj_lon": 13.449551971626107,
    "marker-color": "#3366ff",
    "marker-symbol": "o"
  },
  {
    "rowid": 115949,
    "id": 44023,
    "source": "OA",
    "source_id": "ab68e86c3a11b431",
    "housenumber": 47,
    "lat": 52.5443207,
    "lon": 13.4502572,
    "parity": "L",
    "proj_lat": 52.54358009616718,
    "proj_lon": 13.449561601942964,
    "marker-color": "#3366ff",
    "marker-symbol": "o"
  },
  {
    "rowid": 115949,
    "id": 44023,
    "source": "OA",
    "source_id": "ab68e86c3a11b431",
    "housenumber": 47,
    "lat": 52.5443207,
    "lon": 13.4502572,
    "parity": "L",
    "proj_lat": 52.54358009616718,
    "proj_lon": 13.449561601942964,
    "marker-color": "#3366ff",
    "marker-symbol": "o"
  },
  {
    "rowid": 115950,
    "id": 44023,
    "source": "OA",
    "source_id": "78fe52f44b51e2a8",
    "housenumber": 49,
    "lat": 52.5444351,
    "lon": 13.4503689,
    "parity": "L",
    "proj_lat": 52.543578983604434,
    "proj_lon": 13.44956480477512,
    "marker-color": "#3366ff",
    "marker-symbol": "o"
  },
  {
    "rowid": 115950,
    "id": 44023,
    "source": "OA",
    "source_id": "78fe52f44b51e2a8",
    "housenumber": 49,
    "lat": 52.5444351,
    "lon": 13.4503689,
    "parity": "L",
    "proj_lat": 52.543578983604434,
    "proj_lon": 13.44956480477512,
    "marker-color": "#3366ff",
    "marker-symbol": "o"
  },
  {
    "rowid": 115951,
    "id": 44023,
    "source": "OA",
    "source_id": "1d37e72f340fd330",
    "housenumber": 51,
    "lat": 52.5437503,
    "lon": 13.4505396,
    "parity": "L",
    "proj_lat": 52.54336581049616,
    "proj_lon": 13.450178484935284,
    "marker-color": "#3366ff",
    "marker-symbol": "o"
  },
  {
    "rowid": 115951,
    "id": 44023,
    "source": "OA",
    "source_id": "1d37e72f340fd330",
    "housenumber": 51,
    "lat": 52.5437503,
    "lon": 13.4505396,
    "parity": "L",
    "proj_lat": 52.54336581049616,
    "proj_lon": 13.450178484935284,
    "marker-color": "#3366ff",
    "marker-symbol": "o"
  },
  {
    "rowid": 115952,
    "id": 44023,
    "source": "OA",
    "source_id": "4898239adff6df00",
    "housenumber": 53,
    "lat": 52.5438516,
    "lon": 13.4506498,
    "parity": "L",
    "proj_lat": 52.543361866998445,
    "proj_lon": 13.45018983742872,
    "marker-color": "#3366ff",
    "marker-symbol": "o"
  },
  {
    "rowid": 115952,
    "id": 44023,
    "source": "OA",
    "source_id": "4898239adff6df00",
    "housenumber": 53,
    "lat": 52.5438516,
    "lon": 13.4506498,
    "parity": "L",
    "proj_lat": 52.543361866998445,
    "proj_lon": 13.45018983742872,
    "marker-color": "#3366ff",
    "marker-symbol": "o"
  },
  {
    "rowid": 115953,
    "id": 44023,
    "source": "OA",
    "source_id": "666b79e7f7c32417",
    "housenumber": 55,
    "lat": 52.5439663,
    "lon": 13.4507592,
    "parity": "L",
    "proj_lat": 52.54336142971668,
    "proj_lon": 13.450191096270162,
    "marker-color": "#3366ff",
    "marker-symbol": "o"
  },
  {
    "rowid": 115953,
    "id": 44023,
    "source": "OA",
    "source_id": "666b79e7f7c32417",
    "housenumber": 55,
    "lat": 52.5439663,
    "lon": 13.4507592,
    "parity": "L",
    "proj_lat": 52.54336142971668,
    "proj_lon": 13.450191096270162,
    "marker-color": "#3366ff",
    "marker-symbol": "o"
  },
  {
    "rowid": 115954,
    "id": 44023,
    "source": "OA",
    "source_id": "af0c083701f825f6",
    "housenumber": 57,
    "lat": 52.5440735,
    "lon": 13.450884,
    "parity": "L",
    "proj_lat": 52.54335511417271,
    "proj_lon": 13.450209277381578,
    "marker-color": "#3366ff",
    "marker-symbol": "o"
  },
  {
    "rowid": 115954,
    "id": 44023,
    "source": "OA",
    "source_id": "af0c083701f825f6",
    "housenumber": 57,
    "lat": 52.5440735,
    "lon": 13.450884,
    "parity": "L",
    "proj_lat": 52.54335511417271,
    "proj_lon": 13.450209277381578,
    "marker-color": "#3366ff",
    "marker-symbol": "o"
  },
  {
    "rowid": 115955,
    "id": 44023,
    "source": "OA",
    "source_id": "a960debefecc96fa",
    "housenumber": 59,
    "lat": 52.5441834,
    "lon": 13.4509934,
    "parity": "L",
    "proj_lat": 52.54335349663411,
    "proj_lon": 13.450213933932107,
    "marker-color": "#3366ff",
    "marker-symbol": "o"
  },
  {
    "rowid": 115955,
    "id": 44023,
    "source": "OA",
    "source_id": "a960debefecc96fa",
    "housenumber": 59,
    "lat": 52.5441834,
    "lon": 13.4509934,
    "parity": "L",
    "proj_lat": 52.54335349663411,
    "proj_lon": 13.450213933932107,
    "marker-color": "#3366ff",
    "marker-symbol": "o"
  },
  {
    "rowid": 115956,
    "id": 44023,
    "source": "OA",
    "source_id": "6e4d894f9394261f",
    "housenumber": 63,
    "lat": 52.5434235,
    "lon": 13.4517947,
    "parity": "L",
    "proj_lat": 52.54294889674087,
    "proj_lon": 13.45131183941115,
    "marker-color": "#3366ff",
    "marker-symbol": "o"
  },
  {
    "rowid": 115956,
    "id": 44023,
    "source": "OA",
    "source_id": "6e4d894f9394261f",
    "housenumber": 63,
    "lat": 52.5434235,
    "lon": 13.4517947,
    "parity": "L",
    "proj_lat": 52.54294889674087,
    "proj_lon": 13.45131183941115,
    "marker-color": "#3366ff",
    "marker-symbol": "o"
  },
  {
    "rowid": 115957,
    "id": 44023,
    "source": "OA",
    "source_id": "c50daa9030cdda59",
    "housenumber": 65,
    "lat": 52.5435278,
    "lon": 13.4518895,
    "parity": "L",
    "proj_lat": 52.542951976400296,
    "proj_lon": 13.451303655216204,
    "marker-color": "#3366ff",
    "marker-symbol": "o"
  },
  {
    "rowid": 115957,
    "id": 44023,
    "source": "OA",
    "source_id": "c50daa9030cdda59",
    "housenumber": 65,
    "lat": 52.5435278,
    "lon": 13.4518895,
    "parity": "L",
    "proj_lat": 52.542951976400296,
    "proj_lon": 13.451303655216204,
    "marker-color": "#3366ff",
    "marker-symbol": "o"
  },
  {
    "rowid": 115958,
    "id": 44023,
    "source": "OA",
    "source_id": "43f8b8e1fe52f899",
    "housenumber": 67,
    "lat": 52.5436444,
    "lon": 13.452026,
    "parity": "L",
    "proj_lat": 52.542947114499256,
    "proj_lon": 13.451316575718225,
    "marker-color": "#3366ff",
    "marker-symbol": "o"
  },
  {
    "rowid": 115958,
    "id": 44023,
    "source": "OA",
    "source_id": "43f8b8e1fe52f899",
    "housenumber": 67,
    "lat": 52.5436444,
    "lon": 13.452026,
    "parity": "L",
    "proj_lat": 52.542947114499256,
    "proj_lon": 13.451316575718225,
    "marker-color": "#3366ff",
    "marker-symbol": "o"
  },
  {
    "rowid": 115959,
    "id": 44023,
    "source": "OA",
    "source_id": "2452c6db0ba482cc",
    "housenumber": 69,
    "lat": 52.5437515,
    "lon": 13.4521315,
    "parity": "L",
    "proj_lat": 52.542948058319325,
    "proj_lon": 13.451314067516384,
    "marker-color": "#3366ff",
    "marker-symbol": "o"
  },
  {
    "rowid": 115959,
    "id": 44023,
    "source": "OA",
    "source_id": "2452c6db0ba482cc",
    "housenumber": 69,
    "lat": 52.5437515,
    "lon": 13.4521315,
    "parity": "L",
    "proj_lat": 52.542948058319325,
    "proj_lon": 13.451314067516384,
    "marker-color": "#3366ff",
    "marker-symbol": "o"
  },
  {
    "rowid": 115960,
    "id": 44023,
    "source": "OA",
    "source_id": "5195367b48b5290d",
    "housenumber": 71,
    "lat": 52.5438571,
    "lon": 13.4522399,
    "parity": "L",
    "proj_lat": 52.54294779799382,
    "proj_lon": 13.45131475933143,
    "marker-color": "#3366ff",
    "marker-symbol": "o"
  },
  {
    "rowid": 115960,
    "id": 44023,
    "source": "OA",
    "source_id": "5195367b48b5290d",
    "housenumber": 71,
    "lat": 52.5438571,
    "lon": 13.4522399,
    "parity": "L",
    "proj_lat": 52.54294779799382,
    "proj_lon": 13.45131475933143,
    "marker-color": "#3366ff",
    "marker-symbol": "o"
  },
  {
    "rowid": 115961,
    "id": 44023,
    "source": "OA",
    "source_id": "dd26a32493034ac9",
    "housenumber": 73,
    "lat": 52.5431847,
    "lon": 13.4524235,
    "parity": "L",
    "proj_lat": 52.54271352472518,
    "proj_lon": 13.451919451919355,
    "marker-color": "#3366ff",
    "marker-symbol": "o"
  },
  {
    "rowid": 115961,
    "id": 44023,
    "source": "OA",
    "source_id": "dd26a32493034ac9",
    "housenumber": 73,
    "lat": 52.5431847,
    "lon": 13.4524235,
    "parity": "L",
    "proj_lat": 52.54271352472518,
    "proj_lon": 13.451919451919355,
    "marker-color": "#3366ff",
    "marker-symbol": "o"
  },
  {
    "rowid": 115962,
    "id": 44023,
    "source": "OA",
    "source_id": "9543f35d8729d6e2",
    "housenumber": 75,
    "lat": 52.5432851,
    "lon": 13.4525339,
    "parity": "L",
    "proj_lat": 52.54271269280886,
    "proj_lon": 13.45192155448595,
    "marker-color": "#3366ff",
    "marker-symbol": "o"
  },
  {
    "rowid": 115962,
    "id": 44023,
    "source": "OA",
    "source_id": "9543f35d8729d6e2",
    "housenumber": 75,
    "lat": 52.5432851,
    "lon": 13.4525339,
    "parity": "L",
    "proj_lat": 52.54271269280886,
    "proj_lon": 13.45192155448595,
    "marker-color": "#3366ff",
    "marker-symbol": "o"
  },
  {
    "rowid": 115963,
    "id": 44023,
    "source": "OA",
    "source_id": "6f9541b929e18f4b",
    "housenumber": 77,
    "lat": 52.5433918,
    "lon": 13.4526496,
    "parity": "L",
    "proj_lat": 52.54271226143062,
    "proj_lon": 13.451922644741625,
    "marker-color": "#3366ff",
    "marker-symbol": "o"
  },
  {
    "rowid": 115963,
    "id": 44023,
    "source": "OA",
    "source_id": "6f9541b929e18f4b",
    "housenumber": 77,
    "lat": 52.5433918,
    "lon": 13.4526496,
    "parity": "L",
    "proj_lat": 52.54271226143062,
    "proj_lon": 13.451922644741625,
    "marker-color": "#3366ff",
    "marker-symbol": "o"
  },
  {
    "rowid": 115964,
    "id": 44022,
    "source": "OA",
    "source_id": "b27e973541555134",
    "housenumber": 79,
    "lat": 52.5435008,
    "lon": 13.4527645,
    "parity": "R",
    "proj_lat": 52.542911,
    "proj_lon": 13.453927,
    "marker-color": "#ff0000",
    "marker-symbol": "o"
  },
  {
    "rowid": 115964,
    "id": 44022,
    "source": "OA",
    "source_id": "b27e973541555134",
    "housenumber": 79,
    "lat": 52.5435008,
    "lon": 13.4527645,
    "parity": "R",
    "proj_lat": 52.542911,
    "proj_lon": 13.453927,
    "marker-color": "#ff0000",
    "marker-symbol": "o"
  },
  {
    "rowid": 115965,
    "id": 44022,
    "source": "OA",
    "source_id": "39b971799af3c5c3",
    "housenumber": 81,
    "lat": 52.5436111,
    "lon": 13.4528721,
    "parity": "R",
    "proj_lat": 52.542911,
    "proj_lon": 13.453927,
    "marker-color": "#ff0000",
    "marker-symbol": "o"
  },
  {
    "rowid": 115965,
    "id": 44022,
    "source": "OA",
    "source_id": "39b971799af3c5c3",
    "housenumber": 81,
    "lat": 52.5436111,
    "lon": 13.4528721,
    "parity": "R",
    "proj_lat": 52.542911,
    "proj_lon": 13.453927,
    "marker-color": "#ff0000",
    "marker-symbol": "o"
  },
  {
    "rowid": 115966,
    "id": 44022,
    "source": "OA",
    "source_id": "0b89de7c5a9f6f7a",
    "housenumber": 83,
    "lat": 52.5429318,
    "lon": 13.4530465,
    "parity": "L",
    "proj_lat": 52.542911,
    "proj_lon": 13.453927,
    "marker-color": "#3366ff",
    "marker-symbol": "o"
  },
  {
    "rowid": 115966,
    "id": 44022,
    "source": "OA",
    "source_id": "0b89de7c5a9f6f7a",
    "housenumber": 83,
    "lat": 52.5429318,
    "lon": 13.4530465,
    "parity": "L",
    "proj_lat": 52.542911,
    "proj_lon": 13.453927,
    "marker-color": "#3366ff",
    "marker-symbol": "o"
  },
  {
    "rowid": 115967,
    "id": 44022,
    "source": "OA",
    "source_id": "054227e75d2fc91e",
    "housenumber": 85,
    "lat": 52.5430398,
    "lon": 13.4531484,
    "parity": "L",
    "proj_lat": 52.542911,
    "proj_lon": 13.453927,
    "marker-color": "#3366ff",
    "marker-symbol": "o"
  },
  {
    "rowid": 115967,
    "id": 44022,
    "source": "OA",
    "source_id": "054227e75d2fc91e",
    "housenumber": 85,
    "lat": 52.5430398,
    "lon": 13.4531484,
    "parity": "L",
    "proj_lat": 52.542911,
    "proj_lon": 13.453927,
    "marker-color": "#3366ff",
    "marker-symbol": "o"
  },
  {
    "rowid": 115968,
    "id": 44022,
    "source": "OA",
    "source_id": "13bbe5f203af8110",
    "housenumber": 87,
    "lat": 52.543151,
    "lon": 13.4532697,
    "parity": "L",
    "proj_lat": 52.542911,
    "proj_lon": 13.453927,
    "marker-color": "#3366ff",
    "marker-symbol": "o"
  },
  {
    "rowid": 115968,
    "id": 44022,
    "source": "OA",
    "source_id": "13bbe5f203af8110",
    "housenumber": 87,
    "lat": 52.543151,
    "lon": 13.4532697,
    "parity": "L",
    "proj_lat": 52.542911,
    "proj_lon": 13.453927,
    "marker-color": "#3366ff",
    "marker-symbol": "o"
  },
  {
    "rowid": 115969,
    "id": 44022,
    "source": "OA",
    "source_id": "ff2390f2e1f3080f",
    "housenumber": 89,
    "lat": 52.5432587,
    "lon": 13.4533851,
    "parity": "R",
    "proj_lat": 52.542911,
    "proj_lon": 13.453927,
    "marker-color": "#ff0000",
    "marker-symbol": "o"
  },
  {
    "rowid": 115969,
    "id": 44022,
    "source": "OA",
    "source_id": "ff2390f2e1f3080f",
    "housenumber": 89,
    "lat": 52.5432587,
    "lon": 13.4533851,
    "parity": "R",
    "proj_lat": 52.542911,
    "proj_lon": 13.453927,
    "marker-color": "#ff0000",
    "marker-symbol": "o"
  },
  {
    "rowid": 115970,
    "id": 44022,
    "source": "OA",
    "source_id": "a5675b850fbb431f",
    "housenumber": 91,
    "lat": 52.5433706,
    "lon": 13.4535048,
    "parity": "R",
    "proj_lat": 52.542911,
    "proj_lon": 13.453927,
    "marker-color": "#ff0000",
    "marker-symbol": "o"
  },
  {
    "rowid": 115970,
    "id": 44022,
    "source": "OA",
    "source_id": "a5675b850fbb431f",
    "housenumber": 91,
    "lat": 52.5433706,
    "lon": 13.4535048,
    "parity": "R",
    "proj_lat": 52.542911,
    "proj_lon": 13.453927,
    "marker-color": "#ff0000",
    "marker-symbol": "o"
  },
  {
    "rowid": 115971,
    "id": 44022,
    "source": "OA",
    "source_id": "23c9655809a6ee14",
    "housenumber": 93,
    "lat": 52.5427553,
    "lon": 13.4538167,
    "parity": "L",
    "proj_lat": 52.54289322869951,
    "proj_lon": 13.453970179264232,
    "marker-color": "#3366ff",
    "marker-symbol": "o"
  },
  {
    "rowid": 115971,
    "id": 44022,
    "source": "OA",
    "source_id": "23c9655809a6ee14",
    "housenumber": 93,
    "lat": 52.5427553,
    "lon": 13.4538167,
    "parity": "L",
    "proj_lat": 52.54289322869951,
    "proj_lon": 13.453970179264232,
    "marker-color": "#3366ff",
    "marker-symbol": "o"
  },
  {
    "rowid": 115972,
    "id": 44022,
    "source": "OA",
    "source_id": "82cd52f74883786e",
    "housenumber": 95,
    "lat": 52.5426441,
    "lon": 13.4540983,
    "parity": "L",
    "proj_lat": 52.54277880650534,
    "proj_lon": 13.454248193029187,
    "marker-color": "#3366ff",
    "marker-symbol": "o"
  },
  {
    "rowid": 115972,
    "id": 44022,
    "source": "OA",
    "source_id": "82cd52f74883786e",
    "housenumber": 95,
    "lat": 52.5426441,
    "lon": 13.4540983,
    "parity": "L",
    "proj_lat": 52.54277880650534,
    "proj_lon": 13.454248193029187,
    "marker-color": "#3366ff",
    "marker-symbol": "o"
  },
  {
    "rowid": 115973,
    "id": 44022,
    "source": "OA",
    "source_id": "8a47cb6e9655837d",
    "housenumber": 97,
    "lat": 52.5425479,
    "lon": 13.4543416,
    "parity": "L",
    "proj_lat": 52.54267990770023,
    "proj_lon": 13.454488489322728,
    "marker-color": "#3366ff",
    "marker-symbol": "o"
  },
  {
    "rowid": 115973,
    "id": 44022,
    "source": "OA",
    "source_id": "8a47cb6e9655837d",
    "housenumber": 97,
    "lat": 52.5425479,
    "lon": 13.4543416,
    "parity": "L",
    "proj_lat": 52.54267990770023,
    "proj_lon": 13.454488489322728,
    "marker-color": "#3366ff",
    "marker-symbol": "o"
  },
  {
    "rowid": 115974,
    "id": 44022,
    "source": "OA",
    "source_id": "583890426553e870",
    "housenumber": 99,
    "lat": 52.542438,
    "lon": 13.4546199,
    "parity": "L",
    "proj_lat": 52.542566255032625,
    "proj_lon": 13.45476338367116,
    "marker-color": "#3366ff",
    "marker-symbol": "o"
  },
  {
    "rowid": 115974,
    "id": 44022,
    "source": "OA",
    "source_id": "583890426553e870",
    "housenumber": 99,
    "lat": 52.542438,
    "lon": 13.4546199,
    "parity": "L",
    "proj_lat": 52.542566255032625,
    "proj_lon": 13.45476338367116,
    "marker-color": "#3366ff",
    "marker-symbol": "o"
  },
  {
    "rowid": 115975,
    "id": 44022,
    "source": "OA",
    "source_id": "356122042836a544",
    "housenumber": 101,
    "lat": 52.5427831,
    "lon": 13.4550189,
    "parity": "R",
    "proj_lat": 52.542562600591005,
    "proj_lon": 13.454772215238405,
    "marker-color": "#ff0000",
    "marker-symbol": "o"
  },
  {
    "rowid": 115975,
    "id": 44022,
    "source": "OA",
    "source_id": "356122042836a544",
    "housenumber": 101,
    "lat": 52.5427831,
    "lon": 13.4550189,
    "parity": "R",
    "proj_lat": 52.542562600591005,
    "proj_lon": 13.454772215238405,
    "marker-color": "#ff0000",
    "marker-symbol": "o"
  },
  {
    "rowid": 115976,
    "id": 44022,
    "source": "OA",
    "source_id": "61fe087021a04b69",
    "housenumber": 103,
    "lat": 52.5428882,
    "lon": 13.4551311,
    "parity": "R",
    "proj_lat": 52.54256412314233,
    "proj_lon": 13.45476853573937,
    "marker-color": "#ff0000",
    "marker-symbol": "o"
  },
  {
    "rowid": 115976,
    "id": 44022,
    "source": "OA",
    "source_id": "61fe087021a04b69",
    "housenumber": 103,
    "lat": 52.5428882,
    "lon": 13.4551311,
    "parity": "R",
    "proj_lat": 52.54256412314233,
    "proj_lon": 13.45476853573937,
    "marker-color": "#ff0000",
    "marker-symbol": "o"
  },
  {
    "rowid": 115977,
    "id": 44022,
    "source": "OA",
    "source_id": "674a2e90b76e9309",
    "housenumber": 105,
    "lat": 52.5429958,
    "lon": 13.4552436,
    "parity": "R",
    "proj_lat": 52.5425663522772,
    "proj_lon": 13.454763148663426,
    "marker-color": "#ff0000",
    "marker-symbol": "o"
  },
  {
    "rowid": 115977,
    "id": 44022,
    "source": "OA",
    "source_id": "674a2e90b76e9309",
    "housenumber": 105,
    "lat": 52.5429958,
    "lon": 13.4552436,
    "parity": "R",
    "proj_lat": 52.5425663522772,
    "proj_lon": 13.454763148663426,
    "marker-color": "#ff0000",
    "marker-symbol": "o"
  },
  {
    "rowid": 115978,
    "id": 44022,
    "source": "OA",
    "source_id": "d7fcafc92e6dc33d",
    "housenumber": 107,
    "lat": 52.5431057,
    "lon": 13.4553627,
    "parity": "R",
    "proj_lat": 52.54256744276735,
    "proj_lon": 13.454760513312237,
    "marker-color": "#ff0000",
    "marker-symbol": "o"
  },
  {
    "rowid": 115978,
    "id": 44022,
    "source": "OA",
    "source_id": "d7fcafc92e6dc33d",
    "housenumber": 107,
    "lat": 52.5431057,
    "lon": 13.4553627,
    "parity": "R",
    "proj_lat": 52.54256744276735,
    "proj_lon": 13.454760513312237,
    "marker-color": "#ff0000",
    "marker-symbol": "o"
  },
  {
    "rowid": 115979,
    "id": 44022,
    "source": "OA",
    "source_id": "ac3ff6caeb47a69d",
    "housenumber": 109,
    "lat": 52.5425412,
    "lon": 13.455635,
    "parity": "R",
    "proj_lat": 52.54241,
    "proj_lon": 13.455141,
    "marker-color": "#ff0000",
    "marker-symbol": "o"
  },
  {
    "rowid": 115979,
    "id": 44022,
    "source": "OA",
    "source_id": "ac3ff6caeb47a69d",
    "housenumber": 109,
    "lat": 52.5425412,
    "lon": 13.455635,
    "parity": "R",
    "proj_lat": 52.54241,
    "proj_lon": 13.455141,
    "marker-color": "#ff0000",
    "marker-symbol": "o"
  },
  {
    "rowid": 115980,
    "id": 44022,
    "source": "OA",
    "source_id": "85ec62ce5dedc63c",
    "housenumber": 111,
    "lat": 52.5426454,
    "lon": 13.4557432,
    "parity": "R",
    "proj_lat": 52.54241,
    "proj_lon": 13.455141,
    "marker-color": "#ff0000",
    "marker-symbol": "o"
  },
  {
    "rowid": 115980,
    "id": 44022,
    "source": "OA",
    "source_id": "85ec62ce5dedc63c",
    "housenumber": 111,
    "lat": 52.5426454,
    "lon": 13.4557432,
    "parity": "R",
    "proj_lat": 52.54241,
    "proj_lon": 13.455141,
    "marker-color": "#ff0000",
    "marker-symbol": "o"
  },
  {
    "rowid": 115981,
    "id": 44022,
    "source": "OA",
    "source_id": "d42eb20bc907a4ce",
    "housenumber": 113,
    "lat": 52.5427488,
    "lon": 13.455859,
    "parity": "R",
    "proj_lat": 52.54241,
    "proj_lon": 13.455141,
    "marker-color": "#ff0000",
    "marker-symbol": "o"
  },
  {
    "rowid": 115981,
    "id": 44022,
    "source": "OA",
    "source_id": "d42eb20bc907a4ce",
    "housenumber": 113,
    "lat": 52.5427488,
    "lon": 13.455859,
    "parity": "R",
    "proj_lat": 52.54241,
    "proj_lon": 13.455141,
    "marker-color": "#ff0000",
    "marker-symbol": "o"
  },
  {
    "rowid": 115982,
    "id": 44022,
    "source": "OA",
    "source_id": "6c4563ab69af9122",
    "housenumber": 115,
    "lat": 52.542862,
    "lon": 13.4559793,
    "parity": "R",
    "proj_lat": 52.54241,
    "proj_lon": 13.455141,
    "marker-color": "#ff0000",
    "marker-symbol": "o"
  },
  {
    "rowid": 115982,
    "id": 44022,
    "source": "OA",
    "source_id": "6c4563ab69af9122",
    "housenumber": 115,
    "lat": 52.542862,
    "lon": 13.4559793,
    "parity": "R",
    "proj_lat": 52.54241,
    "proj_lon": 13.455141,
    "marker-color": "#ff0000",
    "marker-symbol": "o"
  },
  {
    "rowid": 115983,
    "id": 44022,
    "source": "OA",
    "source_id": "3149998a47341fe0",
    "housenumber": 117,
    "lat": 52.5422924,
    "lon": 13.4562532,
    "parity": "R",
    "proj_lat": 52.54241,
    "proj_lon": 13.455141,
    "marker-color": "#ff0000",
    "marker-symbol": "o"
  },
  {
    "rowid": 115983,
    "id": 44022,
    "source": "OA",
    "source_id": "3149998a47341fe0",
    "housenumber": 117,
    "lat": 52.5422924,
    "lon": 13.4562532,
    "parity": "R",
    "proj_lat": 52.54241,
    "proj_lon": 13.455141,
    "marker-color": "#ff0000",
    "marker-symbol": "o"
  },
  {
    "rowid": 115984,
    "id": 44022,
    "source": "OA",
    "source_id": "e4c9b06d6776f982",
    "housenumber": 119,
    "lat": 52.5424024,
    "lon": 13.4563667,
    "parity": "R",
    "proj_lat": 52.54241,
    "proj_lon": 13.455141,
    "marker-color": "#ff0000",
    "marker-symbol": "o"
  },
  {
    "rowid": 115984,
    "id": 44022,
    "source": "OA",
    "source_id": "e4c9b06d6776f982",
    "housenumber": 119,
    "lat": 52.5424024,
    "lon": 13.4563667,
    "parity": "R",
    "proj_lat": 52.54241,
    "proj_lon": 13.455141,
    "marker-color": "#ff0000",
    "marker-symbol": "o"
  },
  {
    "rowid": 115985,
    "id": 44022,
    "source": "OA",
    "source_id": "159d4470b9c91603",
    "housenumber": 121,
    "lat": 52.5425111,
    "lon": 13.4564918,
    "parity": "R",
    "proj_lat": 52.54241,
    "proj_lon": 13.455141,
    "marker-color": "#ff0000",
    "marker-symbol": "o"
  },
  {
    "rowid": 115985,
    "id": 44022,
    "source": "OA",
    "source_id": "159d4470b9c91603",
    "housenumber": 121,
    "lat": 52.5425111,
    "lon": 13.4564918,
    "parity": "R",
    "proj_lat": 52.54241,
    "proj_lon": 13.455141,
    "marker-color": "#ff0000",
    "marker-symbol": "o"
  },
  {
    "rowid": 115986,
    "id": 44022,
    "source": "OA",
    "source_id": "c7843deece17261f",
    "housenumber": 123,
    "lat": 52.5426201,
    "lon": 13.4566014,
    "parity": "R",
    "proj_lat": 52.54241,
    "proj_lon": 13.455141,
    "marker-color": "#ff0000",
    "marker-symbol": "o"
  },
  {
    "rowid": 115986,
    "id": 44022,
    "source": "OA",
    "source_id": "c7843deece17261f",
    "housenumber": 123,
    "lat": 52.5426201,
    "lon": 13.4566014,
    "parity": "R",
    "proj_lat": 52.54241,
    "proj_lon": 13.455141,
    "marker-color": "#ff0000",
    "marker-symbol": "o"
  },
  {
    "rowid": 115987,
    "id": 44022,
    "source": "OA",
    "source_id": "a0f54f94fc7eb6b7",
    "housenumber": 125,
    "lat": 52.5420111,
    "lon": 13.455324,
    "parity": "R",
    "proj_lat": 52.54217840623072,
    "proj_lon": 13.454896155840931,
    "marker-color": "#ff0000",
    "marker-symbol": "o"
  },
  {
    "rowid": 115987,
    "id": 44022,
    "source": "OA",
    "source_id": "a0f54f94fc7eb6b7",
    "housenumber": 125,
    "lat": 52.5420111,
    "lon": 13.455324,
    "parity": "R",
    "proj_lat": 52.54217840623072,
    "proj_lon": 13.454896155840931,
    "marker-color": "#ff0000",
    "marker-symbol": "o"
  },
  {
    "rowid": 115988,
    "id": 44022,
    "source": "OA",
    "source_id": "81cb21794151a3c1",
    "housenumber": 127,
    "lat": 52.5420688,
    "lon": 13.4557039,
    "parity": "R",
    "proj_lat": 52.5423243342186,
    "proj_lon": 13.455050432942551,
    "marker-color": "#ff0000",
    "marker-symbol": "o"
  },
  {
    "rowid": 115988,
    "id": 44022,
    "source": "OA",
    "source_id": "81cb21794151a3c1",
    "housenumber": 127,
    "lat": 52.5420688,
    "lon": 13.4557039,
    "parity": "R",
    "proj_lat": 52.5423243342186,
    "proj_lon": 13.455050432942551,
    "marker-color": "#ff0000",
    "marker-symbol": "o"
  }
]
