[
  {
    "rowid": 277039,
    "id": 26162,
    "source": "OA",
    "source_id": "22496b860e8f9e7a",
    "housenumber": 1,
    "lat": 52.410709,
    "lon": 13.1356577,
    "parity": "L",
    "proj_lat": 52.41060863297396,
    "proj_lon": 13.135661853746564,
    "marker-color": "#3366ff",
    "marker-symbol": "o"
  },
  {
    "rowid": 277039,
    "id": 26162,
    "source": "OA",
    "source_id": "22496b860e8f9e7a",
    "housenumber": 1,
    "lat": 52.410709,
    "lon": 13.1356577,
    "parity": "L",
    "proj_lat": 52.41060863297396,
    "proj_lon": 13.135661853746564,
    "marker-color": "#3366ff",
    "marker-symbol": "o"
  },
  {
    "rowid": 277040,
    "id": 26162,
    "source": "OA",
    "source_id": "6dc7901f9eae82b9",
    "housenumber": 2,
    "lat": 52.4104527,
    "lon": 13.1356199,
    "parity": "R",
    "proj_lat": 52.41060788800817,
    "proj_lon": 13.135613477530491,
    "marker-color": "#ff0000",
    "marker-symbol": "e"
  },
  {
    "rowid": 277040,
    "id": 26162,
    "source": "OA",
    "source_id": "6dc7901f9eae82b9",
    "housenumber": 2,
    "lat": 52.4104527,
    "lon": 13.1356199,
    "parity": "R",
    "proj_lat": 52.41060788800817,
    "proj_lon": 13.135613477530491,
    "marker-color": "#ff0000",
    "marker-symbol": "e"
  },
  {
    "rowid": 277041,
    "id": 26162,
    "source": "OA",
    "source_id": "39f606a65cf4d063",
    "housenumber": 3,
    "lat": 52.410716,
    "lon": 13.1360407,
    "parity": "L",
    "proj_lat": 52.410614531654694,
    "proj_lon": 13.136044899326624,
    "marker-color": "#3366ff",
    "marker-symbol": "o"
  },
  {
    "rowid": 277041,
    "id": 26162,
    "source": "OA",
    "source_id": "39f606a65cf4d063",
    "housenumber": 3,
    "lat": 52.410716,
    "lon": 13.1360407,
    "parity": "L",
    "proj_lat": 52.410614531654694,
    "proj_lon": 13.136044899326624,
    "marker-color": "#3366ff",
    "marker-symbol": "o"
  },
  {
    "rowid": 277042,
    "id": 26162,
    "source": "OA",
    "source_id": "fc66d2627c5f429f",
    "housenumber": 4,
    "lat": 52.4104683,
    "lon": 13.1357319,
    "parity": "R",
    "proj_lat": 52.41060962158059,
    "proj_lon": 13.13572605138969,
    "marker-color": "#ff0000",
    "marker-symbol": "e"
  },
  {
    "rowid": 277042,
    "id": 26162,
    "source": "OA",
    "source_id": "fc66d2627c5f429f",
    "housenumber": 4,
    "lat": 52.4104683,
    "lon": 13.1357319,
    "parity": "R",
    "proj_lat": 52.41060962158059,
    "proj_lon": 13.13572605138969,
    "marker-color": "#ff0000",
    "marker-symbol": "e"
  },
  {
    "rowid": 277043,
    "id": 26162,
    "source": "OA",
    "source_id": "def8f96821b512bd",
    "housenumber": 5,
    "lat": 52.4107233,
    "lon": 13.1364492,
    "parity": "L",
    "proj_lat": 52.41061819299908,
    "proj_lon": 13.136434333017533,
    "marker-color": "#3366ff",
    "marker-symbol": "o"
  },
  {
    "rowid": 277043,
    "id": 26162,
    "source": "OA",
    "source_id": "def8f96821b512bd",
    "housenumber": 5,
    "lat": 52.4107233,
    "lon": 13.1364492,
    "parity": "L",
    "proj_lat": 52.41061819299908,
    "proj_lon": 13.136434333017533,
    "marker-color": "#3366ff",
    "marker-symbol": "o"
  },
  {
    "rowid": 277044,
    "id": 26162,
    "source": "OA",
    "source_id": "acdcec90700fed0a",
    "housenumber": 6,
    "lat": 52.410483,
    "lon": 13.1358344,
    "parity": "R",
    "proj_lat": 52.410611208378484,
    "proj_lon": 13.135829094077573,
    "marker-color": "#ff0000",
    "marker-symbol": "e"
  },
  {
    "rowid": 277044,
    "id": 26162,
    "source": "OA",
    "source_id": "acdcec90700fed0a",
    "housenumber": 6,
    "lat": 52.410483,
    "lon": 13.1358344,
    "parity": "R",
    "proj_lat": 52.410611208378484,
    "proj_lon": 13.135829094077573,
    "marker-color": "#ff0000",
    "marker-symbol": "e"
  },
  {
    "rowid": 277045,
    "id": 26162,
    "source": "OA",
    "source_id": "aee905a97170aad3",
    "housenumber": 7,
    "lat": 52.4107521,
    "lon": 13.1367148,
    "parity": "L",
    "proj_lat": 52.410588787818554,
    "proj_lon": 13.136580951571728,
    "marker-color": "#3366ff",
    "marker-symbol": "o"
  },
  {
    "rowid": 277045,
    "id": 26162,
    "source": "OA",
    "source_id": "aee905a97170aad3",
    "housenumber": 7,
    "lat": 52.4107521,
    "lon": 13.1367148,
    "parity": "L",
    "proj_lat": 52.410588787818554,
    "proj_lon": 13.136580951571728,
    "marker-color": "#3366ff",
    "marker-symbol": "o"
  },
  {
    "rowid": 277046,
    "id": 26162,
    "source": "OA",
    "source_id": "b50b482ddf19d328",
    "housenumber": 8,
    "lat": 52.4104975,
    "lon": 13.1359352,
    "parity": "R",
    "proj_lat": 52.41061276888666,
    "proj_lon": 13.135930429577192,
    "marker-color": "#ff0000",
    "marker-symbol": "e"
  },
  {
    "rowid": 277046,
    "id": 26162,
    "source": "OA",
    "source_id": "b50b482ddf19d328",
    "housenumber": 8,
    "lat": 52.4104975,
    "lon": 13.1359352,
    "parity": "R",
    "proj_lat": 52.41061276888666,
    "proj_lon": 13.135930429577192,
    "marker-color": "#ff0000",
    "marker-symbol": "e"
  },
  {
    "rowid": 277047,
    "id": 26162,
    "source": "OA",
    "source_id": "1e71e21ef0cdb54f",
    "housenumber": 9,
    "lat": 52.4107673,
    "lon": 13.1368508,
    "parity": "L",
    "proj_lat": 52.410572,
    "proj_lon": 13.136636,
    "marker-color": "#3366ff",
    "marker-symbol": "o"
  },
  {
    "rowid": 277047,
    "id": 26162,
    "source": "OA",
    "source_id": "1e71e21ef0cdb54f",
    "housenumber": 9,
    "lat": 52.4107673,
    "lon": 13.1368508,
    "parity": "L",
    "proj_lat": 52.410572,
    "proj_lon": 13.136636,
    "marker-color": "#3366ff",
    "marker-symbol": "o"
  },
  {
    "rowid": 277048,
    "id": 26162,
    "source": "OA",
    "source_id": "209f0e29c9407180",
    "housenumber": 10,
    "lat": 52.4104985,
    "lon": 13.136168,
    "parity": "R",
    "proj_lat": 52.41061635222584,
    "proj_lon": 13.136163122665032,
    "marker-color": "#ff0000",
    "marker-symbol": "e"
  },
  {
    "rowid": 277048,
    "id": 26162,
    "source": "OA",
    "source_id": "209f0e29c9407180",
    "housenumber": 10,
    "lat": 52.4104985,
    "lon": 13.136168,
    "parity": "R",
    "proj_lat": 52.41061635222584,
    "proj_lon": 13.136163122665032,
    "marker-color": "#ff0000",
    "marker-symbol": "e"
  },
  {
    "rowid": 277049,
    "id": 26162,
    "source": "OA",
    "source_id": "41c484be1a315f50",
    "housenumber": 11,
    "lat": 52.4107837,
    "lon": 13.1371039,
    "parity": "L",
    "proj_lat": 52.410538674159426,
    "proj_lon": 13.136688877000374,
    "marker-color": "#3366ff",
    "marker-symbol": "o"
  },
  {
    "rowid": 277049,
    "id": 26162,
    "source": "OA",
    "source_id": "41c484be1a315f50",
    "housenumber": 11,
    "lat": 52.4107837,
    "lon": 13.1371039,
    "parity": "L",
    "proj_lat": 52.410538674159426,
    "proj_lon": 13.136688877000374,
    "marker-color": "#3366ff",
    "marker-symbol": "o"
  },
  {
    "rowid": 277050,
    "id": 26162,
    "source": "OA",
    "source_id": "cc121ce5067cd3aa",
    "housenumber": 12,
    "lat": 52.4105,
    "lon": 13.1362613,
    "parity": "R",
    "proj_lat": 52.41061778903222,
    "proj_lon": 13.136256425279978,
    "marker-color": "#ff0000",
    "marker-symbol": "e"
  },
  {
    "rowid": 277050,
    "id": 26162,
    "source": "OA",
    "source_id": "cc121ce5067cd3aa",
    "housenumber": 12,
    "lat": 52.4105,
    "lon": 13.1362613,
    "parity": "R",
    "proj_lat": 52.41061778903222,
    "proj_lon": 13.136256425279978,
    "marker-color": "#ff0000",
    "marker-symbol": "e"
  },
  {
    "rowid": 277051,
    "id": 26162,
    "source": "OA",
    "source_id": "c2d5ca7b428abef8",
    "housenumber": 13,
    "lat": 52.4107861,
    "lon": 13.1372308,
    "parity": "L",
    "proj_lat": 52.41050122975665,
    "proj_lon": 13.13674828878612,
    "marker-color": "#3366ff",
    "marker-symbol": "o"
  },
  {
    "rowid": 277051,
    "id": 26162,
    "source": "OA",
    "source_id": "c2d5ca7b428abef8",
    "housenumber": 13,
    "lat": 52.4107861,
    "lon": 13.1372308,
    "parity": "L",
    "proj_lat": 52.41050122975665,
    "proj_lon": 13.13674828878612,
    "marker-color": "#3366ff",
    "marker-symbol": "o"
  },
  {
    "rowid": 277052,
    "id": 26162,
    "source": "OA",
    "source_id": "a1d9d55ba24e31a1",
    "housenumber": 14,
    "lat": 52.410306,
    "lon": 13.1366354,
    "parity": "R",
    "proj_lat": 52.41034061496895,
    "proj_lon": 13.136858660429603,
    "marker-color": "#ff0000",
    "marker-symbol": "e"
  },
  {
    "rowid": 277052,
    "id": 26162,
    "source": "OA",
    "source_id": "a1d9d55ba24e31a1",
    "housenumber": 14,
    "lat": 52.410306,
    "lon": 13.1366354,
    "parity": "R",
    "proj_lat": 52.41034061496895,
    "proj_lon": 13.136858660429603,
    "marker-color": "#ff0000",
    "marker-symbol": "e"
  },
  {
    "rowid": 277053,
    "id": 26162,
    "source": "OA",
    "source_id": "6ac81a667d04b791",
    "housenumber": 15,
    "lat": 52.4105552,
    "lon": 13.1370722,
    "parity": "L",
    "proj_lat": 52.41047435197473,
    "proj_lon": 13.136771356907142,
    "marker-color": "#3366ff",
    "marker-symbol": "o"
  },
  {
    "rowid": 277053,
    "id": 26162,
    "source": "OA",
    "source_id": "6ac81a667d04b791",
    "housenumber": 15,
    "lat": 52.4105552,
    "lon": 13.1370722,
    "parity": "L",
    "proj_lat": 52.41047435197473,
    "proj_lon": 13.136771356907142,
    "marker-color": "#3366ff",
    "marker-symbol": "o"
  },
  {
    "rowid": 277054,
    "id": 26162,
    "source": "OA",
    "source_id": "da62994aa976f6ab",
    "housenumber": 16,
    "lat": 52.4101972,
    "lon": 13.136669,
    "parity": "R",
    "proj_lat": 52.41023352391914,
    "proj_lon": 13.136903281700357,
    "marker-color": "#ff0000",
    "marker-symbol": "e"
  },
  {
    "rowid": 277054,
    "id": 26162,
    "source": "OA",
    "source_id": "da62994aa976f6ab",
    "housenumber": 16,
    "lat": 52.4101972,
    "lon": 13.136669,
    "parity": "R",
    "proj_lat": 52.41023352391914,
    "proj_lon": 13.136903281700357,
    "marker-color": "#ff0000",
    "marker-symbol": "e"
  },
  {
    "rowid": 277055,
    "id": 26162,
    "source": "OA",
    "source_id": "810bae39de111777",
    "housenumber": 18,
    "lat": 52.4100897,
    "lon": 13.1367128,
    "parity": "R",
    "proj_lat": 52.41012616850798,
    "proj_lon": 13.136948013121673,
    "marker-color": "#ff0000",
    "marker-symbol": "e"
  },
  {
    "rowid": 277055,
    "id": 26162,
    "source": "OA",
    "source_id": "810bae39de111777",
    "housenumber": 18,
    "lat": 52.4100897,
    "lon": 13.1367128,
    "parity": "R",
    "proj_lat": 52.41012616850798,
    "proj_lon": 13.136948013121673,
    "marker-color": "#ff0000",
    "marker-symbol": "e"
  },
  {
    "rowid": 277056,
    "id": 26162,
    "source": "OA",
    "source_id": "3ac60f523c242eaa",
    "housenumber": 20,
    "lat": 52.4099802,
    "lon": 13.1367998,
    "parity": "R",
    "proj_lat": 52.41001064295386,
    "proj_lon": 13.136996148769223,
    "marker-color": "#ff0000",
    "marker-symbol": "e"
  },
  {
    "rowid": 277056,
    "id": 26162,
    "source": "OA",
    "source_id": "3ac60f523c242eaa",
    "housenumber": 20,
    "lat": 52.4099802,
    "lon": 13.1367998,
    "parity": "R",
    "proj_lat": 52.41001064295386,
    "proj_lon": 13.136996148769223,
    "marker-color": "#ff0000",
    "marker-symbol": "e"
  },
  {
    "rowid": 308340,
    "id": 26162,
    "source": "OA",
    "source_id": "92742fb66fdfcdba",
    "housenumber": 27,
    "lat": 52.4101298,
    "lon": 13.137188,
    "parity": "L",
    "proj_lat": 52.410094628927546,
    "proj_lon": 13.136961154613521,
    "marker-color": "#3366ff",
    "marker-symbol": "o"
  },
  {
    "rowid": 308340,
    "id": 26162,
    "source": "OA",
    "source_id": "92742fb66fdfcdba",
    "housenumber": 27,
    "lat": 52.4101298,
    "lon": 13.137188,
    "parity": "L",
    "proj_lat": 52.410094628927546,
    "proj_lon": 13.136961154613521,
    "marker-color": "#3366ff",
    "marker-symbol": "o"
  }
]
