[
  {
    "rowid": 287187,
    "id": 8200,
    "source": "OA",
    "source_id": "5c1ed0d019dd1db9",
    "housenumber": 21.03,
    "lat": 52.4143791,
    "lon": 13.1394024,
    "parity": "L",
    "proj_lat": 52.41452226187679,
    "proj_lon": 13.139325592002718,
    "marker-color": "#3366ff",
    "marker-symbol": "o"
  },
  {
    "rowid": 287187,
    "id": 8200,
    "source": "OA",
    "source_id": "5c1ed0d019dd1db9",
    "housenumber": 21.03,
    "lat": 52.4143791,
    "lon": 13.1394024,
    "parity": "L",
    "proj_lat": 52.41452226187679,
    "proj_lon": 13.139325592002718,
    "marker-color": "#3366ff",
    "marker-symbol": "o"
  },
  {
    "rowid": 287188,
    "id": 8200,
    "source": "OA",
    "source_id": "0926fdf6f10d5748",
    "housenumber": 22,
    "lat": 52.4143191,
    "lon": 13.1391304,
    "parity": "L",
    "proj_lat": 52.414460315202774,
    "proj_lon": 13.139040992724508,
    "marker-color": "#3366ff",
    "marker-symbol": "e"
  },
  {
    "rowid": 287188,
    "id": 8200,
    "source": "OA",
    "source_id": "0926fdf6f10d5748",
    "housenumber": 22,
    "lat": 52.4143191,
    "lon": 13.1391304,
    "parity": "L",
    "proj_lat": 52.414460315202774,
    "proj_lon": 13.139040992724508,
    "marker-color": "#3366ff",
    "marker-symbol": "e"
  },
  {
    "rowid": 287189,
    "id": 8200,
    "source": "OA",
    "source_id": "645193c4e19b57e3",
    "housenumber": 23,
    "lat": 52.4142321,
    "lon": 13.1388172,
    "parity": "L",
    "proj_lat": 52.41437865788406,
    "proj_lon": 13.13869917026273,
    "marker-color": "#3366ff",
    "marker-symbol": "o"
  },
  {
    "rowid": 287189,
    "id": 8200,
    "source": "OA",
    "source_id": "645193c4e19b57e3",
    "housenumber": 23,
    "lat": 52.4142321,
    "lon": 13.1388172,
    "parity": "L",
    "proj_lat": 52.41437865788406,
    "proj_lon": 13.13869917026273,
    "marker-color": "#3366ff",
    "marker-symbol": "o"
  },
  {
    "rowid": 287190,
    "id": 8200,
    "source": "OA",
    "source_id": "9abcd7a614de9aa6",
    "housenumber": 24,
    "lat": 52.4141627,
    "lon": 13.138516,
    "parity": "L",
    "proj_lat": 52.41429246500389,
    "proj_lon": 13.138411494662673,
    "marker-color": "#3366ff",
    "marker-symbol": "e"
  },
  {
    "rowid": 287190,
    "id": 8200,
    "source": "OA",
    "source_id": "9abcd7a614de9aa6",
    "housenumber": 24,
    "lat": 52.4141627,
    "lon": 13.138516,
    "parity": "L",
    "proj_lat": 52.41429246500389,
    "proj_lon": 13.138411494662673,
    "marker-color": "#3366ff",
    "marker-symbol": "e"
  },
  {
    "rowid": 287191,
    "id": 8200,
    "source": "OA",
    "source_id": "eccdb80f40e538f2",
    "housenumber": 25,
    "lat": 52.4138159,
    "lon": 13.1383502,
    "parity": "L",
    "proj_lat": 52.414184425202514,
    "proj_lon": 13.138051713474471,
    "marker-color": "#3366ff",
    "marker-symbol": "o"
  },
  {
    "rowid": 287191,
    "id": 8200,
    "source": "OA",
    "source_id": "eccdb80f40e538f2",
    "housenumber": 25,
    "lat": 52.4138159,
    "lon": 13.1383502,
    "parity": "L",
    "proj_lat": 52.414184425202514,
    "proj_lon": 13.138051713474471,
    "marker-color": "#3366ff",
    "marker-symbol": "o"
  },
  {
    "rowid": 287192,
    "id": 8200,
    "source": "OA",
    "source_id": "f58ce464d5465a8c",
    "housenumber": 25.03,
    "lat": 52.414052,
    "lon": 13.1381462,
    "parity": "L",
    "proj_lat": 52.41418133152887,
    "proj_lon": 13.138041446968812,
    "marker-color": "#3366ff",
    "marker-symbol": "o"
  },
  {
    "rowid": 287192,
    "id": 8200,
    "source": "OA",
    "source_id": "f58ce464d5465a8c",
    "housenumber": 25.03,
    "lat": 52.414052,
    "lon": 13.1381462,
    "parity": "L",
    "proj_lat": 52.41418133152887,
    "proj_lon": 13.138041446968812,
    "marker-color": "#3366ff",
    "marker-symbol": "o"
  },
  {
    "rowid": 287193,
    "id": 8200,
    "source": "OA",
    "source_id": "3d74cd4f36df6664",
    "housenumber": 26,
    "lat": 52.4139289,
    "lon": 13.1378172,
    "parity": "L",
    "proj_lat": 52.414077491276124,
    "proj_lon": 13.137696848065538,
    "marker-color": "#3366ff",
    "marker-symbol": "e"
  },
  {
    "rowid": 287193,
    "id": 8200,
    "source": "OA",
    "source_id": "3d74cd4f36df6664",
    "housenumber": 26,
    "lat": 52.4139289,
    "lon": 13.1378172,
    "parity": "L",
    "proj_lat": 52.414077491276124,
    "proj_lon": 13.137696848065538,
    "marker-color": "#3366ff",
    "marker-symbol": "e"
  },
  {
    "rowid": 287194,
    "id": 8200,
    "source": "OA",
    "source_id": "39f56010be313fa5",
    "housenumber": 26.03,
    "lat": 52.4137112,
    "lon": 13.1380257,
    "parity": "L",
    "proj_lat": 52.41408528496288,
    "proj_lon": 13.137722711792156,
    "marker-color": "#3366ff",
    "marker-symbol": "e"
  },
  {
    "rowid": 287194,
    "id": 8200,
    "source": "OA",
    "source_id": "39f56010be313fa5",
    "housenumber": 26.03,
    "lat": 52.4137112,
    "lon": 13.1380257,
    "parity": "L",
    "proj_lat": 52.41408528496288,
    "proj_lon": 13.137722711792156,
    "marker-color": "#3366ff",
    "marker-symbol": "e"
  },
  {
    "rowid": 287195,
    "id": 8200,
    "source": "OA",
    "source_id": "e3a6e7d46cea0371",
    "housenumber": 27,
    "lat": 52.4138364,
    "lon": 13.1375114,
    "parity": "L",
    "proj_lat": 52.413985273759174,
    "proj_lon": 13.137390819773392,
    "marker-color": "#3366ff",
    "marker-symbol": "o"
  },
  {
    "rowid": 287195,
    "id": 8200,
    "source": "OA",
    "source_id": "e3a6e7d46cea0371",
    "housenumber": 27,
    "lat": 52.4138364,
    "lon": 13.1375114,
    "parity": "L",
    "proj_lat": 52.413985273759174,
    "proj_lon": 13.137390819773392,
    "marker-color": "#3366ff",
    "marker-symbol": "o"
  },
  {
    "rowid": 287196,
    "id": 8200,
    "source": "OA",
    "source_id": "51005637816b7209",
    "housenumber": 28,
    "lat": 52.4137313,
    "lon": 13.1371622,
    "parity": "L",
    "proj_lat": 52.41388340363284,
    "proj_lon": 13.137042766281635,
    "marker-color": "#3366ff",
    "marker-symbol": "e"
  },
  {
    "rowid": 287196,
    "id": 8200,
    "source": "OA",
    "source_id": "51005637816b7209",
    "housenumber": 28,
    "lat": 52.4137313,
    "lon": 13.1371622,
    "parity": "L",
    "proj_lat": 52.41388340363284,
    "proj_lon": 13.137042766281635,
    "marker-color": "#3366ff",
    "marker-symbol": "e"
  },
  {
    "rowid": 287197,
    "id": 8200,
    "source": "OA",
    "source_id": "030fb712a642dbb3",
    "housenumber": 29.03,
    "lat": 52.4134736,
    "lon": 13.1358886,
    "parity": "L",
    "proj_lat": 52.41361643873712,
    "proj_lon": 13.135840539679135,
    "marker-color": "#3366ff",
    "marker-symbol": "o"
  },
  {
    "rowid": 287197,
    "id": 8200,
    "source": "OA",
    "source_id": "030fb712a642dbb3",
    "housenumber": 29.03,
    "lat": 52.4134736,
    "lon": 13.1358886,
    "parity": "L",
    "proj_lat": 52.41361643873712,
    "proj_lon": 13.135840539679135,
    "marker-color": "#3366ff",
    "marker-symbol": "o"
  },
  {
    "rowid": 287198,
    "id": 8200,
    "source": "OA",
    "source_id": "9b39c9e780c6f257",
    "housenumber": 29.06,
    "lat": 52.4131985,
    "lon": 13.1357389,
    "parity": "L",
    "proj_lat": 52.41358733786304,
    "proj_lon": 13.135608071068704,
    "marker-color": "#3366ff",
    "marker-symbol": "o"
  },
  {
    "rowid": 287198,
    "id": 8200,
    "source": "OA",
    "source_id": "9b39c9e780c6f257",
    "housenumber": 29.06,
    "lat": 52.4131985,
    "lon": 13.1357389,
    "parity": "L",
    "proj_lat": 52.41358733786304,
    "proj_lon": 13.135608071068704,
    "marker-color": "#3366ff",
    "marker-symbol": "o"
  },
  {
    "rowid": 287199,
    "id": 8200,
    "source": "OA",
    "source_id": "1ccc0efea8667d6a",
    "housenumber": 30,
    "lat": 52.4134347,
    "lon": 13.1356202,
    "parity": "L",
    "proj_lat": 52.41358262565459,
    "proj_lon": 13.13557042819422,
    "marker-color": "#3366ff",
    "marker-symbol": "e"
  },
  {
    "rowid": 287199,
    "id": 8200,
    "source": "OA",
    "source_id": "1ccc0efea8667d6a",
    "housenumber": 30,
    "lat": 52.4134347,
    "lon": 13.1356202,
    "parity": "L",
    "proj_lat": 52.41358262565459,
    "proj_lon": 13.13557042819422,
    "marker-color": "#3366ff",
    "marker-symbol": "e"
  },
  {
    "rowid": 287200,
    "id": 8200,
    "source": "OA",
    "source_id": "b920bc043d70e928",
    "housenumber": 30.03,
    "lat": 52.4133793,
    "lon": 13.1353358,
    "parity": "L",
    "proj_lat": 52.41354622373866,
    "proj_lon": 13.13527963614491,
    "marker-color": "#3366ff",
    "marker-symbol": "e"
  },
  {
    "rowid": 287200,
    "id": 8200,
    "source": "OA",
    "source_id": "b920bc043d70e928",
    "housenumber": 30.03,
    "lat": 52.4133793,
    "lon": 13.1353358,
    "parity": "L",
    "proj_lat": 52.41354622373866,
    "proj_lon": 13.13527963614491,
    "marker-color": "#3366ff",
    "marker-symbol": "e"
  },
  {
    "rowid": 287201,
    "id": 8200,
    "source": "OA",
    "source_id": "5522db014641b61b",
    "housenumber": 31,
    "lat": 52.4133683,
    "lon": 13.135067,
    "parity": "L",
    "proj_lat": 52.41352433513371,
    "proj_lon": 13.135039900878796,
    "marker-color": "#3366ff",
    "marker-symbol": "o"
  },
  {
    "rowid": 287201,
    "id": 8200,
    "source": "OA",
    "source_id": "5522db014641b61b",
    "housenumber": 31,
    "lat": 52.4133683,
    "lon": 13.135067,
    "parity": "L",
    "proj_lat": 52.41352433513371,
    "proj_lon": 13.135039900878796,
    "marker-color": "#3366ff",
    "marker-symbol": "o"
  },
  {
    "rowid": 287202,
    "id": 8200,
    "source": "OA",
    "source_id": "0b0d85a5f874b784",
    "housenumber": 31.03,
    "lat": 52.4130653,
    "lon": 13.1352679,
    "parity": "L",
    "proj_lat": 52.413533,
    "proj_lon": 13.135174,
    "marker-color": "#3366ff",
    "marker-symbol": "o"
  },
  {
    "rowid": 287202,
    "id": 8200,
    "source": "OA",
    "source_id": "0b0d85a5f874b784",
    "housenumber": 31.03,
    "lat": 52.4130653,
    "lon": 13.1352679,
    "parity": "L",
    "proj_lat": 52.413533,
    "proj_lon": 13.135174,
    "marker-color": "#3366ff",
    "marker-symbol": "o"
  },
  {
    "rowid": 306886,
    "id": 8200,
    "source": "OA",
    "source_id": "b896ff296de1a3ca",
    "housenumber": 31.06,
    "lat": 52.4130629,
    "lon": 13.134778,
    "parity": "L",
    "proj_lat": 52.41350638321266,
    "proj_lon": 13.134724307321232,
    "marker-color": "#3366ff",
    "marker-symbol": "o"
  },
  {
    "rowid": 306886,
    "id": 8200,
    "source": "OA",
    "source_id": "b896ff296de1a3ca",
    "housenumber": 31.06,
    "lat": 52.4130629,
    "lon": 13.134778,
    "parity": "L",
    "proj_lat": 52.41350638321266,
    "proj_lon": 13.134724307321232,
    "marker-color": "#3366ff",
    "marker-symbol": "o"
  },
  {
    "rowid": 287203,
    "id": 8200,
    "source": "OA",
    "source_id": "4c2013ef32e4ebba",
    "housenumber": 32,
    "lat": 52.4133541,
    "lon": 13.1347446,
    "parity": "L",
    "proj_lat": 52.41350646633814,
    "proj_lon": 13.134726152706731,
    "marker-color": "#3366ff",
    "marker-symbol": "e"
  },
  {
    "rowid": 287203,
    "id": 8200,
    "source": "OA",
    "source_id": "4c2013ef32e4ebba",
    "housenumber": 32,
    "lat": 52.4133541,
    "lon": 13.1347446,
    "parity": "L",
    "proj_lat": 52.41350646633814,
    "proj_lon": 13.134726152706731,
    "marker-color": "#3366ff",
    "marker-symbol": "e"
  },
  {
    "rowid": 287204,
    "id": 8200,
    "source": "OA",
    "source_id": "d87bc64ce85f7ff8",
    "housenumber": 32.03,
    "lat": 52.4132624,
    "lon": 13.1344268,
    "parity": "L",
    "proj_lat": 52.41349173128487,
    "proj_lon": 13.134399034524195,
    "marker-color": "#3366ff",
    "marker-symbol": "e"
  },
  {
    "rowid": 287204,
    "id": 8200,
    "source": "OA",
    "source_id": "d87bc64ce85f7ff8",
    "housenumber": 32.03,
    "lat": 52.4132624,
    "lon": 13.1344268,
    "parity": "L",
    "proj_lat": 52.41349173128487,
    "proj_lon": 13.134399034524195,
    "marker-color": "#3366ff",
    "marker-symbol": "e"
  },
  {
    "rowid": 287205,
    "id": 8200,
    "source": "OA",
    "source_id": "3c4f40ba39851543",
    "housenumber": 33,
    "lat": 52.4136507,
    "lon": 13.1344797,
    "parity": "R",
    "proj_lat": 52.41349620743116,
    "proj_lon": 13.134498404971806,
    "marker-color": "#ff0000",
    "marker-symbol": "o"
  },
  {
    "rowid": 287205,
    "id": 8200,
    "source": "OA",
    "source_id": "3c4f40ba39851543",
    "housenumber": 33,
    "lat": 52.4136507,
    "lon": 13.1344797,
    "parity": "R",
    "proj_lat": 52.41349620743116,
    "proj_lon": 13.134498404971806,
    "marker-color": "#ff0000",
    "marker-symbol": "o"
  },
  {
    "rowid": 287206,
    "id": 8200,
    "source": "OA",
    "source_id": "4f2e558d18e1fc98",
    "housenumber": 33.03,
    "lat": 52.4137874,
    "lon": 13.1347093,
    "parity": "R",
    "proj_lat": 52.413507235170066,
    "proj_lon": 13.134743220775427,
    "marker-color": "#ff0000",
    "marker-symbol": "o"
  },
  {
    "rowid": 287206,
    "id": 8200,
    "source": "OA",
    "source_id": "4f2e558d18e1fc98",
    "housenumber": 33.03,
    "lat": 52.4137874,
    "lon": 13.1347093,
    "parity": "R",
    "proj_lat": 52.413507235170066,
    "proj_lon": 13.134743220775427,
    "marker-color": "#ff0000",
    "marker-symbol": "o"
  },
  {
    "rowid": 306887,
    "id": 8200,
    "source": "OA",
    "source_id": "7ceb064b8eed4649",
    "housenumber": 34,
    "lat": 52.4136012,
    "lon": 13.1351181,
    "parity": "R",
    "proj_lat": 52.41353018493667,
    "proj_lon": 13.135130433543662,
    "marker-color": "#ff0000",
    "marker-symbol": "e"
  },
  {
    "rowid": 306887,
    "id": 8200,
    "source": "OA",
    "source_id": "7ceb064b8eed4649",
    "housenumber": 34,
    "lat": 52.4136012,
    "lon": 13.1351181,
    "parity": "R",
    "proj_lat": 52.41353018493667,
    "proj_lon": 13.135130433543662,
    "marker-color": "#ff0000",
    "marker-symbol": "e"
  },
  {
    "rowid": 287207,
    "id": 8200,
    "source": "OA",
    "source_id": "d94b8d82c0399913",
    "housenumber": 35,
    "lat": 52.4136888,
    "lon": 13.1353671,
    "parity": "R",
    "proj_lat": 52.41356249267767,
    "proj_lon": 13.135409598483276,
    "marker-color": "#ff0000",
    "marker-symbol": "o"
  },
  {
    "rowid": 287207,
    "id": 8200,
    "source": "OA",
    "source_id": "d94b8d82c0399913",
    "housenumber": 35,
    "lat": 52.4136888,
    "lon": 13.1353671,
    "parity": "R",
    "proj_lat": 52.41356249267767,
    "proj_lon": 13.135409598483276,
    "marker-color": "#ff0000",
    "marker-symbol": "o"
  },
  {
    "rowid": 287208,
    "id": 8200,
    "source": "OA",
    "source_id": "9412c14324c0f52d",
    "housenumber": 36,
    "lat": 52.4137736,
    "lon": 13.1356183,
    "parity": "R",
    "proj_lat": 52.413596094855976,
    "proj_lon": 13.135678025186682,
    "marker-color": "#ff0000",
    "marker-symbol": "e"
  },
  {
    "rowid": 287208,
    "id": 8200,
    "source": "OA",
    "source_id": "9412c14324c0f52d",
    "housenumber": 36,
    "lat": 52.4137736,
    "lon": 13.1356183,
    "parity": "R",
    "proj_lat": 52.413596094855976,
    "proj_lon": 13.135678025186682,
    "marker-color": "#ff0000",
    "marker-symbol": "e"
  },
  {
    "rowid": 287209,
    "id": 8200,
    "source": "OA",
    "source_id": "4dc7f368a960ac08",
    "housenumber": 37,
    "lat": 52.4137727,
    "lon": 13.135918,
    "parity": "R",
    "proj_lat": 52.41364158094772,
    "proj_lon": 13.13598315048097,
    "marker-color": "#ff0000",
    "marker-symbol": "o"
  },
  {
    "rowid": 287209,
    "id": 8200,
    "source": "OA",
    "source_id": "4dc7f368a960ac08",
    "housenumber": 37,
    "lat": 52.4137727,
    "lon": 13.135918,
    "parity": "R",
    "proj_lat": 52.41364158094772,
    "proj_lon": 13.13598315048097,
    "marker-color": "#ff0000",
    "marker-symbol": "o"
  },
  {
    "rowid": 287210,
    "id": 8200,
    "source": "OA",
    "source_id": "f1396ecf0592ae38",
    "housenumber": 38,
    "lat": 52.4138043,
    "lon": 13.1361654,
    "parity": "R",
    "proj_lat": 52.41368612663687,
    "proj_lon": 13.13622411810652,
    "marker-color": "#ff0000",
    "marker-symbol": "e"
  },
  {
    "rowid": 287210,
    "id": 8200,
    "source": "OA",
    "source_id": "f1396ecf0592ae38",
    "housenumber": 38,
    "lat": 52.4138043,
    "lon": 13.1361654,
    "parity": "R",
    "proj_lat": 52.41368612663687,
    "proj_lon": 13.13622411810652,
    "marker-color": "#ff0000",
    "marker-symbol": "e"
  },
  {
    "rowid": 287211,
    "id": 8200,
    "source": "OA",
    "source_id": "c22f88f67b17bfb9",
    "housenumber": 39,
    "lat": 52.4138585,
    "lon": 13.1364349,
    "parity": "R",
    "proj_lat": 52.413736315351144,
    "proj_lon": 13.13649561138767,
    "marker-color": "#ff0000",
    "marker-symbol": "o"
  },
  {
    "rowid": 287211,
    "id": 8200,
    "source": "OA",
    "source_id": "c22f88f67b17bfb9",
    "housenumber": 39,
    "lat": 52.4138585,
    "lon": 13.1364349,
    "parity": "R",
    "proj_lat": 52.413736315351144,
    "proj_lon": 13.13649561138767,
    "marker-color": "#ff0000",
    "marker-symbol": "o"
  },
  {
    "rowid": 287212,
    "id": 8200,
    "source": "OA",
    "source_id": "d5770675f8b5f4eb",
    "housenumber": 40,
    "lat": 52.4139689,
    "lon": 13.1368637,
    "parity": "R",
    "proj_lat": 52.413856805537286,
    "proj_lon": 13.136951718954558,
    "marker-color": "#ff0000",
    "marker-symbol": "e"
  },
  {
    "rowid": 287212,
    "id": 8200,
    "source": "OA",
    "source_id": "d5770675f8b5f4eb",
    "housenumber": 40,
    "lat": 52.4139689,
    "lon": 13.1368637,
    "parity": "R",
    "proj_lat": 52.413856805537286,
    "proj_lon": 13.136951718954558,
    "marker-color": "#ff0000",
    "marker-symbol": "e"
  },
  {
    "rowid": 287213,
    "id": 8200,
    "source": "OA",
    "source_id": "d9c200212f596d91",
    "housenumber": 41,
    "lat": 52.4140609,
    "lon": 13.1371742,
    "parity": "R",
    "proj_lat": 52.413947754588406,
    "proj_lon": 13.137263044552633,
    "marker-color": "#ff0000",
    "marker-symbol": "o"
  },
  {
    "rowid": 287213,
    "id": 8200,
    "source": "OA",
    "source_id": "d9c200212f596d91",
    "housenumber": 41,
    "lat": 52.4140609,
    "lon": 13.1371742,
    "parity": "R",
    "proj_lat": 52.413947754588406,
    "proj_lon": 13.137263044552633,
    "marker-color": "#ff0000",
    "marker-symbol": "o"
  },
  {
    "rowid": 287214,
    "id": 8200,
    "source": "OA",
    "source_id": "f475b4a20876aec0",
    "housenumber": 42,
    "lat": 52.414148,
    "lon": 13.1374644,
    "parity": "R",
    "proj_lat": 52.41403502104319,
    "proj_lon": 13.137555908542533,
    "marker-color": "#ff0000",
    "marker-symbol": "e"
  },
  {
    "rowid": 287214,
    "id": 8200,
    "source": "OA",
    "source_id": "f475b4a20876aec0",
    "housenumber": 42,
    "lat": 52.414148,
    "lon": 13.1374644,
    "parity": "R",
    "proj_lat": 52.41403502104319,
    "proj_lon": 13.137555908542533,
    "marker-color": "#ff0000",
    "marker-symbol": "e"
  },
  {
    "rowid": 287215,
    "id": 8200,
    "source": "OA",
    "source_id": "af453bbae964b653",
    "housenumber": 43,
    "lat": 52.4142799,
    "lon": 13.1377022,
    "parity": "R",
    "proj_lat": 52.4141184978148,
    "proj_lon": 13.13783293024831,
    "marker-color": "#ff0000",
    "marker-symbol": "o"
  },
  {
    "rowid": 287215,
    "id": 8200,
    "source": "OA",
    "source_id": "af453bbae964b653",
    "housenumber": 43,
    "lat": 52.4142799,
    "lon": 13.1377022,
    "parity": "R",
    "proj_lat": 52.4141184978148,
    "proj_lon": 13.13783293024831,
    "marker-color": "#ff0000",
    "marker-symbol": "o"
  },
  {
    "rowid": 287216,
    "id": 8200,
    "source": "OA",
    "source_id": "d04aed43c1a8692a",
    "housenumber": 44,
    "lat": 52.4145164,
    "lon": 13.13856,
    "parity": "R",
    "proj_lat": 52.41437184174259,
    "proj_lon": 13.138676420847899,
    "marker-color": "#ff0000",
    "marker-symbol": "e"
  },
  {
    "rowid": 287216,
    "id": 8200,
    "source": "OA",
    "source_id": "d04aed43c1a8692a",
    "housenumber": 44,
    "lat": 52.4145164,
    "lon": 13.13856,
    "parity": "R",
    "proj_lat": 52.41437184174259,
    "proj_lon": 13.138676420847899,
    "marker-color": "#ff0000",
    "marker-symbol": "e"
  },
  {
    "rowid": 287217,
    "id": 8200,
    "source": "OA",
    "source_id": "fc2043cd645d2380",
    "housenumber": 45,
    "lat": 52.4145507,
    "lon": 13.1388326,
    "parity": "R",
    "proj_lat": 52.41442932940101,
    "proj_lon": 13.138909443911581,
    "marker-color": "#ff0000",
    "marker-symbol": "o"
  },
  {
    "rowid": 287217,
    "id": 8200,
    "source": "OA",
    "source_id": "fc2043cd645d2380",
    "housenumber": 45,
    "lat": 52.4145507,
    "lon": 13.1388326,
    "parity": "R",
    "proj_lat": 52.41442932940101,
    "proj_lon": 13.138909443911581,
    "marker-color": "#ff0000",
    "marker-symbol": "o"
  },
  {
    "rowid": 287218,
    "id": 8200,
    "source": "OA",
    "source_id": "a40839b4142a1f29",
    "housenumber": 46,
    "lat": 52.4146144,
    "lon": 13.1390842,
    "parity": "R",
    "proj_lat": 52.414489168607375,
    "proj_lon": 13.139163488542222,
    "marker-color": "#ff0000",
    "marker-symbol": "e"
  },
  {
    "rowid": 287218,
    "id": 8200,
    "source": "OA",
    "source_id": "a40839b4142a1f29",
    "housenumber": 46,
    "lat": 52.4146144,
    "lon": 13.1390842,
    "parity": "R",
    "proj_lat": 52.414489168607375,
    "proj_lon": 13.139163488542222,
    "marker-color": "#ff0000",
    "marker-symbol": "e"
  },
  {
    "rowid": 287219,
    "id": 8200,
    "source": "OA",
    "source_id": "ed2e0cb6b8c174e1",
    "housenumber": 50,
    "lat": 52.4148594,
    "lon": 13.1401695,
    "parity": "R",
    "proj_lat": 52.41472441125911,
    "proj_lon": 13.140264942804032,
    "marker-color": "#ff0000",
    "marker-symbol": "e"
  },
  {
    "rowid": 287219,
    "id": 8200,
    "source": "OA",
    "source_id": "ed2e0cb6b8c174e1",
    "housenumber": 50,
    "lat": 52.4148594,
    "lon": 13.1401695,
    "parity": "R",
    "proj_lat": 52.41472441125911,
    "proj_lon": 13.140264942804032,
    "marker-color": "#ff0000",
    "marker-symbol": "e"
  }
]
