[
  {
    "rowid": 198458,
    "id": 1541,
    "source": "OA",
    "source_id": "068dc0f4ee90a495",
    "housenumber": 1,
    "lat": 52.4862261,
    "lon": 13.4233881,
    "parity": "L",
    "proj_lat": 52.486227950616914,
    "proj_lon": 13.423183486600413,
    "marker-color": "#3366ff",
    "marker-symbol": "o"
  },
  {
    "rowid": 198458,
    "id": 1541,
    "source": "OA",
    "source_id": "068dc0f4ee90a495",
    "housenumber": 1,
    "lat": 52.4862261,
    "lon": 13.4233881,
    "parity": "L",
    "proj_lat": 52.486227950616914,
    "proj_lon": 13.423183486600413,
    "marker-color": "#3366ff",
    "marker-symbol": "o"
  },
  {
    "rowid": 198459,
    "id": 1541,
    "source": "OA",
    "source_id": "d96a3bf469ec3369",
    "housenumber": 2,
    "lat": 52.4859213,
    "lon": 13.4233812,
    "parity": "L",
    "proj_lat": 52.48592315547262,
    "proj_lon": 13.423176052572503,
    "marker-color": "#3366ff",
    "marker-symbol": "e"
  },
  {
    "rowid": 198459,
    "id": 1541,
    "source": "OA",
    "source_id": "d96a3bf469ec3369",
    "housenumber": 2,
    "lat": 52.4859213,
    "lon": 13.4233812,
    "parity": "L",
    "proj_lat": 52.48592315547262,
    "proj_lon": 13.423176052572503,
    "marker-color": "#3366ff",
    "marker-symbol": "e"
  },
  {
    "rowid": 198460,
    "id": 1541,
    "source": "OA",
    "source_id": "9060590790f4fd4f",
    "housenumber": 3,
    "lat": 52.4857338,
    "lon": 13.4233769,
    "parity": "L",
    "proj_lat": 52.48573565795863,
    "proj_lon": 13.423171479462406,
    "marker-color": "#3366ff",
    "marker-symbol": "o"
  },
  {
    "rowid": 198460,
    "id": 1541,
    "source": "OA",
    "source_id": "9060590790f4fd4f",
    "housenumber": 3,
    "lat": 52.4857338,
    "lon": 13.4233769,
    "parity": "L",
    "proj_lat": 52.48573565795863,
    "proj_lon": 13.423171479462406,
    "marker-color": "#3366ff",
    "marker-symbol": "o"
  },
  {
    "rowid": 198461,
    "id": 1541,
    "source": "OA",
    "source_id": "fd4dbfaf44d27fa5",
    "housenumber": 4,
    "lat": 52.4855187,
    "lon": 13.4233721,
    "parity": "L",
    "proj_lat": 52.48552056201295,
    "proj_lon": 13.423166233219828,
    "marker-color": "#3366ff",
    "marker-symbol": "e"
  },
  {
    "rowid": 198461,
    "id": 1541,
    "source": "OA",
    "source_id": "fd4dbfaf44d27fa5",
    "housenumber": 4,
    "lat": 52.4855187,
    "lon": 13.4233721,
    "parity": "L",
    "proj_lat": 52.48552056201295,
    "proj_lon": 13.423166233219828,
    "marker-color": "#3366ff",
    "marker-symbol": "e"
  },
  {
    "rowid": 198462,
    "id": 1541,
    "source": "OA",
    "source_id": "2a841727cb1d4c69",
    "housenumber": 5,
    "lat": 52.4853207,
    "lon": 13.4233713,
    "parity": "L",
    "proj_lat": 52.48532222174413,
    "proj_lon": 13.423162293620631,
    "marker-color": "#3366ff",
    "marker-symbol": "o"
  },
  {
    "rowid": 198462,
    "id": 1541,
    "source": "OA",
    "source_id": "2a841727cb1d4c69",
    "housenumber": 5,
    "lat": 52.4853207,
    "lon": 13.4233713,
    "parity": "L",
    "proj_lat": 52.48532222174413,
    "proj_lon": 13.423162293620631,
    "marker-color": "#3366ff",
    "marker-symbol": "o"
  },
  {
    "rowid": 198463,
    "id": 1541,
    "source": "OA",
    "source_id": "04f279dd566d31bb",
    "housenumber": 6,
    "lat": 52.4851011,
    "lon": 13.4233663,
    "parity": "L",
    "proj_lat": 52.485102616747255,
    "proj_lon": 13.4231579820042,
    "marker-color": "#3366ff",
    "marker-symbol": "e"
  },
  {
    "rowid": 198463,
    "id": 1541,
    "source": "OA",
    "source_id": "04f279dd566d31bb",
    "housenumber": 6,
    "lat": 52.4851011,
    "lon": 13.4233663,
    "parity": "L",
    "proj_lat": 52.485102616747255,
    "proj_lon": 13.4231579820042,
    "marker-color": "#3366ff",
    "marker-symbol": "e"
  },
  {
    "rowid": 198464,
    "id": 1541,
    "source": "OA",
    "source_id": "918681cfc8b60469",
    "housenumber": 7,
    "lat": 52.4849924,
    "lon": 13.4233675,
    "parity": "L",
    "proj_lat": 52.48499394102718,
    "proj_lon": 13.423155848318597,
    "marker-color": "#3366ff",
    "marker-symbol": "o"
  },
  {
    "rowid": 198464,
    "id": 1541,
    "source": "OA",
    "source_id": "918681cfc8b60469",
    "housenumber": 7,
    "lat": 52.4849924,
    "lon": 13.4233675,
    "parity": "L",
    "proj_lat": 52.48499394102718,
    "proj_lon": 13.423155848318597,
    "marker-color": "#3366ff",
    "marker-symbol": "o"
  },
  {
    "rowid": 198465,
    "id": 1541,
    "source": "OA",
    "source_id": "2765b46a850fdd74",
    "housenumber": 8,
    "lat": 52.4848157,
    "lon": 13.4233561,
    "parity": "L",
    "proj_lat": 52.48481718330381,
    "proj_lon": 13.423152377944447,
    "marker-color": "#3366ff",
    "marker-symbol": "e"
  },
  {
    "rowid": 198465,
    "id": 1541,
    "source": "OA",
    "source_id": "2765b46a850fdd74",
    "housenumber": 8,
    "lat": 52.4848157,
    "lon": 13.4233561,
    "parity": "L",
    "proj_lat": 52.48481718330381,
    "proj_lon": 13.423152377944447,
    "marker-color": "#3366ff",
    "marker-symbol": "e"
  },
  {
    "rowid": 198466,
    "id": 1541,
    "source": "OA",
    "source_id": "de2a3e2cb4bfe52d",
    "housenumber": 9,
    "lat": 52.4846346,
    "lon": 13.4233558,
    "parity": "L",
    "proj_lat": 52.48463687765487,
    "proj_lon": 13.423147749155865,
    "marker-color": "#3366ff",
    "marker-symbol": "o"
  },
  {
    "rowid": 198466,
    "id": 1541,
    "source": "OA",
    "source_id": "de2a3e2cb4bfe52d",
    "housenumber": 9,
    "lat": 52.4846346,
    "lon": 13.4233558,
    "parity": "L",
    "proj_lat": 52.48463687765487,
    "proj_lon": 13.423147749155865,
    "marker-color": "#3366ff",
    "marker-symbol": "o"
  },
  {
    "rowid": 198467,
    "id": 1541,
    "source": "OA",
    "source_id": "8bd8aa3193e63e38",
    "housenumber": 10,
    "lat": 52.4844876,
    "lon": 13.423356,
    "parity": "L",
    "proj_lat": 52.48448992735076,
    "proj_lon": 13.423143411139506,
    "marker-color": "#3366ff",
    "marker-symbol": "e"
  },
  {
    "rowid": 198467,
    "id": 1541,
    "source": "OA",
    "source_id": "8bd8aa3193e63e38",
    "housenumber": 10,
    "lat": 52.4844876,
    "lon": 13.423356,
    "parity": "L",
    "proj_lat": 52.48448992735076,
    "proj_lon": 13.423143411139506,
    "marker-color": "#3366ff",
    "marker-symbol": "e"
  },
  {
    "rowid": 198468,
    "id": 1541,
    "source": "OA",
    "source_id": "2055035cc2c36f69",
    "housenumber": 11,
    "lat": 52.4843065,
    "lon": 13.4233483,
    "parity": "L",
    "proj_lat": 52.48430880160861,
    "proj_lon": 13.423138064254129,
    "marker-color": "#3366ff",
    "marker-symbol": "o"
  },
  {
    "rowid": 198468,
    "id": 1541,
    "source": "OA",
    "source_id": "2055035cc2c36f69",
    "housenumber": 11,
    "lat": 52.4843065,
    "lon": 13.4233483,
    "parity": "L",
    "proj_lat": 52.48430880160861,
    "proj_lon": 13.423138064254129,
    "marker-color": "#3366ff",
    "marker-symbol": "o"
  },
  {
    "rowid": 198469,
    "id": 1541,
    "source": "OA",
    "source_id": "1d47819ffb0f9f8a",
    "housenumber": 12,
    "lat": 52.4841725,
    "lon": 13.423338,
    "parity": "L",
    "proj_lat": 52.48417573091606,
    "proj_lon": 13.423133751555662,
    "marker-color": "#3366ff",
    "marker-symbol": "e"
  },
  {
    "rowid": 198469,
    "id": 1541,
    "source": "OA",
    "source_id": "1d47819ffb0f9f8a",
    "housenumber": 12,
    "lat": 52.4841725,
    "lon": 13.423338,
    "parity": "L",
    "proj_lat": 52.48417573091606,
    "proj_lon": 13.423133751555662,
    "marker-color": "#3366ff",
    "marker-symbol": "e"
  },
  {
    "rowid": 198470,
    "id": 1541,
    "source": "OA",
    "source_id": "9d8928178c532e06",
    "housenumber": 13,
    "lat": 52.4839894,
    "lon": 13.4233338,
    "parity": "L",
    "proj_lat": 52.4839864178581,
    "proj_lon": 13.4231262938182,
    "marker-color": "#3366ff",
    "marker-symbol": "o"
  },
  {
    "rowid": 198470,
    "id": 1541,
    "source": "OA",
    "source_id": "9d8928178c532e06",
    "housenumber": 13,
    "lat": 52.4839894,
    "lon": 13.4233338,
    "parity": "L",
    "proj_lat": 52.4839864178581,
    "proj_lon": 13.4231262938182,
    "marker-color": "#3366ff",
    "marker-symbol": "o"
  },
  {
    "rowid": 198471,
    "id": 1541,
    "source": "OA",
    "source_id": "efe9a9a2cb603ae4",
    "housenumber": 14,
    "lat": 52.4838345,
    "lon": 13.4233024,
    "parity": "L",
    "proj_lat": 52.483832055066955,
    "proj_lon": 13.423132275584058,
    "marker-color": "#3366ff",
    "marker-symbol": "e"
  },
  {
    "rowid": 198471,
    "id": 1541,
    "source": "OA",
    "source_id": "efe9a9a2cb603ae4",
    "housenumber": 14,
    "lat": 52.4838345,
    "lon": 13.4233024,
    "parity": "L",
    "proj_lat": 52.483832055066955,
    "proj_lon": 13.423132275584058,
    "marker-color": "#3366ff",
    "marker-symbol": "e"
  },
  {
    "rowid": 198472,
    "id": 1541,
    "source": "OA",
    "source_id": "572903cb65737cef",
    "housenumber": 15,
    "lat": 52.4836747,
    "lon": 13.4233099,
    "parity": "L",
    "proj_lat": 52.48367223626836,
    "proj_lon": 13.423138468777545,
    "marker-color": "#3366ff",
    "marker-symbol": "o"
  },
  {
    "rowid": 198472,
    "id": 1541,
    "source": "OA",
    "source_id": "572903cb65737cef",
    "housenumber": 15,
    "lat": 52.4836747,
    "lon": 13.4233099,
    "parity": "L",
    "proj_lat": 52.48367223626836,
    "proj_lon": 13.423138468777545,
    "marker-color": "#3366ff",
    "marker-symbol": "o"
  },
  {
    "rowid": 198473,
    "id": 1541,
    "source": "OA",
    "source_id": "3080560bf389575c",
    "housenumber": 16,
    "lat": 52.4835192,
    "lon": 13.4233172,
    "parity": "L",
    "proj_lat": 52.483516717949286,
    "proj_lon": 13.423144495321663,
    "marker-color": "#3366ff",
    "marker-symbol": "e"
  },
  {
    "rowid": 198473,
    "id": 1541,
    "source": "OA",
    "source_id": "3080560bf389575c",
    "housenumber": 16,
    "lat": 52.4835192,
    "lon": 13.4233172,
    "parity": "L",
    "proj_lat": 52.483516717949286,
    "proj_lon": 13.423144495321663,
    "marker-color": "#3366ff",
    "marker-symbol": "e"
  },
  {
    "rowid": 198474,
    "id": 1541,
    "source": "OA",
    "source_id": "f4970a123d6d8f2e",
    "housenumber": 17,
    "lat": 52.4833363,
    "lon": 13.4233258,
    "parity": "L",
    "proj_lat": 52.483333796205194,
    "proj_lon": 13.423151583785375,
    "marker-color": "#3366ff",
    "marker-symbol": "o"
  },
  {
    "rowid": 198474,
    "id": 1541,
    "source": "OA",
    "source_id": "f4970a123d6d8f2e",
    "housenumber": 17,
    "lat": 52.4833363,
    "lon": 13.4233258,
    "parity": "L",
    "proj_lat": 52.483333796205194,
    "proj_lon": 13.423151583785375,
    "marker-color": "#3366ff",
    "marker-symbol": "o"
  },
  {
    "rowid": 198475,
    "id": 1541,
    "source": "OA",
    "source_id": "b9e3e8fdb352d8bb",
    "housenumber": 18,
    "lat": 52.48317,
    "lon": 13.4233336,
    "parity": "L",
    "proj_lat": 52.483167476713874,
    "proj_lon": 13.423158028889452,
    "marker-color": "#3366ff",
    "marker-symbol": "e"
  },
  {
    "rowid": 198475,
    "id": 1541,
    "source": "OA",
    "source_id": "b9e3e8fdb352d8bb",
    "housenumber": 18,
    "lat": 52.48317,
    "lon": 13.4233336,
    "parity": "L",
    "proj_lat": 52.483167476713874,
    "proj_lon": 13.423158028889452,
    "marker-color": "#3366ff",
    "marker-symbol": "e"
  },
  {
    "rowid": 198476,
    "id": 1541,
    "source": "OA",
    "source_id": "ad04094f0e2773ce",
    "housenumber": 19,
    "lat": 52.4830625,
    "lon": 13.4233386,
    "parity": "L",
    "proj_lat": 52.483059964718706,
    "proj_lon": 13.423162195123925,
    "marker-color": "#3366ff",
    "marker-symbol": "o"
  },
  {
    "rowid": 198476,
    "id": 1541,
    "source": "OA",
    "source_id": "ad04094f0e2773ce",
    "housenumber": 19,
    "lat": 52.4830625,
    "lon": 13.4233386,
    "parity": "L",
    "proj_lat": 52.483059964718706,
    "proj_lon": 13.423162195123925,
    "marker-color": "#3366ff",
    "marker-symbol": "o"
  },
  {
    "rowid": 198477,
    "id": 1541,
    "source": "OA",
    "source_id": "6cefa25410307423",
    "housenumber": 20,
    "lat": 52.4828483,
    "lon": 13.4233486,
    "parity": "L",
    "proj_lat": 52.48284574028282,
    "proj_lon": 13.423170496609062,
    "marker-color": "#3366ff",
    "marker-symbol": "e"
  },
  {
    "rowid": 198477,
    "id": 1541,
    "source": "OA",
    "source_id": "6cefa25410307423",
    "housenumber": 20,
    "lat": 52.4828483,
    "lon": 13.4233486,
    "parity": "L",
    "proj_lat": 52.48284574028282,
    "proj_lon": 13.423170496609062,
    "marker-color": "#3366ff",
    "marker-symbol": "e"
  },
  {
    "rowid": 198478,
    "id": 1541,
    "source": "OA",
    "source_id": "c4811c1e14706341",
    "housenumber": 21,
    "lat": 52.4826716,
    "lon": 13.4233569,
    "parity": "L",
    "proj_lat": 52.48266901939629,
    "proj_lon": 13.423177344781198,
    "marker-color": "#3366ff",
    "marker-symbol": "o"
  },
  {
    "rowid": 198478,
    "id": 1541,
    "source": "OA",
    "source_id": "c4811c1e14706341",
    "housenumber": 21,
    "lat": 52.4826716,
    "lon": 13.4233569,
    "parity": "L",
    "proj_lat": 52.48266901939629,
    "proj_lon": 13.423177344781198,
    "marker-color": "#3366ff",
    "marker-symbol": "o"
  },
  {
    "rowid": 222038,
    "id": 1541,
    "source": "OA",
    "source_id": "c0a0037d789ec0b9",
    "housenumber": 22,
    "lat": 52.4825631,
    "lon": 13.4235925,
    "parity": "L",
    "proj_lat": 52.482557195556,
    "proj_lon": 13.423181678105472,
    "marker-color": "#3366ff",
    "marker-symbol": "e"
  },
  {
    "rowid": 222038,
    "id": 1541,
    "source": "OA",
    "source_id": "c0a0037d789ec0b9",
    "housenumber": 22,
    "lat": 52.4825631,
    "lon": 13.4235925,
    "parity": "L",
    "proj_lat": 52.482557195556,
    "proj_lon": 13.423181678105472,
    "marker-color": "#3366ff",
    "marker-symbol": "e"
  },
  {
    "rowid": 222039,
    "id": 1541,
    "source": "OA",
    "source_id": "38e3864051a5af45",
    "housenumber": 23,
    "lat": 52.4824634,
    "lon": 13.4234632,
    "parity": "L",
    "proj_lat": 52.48245940833476,
    "proj_lon": 13.423185467491871,
    "marker-color": "#3366ff",
    "marker-symbol": "o"
  },
  {
    "rowid": 222039,
    "id": 1541,
    "source": "OA",
    "source_id": "38e3864051a5af45",
    "housenumber": 23,
    "lat": 52.4824634,
    "lon": 13.4234632,
    "parity": "L",
    "proj_lat": 52.48245940833476,
    "proj_lon": 13.423185467491871,
    "marker-color": "#3366ff",
    "marker-symbol": "o"
  },
  {
    "rowid": 198479,
    "id": 1541,
    "source": "OA",
    "source_id": "01b2e74bfd8c3aad",
    "housenumber": 24,
    "lat": 52.4824152,
    "lon": 13.4229937,
    "parity": "R",
    "proj_lat": 52.482417979226966,
    "proj_lon": 13.423187072925542,
    "marker-color": "#ff0000",
    "marker-symbol": "e"
  },
  {
    "rowid": 198479,
    "id": 1541,
    "source": "OA",
    "source_id": "01b2e74bfd8c3aad",
    "housenumber": 24,
    "lat": 52.4824152,
    "lon": 13.4229937,
    "parity": "R",
    "proj_lat": 52.482417979226966,
    "proj_lon": 13.423187072925542,
    "marker-color": "#ff0000",
    "marker-symbol": "e"
  },
  {
    "rowid": 198480,
    "id": 1541,
    "source": "OA",
    "source_id": "a4095e8b627e7c81",
    "housenumber": 25,
    "lat": 52.4824152,
    "lon": 13.4229937,
    "parity": "R",
    "proj_lat": 52.482417979226966,
    "proj_lon": 13.423187072925542,
    "marker-color": "#ff0000",
    "marker-symbol": "o"
  },
  {
    "rowid": 198480,
    "id": 1541,
    "source": "OA",
    "source_id": "a4095e8b627e7c81",
    "housenumber": 25,
    "lat": 52.4824152,
    "lon": 13.4229937,
    "parity": "R",
    "proj_lat": 52.482417979226966,
    "proj_lon": 13.423187072925542,
    "marker-color": "#ff0000",
    "marker-symbol": "o"
  },
  {
    "rowid": 198481,
    "id": 1541,
    "source": "OA",
    "source_id": "9056fdf31476a606",
    "housenumber": 26,
    "lat": 52.4826331,
    "lon": 13.4229835,
    "parity": "R",
    "proj_lat": 52.48263590442421,
    "proj_lon": 13.423178628030923,
    "marker-color": "#ff0000",
    "marker-symbol": "e"
  },
  {
    "rowid": 198481,
    "id": 1541,
    "source": "OA",
    "source_id": "9056fdf31476a606",
    "housenumber": 26,
    "lat": 52.4826331,
    "lon": 13.4229835,
    "parity": "R",
    "proj_lat": 52.48263590442421,
    "proj_lon": 13.423178628030923,
    "marker-color": "#ff0000",
    "marker-symbol": "e"
  },
  {
    "rowid": 198482,
    "id": 1541,
    "source": "OA",
    "source_id": "862c697c3311861e",
    "housenumber": 27,
    "lat": 52.4827681,
    "lon": 13.4229771,
    "parity": "R",
    "proj_lat": 52.48277092119248,
    "proj_lon": 13.423173395949483,
    "marker-color": "#ff0000",
    "marker-symbol": "o"
  },
  {
    "rowid": 198482,
    "id": 1541,
    "source": "OA",
    "source_id": "862c697c3311861e",
    "housenumber": 27,
    "lat": 52.4827681,
    "lon": 13.4229771,
    "parity": "R",
    "proj_lat": 52.48277092119248,
    "proj_lon": 13.423173395949483,
    "marker-color": "#ff0000",
    "marker-symbol": "o"
  },
  {
    "rowid": 198483,
    "id": 1541,
    "source": "OA",
    "source_id": "d5893b9bf90fd2ed",
    "housenumber": 28,
    "lat": 52.4829412,
    "lon": 13.4229691,
    "parity": "R",
    "proj_lat": 52.482944039730654,
    "proj_lon": 13.423166687373193,
    "marker-color": "#ff0000",
    "marker-symbol": "e"
  },
  {
    "rowid": 198483,
    "id": 1541,
    "source": "OA",
    "source_id": "d5893b9bf90fd2ed",
    "housenumber": 28,
    "lat": 52.4829412,
    "lon": 13.4229691,
    "parity": "R",
    "proj_lat": 52.482944039730654,
    "proj_lon": 13.423166687373193,
    "marker-color": "#ff0000",
    "marker-symbol": "e"
  },
  {
    "rowid": 198484,
    "id": 1541,
    "source": "OA",
    "source_id": "34b32df6751220d0",
    "housenumber": 29,
    "lat": 52.4831107,
    "lon": 13.4229611,
    "parity": "R",
    "proj_lat": 52.483113560272834,
    "proj_lon": 13.423160118224088,
    "marker-color": "#ff0000",
    "marker-symbol": "o"
  },
  {
    "rowid": 198484,
    "id": 1541,
    "source": "OA",
    "source_id": "34b32df6751220d0",
    "housenumber": 29,
    "lat": 52.4831107,
    "lon": 13.4229611,
    "parity": "R",
    "proj_lat": 52.483113560272834,
    "proj_lon": 13.423160118224088,
    "marker-color": "#ff0000",
    "marker-symbol": "o"
  },
  {
    "rowid": 198485,
    "id": 1541,
    "source": "OA",
    "source_id": "9d24833e6382c7a5",
    "housenumber": 30,
    "lat": 52.4832634,
    "lon": 13.422954,
    "parity": "R",
    "proj_lat": 52.48326627724064,
    "proj_lon": 13.4231542002361,
    "marker-color": "#ff0000",
    "marker-symbol": "e"
  },
  {
    "rowid": 198485,
    "id": 1541,
    "source": "OA",
    "source_id": "9d24833e6382c7a5",
    "housenumber": 30,
    "lat": 52.4832634,
    "lon": 13.422954,
    "parity": "R",
    "proj_lat": 52.48326627724064,
    "proj_lon": 13.4231542002361,
    "marker-color": "#ff0000",
    "marker-symbol": "e"
  },
  {
    "rowid": 198486,
    "id": 1541,
    "source": "OA",
    "source_id": "8fc35073dc751f6f",
    "housenumber": 31,
    "lat": 52.4835549,
    "lon": 13.4218614,
    "parity": "R",
    "proj_lat": 52.48357330864696,
    "proj_lon": 13.423142302355984,
    "marker-color": "#ff0000",
    "marker-symbol": "o"
  },
  {
    "rowid": 198486,
    "id": 1541,
    "source": "OA",
    "source_id": "8fc35073dc751f6f",
    "housenumber": 31,
    "lat": 52.4835549,
    "lon": 13.4218614,
    "parity": "R",
    "proj_lat": 52.48357330864696,
    "proj_lon": 13.423142302355984,
    "marker-color": "#ff0000",
    "marker-symbol": "o"
  },
  {
    "rowid": 198487,
    "id": 1541,
    "source": "OA",
    "source_id": "f1e958bd92605249",
    "housenumber": 32,
    "lat": 52.4838539,
    "lon": 13.4228476,
    "parity": "R",
    "proj_lat": 52.48385797675871,
    "proj_lon": 13.423131271083623,
    "marker-color": "#ff0000",
    "marker-symbol": "e"
  },
  {
    "rowid": 198487,
    "id": 1541,
    "source": "OA",
    "source_id": "f1e958bd92605249",
    "housenumber": 32,
    "lat": 52.4838539,
    "lon": 13.4228476,
    "parity": "R",
    "proj_lat": 52.48385797675871,
    "proj_lon": 13.423131271083623,
    "marker-color": "#ff0000",
    "marker-symbol": "e"
  },
  {
    "rowid": 198488,
    "id": 1541,
    "source": "OA",
    "source_id": "b48f8fe2c7522c7c",
    "housenumber": 33,
    "lat": 52.483889,
    "lon": 13.4222825,
    "parity": "R",
    "proj_lat": 52.48390117397651,
    "proj_lon": 13.423129597133311,
    "marker-color": "#ff0000",
    "marker-symbol": "o"
  },
  {
    "rowid": 198488,
    "id": 1541,
    "source": "OA",
    "source_id": "b48f8fe2c7522c7c",
    "housenumber": 33,
    "lat": 52.483889,
    "lon": 13.4222825,
    "parity": "R",
    "proj_lat": 52.48390117397651,
    "proj_lon": 13.423129597133311,
    "marker-color": "#ff0000",
    "marker-symbol": "o"
  },
  {
    "rowid": 198489,
    "id": 1541,
    "source": "OA",
    "source_id": "13608dc1282ce11b",
    "housenumber": 43,
    "lat": 52.4853747,
    "lon": 13.4229899,
    "parity": "R",
    "proj_lat": 52.485373437509764,
    "proj_lon": 13.423163299165768,
    "marker-color": "#ff0000",
    "marker-symbol": "o"
  },
  {
    "rowid": 198489,
    "id": 1541,
    "source": "OA",
    "source_id": "13608dc1282ce11b",
    "housenumber": 43,
    "lat": 52.4853747,
    "lon": 13.4229899,
    "parity": "R",
    "proj_lat": 52.485373437509764,
    "proj_lon": 13.423163299165768,
    "marker-color": "#ff0000",
    "marker-symbol": "o"
  },
  {
    "rowid": 223957,
    "id": 1541,
    "source": "OA",
    "source_id": "7d822d9357cc32e0",
    "housenumber": 43.03,
    "lat": 52.4855635,
    "lon": 13.4230026,
    "parity": "R",
    "proj_lat": 52.485562010838194,
    "proj_lon": 13.423167244166786,
    "marker-color": "#ff0000",
    "marker-symbol": "o"
  },
  {
    "rowid": 223957,
    "id": 1541,
    "source": "OA",
    "source_id": "7d822d9357cc32e0",
    "housenumber": 43.03,
    "lat": 52.4855635,
    "lon": 13.4230026,
    "parity": "R",
    "proj_lat": 52.485562010838194,
    "proj_lon": 13.423167244166786,
    "marker-color": "#ff0000",
    "marker-symbol": "o"
  },
  {
    "rowid": 198490,
    "id": 1541,
    "source": "OA",
    "source_id": "4859db168ce06823",
    "housenumber": 44,
    "lat": 52.4857505,
    "lon": 13.4229984,
    "parity": "R",
    "proj_lat": 52.48574893162836,
    "proj_lon": 13.423171803210447,
    "marker-color": "#ff0000",
    "marker-symbol": "e"
  },
  {
    "rowid": 198490,
    "id": 1541,
    "source": "OA",
    "source_id": "4859db168ce06823",
    "housenumber": 44,
    "lat": 52.4857505,
    "lon": 13.4229984,
    "parity": "R",
    "proj_lat": 52.48574893162836,
    "proj_lon": 13.423171803210447,
    "marker-color": "#ff0000",
    "marker-symbol": "e"
  },
  {
    "rowid": 198491,
    "id": 1541,
    "source": "OA",
    "source_id": "efdda56711d3524e",
    "housenumber": 45,
    "lat": 52.4859201,
    "lon": 13.4230102,
    "parity": "R",
    "proj_lat": 52.485918600937545,
    "proj_lon": 13.423175941486281,
    "marker-color": "#ff0000",
    "marker-symbol": "o"
  },
  {
    "rowid": 198491,
    "id": 1541,
    "source": "OA",
    "source_id": "efdda56711d3524e",
    "housenumber": 45,
    "lat": 52.4859201,
    "lon": 13.4230102,
    "parity": "R",
    "proj_lat": 52.485918600937545,
    "proj_lon": 13.423175941486281,
    "marker-color": "#ff0000",
    "marker-symbol": "o"
  },
  {
    "rowid": 198492,
    "id": 1541,
    "source": "OA",
    "source_id": "557a38674e5a8c54",
    "housenumber": 46,
    "lat": 52.4861189,
    "lon": 13.4230106,
    "parity": "R",
    "proj_lat": 52.48611736072297,
    "proj_lon": 13.423180789285926,
    "marker-color": "#ff0000",
    "marker-symbol": "e"
  },
  {
    "rowid": 198492,
    "id": 1541,
    "source": "OA",
    "source_id": "557a38674e5a8c54",
    "housenumber": 46,
    "lat": 52.4861189,
    "lon": 13.4230106,
    "parity": "R",
    "proj_lat": 52.48611736072297,
    "proj_lon": 13.423180789285926,
    "marker-color": "#ff0000",
    "marker-symbol": "e"
  },
  {
    "rowid": 198493,
    "id": 1541,
    "source": "OA",
    "source_id": "e7cedcf3dbd29218",
    "housenumber": 47,
    "lat": 52.486228,
    "lon": 13.423017,
    "parity": "R",
    "proj_lat": 52.48622649454058,
    "proj_lon": 13.423183451086356,
    "marker-color": "#ff0000",
    "marker-symbol": "o"
  },
  {
    "rowid": 198493,
    "id": 1541,
    "source": "OA",
    "source_id": "e7cedcf3dbd29218",
    "housenumber": 47,
    "lat": 52.486228,
    "lon": 13.423017,
    "parity": "R",
    "proj_lat": 52.48622649454058,
    "proj_lon": 13.423183451086356,
    "marker-color": "#ff0000",
    "marker-symbol": "o"
  },
  {
    "rowid": 198494,
    "id": 1541,
    "source": "OA",
    "source_id": "c94af03851426915",
    "housenumber": 48,
    "lat": 52.4864121,
    "lon": 13.4230172,
    "parity": "R",
    "proj_lat": 52.48641055575915,
    "proj_lon": 13.42318794038437,
    "marker-color": "#ff0000",
    "marker-symbol": "e"
  },
  {
    "rowid": 198494,
    "id": 1541,
    "source": "OA",
    "source_id": "c94af03851426915",
    "housenumber": 48,
    "lat": 52.4864121,
    "lon": 13.4230172,
    "parity": "R",
    "proj_lat": 52.48641055575915,
    "proj_lon": 13.42318794038437,
    "marker-color": "#ff0000",
    "marker-symbol": "e"
  }
]
