[
  {
    "rowid": 12143,
    "id": 23046,
    "source": "OA",
    "source_id": "4fcdd30c8eae2610",
    "housenumber": 1,
    "lat": 52.4489612,
    "lon": 13.3528772,
    "parity": "L",
    "proj_lat": 52.44891527910045,
    "proj_lon": 13.35303363629286,
    "marker-color": "#3366ff",
    "marker-symbol": "o"
  },
  {
    "rowid": 12143,
    "id": 23046,
    "source": "OA",
    "source_id": "4fcdd30c8eae2610",
    "housenumber": 1,
    "lat": 52.4489612,
    "lon": 13.3528772,
    "parity": "L",
    "proj_lat": 52.44891527910045,
    "proj_lon": 13.35303363629286,
    "marker-color": "#3366ff",
    "marker-symbol": "o"
  },
  {
    "rowid": 152316,
    "id": 23046,
    "source": "OA",
    "source_id": "9d71bc1de70d2587",
    "housenumber": 2,
    "lat": 52.4486442,
    "lon": 13.3526945,
    "parity": "L",
    "proj_lat": 52.44861443662185,
    "proj_lon": 13.352795891862215,
    "marker-color": "#3366ff",
    "marker-symbol": "e"
  },
  {
    "rowid": 152316,
    "id": 23046,
    "source": "OA",
    "source_id": "9d71bc1de70d2587",
    "housenumber": 2,
    "lat": 52.4486442,
    "lon": 13.3526945,
    "parity": "L",
    "proj_lat": 52.44861443662185,
    "proj_lon": 13.352795891862215,
    "marker-color": "#3366ff",
    "marker-symbol": "e"
  },
  {
    "rowid": 12144,
    "id": 23046,
    "source": "OA",
    "source_id": "553c0b692f54e77f",
    "housenumber": 2.03,
    "lat": 52.4485301,
    "lon": 13.3524481,
    "parity": "L",
    "proj_lat": 52.4484631106327,
    "proj_lon": 13.352676304657306,
    "marker-color": "#3366ff",
    "marker-symbol": "e"
  },
  {
    "rowid": 12144,
    "id": 23046,
    "source": "OA",
    "source_id": "553c0b692f54e77f",
    "housenumber": 2.03,
    "lat": 52.4485301,
    "lon": 13.3524481,
    "parity": "L",
    "proj_lat": 52.4484631106327,
    "proj_lon": 13.352676304657306,
    "marker-color": "#3366ff",
    "marker-symbol": "e"
  },
  {
    "rowid": 12145,
    "id": 23046,
    "source": "OA",
    "source_id": "22cd6bf1d9f3d03b",
    "housenumber": 2.06,
    "lat": 52.4483545,
    "lon": 13.3523781,
    "parity": "L",
    "proj_lat": 52.44830389644271,
    "proj_lon": 13.352550483705661,
    "marker-color": "#3366ff",
    "marker-symbol": "e"
  },
  {
    "rowid": 12145,
    "id": 23046,
    "source": "OA",
    "source_id": "22cd6bf1d9f3d03b",
    "housenumber": 2.06,
    "lat": 52.4483545,
    "lon": 13.3523781,
    "parity": "L",
    "proj_lat": 52.44830389644271,
    "proj_lon": 13.352550483705661,
    "marker-color": "#3366ff",
    "marker-symbol": "e"
  },
  {
    "rowid": 12146,
    "id": 23046,
    "source": "OA",
    "source_id": "326703efedc51924",
    "housenumber": 2.09,
    "lat": 52.4482262,
    "lon": 13.3522734,
    "parity": "L",
    "proj_lat": 52.44817480765813,
    "proj_lon": 13.352448469722342,
    "marker-color": "#3366ff",
    "marker-symbol": "e"
  },
  {
    "rowid": 12146,
    "id": 23046,
    "source": "OA",
    "source_id": "326703efedc51924",
    "housenumber": 2.09,
    "lat": 52.4482262,
    "lon": 13.3522734,
    "parity": "L",
    "proj_lat": 52.44817480765813,
    "proj_lon": 13.352448469722342,
    "marker-color": "#3366ff",
    "marker-symbol": "e"
  },
  {
    "rowid": 12147,
    "id": 23046,
    "source": "OA",
    "source_id": "237712df706ea068",
    "housenumber": 4,
    "lat": 52.447645,
    "lon": 13.3517333,
    "parity": "L",
    "proj_lat": 52.44757648306385,
    "proj_lon": 13.351954095418188,
    "marker-color": "#3366ff",
    "marker-symbol": "e"
  },
  {
    "rowid": 12147,
    "id": 23046,
    "source": "OA",
    "source_id": "237712df706ea068",
    "housenumber": 4,
    "lat": 52.447645,
    "lon": 13.3517333,
    "parity": "L",
    "proj_lat": 52.44757648306385,
    "proj_lon": 13.351954095418188,
    "marker-color": "#3366ff",
    "marker-symbol": "e"
  },
  {
    "rowid": 12148,
    "id": 23046,
    "source": "OA",
    "source_id": "25c4c941ce947dfd",
    "housenumber": 4.03,
    "lat": 52.4475064,
    "lon": 13.3511892,
    "parity": "L",
    "proj_lat": 52.44733232984656,
    "proj_lon": 13.351750136501412,
    "marker-color": "#3366ff",
    "marker-symbol": "e"
  },
  {
    "rowid": 12148,
    "id": 23046,
    "source": "OA",
    "source_id": "25c4c941ce947dfd",
    "housenumber": 4.03,
    "lat": 52.4475064,
    "lon": 13.3511892,
    "parity": "L",
    "proj_lat": 52.44733232984656,
    "proj_lon": 13.351750136501412,
    "marker-color": "#3366ff",
    "marker-symbol": "e"
  },
  {
    "rowid": 12149,
    "id": 23046,
    "source": "OA",
    "source_id": "7f281b4862446f57",
    "housenumber": 5,
    "lat": 52.4473779,
    "lon": 13.3515319,
    "parity": "L",
    "proj_lat": 52.44731473700088,
    "proj_lon": 13.351735439919535,
    "marker-color": "#3366ff",
    "marker-symbol": "o"
  },
  {
    "rowid": 12149,
    "id": 23046,
    "source": "OA",
    "source_id": "7f281b4862446f57",
    "housenumber": 5,
    "lat": 52.4473779,
    "lon": 13.3515319,
    "parity": "L",
    "proj_lat": 52.44731473700088,
    "proj_lon": 13.351735439919535,
    "marker-color": "#3366ff",
    "marker-symbol": "o"
  },
  {
    "rowid": 12150,
    "id": 23046,
    "source": "OA",
    "source_id": "092e9e405b54a5f5",
    "housenumber": 5.03,
    "lat": 52.4471788,
    "lon": 13.3514146,
    "parity": "L",
    "proj_lat": 52.447127717653075,
    "proj_lon": 13.351579209073929,
    "marker-color": "#3366ff",
    "marker-symbol": "o"
  },
  {
    "rowid": 12150,
    "id": 23046,
    "source": "OA",
    "source_id": "092e9e405b54a5f5",
    "housenumber": 5.03,
    "lat": 52.4471788,
    "lon": 13.3514146,
    "parity": "L",
    "proj_lat": 52.447127717653075,
    "proj_lon": 13.351579209073929,
    "marker-color": "#3366ff",
    "marker-symbol": "o"
  },
  {
    "rowid": 12151,
    "id": 23046,
    "source": "OA",
    "source_id": "ebaa629f28921a07",
    "housenumber": 6,
    "lat": 52.4469698,
    "lon": 13.3512428,
    "parity": "L",
    "proj_lat": 52.44691940554824,
    "proj_lon": 13.351405190841747,
    "marker-color": "#3366ff",
    "marker-symbol": "e"
  },
  {
    "rowid": 12151,
    "id": 23046,
    "source": "OA",
    "source_id": "ebaa629f28921a07",
    "housenumber": 6,
    "lat": 52.4469698,
    "lon": 13.3512428,
    "parity": "L",
    "proj_lat": 52.44691940554824,
    "proj_lon": 13.351405190841747,
    "marker-color": "#3366ff",
    "marker-symbol": "e"
  },
  {
    "rowid": 12152,
    "id": 23046,
    "source": "OA",
    "source_id": "b0ff23255691f596",
    "housenumber": 7,
    "lat": 52.4469698,
    "lon": 13.3512428,
    "parity": "L",
    "proj_lat": 52.44691940554824,
    "proj_lon": 13.351405190841747,
    "marker-color": "#3366ff",
    "marker-symbol": "o"
  },
  {
    "rowid": 12152,
    "id": 23046,
    "source": "OA",
    "source_id": "b0ff23255691f596",
    "housenumber": 7,
    "lat": 52.4469698,
    "lon": 13.3512428,
    "parity": "L",
    "proj_lat": 52.44691940554824,
    "proj_lon": 13.351405190841747,
    "marker-color": "#3366ff",
    "marker-symbol": "o"
  },
  {
    "rowid": 12153,
    "id": 23046,
    "source": "OA",
    "source_id": "1f41968f72a901eb",
    "housenumber": 8,
    "lat": 52.4466935,
    "lon": 13.3509015,
    "parity": "L",
    "proj_lat": 52.44661587637158,
    "proj_lon": 13.351151630873257,
    "marker-color": "#3366ff",
    "marker-symbol": "e"
  },
  {
    "rowid": 12153,
    "id": 23046,
    "source": "OA",
    "source_id": "1f41968f72a901eb",
    "housenumber": 8,
    "lat": 52.4466935,
    "lon": 13.3509015,
    "parity": "L",
    "proj_lat": 52.44661587637158,
    "proj_lon": 13.351151630873257,
    "marker-color": "#3366ff",
    "marker-symbol": "e"
  },
  {
    "rowid": 12154,
    "id": 23046,
    "source": "OA",
    "source_id": "1914fc5cdc48fe06",
    "housenumber": 8.03,
    "lat": 52.4467603,
    "lon": 13.3506594,
    "parity": "L",
    "proj_lat": 52.44660926054484,
    "proj_lon": 13.351146104192631,
    "marker-color": "#3366ff",
    "marker-symbol": "e"
  },
  {
    "rowid": 12154,
    "id": 23046,
    "source": "OA",
    "source_id": "1914fc5cdc48fe06",
    "housenumber": 8.03,
    "lat": 52.4467603,
    "lon": 13.3506594,
    "parity": "L",
    "proj_lat": 52.44660926054484,
    "proj_lon": 13.351146104192631,
    "marker-color": "#3366ff",
    "marker-symbol": "e"
  },
  {
    "rowid": 12155,
    "id": 23046,
    "source": "OA",
    "source_id": "00f7e9d567007245",
    "housenumber": 9,
    "lat": 52.4466434,
    "lon": 13.3505114,
    "parity": "L",
    "proj_lat": 52.44647995270977,
    "proj_lon": 13.35103808396556,
    "marker-color": "#3366ff",
    "marker-symbol": "o"
  },
  {
    "rowid": 12155,
    "id": 23046,
    "source": "OA",
    "source_id": "00f7e9d567007245",
    "housenumber": 9,
    "lat": 52.4466434,
    "lon": 13.3505114,
    "parity": "L",
    "proj_lat": 52.44647995270977,
    "proj_lon": 13.35103808396556,
    "marker-color": "#3366ff",
    "marker-symbol": "o"
  },
  {
    "rowid": 12156,
    "id": 23046,
    "source": "OA",
    "source_id": "0a8308fada722cc9",
    "housenumber": 9.03,
    "lat": 52.4463956,
    "lon": 13.3506413,
    "parity": "L",
    "proj_lat": 52.446315180226,
    "proj_lon": 13.35090043754141,
    "marker-color": "#3366ff",
    "marker-symbol": "o"
  },
  {
    "rowid": 12156,
    "id": 23046,
    "source": "OA",
    "source_id": "0a8308fada722cc9",
    "housenumber": 9.03,
    "lat": 52.4463956,
    "lon": 13.3506413,
    "parity": "L",
    "proj_lat": 52.446315180226,
    "proj_lon": 13.35090043754141,
    "marker-color": "#3366ff",
    "marker-symbol": "o"
  },
  {
    "rowid": 12157,
    "id": 23046,
    "source": "OA",
    "source_id": "4a2be9905efaae18",
    "housenumber": 9.06,
    "lat": 52.4464464,
    "lon": 13.3508156,
    "parity": "L",
    "proj_lat": 52.44639847744126,
    "proj_lon": 13.350970021755709,
    "marker-color": "#3366ff",
    "marker-symbol": "o"
  },
  {
    "rowid": 12157,
    "id": 23046,
    "source": "OA",
    "source_id": "4a2be9905efaae18",
    "housenumber": 9.06,
    "lat": 52.4464464,
    "lon": 13.3508156,
    "parity": "L",
    "proj_lat": 52.44639847744126,
    "proj_lon": 13.350970021755709,
    "marker-color": "#3366ff",
    "marker-symbol": "o"
  },
  {
    "rowid": 12158,
    "id": 23046,
    "source": "OA",
    "source_id": "202cbeec94997ef2",
    "housenumber": 10,
    "lat": 52.4462651,
    "lon": 13.3505348,
    "parity": "L",
    "proj_lat": 52.44618529994048,
    "proj_lon": 13.350791939104894,
    "marker-color": "#3366ff",
    "marker-symbol": "e"
  },
  {
    "rowid": 12158,
    "id": 23046,
    "source": "OA",
    "source_id": "202cbeec94997ef2",
    "housenumber": 10,
    "lat": 52.4462651,
    "lon": 13.3505348,
    "parity": "L",
    "proj_lat": 52.44618529994048,
    "proj_lon": 13.350791939104894,
    "marker-color": "#3366ff",
    "marker-symbol": "e"
  },
  {
    "rowid": 12159,
    "id": 23046,
    "source": "OA",
    "source_id": "f1c32d3ec412c554",
    "housenumber": 11,
    "lat": 52.4459855,
    "lon": 13.3503986,
    "parity": "L",
    "proj_lat": 52.44592969598542,
    "proj_lon": 13.350578414555114,
    "marker-color": "#3366ff",
    "marker-symbol": "o"
  },
  {
    "rowid": 12159,
    "id": 23046,
    "source": "OA",
    "source_id": "f1c32d3ec412c554",
    "housenumber": 11,
    "lat": 52.4459855,
    "lon": 13.3503986,
    "parity": "L",
    "proj_lat": 52.44592969598542,
    "proj_lon": 13.350578414555114,
    "marker-color": "#3366ff",
    "marker-symbol": "o"
  },
  {
    "rowid": 12160,
    "id": 23046,
    "source": "OA",
    "source_id": "f05254d246d0ba9d",
    "housenumber": 11.03,
    "lat": 52.4458706,
    "lon": 13.3502967,
    "parity": "L",
    "proj_lat": 52.4458133378299,
    "proj_lon": 13.350481212135989,
    "marker-color": "#3366ff",
    "marker-symbol": "o"
  },
  {
    "rowid": 12160,
    "id": 23046,
    "source": "OA",
    "source_id": "f05254d246d0ba9d",
    "housenumber": 11.03,
    "lat": 52.4458706,
    "lon": 13.3502967,
    "parity": "L",
    "proj_lat": 52.4458133378299,
    "proj_lon": 13.350481212135989,
    "marker-color": "#3366ff",
    "marker-symbol": "o"
  },
  {
    "rowid": 12161,
    "id": 23046,
    "source": "OA",
    "source_id": "562762a53a1afe8f",
    "housenumber": 12,
    "lat": 52.4455858,
    "lon": 13.3501064,
    "parity": "L",
    "proj_lat": 52.44554027189609,
    "proj_lon": 13.350253100326992,
    "marker-color": "#3366ff",
    "marker-symbol": "e"
  },
  {
    "rowid": 12161,
    "id": 23046,
    "source": "OA",
    "source_id": "562762a53a1afe8f",
    "housenumber": 12,
    "lat": 52.4455858,
    "lon": 13.3501064,
    "parity": "L",
    "proj_lat": 52.44554027189609,
    "proj_lon": 13.350253100326992,
    "marker-color": "#3366ff",
    "marker-symbol": "e"
  },
  {
    "rowid": 12162,
    "id": 23046,
    "source": "OA",
    "source_id": "ea9a3bc007eb0f3b",
    "housenumber": 12.03,
    "lat": 52.4454173,
    "lon": 13.3504231,
    "parity": "R",
    "proj_lat": 52.44548451485915,
    "proj_lon": 13.35020652242405,
    "marker-color": "#ff0000",
    "marker-symbol": "e"
  },
  {
    "rowid": 12162,
    "id": 23046,
    "source": "OA",
    "source_id": "ea9a3bc007eb0f3b",
    "housenumber": 12.03,
    "lat": 52.4454173,
    "lon": 13.3504231,
    "parity": "R",
    "proj_lat": 52.44548451485915,
    "proj_lon": 13.35020652242405,
    "marker-color": "#ff0000",
    "marker-symbol": "e"
  },
  {
    "rowid": 152317,
    "id": 23046,
    "source": "OA",
    "source_id": "7ba5bf832853df36",
    "housenumber": 13,
    "lat": 52.4455685,
    "lon": 13.3504782,
    "parity": "R",
    "proj_lat": 52.44561816495749,
    "proj_lon": 13.350318170059035,
    "marker-color": "#ff0000",
    "marker-symbol": "o"
  },
  {
    "rowid": 152317,
    "id": 23046,
    "source": "OA",
    "source_id": "7ba5bf832853df36",
    "housenumber": 13,
    "lat": 52.4455685,
    "lon": 13.3504782,
    "parity": "R",
    "proj_lat": 52.44561816495749,
    "proj_lon": 13.350318170059035,
    "marker-color": "#ff0000",
    "marker-symbol": "o"
  },
  {
    "rowid": 12163,
    "id": 23046,
    "source": "OA",
    "source_id": "66c7b37b1aed12e9",
    "housenumber": 16,
    "lat": 52.4460614,
    "lon": 13.3509445,
    "parity": "R",
    "proj_lat": 52.44612450659197,
    "proj_lon": 13.350741154005085,
    "marker-color": "#ff0000",
    "marker-symbol": "e"
  },
  {
    "rowid": 12163,
    "id": 23046,
    "source": "OA",
    "source_id": "66c7b37b1aed12e9",
    "housenumber": 16,
    "lat": 52.4460614,
    "lon": 13.3509445,
    "parity": "R",
    "proj_lat": 52.44612450659197,
    "proj_lon": 13.350741154005085,
    "marker-color": "#ff0000",
    "marker-symbol": "e"
  },
  {
    "rowid": 12164,
    "id": 23046,
    "source": "OA",
    "source_id": "fd30f2fa69618e85",
    "housenumber": 17,
    "lat": 52.4462416,
    "lon": 13.3510927,
    "parity": "R",
    "proj_lat": 52.44630413093705,
    "proj_lon": 13.350891207267766,
    "marker-color": "#ff0000",
    "marker-symbol": "o"
  },
  {
    "rowid": 12164,
    "id": 23046,
    "source": "OA",
    "source_id": "fd30f2fa69618e85",
    "housenumber": 17,
    "lat": 52.4462416,
    "lon": 13.3510927,
    "parity": "R",
    "proj_lat": 52.44630413093705,
    "proj_lon": 13.350891207267766,
    "marker-color": "#ff0000",
    "marker-symbol": "o"
  },
  {
    "rowid": 12165,
    "id": 23046,
    "source": "OA",
    "source_id": "1724e2f8c3936f18",
    "housenumber": 18,
    "lat": 52.4464202,
    "lon": 13.3512361,
    "parity": "R",
    "proj_lat": 52.44648130175188,
    "proj_lon": 13.351039210918422,
    "marker-color": "#ff0000",
    "marker-symbol": "e"
  },
  {
    "rowid": 12165,
    "id": 23046,
    "source": "OA",
    "source_id": "1724e2f8c3936f18",
    "housenumber": 18,
    "lat": 52.4464202,
    "lon": 13.3512361,
    "parity": "R",
    "proj_lat": 52.44648130175188,
    "proj_lon": 13.351039210918422,
    "marker-color": "#ff0000",
    "marker-symbol": "e"
  },
  {
    "rowid": 12166,
    "id": 23046,
    "source": "OA",
    "source_id": "492cc451b80e8746",
    "housenumber": 19,
    "lat": 52.4467157,
    "lon": 13.3515076,
    "parity": "R",
    "proj_lat": 52.4467828752807,
    "proj_lon": 13.351291137192216,
    "marker-color": "#ff0000",
    "marker-symbol": "o"
  },
  {
    "rowid": 12166,
    "id": 23046,
    "source": "OA",
    "source_id": "492cc451b80e8746",
    "housenumber": 19,
    "lat": 52.4467157,
    "lon": 13.3515076,
    "parity": "R",
    "proj_lat": 52.4467828752807,
    "proj_lon": 13.351291137192216,
    "marker-color": "#ff0000",
    "marker-symbol": "o"
  },
  {
    "rowid": 12167,
    "id": 23046,
    "source": "OA",
    "source_id": "139eae44ec185925",
    "housenumber": 20,
    "lat": 52.4469801,
    "lon": 13.3516982,
    "parity": "R",
    "proj_lat": 52.447039814254516,
    "proj_lon": 13.351505776980137,
    "marker-color": "#ff0000",
    "marker-symbol": "e"
  },
  {
    "rowid": 12167,
    "id": 23046,
    "source": "OA",
    "source_id": "139eae44ec185925",
    "housenumber": 20,
    "lat": 52.4469801,
    "lon": 13.3516982,
    "parity": "R",
    "proj_lat": 52.447039814254516,
    "proj_lon": 13.351505776980137,
    "marker-color": "#ff0000",
    "marker-symbol": "e"
  },
  {
    "rowid": 12168,
    "id": 23046,
    "source": "OA",
    "source_id": "b26a54e67738d45e",
    "housenumber": 20.03,
    "lat": 52.4471598,
    "lon": 13.3518455,
    "parity": "R",
    "proj_lat": 52.44721881978073,
    "proj_lon": 13.351655313298474,
    "marker-color": "#ff0000",
    "marker-symbol": "e"
  },
  {
    "rowid": 12168,
    "id": 23046,
    "source": "OA",
    "source_id": "b26a54e67738d45e",
    "housenumber": 20.03,
    "lat": 52.4471598,
    "lon": 13.3518455,
    "parity": "R",
    "proj_lat": 52.44721881978073,
    "proj_lon": 13.351655313298474,
    "marker-color": "#ff0000",
    "marker-symbol": "e"
  },
  {
    "rowid": 12169,
    "id": 23046,
    "source": "OA",
    "source_id": "2e0b70a3128ce423",
    "housenumber": 20.06,
    "lat": 52.4473411,
    "lon": 13.3519944,
    "parity": "R",
    "proj_lat": 52.447399490225166,
    "proj_lon": 13.351806240443938,
    "marker-color": "#ff0000",
    "marker-symbol": "e"
  },
  {
    "rowid": 12169,
    "id": 23046,
    "source": "OA",
    "source_id": "2e0b70a3128ce423",
    "housenumber": 20.06,
    "lat": 52.4473411,
    "lon": 13.3519944,
    "parity": "R",
    "proj_lat": 52.447399490225166,
    "proj_lon": 13.351806240443938,
    "marker-color": "#ff0000",
    "marker-symbol": "e"
  },
  {
    "rowid": 12170,
    "id": 23046,
    "source": "OA",
    "source_id": "adbb042958096a1e",
    "housenumber": 21,
    "lat": 52.4475779,
    "lon": 13.3522234,
    "parity": "R",
    "proj_lat": 52.447643974512154,
    "proj_lon": 13.352010475927287,
    "marker-color": "#ff0000",
    "marker-symbol": "o"
  },
  {
    "rowid": 12170,
    "id": 23046,
    "source": "OA",
    "source_id": "adbb042958096a1e",
    "housenumber": 21,
    "lat": 52.4475779,
    "lon": 13.3522234,
    "parity": "R",
    "proj_lat": 52.447643974512154,
    "proj_lon": 13.352010475927287,
    "marker-color": "#ff0000",
    "marker-symbol": "o"
  },
  {
    "rowid": 12171,
    "id": 23046,
    "source": "OA",
    "source_id": "bf89c93da05def75",
    "housenumber": 22,
    "lat": 52.4478609,
    "lon": 13.3524577,
    "parity": "R",
    "proj_lat": 52.44792645375192,
    "proj_lon": 13.352246451354494,
    "marker-color": "#ff0000",
    "marker-symbol": "e"
  },
  {
    "rowid": 12171,
    "id": 23046,
    "source": "OA",
    "source_id": "bf89c93da05def75",
    "housenumber": 22,
    "lat": 52.4478609,
    "lon": 13.3524577,
    "parity": "R",
    "proj_lat": 52.44792645375192,
    "proj_lon": 13.352246451354494,
    "marker-color": "#ff0000",
    "marker-symbol": "e"
  },
  {
    "rowid": 12172,
    "id": 23046,
    "source": "OA",
    "source_id": "17412bca86c1ad06",
    "housenumber": 23,
    "lat": 52.4480346,
    "lon": 13.3526004,
    "parity": "R",
    "proj_lat": 52.4480972032279,
    "proj_lon": 13.352387141876735,
    "marker-color": "#ff0000",
    "marker-symbol": "o"
  },
  {
    "rowid": 12172,
    "id": 23046,
    "source": "OA",
    "source_id": "17412bca86c1ad06",
    "housenumber": 23,
    "lat": 52.4480346,
    "lon": 13.3526004,
    "parity": "R",
    "proj_lat": 52.4480972032279,
    "proj_lon": 13.352387141876735,
    "marker-color": "#ff0000",
    "marker-symbol": "o"
  },
  {
    "rowid": 12173,
    "id": 23046,
    "source": "OA",
    "source_id": "a62ac48cd4d65852",
    "housenumber": 24,
    "lat": 52.44817,
    "lon": 13.3527585,
    "parity": "R",
    "proj_lat": 52.44824477854055,
    "proj_lon": 13.35250376506388,
    "marker-color": "#ff0000",
    "marker-symbol": "e"
  },
  {
    "rowid": 12173,
    "id": 23046,
    "source": "OA",
    "source_id": "a62ac48cd4d65852",
    "housenumber": 24,
    "lat": 52.44817,
    "lon": 13.3527585,
    "parity": "R",
    "proj_lat": 52.44824477854055,
    "proj_lon": 13.35250376506388,
    "marker-color": "#ff0000",
    "marker-symbol": "e"
  },
  {
    "rowid": 12174,
    "id": 23046,
    "source": "OA",
    "source_id": "f2e17e0352ddadde",
    "housenumber": 25,
    "lat": 52.448325,
    "lon": 13.3528947,
    "parity": "R",
    "proj_lat": 52.44840304472799,
    "proj_lon": 13.352628836844964,
    "marker-color": "#ff0000",
    "marker-symbol": "o"
  },
  {
    "rowid": 12174,
    "id": 23046,
    "source": "OA",
    "source_id": "f2e17e0352ddadde",
    "housenumber": 25,
    "lat": 52.448325,
    "lon": 13.3528947,
    "parity": "R",
    "proj_lat": 52.44840304472799,
    "proj_lon": 13.352628836844964,
    "marker-color": "#ff0000",
    "marker-symbol": "o"
  },
  {
    "rowid": 12175,
    "id": 23046,
    "source": "OA",
    "source_id": "483fd44fbddf1826",
    "housenumber": 26,
    "lat": 52.4484858,
    "lon": 13.3530015,
    "parity": "R",
    "proj_lat": 52.44855901344547,
    "proj_lon": 13.352752093022447,
    "marker-color": "#ff0000",
    "marker-symbol": "e"
  },
  {
    "rowid": 12175,
    "id": 23046,
    "source": "OA",
    "source_id": "483fd44fbddf1826",
    "housenumber": 26,
    "lat": 52.4484858,
    "lon": 13.3530015,
    "parity": "R",
    "proj_lat": 52.44855901344547,
    "proj_lon": 13.352752093022447,
    "marker-color": "#ff0000",
    "marker-symbol": "e"
  },
  {
    "rowid": 12176,
    "id": 23046,
    "source": "OA",
    "source_id": "9797459769eb92b7",
    "housenumber": 27,
    "lat": 52.4486471,
    "lon": 13.3530956,
    "parity": "R",
    "proj_lat": 52.44871236199826,
    "proj_lon": 13.352873278582893,
    "marker-color": "#ff0000",
    "marker-symbol": "o"
  },
  {
    "rowid": 12176,
    "id": 23046,
    "source": "OA",
    "source_id": "9797459769eb92b7",
    "housenumber": 27,
    "lat": 52.4486471,
    "lon": 13.3530956,
    "parity": "R",
    "proj_lat": 52.44871236199826,
    "proj_lon": 13.352873278582893,
    "marker-color": "#ff0000",
    "marker-symbol": "o"
  }
]
