[
  {
    "rowid": 309449,
    "id": 26503,
    "source": "OA",
    "source_id": "9605769779dc96c8",
    "housenumber": 7,
    "lat": 52.5684928,
    "lon": 13.3017701,
    "parity": "R",
    "proj_lat": 52.568535008131505,
    "proj_lon": 13.301779327895682,
    "marker-color": "#ff0000",
    "marker-symbol": "o"
  },
  {
    "rowid": 309450,
    "id": 26503,
    "source": "OA",
    "source_id": "2f3f92dd4dfbbf39",
    "housenumber": 7.03,
    "lat": 52.5684772,
    "lon": 13.301858,
    "parity": "R",
    "proj_lat": 52.568527761017755,
    "proj_lon": 13.30186905406586,
    "marker-color": "#ff0000",
    "marker-symbol": "o"
  },
  {
    "rowid": 309451,
    "id": 26503,
    "source": "OA",
    "source_id": "84d26a4985ec6c6a",
    "housenumber": 7.06,
    "lat": 52.5684467,
    "lon": 13.3019431,
    "parity": "R",
    "proj_lat": 52.56849587414427,
    "proj_lon": 13.301996110773121,
    "marker-color": "#ff0000",
    "marker-symbol": "o"
  },
  {
    "rowid": 309452,
    "id": 26503,
    "source": "OA",
    "source_id": "d4e97b2326fa985f",
    "housenumber": 7.09,
    "lat": 52.5684061,
    "lon": 13.3020629,
    "parity": "R",
    "proj_lat": 52.56845029866715,
    "proj_lon": 13.302110547014783,
    "marker-color": "#ff0000",
    "marker-symbol": "o"
  },
  {
    "rowid": 309453,
    "id": 26503,
    "source": "OA",
    "source_id": "dfc5b33ac94794d9",
    "housenumber": 7.12,
    "lat": 52.5683565,
    "lon": 13.3021784,
    "parity": "R",
    "proj_lat": 52.568403217964764,
    "proj_lon": 13.302228762752227,
    "marker-color": "#ff0000",
    "marker-symbol": "o"
  },
  {
    "rowid": 309454,
    "id": 26503,
    "source": "OA",
    "source_id": "74022879fda9fb51",
    "housenumber": 7.15,
    "lat": 52.5683216,
    "lon": 13.3022564,
    "parity": "R",
    "proj_lat": 52.56837100151634,
    "proj_lon": 13.302309655581231,
    "marker-color": "#ff0000",
    "marker-symbol": "o"
  },
  {
    "rowid": 309455,
    "id": 26503,
    "source": "OA",
    "source_id": "1f301aea6e5adb0a",
    "housenumber": 7.18,
    "lat": 52.5682922,
    "lon": 13.3023372,
    "parity": "R",
    "proj_lat": 52.56833965693494,
    "proj_lon": 13.302388359224494,
    "marker-color": "#ff0000",
    "marker-symbol": "o"
  },
  {
    "rowid": 309456,
    "id": 26503,
    "source": "OA",
    "source_id": "30f55960f6b76018",
    "housenumber": 7.21,
    "lat": 52.568255,
    "lon": 13.3024151,
    "parity": "R",
    "proj_lat": 52.5683067774999,
    "proj_lon": 13.302470916757885,
    "marker-color": "#ff0000",
    "marker-symbol": "o"
  },
  {
    "rowid": 309457,
    "id": 26503,
    "source": "OA",
    "source_id": "1e3e1b9a878499c6",
    "housenumber": 7.24,
    "lat": 52.5682135,
    "lon": 13.3025458,
    "parity": "R",
    "proj_lat": 52.56825789455819,
    "proj_lon": 13.30259365776874,
    "marker-color": "#ff0000",
    "marker-symbol": "o"
  },
  {
    "rowid": 309458,
    "id": 26503,
    "source": "OA",
    "source_id": "e68b92a846528b23",
    "housenumber": 9,
    "lat": 52.5681655,
    "lon": 13.3026822,
    "parity": "R",
    "proj_lat": 52.568205470982846,
    "proj_lon": 13.302725289016859,
    "marker-color": "#ff0000",
    "marker-symbol": "o"
  },
  {
    "rowid": 309459,
    "id": 26503,
    "source": "OA",
    "source_id": "34589016e8994e19",
    "housenumber": 9.03,
    "lat": 52.5681123,
    "lon": 13.3027658,
    "parity": "R",
    "proj_lat": 52.56816619741886,
    "proj_lon": 13.302823901677518,
    "marker-color": "#ff0000",
    "marker-symbol": "o"
  },
  {
    "rowid": 309460,
    "id": 26503,
    "source": "OA",
    "source_id": "5aefce40eae88908",
    "housenumber": 9.06,
    "lat": 52.5680824,
    "lon": 13.3028468,
    "parity": "R",
    "proj_lat": 52.568134646922076,
    "proj_lon": 13.302903122357224,
    "marker-color": "#ff0000",
    "marker-symbol": "o"
  },
  {
    "rowid": 309461,
    "id": 26503,
    "source": "OA",
    "source_id": "c534c4d60fbb111a",
    "housenumber": 9.09,
    "lat": 52.5680636,
    "lon": 13.3029251,
    "parity": "R",
    "proj_lat": 52.56810718283477,
    "proj_lon": 13.30297208240177,
    "marker-color": "#ff0000",
    "marker-symbol": "o"
  },
  {
    "rowid": 309462,
    "id": 26503,
    "source": "OA",
    "source_id": "cd49db564c6d0f6f",
    "housenumber": 9.12,
    "lat": 52.5680126,
    "lon": 13.3030512,
    "parity": "R",
    "proj_lat": 52.568045734665986,
    "proj_lon": 13.303108274096308,
    "marker-color": "#ff0000",
    "marker-symbol": "o"
  },
  {
    "rowid": 309463,
    "id": 26503,
    "source": "OA",
    "source_id": "ca112251a904d681",
    "housenumber": 9.15,
    "lat": 52.5679164,
    "lon": 13.3032106,
    "parity": "R",
    "proj_lat": 52.567943797642165,
    "proj_lon": 13.303268504774064,
    "marker-color": "#ff0000",
    "marker-symbol": "o"
  },
  {
    "rowid": 309464,
    "id": 26503,
    "source": "OA",
    "source_id": "b7660176e47c2694",
    "housenumber": 9.18,
    "lat": 52.5678798,
    "lon": 13.3033228,
    "parity": "R",
    "proj_lat": 52.567895,
    "proj_lon": 13.303331,
    "marker-color": "#ff0000",
    "marker-symbol": "o"
  },
  {
    "rowid": 309465,
    "id": 26503,
    "source": "OA",
    "source_id": "c0b78cbf3066b0a0",
    "housenumber": 9.21,
    "lat": 52.5678561,
    "lon": 13.3033998,
    "parity": "R",
    "proj_lat": 52.567886757975096,
    "proj_lon": 13.30340861240122,
    "marker-color": "#ff0000",
    "marker-symbol": "o"
  },
  {
    "rowid": 309466,
    "id": 26503,
    "source": "OA",
    "source_id": "1f9f7c7f0af994e5",
    "housenumber": 9.24,
    "lat": 52.5678343,
    "lon": 13.3034786,
    "parity": "R",
    "proj_lat": 52.567883,
    "proj_lon": 13.303444,
    "marker-color": "#ff0000",
    "marker-symbol": "o"
  },
  {
    "rowid": 309467,
    "id": 26503,
    "source": "OA",
    "source_id": "59974306af517b30",
    "housenumber": 9.3,
    "lat": 52.567815,
    "lon": 13.3036005,
    "parity": "R",
    "proj_lat": 52.567862450898204,
    "proj_lon": 13.303644571668091,
    "marker-color": "#ff0000",
    "marker-symbol": "o"
  },
  {
    "rowid": 309468,
    "id": 26503,
    "source": "OA",
    "source_id": "aaae8f4f619cca9b",
    "housenumber": 9.33,
    "lat": 52.5676377,
    "lon": 13.3041029,
    "parity": "R",
    "proj_lat": 52.567746,
    "proj_lon": 13.303881,
    "marker-color": "#ff0000",
    "marker-symbol": "o"
  },
  {
    "rowid": 309469,
    "id": 26503,
    "source": "OA",
    "source_id": "e5377725be7f1a1d",
    "housenumber": 9.36,
    "lat": 52.5675878,
    "lon": 13.3042349,
    "parity": "R",
    "proj_lat": 52.567746,
    "proj_lon": 13.303881,
    "marker-color": "#ff0000",
    "marker-symbol": "o"
  },
  {
    "rowid": 309470,
    "id": 26503,
    "source": "OA",
    "source_id": "7ccab9d9b69fb6b1",
    "housenumber": 9.39,
    "lat": 52.5675592,
    "lon": 13.3042986,
    "parity": "R",
    "proj_lat": 52.567746,
    "proj_lon": 13.303881,
    "marker-color": "#ff0000",
    "marker-symbol": "o"
  },
  {
    "rowid": 309471,
    "id": 26503,
    "source": "OA",
    "source_id": "f0f086356ee3784f",
    "housenumber": 9.42,
    "lat": 52.5675308,
    "lon": 13.3043715,
    "parity": "R",
    "proj_lat": 52.567746,
    "proj_lon": 13.303881,
    "marker-color": "#ff0000",
    "marker-symbol": "o"
  },
  {
    "rowid": 309188,
    "id": 26499,
    "source": "OA",
    "source_id": "4e40100ac5eadd1c",
    "housenumber": 11,
    "lat": 52.5683056,
    "lon": 13.301573,
    "parity": "R",
    "proj_lat": 52.56843042187572,
    "proj_lon": 13.301242074082905,
    "marker-color": "#ff0000",
    "marker-symbol": "o"
  },
  {
    "rowid": 289555,
    "id": 26499,
    "source": "OA",
    "source_id": "6a56d4b057647de3",
    "housenumber": 13,
    "lat": 52.5680645,
    "lon": 13.3015004,
    "parity": "R",
    "proj_lat": 52.568236586389204,
    "proj_lon": 13.301044172117649,
    "marker-color": "#ff0000",
    "marker-symbol": "o"
  },
  {
    "rowid": 309926,
    "id": 26499,
    "source": "OA",
    "source_id": "5a4203b7793e0efa",
    "housenumber": 17,
    "lat": 52.5675118,
    "lon": 13.3009172,
    "parity": "R",
    "proj_lat": 52.56766005022719,
    "proj_lon": 13.300487068501985,
    "marker-color": "#ff0000",
    "marker-symbol": "o"
  },
  {
    "rowid": 289556,
    "id": 26499,
    "source": "OA",
    "source_id": "26e8ce8d91cbd8f5",
    "housenumber": 20,
    "lat": 52.5675632,
    "lon": 13.2997009,
    "parity": "R",
    "proj_lat": 52.56747860743137,
    "proj_lon": 13.29991775309793,
    "marker-color": "#ff0000",
    "marker-symbol": "e"
  },
  {
    "rowid": 289557,
    "id": 26499,
    "source": "OA",
    "source_id": "13b63fd9bb2d06f2",
    "housenumber": 22,
    "lat": 52.5676151,
    "lon": 13.2995727,
    "parity": "R",
    "proj_lat": 52.56747994647775,
    "proj_lon": 13.299919166951367,
    "marker-color": "#ff0000",
    "marker-symbol": "e"
  },
  {
    "rowid": 289558,
    "id": 26499,
    "source": "OA",
    "source_id": "286c41bbae922b88",
    "housenumber": 24,
    "lat": 52.5671712,
    "lon": 13.2993108,
    "parity": "R",
    "proj_lat": 52.567092788996106,
    "proj_lon": 13.299513227213108,
    "marker-color": "#ff0000",
    "marker-symbol": "e"
  },
  {
    "rowid": 311390,
    "id": 26499,
    "source": "OA",
    "source_id": "7c2f528de59b6c1b",
    "housenumber": 28,
    "lat": 52.5665937,
    "lon": 13.2988825,
    "parity": "R",
    "proj_lat": 52.56655963760959,
    "proj_lon": 13.298978445077378,
    "marker-color": "#ff0000",
    "marker-symbol": "e"
  },
  {
    "rowid": 289559,
    "id": 26499,
    "source": "OA",
    "source_id": "22190f3dc963f004",
    "housenumber": 29,
    "lat": 52.5667014,
    "lon": 13.2996968,
    "parity": "R",
    "proj_lat": 52.56680295739743,
    "proj_lon": 13.299408772128135,
    "marker-color": "#ff0000",
    "marker-symbol": "o"
  },
  {
    "rowid": 311391,
    "id": 26499,
    "source": "OA",
    "source_id": "ede30c04d007ffc9",
    "housenumber": 30,
    "lat": 52.5667437,
    "lon": 13.2975483,
    "parity": "R",
    "proj_lat": 52.56631940945232,
    "proj_lon": 13.298748220089335,
    "marker-color": "#ff0000",
    "marker-symbol": "e"
  },
  {
    "rowid": 311392,
    "id": 26499,
    "source": "OA",
    "source_id": "f3f5620a7a2e581c",
    "housenumber": 32,
    "lat": 52.5667282,
    "lon": 13.2978674,
    "parity": "R",
    "proj_lat": 52.56639213225793,
    "proj_lon": 13.298817819829674,
    "marker-color": "#ff0000",
    "marker-symbol": "e"
  },
  {
    "rowid": 304353,
    "id": 26499,
    "source": "OA",
    "source_id": "bd5065f990ac1a92",
    "housenumber": 33,
    "lat": 52.5663372,
    "lon": 13.2998392,
    "parity": "R",
    "proj_lat": 52.56657456992757,
    "proj_lon": 13.299185156287116,
    "marker-color": "#ff0000",
    "marker-symbol": "o"
  },
  {
    "rowid": 311393,
    "id": 26499,
    "source": "OA",
    "source_id": "93e4268343868823",
    "housenumber": 34,
    "lat": 52.5666389,
    "lon": 13.2981975,
    "parity": "R",
    "proj_lat": 52.56641262083013,
    "proj_lon": 13.298837428524543,
    "marker-color": "#ff0000",
    "marker-symbol": "e"
  },
  {
    "rowid": 304354,
    "id": 26499,
    "source": "OA",
    "source_id": "ae6a4587868b0eb5",
    "housenumber": 35,
    "lat": 52.5663548,
    "lon": 13.3000212,
    "parity": "R",
    "proj_lat": 52.56663623791514,
    "proj_lon": 13.299245731731608,
    "marker-color": "#ff0000",
    "marker-symbol": "o"
  },
  {
    "rowid": 311394,
    "id": 26499,
    "source": "OA",
    "source_id": "64d2982eff0acfc3",
    "housenumber": 36,
    "lat": 52.5664955,
    "lon": 13.2985958,
    "parity": "R",
    "proj_lat": 52.566410707075704,
    "proj_lon": 13.298835596955888,
    "marker-color": "#ff0000",
    "marker-symbol": "e"
  },
  {
    "rowid": 304355,
    "id": 26499,
    "source": "OA",
    "source_id": "582ccb3543bc6bcf",
    "housenumber": 37,
    "lat": 52.5663754,
    "lon": 13.3002157,
    "parity": "R",
    "proj_lat": 52.56670346173117,
    "proj_lon": 13.299311764574515,
    "marker-color": "#ff0000",
    "marker-symbol": "o"
  },
  {
    "rowid": 304356,
    "id": 26501,
    "source": "OA",
    "source_id": "ca9fa6f5d4b4ba7c",
    "housenumber": 44,
    "lat": 52.5653088,
    "lon": 13.2978817,
    "parity": "R",
    "proj_lat": 52.56508832748618,
    "proj_lon": 13.297938820971025,
    "marker-color": "#ff0000",
    "marker-symbol": "e"
  },
  {
    "rowid": 304669,
    "id": 26500,
    "source": "OA",
    "source_id": "c8cc22d906ccc422",
    "housenumber": 44.03,
    "lat": 52.5653627,
    "lon": 13.2984319,
    "parity": "R",
    "proj_lat": 52.565142356386524,
    "proj_lon": 13.298491366404503,
    "marker-color": "#ff0000",
    "marker-symbol": "e"
  }
]
