[
  {
    "rowid": 271843,
    "id": 23796,
    "source": "OA",
    "source_id": "1ad5fa227b597627",
    "housenumber": 1,
    "lat": 52.4184655,
    "lon": 13.1731009,
    "parity": "L",
    "proj_lat": 52.41861102717895,
    "proj_lon": 13.172975883617568,
    "marker-color": "#3366ff",
    "marker-symbol": "o"
  },
  {
    "rowid": 271843,
    "id": 23796,
    "source": "OA",
    "source_id": "1ad5fa227b597627",
    "housenumber": 1,
    "lat": 52.4184655,
    "lon": 13.1731009,
    "parity": "L",
    "proj_lat": 52.41861102717895,
    "proj_lon": 13.172975883617568,
    "marker-color": "#3366ff",
    "marker-symbol": "o"
  },
  {
    "rowid": 271844,
    "id": 23796,
    "source": "OA",
    "source_id": "7dd2f0f234b2eebc",
    "housenumber": 1.03,
    "lat": 52.4183372,
    "lon": 13.1727381,
    "parity": "L",
    "proj_lat": 52.41846876752386,
    "proj_lon": 13.1725549303909,
    "marker-color": "#3366ff",
    "marker-symbol": "o"
  },
  {
    "rowid": 271844,
    "id": 23796,
    "source": "OA",
    "source_id": "7dd2f0f234b2eebc",
    "housenumber": 1.03,
    "lat": 52.4183372,
    "lon": 13.1727381,
    "parity": "L",
    "proj_lat": 52.41846876752386,
    "proj_lon": 13.1725549303909,
    "marker-color": "#3366ff",
    "marker-symbol": "o"
  },
  {
    "rowid": 271845,
    "id": 23796,
    "source": "OA",
    "source_id": "cd8d6acf23253b7a",
    "housenumber": 1.06,
    "lat": 52.4182735,
    "lon": 13.172813,
    "parity": "L",
    "proj_lat": 52.41846462007028,
    "proj_lon": 13.172546921515023,
    "marker-color": "#3366ff",
    "marker-symbol": "o"
  },
  {
    "rowid": 271845,
    "id": 23796,
    "source": "OA",
    "source_id": "cd8d6acf23253b7a",
    "housenumber": 1.06,
    "lat": 52.4182735,
    "lon": 13.172813,
    "parity": "L",
    "proj_lat": 52.41846462007028,
    "proj_lon": 13.172546921515023,
    "marker-color": "#3366ff",
    "marker-symbol": "o"
  },
  {
    "rowid": 271846,
    "id": 23796,
    "source": "OA",
    "source_id": "279287fe4e40f22d",
    "housenumber": 1.09,
    "lat": 52.4182107,
    "lon": 13.1728887,
    "parity": "L",
    "proj_lat": 52.418461090522364,
    "proj_lon": 13.172540105836282,
    "marker-color": "#3366ff",
    "marker-symbol": "o"
  },
  {
    "rowid": 271846,
    "id": 23796,
    "source": "OA",
    "source_id": "279287fe4e40f22d",
    "housenumber": 1.09,
    "lat": 52.4182107,
    "lon": 13.1728887,
    "parity": "L",
    "proj_lat": 52.418461090522364,
    "proj_lon": 13.172540105836282,
    "marker-color": "#3366ff",
    "marker-symbol": "o"
  },
  {
    "rowid": 271847,
    "id": 23796,
    "source": "OA",
    "source_id": "826e564e8106a489",
    "housenumber": 2,
    "lat": 52.4191687,
    "lon": 13.1723303,
    "parity": "R",
    "proj_lat": 52.41856928436034,
    "proj_lon": 13.172845249616888,
    "marker-color": "#ff0000",
    "marker-symbol": "e"
  },
  {
    "rowid": 271847,
    "id": 23796,
    "source": "OA",
    "source_id": "826e564e8106a489",
    "housenumber": 2,
    "lat": 52.4191687,
    "lon": 13.1723303,
    "parity": "R",
    "proj_lat": 52.41856928436034,
    "proj_lon": 13.172845249616888,
    "marker-color": "#ff0000",
    "marker-symbol": "e"
  },
  {
    "rowid": 271848,
    "id": 23796,
    "source": "OA",
    "source_id": "c79398140938eb6e",
    "housenumber": 2.03,
    "lat": 52.4188863,
    "lon": 13.1736672,
    "parity": "R",
    "proj_lat": 52.41867,
    "proj_lon": 13.173511,
    "marker-color": "#ff0000",
    "marker-symbol": "e"
  },
  {
    "rowid": 271848,
    "id": 23796,
    "source": "OA",
    "source_id": "c79398140938eb6e",
    "housenumber": 2.03,
    "lat": 52.4188863,
    "lon": 13.1736672,
    "parity": "R",
    "proj_lat": 52.41867,
    "proj_lon": 13.173511,
    "marker-color": "#ff0000",
    "marker-symbol": "e"
  },
  {
    "rowid": 271849,
    "id": 23796,
    "source": "OA",
    "source_id": "1553225f315a99f9",
    "housenumber": 3,
    "lat": 52.4182437,
    "lon": 13.1725259,
    "parity": "L",
    "proj_lat": 52.41834616752448,
    "proj_lon": 13.172342251286722,
    "marker-color": "#3366ff",
    "marker-symbol": "o"
  },
  {
    "rowid": 271849,
    "id": 23796,
    "source": "OA",
    "source_id": "1553225f315a99f9",
    "housenumber": 3,
    "lat": 52.4182437,
    "lon": 13.1725259,
    "parity": "L",
    "proj_lat": 52.41834616752448,
    "proj_lon": 13.172342251286722,
    "marker-color": "#3366ff",
    "marker-symbol": "o"
  },
  {
    "rowid": 271850,
    "id": 23796,
    "source": "OA",
    "source_id": "4304711bbc7afe11",
    "housenumber": 4,
    "lat": 52.4184495,
    "lon": 13.1716683,
    "parity": "R",
    "proj_lat": 52.41818505516395,
    "proj_lon": 13.172087452681403,
    "marker-color": "#ff0000",
    "marker-symbol": "e"
  },
  {
    "rowid": 271850,
    "id": 23796,
    "source": "OA",
    "source_id": "4304711bbc7afe11",
    "housenumber": 4,
    "lat": 52.4184495,
    "lon": 13.1716683,
    "parity": "R",
    "proj_lat": 52.41818505516395,
    "proj_lon": 13.172087452681403,
    "marker-color": "#ff0000",
    "marker-symbol": "e"
  },
  {
    "rowid": 271851,
    "id": 23796,
    "source": "OA",
    "source_id": "5244da4f66721b90",
    "housenumber": 5,
    "lat": 52.4181034,
    "lon": 13.1722527,
    "parity": "L",
    "proj_lat": 52.41819597319907,
    "proj_lon": 13.172105971116654,
    "marker-color": "#3366ff",
    "marker-symbol": "o"
  },
  {
    "rowid": 271851,
    "id": 23796,
    "source": "OA",
    "source_id": "5244da4f66721b90",
    "housenumber": 5,
    "lat": 52.4181034,
    "lon": 13.1722527,
    "parity": "L",
    "proj_lat": 52.41819597319907,
    "proj_lon": 13.172105971116654,
    "marker-color": "#3366ff",
    "marker-symbol": "o"
  },
  {
    "rowid": 271852,
    "id": 23796,
    "source": "OA",
    "source_id": "b711d75681c298b5",
    "housenumber": 5.03,
    "lat": 52.4180737,
    "lon": 13.1722042,
    "parity": "L",
    "proj_lat": 52.41816684475011,
    "proj_lon": 13.172056565404889,
    "marker-color": "#3366ff",
    "marker-symbol": "o"
  },
  {
    "rowid": 271852,
    "id": 23796,
    "source": "OA",
    "source_id": "b711d75681c298b5",
    "housenumber": 5.03,
    "lat": 52.4180737,
    "lon": 13.1722042,
    "parity": "L",
    "proj_lat": 52.41816684475011,
    "proj_lon": 13.172056565404889,
    "marker-color": "#3366ff",
    "marker-symbol": "o"
  },
  {
    "rowid": 271853,
    "id": 23796,
    "source": "OA",
    "source_id": "324d15750fba323c",
    "housenumber": 6,
    "lat": 52.418376,
    "lon": 13.1713053,
    "parity": "R",
    "proj_lat": 52.41803932791591,
    "proj_lon": 13.171840430230983,
    "marker-color": "#ff0000",
    "marker-symbol": "e"
  },
  {
    "rowid": 271853,
    "id": 23796,
    "source": "OA",
    "source_id": "324d15750fba323c",
    "housenumber": 6,
    "lat": 52.418376,
    "lon": 13.1713053,
    "parity": "R",
    "proj_lat": 52.41803932791591,
    "proj_lon": 13.171840430230983,
    "marker-color": "#ff0000",
    "marker-symbol": "e"
  },
  {
    "rowid": 271854,
    "id": 23796,
    "source": "OA",
    "source_id": "ea7d5c58d55c29db",
    "housenumber": 7,
    "lat": 52.4178606,
    "lon": 13.1720182,
    "parity": "L",
    "proj_lat": 52.41800692557114,
    "proj_lon": 13.171785625308127,
    "marker-color": "#3366ff",
    "marker-symbol": "o"
  },
  {
    "rowid": 271854,
    "id": 23796,
    "source": "OA",
    "source_id": "ea7d5c58d55c29db",
    "housenumber": 7,
    "lat": 52.4178606,
    "lon": 13.1720182,
    "parity": "L",
    "proj_lat": 52.41800692557114,
    "proj_lon": 13.171785625308127,
    "marker-color": "#3366ff",
    "marker-symbol": "o"
  },
  {
    "rowid": 271855,
    "id": 23796,
    "source": "OA",
    "source_id": "08472f63c2dd773d",
    "housenumber": 7.03,
    "lat": 52.4178285,
    "lon": 13.1719656,
    "parity": "L",
    "proj_lat": 52.41797534186895,
    "proj_lon": 13.171732205027155,
    "marker-color": "#3366ff",
    "marker-symbol": "o"
  },
  {
    "rowid": 271855,
    "id": 23796,
    "source": "OA",
    "source_id": "08472f63c2dd773d",
    "housenumber": 7.03,
    "lat": 52.4178285,
    "lon": 13.1719656,
    "parity": "L",
    "proj_lat": 52.41797534186895,
    "proj_lon": 13.171732205027155,
    "marker-color": "#3366ff",
    "marker-symbol": "o"
  },
  {
    "rowid": 271856,
    "id": 23796,
    "source": "OA",
    "source_id": "7d9811dbdddab230",
    "housenumber": 7.06,
    "lat": 52.4177826,
    "lon": 13.1718915,
    "parity": "L",
    "proj_lat": 52.41793051939846,
    "proj_lon": 13.171656392858157,
    "marker-color": "#3366ff",
    "marker-symbol": "o"
  },
  {
    "rowid": 271856,
    "id": 23796,
    "source": "OA",
    "source_id": "7d9811dbdddab230",
    "housenumber": 7.06,
    "lat": 52.4177826,
    "lon": 13.1718915,
    "parity": "L",
    "proj_lat": 52.41793051939846,
    "proj_lon": 13.171656392858157,
    "marker-color": "#3366ff",
    "marker-symbol": "o"
  },
  {
    "rowid": 271857,
    "id": 23796,
    "source": "OA",
    "source_id": "11bc16999a451a0a",
    "housenumber": 7.09,
    "lat": 52.4177488,
    "lon": 13.171837,
    "parity": "L",
    "proj_lat": 52.41789753299568,
    "proj_lon": 13.171600600066858,
    "marker-color": "#3366ff",
    "marker-symbol": "o"
  },
  {
    "rowid": 271857,
    "id": 23796,
    "source": "OA",
    "source_id": "11bc16999a451a0a",
    "housenumber": 7.09,
    "lat": 52.4177488,
    "lon": 13.171837,
    "parity": "L",
    "proj_lat": 52.41789753299568,
    "proj_lon": 13.171600600066858,
    "marker-color": "#3366ff",
    "marker-symbol": "o"
  },
  {
    "rowid": 271858,
    "id": 23796,
    "source": "OA",
    "source_id": "c5bea6b5d76b6854",
    "housenumber": 8,
    "lat": 52.4181192,
    "lon": 13.171184,
    "parity": "R",
    "proj_lat": 52.41787794316573,
    "proj_lon": 13.17156746607218,
    "marker-color": "#ff0000",
    "marker-symbol": "e"
  },
  {
    "rowid": 271858,
    "id": 23796,
    "source": "OA",
    "source_id": "c5bea6b5d76b6854",
    "housenumber": 8,
    "lat": 52.4181192,
    "lon": 13.171184,
    "parity": "R",
    "proj_lat": 52.41787794316573,
    "proj_lon": 13.17156746607218,
    "marker-color": "#ff0000",
    "marker-symbol": "e"
  },
  {
    "rowid": 271859,
    "id": 23796,
    "source": "OA",
    "source_id": "c07303b0a8e16c05",
    "housenumber": 8.03,
    "lat": 52.4181002,
    "lon": 13.1711123,
    "parity": "R",
    "proj_lat": 52.41784688406107,
    "proj_lon": 13.171514933088938,
    "marker-color": "#ff0000",
    "marker-symbol": "e"
  },
  {
    "rowid": 271859,
    "id": 23796,
    "source": "OA",
    "source_id": "c07303b0a8e16c05",
    "housenumber": 8.03,
    "lat": 52.4181002,
    "lon": 13.1711123,
    "parity": "R",
    "proj_lat": 52.41784688406107,
    "proj_lon": 13.171514933088938,
    "marker-color": "#ff0000",
    "marker-symbol": "e"
  },
  {
    "rowid": 271860,
    "id": 23796,
    "source": "OA",
    "source_id": "17d434120387f085",
    "housenumber": 8.06,
    "lat": 52.4180763,
    "lon": 13.1710546,
    "parity": "R",
    "proj_lat": 52.41781771824675,
    "proj_lon": 13.171465602393427,
    "marker-color": "#ff0000",
    "marker-symbol": "e"
  },
  {
    "rowid": 271860,
    "id": 23796,
    "source": "OA",
    "source_id": "17d434120387f085",
    "housenumber": 8.06,
    "lat": 52.4180763,
    "lon": 13.1710546,
    "parity": "R",
    "proj_lat": 52.41781771824675,
    "proj_lon": 13.171465602393427,
    "marker-color": "#ff0000",
    "marker-symbol": "e"
  },
  {
    "rowid": 271861,
    "id": 23796,
    "source": "OA",
    "source_id": "12dab8964765b507",
    "housenumber": 8.09,
    "lat": 52.418045,
    "lon": 13.1710069,
    "parity": "R",
    "proj_lat": 52.41778801535509,
    "proj_lon": 13.171415363291993,
    "marker-color": "#ff0000",
    "marker-symbol": "e"
  },
  {
    "rowid": 271861,
    "id": 23796,
    "source": "OA",
    "source_id": "12dab8964765b507",
    "housenumber": 8.09,
    "lat": 52.418045,
    "lon": 13.1710069,
    "parity": "R",
    "proj_lat": 52.41778801535509,
    "proj_lon": 13.171415363291993,
    "marker-color": "#ff0000",
    "marker-symbol": "e"
  },
  {
    "rowid": 271862,
    "id": 23796,
    "source": "OA",
    "source_id": "d877ba9fc409c740",
    "housenumber": 8.12,
    "lat": 52.4183807,
    "lon": 13.1708396,
    "parity": "R",
    "proj_lat": 52.41789966037573,
    "proj_lon": 13.171604198291007,
    "marker-color": "#ff0000",
    "marker-symbol": "e"
  },
  {
    "rowid": 271862,
    "id": 23796,
    "source": "OA",
    "source_id": "d877ba9fc409c740",
    "housenumber": 8.12,
    "lat": 52.4183807,
    "lon": 13.1708396,
    "parity": "R",
    "proj_lat": 52.41789966037573,
    "proj_lon": 13.171604198291007,
    "marker-color": "#ff0000",
    "marker-symbol": "e"
  },
  {
    "rowid": 271863,
    "id": 23796,
    "source": "OA",
    "source_id": "46dfaac5133941f3",
    "housenumber": 8.15,
    "lat": 52.4183373,
    "lon": 13.1707364,
    "parity": "R",
    "proj_lat": 52.41784717881447,
    "proj_lon": 13.17151543163117,
    "marker-color": "#ff0000",
    "marker-symbol": "e"
  },
  {
    "rowid": 271863,
    "id": 23796,
    "source": "OA",
    "source_id": "46dfaac5133941f3",
    "housenumber": 8.15,
    "lat": 52.4183373,
    "lon": 13.1707364,
    "parity": "R",
    "proj_lat": 52.41784717881447,
    "proj_lon": 13.17151543163117,
    "marker-color": "#ff0000",
    "marker-symbol": "e"
  },
  {
    "rowid": 271864,
    "id": 23796,
    "source": "OA",
    "source_id": "11eedca48813fbbc",
    "housenumber": 9,
    "lat": 52.4176799,
    "lon": 13.1715945,
    "parity": "L",
    "proj_lat": 52.41779023919873,
    "proj_lon": 13.171419124673445,
    "marker-color": "#3366ff",
    "marker-symbol": "o"
  },
  {
    "rowid": 271864,
    "id": 23796,
    "source": "OA",
    "source_id": "11eedca48813fbbc",
    "housenumber": 9,
    "lat": 52.4176799,
    "lon": 13.1715945,
    "parity": "L",
    "proj_lat": 52.41779023919873,
    "proj_lon": 13.171419124673445,
    "marker-color": "#3366ff",
    "marker-symbol": "o"
  },
  {
    "rowid": 271865,
    "id": 23796,
    "source": "OA",
    "source_id": "412ed5a5adfb8319",
    "housenumber": 10,
    "lat": 52.4181784,
    "lon": 13.1705474,
    "parity": "R",
    "proj_lat": 52.417712588376716,
    "proj_lon": 13.17128778703908,
    "marker-color": "#ff0000",
    "marker-symbol": "e"
  },
  {
    "rowid": 271865,
    "id": 23796,
    "source": "OA",
    "source_id": "412ed5a5adfb8319",
    "housenumber": 10,
    "lat": 52.4181784,
    "lon": 13.1705474,
    "parity": "R",
    "proj_lat": 52.417712588376716,
    "proj_lon": 13.17128778703908,
    "marker-color": "#ff0000",
    "marker-symbol": "e"
  },
  {
    "rowid": 310374,
    "id": 23796,
    "source": "OA",
    "source_id": "3907bcd99c49eb86",
    "housenumber": 10.03,
    "lat": 52.4178018,
    "lon": 13.1709253,
    "parity": "R",
    "proj_lat": 52.417626930179736,
    "proj_lon": 13.171125907087863,
    "marker-color": "#ff0000",
    "marker-symbol": "e"
  },
  {
    "rowid": 310374,
    "id": 23796,
    "source": "OA",
    "source_id": "3907bcd99c49eb86",
    "housenumber": 10.03,
    "lat": 52.4178018,
    "lon": 13.1709253,
    "parity": "R",
    "proj_lat": 52.417626930179736,
    "proj_lon": 13.171125907087863,
    "marker-color": "#ff0000",
    "marker-symbol": "e"
  },
  {
    "rowid": 308997,
    "id": 23796,
    "source": "OA",
    "source_id": "161e2bd0f7fb2609",
    "housenumber": 11,
    "lat": 52.4175289,
    "lon": 13.1712867,
    "parity": "L",
    "proj_lat": 52.41764077768072,
    "proj_lon": 13.171158357797236,
    "marker-color": "#3366ff",
    "marker-symbol": "o"
  },
  {
    "rowid": 308997,
    "id": 23796,
    "source": "OA",
    "source_id": "161e2bd0f7fb2609",
    "housenumber": 11,
    "lat": 52.4175289,
    "lon": 13.1712867,
    "parity": "L",
    "proj_lat": 52.41764077768072,
    "proj_lon": 13.171158357797236,
    "marker-color": "#3366ff",
    "marker-symbol": "o"
  },
  {
    "rowid": 271866,
    "id": 23796,
    "source": "OA",
    "source_id": "f1be6af2a89ac4f2",
    "housenumber": 11.03,
    "lat": 52.4174517,
    "lon": 13.171133,
    "parity": "L",
    "proj_lat": 52.417571373937555,
    "proj_lon": 13.170995714681952,
    "marker-color": "#3366ff",
    "marker-symbol": "o"
  },
  {
    "rowid": 271866,
    "id": 23796,
    "source": "OA",
    "source_id": "f1be6af2a89ac4f2",
    "housenumber": 11.03,
    "lat": 52.4174517,
    "lon": 13.171133,
    "parity": "L",
    "proj_lat": 52.417571373937555,
    "proj_lon": 13.170995714681952,
    "marker-color": "#3366ff",
    "marker-symbol": "o"
  },
  {
    "rowid": 308998,
    "id": 23796,
    "source": "OA",
    "source_id": "fa74330a1dee9590",
    "housenumber": 12,
    "lat": 52.4179238,
    "lon": 13.1704657,
    "parity": "R",
    "proj_lat": 52.41753535843007,
    "proj_lon": 13.17091131470482,
    "marker-color": "#ff0000",
    "marker-symbol": "e"
  },
  {
    "rowid": 308998,
    "id": 23796,
    "source": "OA",
    "source_id": "fa74330a1dee9590",
    "housenumber": 12,
    "lat": 52.4179238,
    "lon": 13.1704657,
    "parity": "R",
    "proj_lat": 52.41753535843007,
    "proj_lon": 13.17091131470482,
    "marker-color": "#ff0000",
    "marker-symbol": "e"
  },
  {
    "rowid": 308999,
    "id": 23796,
    "source": "OA",
    "source_id": "8ba3ccb725e691ff",
    "housenumber": 13,
    "lat": 52.4172805,
    "lon": 13.1707613,
    "parity": "L",
    "proj_lat": 52.41742155058056,
    "proj_lon": 13.170627912649318,
    "marker-color": "#3366ff",
    "marker-symbol": "o"
  },
  {
    "rowid": 308999,
    "id": 23796,
    "source": "OA",
    "source_id": "8ba3ccb725e691ff",
    "housenumber": 13,
    "lat": 52.4172805,
    "lon": 13.1707613,
    "parity": "L",
    "proj_lat": 52.41742155058056,
    "proj_lon": 13.170627912649318,
    "marker-color": "#3366ff",
    "marker-symbol": "o"
  },
  {
    "rowid": 309000,
    "id": 23796,
    "source": "OA",
    "source_id": "f3a2461165a5ceb7",
    "housenumber": 14,
    "lat": 52.4181962,
    "lon": 13.169398,
    "parity": "R",
    "proj_lat": 52.417290277407886,
    "proj_lon": 13.170254739708932,
    "marker-color": "#ff0000",
    "marker-symbol": "e"
  },
  {
    "rowid": 309000,
    "id": 23796,
    "source": "OA",
    "source_id": "f3a2461165a5ceb7",
    "housenumber": 14,
    "lat": 52.4181962,
    "lon": 13.169398,
    "parity": "R",
    "proj_lat": 52.417290277407886,
    "proj_lon": 13.170254739708932,
    "marker-color": "#ff0000",
    "marker-symbol": "e"
  },
  {
    "rowid": 309001,
    "id": 23796,
    "source": "OA",
    "source_id": "47b5fd18e81f3c8b",
    "housenumber": 15,
    "lat": 52.4172079,
    "lon": 13.1705191,
    "parity": "L",
    "proj_lat": 52.41733949588526,
    "proj_lon": 13.170394654084031,
    "marker-color": "#3366ff",
    "marker-symbol": "o"
  },
  {
    "rowid": 309001,
    "id": 23796,
    "source": "OA",
    "source_id": "47b5fd18e81f3c8b",
    "housenumber": 15,
    "lat": 52.4172079,
    "lon": 13.1705191,
    "parity": "L",
    "proj_lat": 52.41733949588526,
    "proj_lon": 13.170394654084031,
    "marker-color": "#3366ff",
    "marker-symbol": "o"
  },
  {
    "rowid": 309002,
    "id": 23796,
    "source": "OA",
    "source_id": "bcf4c68b451ed6b8",
    "housenumber": 16,
    "lat": 52.4176002,
    "lon": 13.1696107,
    "parity": "R",
    "proj_lat": 52.41719763924064,
    "proj_lon": 13.169991395290882,
    "marker-color": "#ff0000",
    "marker-symbol": "e"
  },
  {
    "rowid": 309002,
    "id": 23796,
    "source": "OA",
    "source_id": "bcf4c68b451ed6b8",
    "housenumber": 16,
    "lat": 52.4176002,
    "lon": 13.1696107,
    "parity": "R",
    "proj_lat": 52.41719763924064,
    "proj_lon": 13.169991395290882,
    "marker-color": "#ff0000",
    "marker-symbol": "e"
  },
  {
    "rowid": 309003,
    "id": 23796,
    "source": "OA",
    "source_id": "3f6a90e9408067f7",
    "housenumber": 17,
    "lat": 52.4170192,
    "lon": 13.1701408,
    "parity": "L",
    "proj_lat": 52.417192534686585,
    "proj_lon": 13.169976884470376,
    "marker-color": "#3366ff",
    "marker-symbol": "o"
  },
  {
    "rowid": 309003,
    "id": 23796,
    "source": "OA",
    "source_id": "3f6a90e9408067f7",
    "housenumber": 17,
    "lat": 52.4170192,
    "lon": 13.1701408,
    "parity": "L",
    "proj_lat": 52.417192534686585,
    "proj_lon": 13.169976884470376,
    "marker-color": "#3366ff",
    "marker-symbol": "o"
  },
  {
    "rowid": 308270,
    "id": 23796,
    "source": "OA",
    "source_id": "830aefc499329554",
    "housenumber": 18,
    "lat": 52.4176209,
    "lon": 13.1690965,
    "parity": "R",
    "proj_lat": 52.4170670766674,
    "proj_lon": 13.169620242386083,
    "marker-color": "#ff0000",
    "marker-symbol": "e"
  },
  {
    "rowid": 308270,
    "id": 23796,
    "source": "OA",
    "source_id": "830aefc499329554",
    "housenumber": 18,
    "lat": 52.4176209,
    "lon": 13.1690965,
    "parity": "R",
    "proj_lat": 52.4170670766674,
    "proj_lon": 13.169620242386083,
    "marker-color": "#ff0000",
    "marker-symbol": "e"
  },
  {
    "rowid": 271867,
    "id": 23796,
    "source": "OA",
    "source_id": "852f2e0207fba78a",
    "housenumber": 20,
    "lat": 52.4173972,
    "lon": 13.1687465,
    "parity": "R",
    "proj_lat": 52.416918846938984,
    "proj_lon": 13.169198866696911,
    "marker-color": "#ff0000",
    "marker-symbol": "e"
  },
  {
    "rowid": 271867,
    "id": 23796,
    "source": "OA",
    "source_id": "852f2e0207fba78a",
    "housenumber": 20,
    "lat": 52.4173972,
    "lon": 13.1687465,
    "parity": "R",
    "proj_lat": 52.416918846938984,
    "proj_lon": 13.169198866696911,
    "marker-color": "#ff0000",
    "marker-symbol": "e"
  },
  {
    "rowid": 271868,
    "id": 23796,
    "source": "OA",
    "source_id": "763543f1349a33cf",
    "housenumber": 20.03,
    "lat": 52.4170419,
    "lon": 13.1690704,
    "parity": "R",
    "proj_lat": 52.416915652876085,
    "proj_lon": 13.169189786868797,
    "marker-color": "#ff0000",
    "marker-symbol": "e"
  },
  {
    "rowid": 271868,
    "id": 23796,
    "source": "OA",
    "source_id": "763543f1349a33cf",
    "housenumber": 20.03,
    "lat": 52.4170419,
    "lon": 13.1690704,
    "parity": "R",
    "proj_lat": 52.416915652876085,
    "proj_lon": 13.169189786868797,
    "marker-color": "#ff0000",
    "marker-symbol": "e"
  },
  {
    "rowid": 271869,
    "id": 23796,
    "source": "OA",
    "source_id": "354ef1f01a23f4b6",
    "housenumber": 21,
    "lat": 52.4168121,
    "lon": 13.1694047,
    "parity": "L",
    "proj_lat": 52.4169465337838,
    "proj_lon": 13.16927757265853,
    "marker-color": "#3366ff",
    "marker-symbol": "o"
  },
  {
    "rowid": 271869,
    "id": 23796,
    "source": "OA",
    "source_id": "354ef1f01a23f4b6",
    "housenumber": 21,
    "lat": 52.4168121,
    "lon": 13.1694047,
    "parity": "L",
    "proj_lat": 52.4169465337838,
    "proj_lon": 13.16927757265853,
    "marker-color": "#3366ff",
    "marker-symbol": "o"
  },
  {
    "rowid": 271870,
    "id": 23796,
    "source": "OA",
    "source_id": "cdb1a59d325b1905",
    "housenumber": 22,
    "lat": 52.4171542,
    "lon": 13.1684544,
    "parity": "R",
    "proj_lat": 52.41678108335307,
    "proj_lon": 13.168807243325679,
    "marker-color": "#ff0000",
    "marker-symbol": "e"
  },
  {
    "rowid": 271870,
    "id": 23796,
    "source": "OA",
    "source_id": "cdb1a59d325b1905",
    "housenumber": 22,
    "lat": 52.4171542,
    "lon": 13.1684544,
    "parity": "R",
    "proj_lat": 52.41678108335307,
    "proj_lon": 13.168807243325679,
    "marker-color": "#ff0000",
    "marker-symbol": "e"
  },
  {
    "rowid": 271871,
    "id": 23796,
    "source": "OA",
    "source_id": "8c3aa9f803842b29",
    "housenumber": 23,
    "lat": 52.4166717,
    "lon": 13.1690136,
    "parity": "L",
    "proj_lat": 52.416808250467305,
    "proj_lon": 13.168884471838508,
    "marker-color": "#3366ff",
    "marker-symbol": "o"
  },
  {
    "rowid": 271871,
    "id": 23796,
    "source": "OA",
    "source_id": "8c3aa9f803842b29",
    "housenumber": 23,
    "lat": 52.4166717,
    "lon": 13.1690136,
    "parity": "L",
    "proj_lat": 52.416808250467305,
    "proj_lon": 13.168884471838508,
    "marker-color": "#3366ff",
    "marker-symbol": "o"
  },
  {
    "rowid": 271872,
    "id": 23796,
    "source": "OA",
    "source_id": "096c8665bf0428cd",
    "housenumber": 23.03,
    "lat": 52.4166295,
    "lon": 13.1688946,
    "parity": "L",
    "proj_lat": 52.41676630468071,
    "proj_lon": 13.168765231690664,
    "marker-color": "#3366ff",
    "marker-symbol": "o"
  },
  {
    "rowid": 271872,
    "id": 23796,
    "source": "OA",
    "source_id": "096c8665bf0428cd",
    "housenumber": 23.03,
    "lat": 52.4166295,
    "lon": 13.1688946,
    "parity": "L",
    "proj_lat": 52.41676630468071,
    "proj_lon": 13.168765231690664,
    "marker-color": "#3366ff",
    "marker-symbol": "o"
  },
  {
    "rowid": 271873,
    "id": 23796,
    "source": "OA",
    "source_id": "bc7bf2389c7cfda7",
    "housenumber": 24,
    "lat": 52.4170035,
    "lon": 13.1681045,
    "parity": "R",
    "proj_lat": 52.416651103447286,
    "proj_lon": 13.1684377467816,
    "marker-color": "#ff0000",
    "marker-symbol": "e"
  },
  {
    "rowid": 271873,
    "id": 23796,
    "source": "OA",
    "source_id": "bc7bf2389c7cfda7",
    "housenumber": 24,
    "lat": 52.4170035,
    "lon": 13.1681045,
    "parity": "R",
    "proj_lat": 52.416651103447286,
    "proj_lon": 13.1684377467816,
    "marker-color": "#ff0000",
    "marker-symbol": "e"
  },
  {
    "rowid": 271874,
    "id": 23796,
    "source": "OA",
    "source_id": "e7cfd9f12efd0a01",
    "housenumber": 25,
    "lat": 52.416545,
    "lon": 13.1686084,
    "parity": "L",
    "proj_lat": 52.41666966496075,
    "proj_lon": 13.16849051197663,
    "marker-color": "#3366ff",
    "marker-symbol": "o"
  },
  {
    "rowid": 271874,
    "id": 23796,
    "source": "OA",
    "source_id": "e7cfd9f12efd0a01",
    "housenumber": 25,
    "lat": 52.416545,
    "lon": 13.1686084,
    "parity": "L",
    "proj_lat": 52.41666966496075,
    "proj_lon": 13.16849051197663,
    "marker-color": "#3366ff",
    "marker-symbol": "o"
  },
  {
    "rowid": 271875,
    "id": 23796,
    "source": "OA",
    "source_id": "26a189b1599c4fde",
    "housenumber": 26,
    "lat": 52.4168899,
    "lon": 13.1676549,
    "parity": "R",
    "proj_lat": 52.416514,
    "proj_lon": 13.168048,
    "marker-color": "#ff0000",
    "marker-symbol": "e"
  },
  {
    "rowid": 271875,
    "id": 23796,
    "source": "OA",
    "source_id": "26a189b1599c4fde",
    "housenumber": 26,
    "lat": 52.4168899,
    "lon": 13.1676549,
    "parity": "R",
    "proj_lat": 52.416514,
    "proj_lon": 13.168048,
    "marker-color": "#ff0000",
    "marker-symbol": "e"
  },
  {
    "rowid": 271876,
    "id": 23796,
    "source": "OA",
    "source_id": "782af5dc44a3fcb1",
    "housenumber": 26.03,
    "lat": 52.4166511,
    "lon": 13.1679822,
    "parity": "R",
    "proj_lat": 52.416530853635294,
    "proj_lon": 13.168095910174715,
    "marker-color": "#ff0000",
    "marker-symbol": "e"
  },
  {
    "rowid": 271876,
    "id": 23796,
    "source": "OA",
    "source_id": "782af5dc44a3fcb1",
    "housenumber": 26.03,
    "lat": 52.4166511,
    "lon": 13.1679822,
    "parity": "R",
    "proj_lat": 52.416530853635294,
    "proj_lon": 13.168095910174715,
    "marker-color": "#ff0000",
    "marker-symbol": "e"
  },
  {
    "rowid": 271877,
    "id": 23796,
    "source": "OA",
    "source_id": "7948c22a5e9cd3de",
    "housenumber": 26.06,
    "lat": 52.4165883,
    "lon": 13.1678996,
    "parity": "R",
    "proj_lat": 52.41650328280552,
    "proj_lon": 13.168029083858924,
    "marker-color": "#ff0000",
    "marker-symbol": "e"
  },
  {
    "rowid": 271877,
    "id": 23796,
    "source": "OA",
    "source_id": "7948c22a5e9cd3de",
    "housenumber": 26.06,
    "lat": 52.4165883,
    "lon": 13.1678996,
    "parity": "R",
    "proj_lat": 52.41650328280552,
    "proj_lon": 13.168029083858924,
    "marker-color": "#ff0000",
    "marker-symbol": "e"
  },
  {
    "rowid": 271878,
    "id": 23796,
    "source": "OA",
    "source_id": "0d4d6e79cde47c4e",
    "housenumber": 27,
    "lat": 52.416416,
    "lon": 13.1682994,
    "parity": "L",
    "proj_lat": 52.41655589892225,
    "proj_lon": 13.168167106925628,
    "marker-color": "#3366ff",
    "marker-symbol": "o"
  },
  {
    "rowid": 271878,
    "id": 23796,
    "source": "OA",
    "source_id": "0d4d6e79cde47c4e",
    "housenumber": 27,
    "lat": 52.416416,
    "lon": 13.1682994,
    "parity": "L",
    "proj_lat": 52.41655589892225,
    "proj_lon": 13.168167106925628,
    "marker-color": "#3366ff",
    "marker-symbol": "o"
  },
  {
    "rowid": 271879,
    "id": 23796,
    "source": "OA",
    "source_id": "c892d0907858371f",
    "housenumber": 27.03,
    "lat": 52.4163856,
    "lon": 13.1682146,
    "parity": "L",
    "proj_lat": 52.416525926254685,
    "proj_lon": 13.168081903008815,
    "marker-color": "#3366ff",
    "marker-symbol": "o"
  },
  {
    "rowid": 271879,
    "id": 23796,
    "source": "OA",
    "source_id": "c892d0907858371f",
    "housenumber": 27.03,
    "lat": 52.4163856,
    "lon": 13.1682146,
    "parity": "L",
    "proj_lat": 52.416525926254685,
    "proj_lon": 13.168081903008815,
    "marker-color": "#3366ff",
    "marker-symbol": "o"
  },
  {
    "rowid": 271880,
    "id": 23796,
    "source": "OA",
    "source_id": "a8cba5704c39ed2a",
    "housenumber": 27.06,
    "lat": 52.4162981,
    "lon": 13.1680725,
    "parity": "L",
    "proj_lat": 52.41642144690543,
    "proj_lon": 13.167884641259318,
    "marker-color": "#3366ff",
    "marker-symbol": "o"
  },
  {
    "rowid": 271880,
    "id": 23796,
    "source": "OA",
    "source_id": "a8cba5704c39ed2a",
    "housenumber": 27.06,
    "lat": 52.4162981,
    "lon": 13.1680725,
    "parity": "L",
    "proj_lat": 52.41642144690543,
    "proj_lon": 13.167884641259318,
    "marker-color": "#3366ff",
    "marker-symbol": "o"
  },
  {
    "rowid": 271881,
    "id": 23796,
    "source": "OA",
    "source_id": "117bf3220d79d31a",
    "housenumber": 28,
    "lat": 52.4167663,
    "lon": 13.1672961,
    "parity": "R",
    "proj_lat": 52.41640219095932,
    "proj_lon": 13.167850653988303,
    "marker-color": "#ff0000",
    "marker-symbol": "e"
  },
  {
    "rowid": 271881,
    "id": 23796,
    "source": "OA",
    "source_id": "117bf3220d79d31a",
    "housenumber": 28,
    "lat": 52.4167663,
    "lon": 13.1672961,
    "parity": "R",
    "proj_lat": 52.41640219095932,
    "proj_lon": 13.167850653988303,
    "marker-color": "#ff0000",
    "marker-symbol": "e"
  },
  {
    "rowid": 271882,
    "id": 23796,
    "source": "OA",
    "source_id": "c92e5878126a1e90",
    "housenumber": 29,
    "lat": 52.4162728,
    "lon": 13.168,
    "parity": "L",
    "proj_lat": 52.41638767845038,
    "proj_lon": 13.167825039013506,
    "marker-color": "#3366ff",
    "marker-symbol": "o"
  },
  {
    "rowid": 271882,
    "id": 23796,
    "source": "OA",
    "source_id": "c92e5878126a1e90",
    "housenumber": 29,
    "lat": 52.4162728,
    "lon": 13.168,
    "parity": "L",
    "proj_lat": 52.41638767845038,
    "proj_lon": 13.167825039013506,
    "marker-color": "#3366ff",
    "marker-symbol": "o"
  },
  {
    "rowid": 271883,
    "id": 23796,
    "source": "OA",
    "source_id": "f7bc70dc99b2760b",
    "housenumber": 29.03,
    "lat": 52.4161745,
    "lon": 13.1678607,
    "parity": "L",
    "proj_lat": 52.416257671091884,
    "proj_lon": 13.167647942503338,
    "marker-color": "#3366ff",
    "marker-symbol": "o"
  },
  {
    "rowid": 271883,
    "id": 23796,
    "source": "OA",
    "source_id": "f7bc70dc99b2760b",
    "housenumber": 29.03,
    "lat": 52.4161745,
    "lon": 13.1678607,
    "parity": "L",
    "proj_lat": 52.416257671091884,
    "proj_lon": 13.167647942503338,
    "marker-color": "#3366ff",
    "marker-symbol": "o"
  },
  {
    "rowid": 271884,
    "id": 23796,
    "source": "OA",
    "source_id": "b63162eb932ff501",
    "housenumber": 29.06,
    "lat": 52.4161314,
    "lon": 13.1678055,
    "parity": "L",
    "proj_lat": 52.4162118256504,
    "proj_lon": 13.16759976593771,
    "marker-color": "#3366ff",
    "marker-symbol": "o"
  },
  {
    "rowid": 271884,
    "id": 23796,
    "source": "OA",
    "source_id": "b63162eb932ff501",
    "housenumber": 29.06,
    "lat": 52.4161314,
    "lon": 13.1678055,
    "parity": "L",
    "proj_lat": 52.4162118256504,
    "proj_lon": 13.16759976593771,
    "marker-color": "#3366ff",
    "marker-symbol": "o"
  },
  {
    "rowid": 271885,
    "id": 23796,
    "source": "OA",
    "source_id": "e0e0c5472847e7d9",
    "housenumber": 29.09,
    "lat": 52.4143529,
    "lon": 13.1648347,
    "parity": "L",
    "proj_lat": 52.41521184410505,
    "proj_lon": 13.164078515159522,
    "marker-color": "#3366ff",
    "marker-symbol": "o"
  },
  {
    "rowid": 271885,
    "id": 23796,
    "source": "OA",
    "source_id": "e0e0c5472847e7d9",
    "housenumber": 29.09,
    "lat": 52.4143529,
    "lon": 13.1648347,
    "parity": "L",
    "proj_lat": 52.41521184410505,
    "proj_lon": 13.164078515159522,
    "marker-color": "#3366ff",
    "marker-symbol": "o"
  },
  {
    "rowid": 271886,
    "id": 23796,
    "source": "OA",
    "source_id": "0834b59228bbe940",
    "housenumber": 30,
    "lat": 52.4160991,
    "lon": 13.1670622,
    "parity": "R",
    "proj_lat": 52.415946266246465,
    "proj_lon": 13.167299874511748,
    "marker-color": "#ff0000",
    "marker-symbol": "e"
  },
  {
    "rowid": 271886,
    "id": 23796,
    "source": "OA",
    "source_id": "0834b59228bbe940",
    "housenumber": 30,
    "lat": 52.4160991,
    "lon": 13.1670622,
    "parity": "R",
    "proj_lat": 52.415946266246465,
    "proj_lon": 13.167299874511748,
    "marker-color": "#ff0000",
    "marker-symbol": "e"
  },
  {
    "rowid": 271887,
    "id": 23796,
    "source": "OA",
    "source_id": "a181b0969cc3e4fe",
    "housenumber": 30.03,
    "lat": 52.4168197,
    "lon": 13.1662976,
    "parity": "R",
    "proj_lat": 52.41628189087112,
    "proj_lon": 13.167673393796766,
    "marker-color": "#ff0000",
    "marker-symbol": "e"
  },
  {
    "rowid": 271887,
    "id": 23796,
    "source": "OA",
    "source_id": "a181b0969cc3e4fe",
    "housenumber": 30.03,
    "lat": 52.4168197,
    "lon": 13.1662976,
    "parity": "R",
    "proj_lat": 52.41628189087112,
    "proj_lon": 13.167673393796766,
    "marker-color": "#ff0000",
    "marker-symbol": "e"
  },
  {
    "rowid": 309004,
    "id": 23796,
    "source": "OA",
    "source_id": "3123863a71932db2",
    "housenumber": 31,
    "lat": 52.4155288,
    "lon": 13.1660407,
    "parity": "L",
    "proj_lat": 52.41567352028066,
    "proj_lon": 13.166108056338219,
    "marker-color": "#3366ff",
    "marker-symbol": "o"
  },
  {
    "rowid": 309004,
    "id": 23796,
    "source": "OA",
    "source_id": "3123863a71932db2",
    "housenumber": 31,
    "lat": 52.4155288,
    "lon": 13.1660407,
    "parity": "L",
    "proj_lat": 52.41567352028066,
    "proj_lon": 13.166108056338219,
    "marker-color": "#3366ff",
    "marker-symbol": "o"
  },
  {
    "rowid": 309005,
    "id": 23796,
    "source": "OA",
    "source_id": "9a1b62408f86d03b",
    "housenumber": 32,
    "lat": 52.4161509,
    "lon": 13.1658377,
    "parity": "R",
    "proj_lat": 52.415693366883424,
    "proj_lon": 13.165968662905193,
    "marker-color": "#ff0000",
    "marker-symbol": "e"
  },
  {
    "rowid": 309005,
    "id": 23796,
    "source": "OA",
    "source_id": "9a1b62408f86d03b",
    "housenumber": 32,
    "lat": 52.4161509,
    "lon": 13.1658377,
    "parity": "R",
    "proj_lat": 52.415693366883424,
    "proj_lon": 13.165968662905193,
    "marker-color": "#ff0000",
    "marker-symbol": "e"
  },
  {
    "rowid": 271888,
    "id": 23796,
    "source": "OA",
    "source_id": "3475544cf27dffdc",
    "housenumber": 33,
    "lat": 52.4155029,
    "lon": 13.1656713,
    "parity": "L",
    "proj_lat": 52.41563669661651,
    "proj_lon": 13.165597033929,
    "marker-color": "#3366ff",
    "marker-symbol": "o"
  },
  {
    "rowid": 271888,
    "id": 23796,
    "source": "OA",
    "source_id": "3475544cf27dffdc",
    "housenumber": 33,
    "lat": 52.4155029,
    "lon": 13.1656713,
    "parity": "L",
    "proj_lat": 52.41563669661651,
    "proj_lon": 13.165597033929,
    "marker-color": "#3366ff",
    "marker-symbol": "o"
  },
  {
    "rowid": 309006,
    "id": 23796,
    "source": "OA",
    "source_id": "d2343232454dd36a",
    "housenumber": 34,
    "lat": 52.4159288,
    "lon": 13.1654868,
    "parity": "R",
    "proj_lat": 52.41564631269823,
    "proj_lon": 13.165643602375065,
    "marker-color": "#ff0000",
    "marker-symbol": "e"
  },
  {
    "rowid": 309006,
    "id": 23796,
    "source": "OA",
    "source_id": "d2343232454dd36a",
    "housenumber": 34,
    "lat": 52.4159288,
    "lon": 13.1654868,
    "parity": "R",
    "proj_lat": 52.41564631269823,
    "proj_lon": 13.165643602375065,
    "marker-color": "#ff0000",
    "marker-symbol": "e"
  },
  {
    "rowid": 308271,
    "id": 23796,
    "source": "OA",
    "source_id": "b0475ba7b720c39f",
    "housenumber": 34.03,
    "lat": 52.4162549,
    "lon": 13.1655832,
    "parity": "R",
    "proj_lat": 52.415672,
    "proj_lon": 13.165768,
    "marker-color": "#ff0000",
    "marker-symbol": "e"
  },
  {
    "rowid": 308271,
    "id": 23796,
    "source": "OA",
    "source_id": "b0475ba7b720c39f",
    "housenumber": 34.03,
    "lat": 52.4162549,
    "lon": 13.1655832,
    "parity": "R",
    "proj_lat": 52.415672,
    "proj_lon": 13.165768,
    "marker-color": "#ff0000",
    "marker-symbol": "e"
  },
  {
    "rowid": 271889,
    "id": 23796,
    "source": "OA",
    "source_id": "0d6050badb2ca6bc",
    "housenumber": 34.06,
    "lat": 52.4164175,
    "lon": 13.16556,
    "parity": "R",
    "proj_lat": 52.415672557193105,
    "proj_lon": 13.165773232770029,
    "marker-color": "#ff0000",
    "marker-symbol": "e"
  },
  {
    "rowid": 271889,
    "id": 23796,
    "source": "OA",
    "source_id": "0d6050badb2ca6bc",
    "housenumber": 34.06,
    "lat": 52.4164175,
    "lon": 13.16556,
    "parity": "R",
    "proj_lat": 52.415672557193105,
    "proj_lon": 13.165773232770029,
    "marker-color": "#ff0000",
    "marker-symbol": "e"
  },
  {
    "rowid": 271890,
    "id": 23796,
    "source": "OA",
    "source_id": "c00643807016eae1",
    "housenumber": 34.09,
    "lat": 52.4165847,
    "lon": 13.1655265,
    "parity": "R",
    "proj_lat": 52.415674041183266,
    "proj_lon": 13.165787169373244,
    "marker-color": "#ff0000",
    "marker-symbol": "e"
  },
  {
    "rowid": 271890,
    "id": 23796,
    "source": "OA",
    "source_id": "c00643807016eae1",
    "housenumber": 34.09,
    "lat": 52.4165847,
    "lon": 13.1655265,
    "parity": "R",
    "proj_lat": 52.415674041183266,
    "proj_lon": 13.165787169373244,
    "marker-color": "#ff0000",
    "marker-symbol": "e"
  },
  {
    "rowid": 271891,
    "id": 23796,
    "source": "OA",
    "source_id": "598869acfbe4e356",
    "housenumber": 34.12,
    "lat": 52.4166701,
    "lon": 13.165611,
    "parity": "R",
    "proj_lat": 52.415685298810075,
    "proj_lon": 13.165892893172861,
    "marker-color": "#ff0000",
    "marker-symbol": "e"
  },
  {
    "rowid": 271891,
    "id": 23796,
    "source": "OA",
    "source_id": "598869acfbe4e356",
    "housenumber": 34.12,
    "lat": 52.4166701,
    "lon": 13.165611,
    "parity": "R",
    "proj_lat": 52.415685298810075,
    "proj_lon": 13.165892893172861,
    "marker-color": "#ff0000",
    "marker-symbol": "e"
  },
  {
    "rowid": 309007,
    "id": 23796,
    "source": "OA",
    "source_id": "bc4f33f18987a9c7",
    "housenumber": 34.15,
    "lat": 52.4168219,
    "lon": 13.1656402,
    "parity": "R",
    "proj_lat": 52.41569280629273,
    "proj_lon": 13.16596339822741,
    "marker-color": "#ff0000",
    "marker-symbol": "e"
  },
  {
    "rowid": 309007,
    "id": 23796,
    "source": "OA",
    "source_id": "bc4f33f18987a9c7",
    "housenumber": 34.15,
    "lat": 52.4168219,
    "lon": 13.1656402,
    "parity": "R",
    "proj_lat": 52.41569280629273,
    "proj_lon": 13.16596339822741,
    "marker-color": "#ff0000",
    "marker-symbol": "e"
  },
  {
    "rowid": 309008,
    "id": 23796,
    "source": "OA",
    "source_id": "3f20300065718171",
    "housenumber": 35,
    "lat": 52.4153633,
    "lon": 13.1652153,
    "parity": "L",
    "proj_lat": 52.415537863138894,
    "proj_lon": 13.165118406395909,
    "marker-color": "#3366ff",
    "marker-symbol": "o"
  },
  {
    "rowid": 309008,
    "id": 23796,
    "source": "OA",
    "source_id": "3f20300065718171",
    "housenumber": 35,
    "lat": 52.4153633,
    "lon": 13.1652153,
    "parity": "L",
    "proj_lat": 52.415537863138894,
    "proj_lon": 13.165118406395909,
    "marker-color": "#3366ff",
    "marker-symbol": "o"
  },
  {
    "rowid": 309009,
    "id": 23796,
    "source": "OA",
    "source_id": "282efb54cdc646bc",
    "housenumber": 36,
    "lat": 52.4164413,
    "lon": 13.1650416,
    "parity": "R",
    "proj_lat": 52.415616539318506,
    "proj_lon": 13.165499416825478,
    "marker-color": "#ff0000",
    "marker-symbol": "e"
  },
  {
    "rowid": 309009,
    "id": 23796,
    "source": "OA",
    "source_id": "282efb54cdc646bc",
    "housenumber": 36,
    "lat": 52.4164413,
    "lon": 13.1650416,
    "parity": "R",
    "proj_lat": 52.415616539318506,
    "proj_lon": 13.165499416825478,
    "marker-color": "#ff0000",
    "marker-symbol": "e"
  },
  {
    "rowid": 308272,
    "id": 23796,
    "source": "OA",
    "source_id": "7df81efeb756e974",
    "housenumber": 36.03,
    "lat": 52.4159222,
    "lon": 13.165027,
    "parity": "R",
    "proj_lat": 52.41556045184435,
    "proj_lon": 13.165227798239941,
    "marker-color": "#ff0000",
    "marker-symbol": "e"
  },
  {
    "rowid": 308272,
    "id": 23796,
    "source": "OA",
    "source_id": "7df81efeb756e974",
    "housenumber": 36.03,
    "lat": 52.4159222,
    "lon": 13.165027,
    "parity": "R",
    "proj_lat": 52.41556045184435,
    "proj_lon": 13.165227798239941,
    "marker-color": "#ff0000",
    "marker-symbol": "e"
  },
  {
    "rowid": 309010,
    "id": 23796,
    "source": "OA",
    "source_id": "402e5a985583bf98",
    "housenumber": 37,
    "lat": 52.4153198,
    "lon": 13.1649152,
    "parity": "L",
    "proj_lat": 52.415448709083826,
    "proj_lon": 13.164801707900812,
    "marker-color": "#3366ff",
    "marker-symbol": "o"
  },
  {
    "rowid": 309010,
    "id": 23796,
    "source": "OA",
    "source_id": "402e5a985583bf98",
    "housenumber": 37,
    "lat": 52.4153198,
    "lon": 13.1649152,
    "parity": "L",
    "proj_lat": 52.415448709083826,
    "proj_lon": 13.164801707900812,
    "marker-color": "#3366ff",
    "marker-symbol": "o"
  },
  {
    "rowid": 308273,
    "id": 23796,
    "source": "OA",
    "source_id": "4416197c2eeed9a9",
    "housenumber": 38,
    "lat": 52.4159382,
    "lon": 13.164557,
    "parity": "R",
    "proj_lat": 52.41549605842274,
    "proj_lon": 13.16494627422036,
    "marker-color": "#ff0000",
    "marker-symbol": "e"
  },
  {
    "rowid": 308273,
    "id": 23796,
    "source": "OA",
    "source_id": "4416197c2eeed9a9",
    "housenumber": 38,
    "lat": 52.4159382,
    "lon": 13.164557,
    "parity": "R",
    "proj_lat": 52.41549605842274,
    "proj_lon": 13.16494627422036,
    "marker-color": "#ff0000",
    "marker-symbol": "e"
  },
  {
    "rowid": 309011,
    "id": 23796,
    "source": "OA",
    "source_id": "baa9f27fd9913c7c",
    "housenumber": 39,
    "lat": 52.4152207,
    "lon": 13.1646109,
    "parity": "L",
    "proj_lat": 52.41534916958727,
    "proj_lon": 13.164497795343758,
    "marker-color": "#3366ff",
    "marker-symbol": "o"
  },
  {
    "rowid": 309011,
    "id": 23796,
    "source": "OA",
    "source_id": "baa9f27fd9913c7c",
    "housenumber": 39,
    "lat": 52.4152207,
    "lon": 13.1646109,
    "parity": "L",
    "proj_lat": 52.41534916958727,
    "proj_lon": 13.164497795343758,
    "marker-color": "#3366ff",
    "marker-symbol": "o"
  },
  {
    "rowid": 271892,
    "id": 23796,
    "source": "OA",
    "source_id": "d6091694d0db3f33",
    "housenumber": 40,
    "lat": 52.4159215,
    "lon": 13.1644346,
    "parity": "R",
    "proj_lat": 52.41546120409988,
    "proj_lon": 13.164839857503845,
    "marker-color": "#ff0000",
    "marker-symbol": "e"
  },
  {
    "rowid": 271892,
    "id": 23796,
    "source": "OA",
    "source_id": "d6091694d0db3f33",
    "housenumber": 40,
    "lat": 52.4159215,
    "lon": 13.1644346,
    "parity": "R",
    "proj_lat": 52.41546120409988,
    "proj_lon": 13.164839857503845,
    "marker-color": "#ff0000",
    "marker-symbol": "e"
  },
  {
    "rowid": 271893,
    "id": 23796,
    "source": "OA",
    "source_id": "d45c7586dbe18a99",
    "housenumber": 41,
    "lat": 52.4151429,
    "lon": 13.1643796,
    "parity": "L",
    "proj_lat": 52.41527295547954,
    "proj_lon": 13.164265099527826,
    "marker-color": "#3366ff",
    "marker-symbol": "o"
  },
  {
    "rowid": 271893,
    "id": 23796,
    "source": "OA",
    "source_id": "d45c7586dbe18a99",
    "housenumber": 41,
    "lat": 52.4151429,
    "lon": 13.1643796,
    "parity": "L",
    "proj_lat": 52.41527295547954,
    "proj_lon": 13.164265099527826,
    "marker-color": "#3366ff",
    "marker-symbol": "o"
  },
  {
    "rowid": 271894,
    "id": 23796,
    "source": "OA",
    "source_id": "c3fb89e7307a3b0d",
    "housenumber": 41.03,
    "lat": 52.4151059,
    "lon": 13.1642979,
    "parity": "L",
    "proj_lat": 52.41524390448507,
    "proj_lon": 13.164176401449973,
    "marker-color": "#3366ff",
    "marker-symbol": "o"
  },
  {
    "rowid": 271894,
    "id": 23796,
    "source": "OA",
    "source_id": "c3fb89e7307a3b0d",
    "housenumber": 41.03,
    "lat": 52.4151059,
    "lon": 13.1642979,
    "parity": "L",
    "proj_lat": 52.41524390448507,
    "proj_lon": 13.164176401449973,
    "marker-color": "#3366ff",
    "marker-symbol": "o"
  },
  {
    "rowid": 310779,
    "id": 23796,
    "source": "OA",
    "source_id": "2d68e7c36a9c7bb1",
    "housenumber": 42,
    "lat": 52.4164951,
    "lon": 13.1637422,
    "parity": "R",
    "proj_lat": 52.415413573192325,
    "proj_lon": 13.164694431502994,
    "marker-color": "#ff0000",
    "marker-symbol": "e"
  },
  {
    "rowid": 310779,
    "id": 23796,
    "source": "OA",
    "source_id": "2d68e7c36a9c7bb1",
    "housenumber": 42,
    "lat": 52.4164951,
    "lon": 13.1637422,
    "parity": "R",
    "proj_lat": 52.415413573192325,
    "proj_lon": 13.164694431502994,
    "marker-color": "#ff0000",
    "marker-symbol": "e"
  },
  {
    "rowid": 309012,
    "id": 23796,
    "source": "OA",
    "source_id": "5c04a96847048ede",
    "housenumber": 43,
    "lat": 52.4150322,
    "lon": 13.1640318,
    "parity": "L",
    "proj_lat": 52.41515976111462,
    "proj_lon": 13.163919496123377,
    "marker-color": "#3366ff",
    "marker-symbol": "o"
  },
  {
    "rowid": 309012,
    "id": 23796,
    "source": "OA",
    "source_id": "5c04a96847048ede",
    "housenumber": 43,
    "lat": 52.4150322,
    "lon": 13.1640318,
    "parity": "L",
    "proj_lat": 52.41515976111462,
    "proj_lon": 13.163919496123377,
    "marker-color": "#3366ff",
    "marker-symbol": "o"
  },
  {
    "rowid": 310780,
    "id": 23796,
    "source": "OA",
    "source_id": "5d244e78df9ba619",
    "housenumber": 44,
    "lat": 52.4160809,
    "lon": 13.1633242,
    "parity": "R",
    "proj_lat": 52.41521459772978,
    "proj_lon": 13.164086922486888,
    "marker-color": "#ff0000",
    "marker-symbol": "e"
  },
  {
    "rowid": 310780,
    "id": 23796,
    "source": "OA",
    "source_id": "5d244e78df9ba619",
    "housenumber": 44,
    "lat": 52.4160809,
    "lon": 13.1633242,
    "parity": "R",
    "proj_lat": 52.41521459772978,
    "proj_lon": 13.164086922486888,
    "marker-color": "#ff0000",
    "marker-symbol": "e"
  },
  {
    "rowid": 271895,
    "id": 23796,
    "source": "OA",
    "source_id": "a1a5cb1bb24af674",
    "housenumber": 44.03,
    "lat": 52.4157354,
    "lon": 13.1634635,
    "parity": "R",
    "proj_lat": 52.41517267758821,
    "proj_lon": 13.163958932514477,
    "marker-color": "#ff0000",
    "marker-symbol": "e"
  },
  {
    "rowid": 271895,
    "id": 23796,
    "source": "OA",
    "source_id": "a1a5cb1bb24af674",
    "housenumber": 44.03,
    "lat": 52.4157354,
    "lon": 13.1634635,
    "parity": "R",
    "proj_lat": 52.41517267758821,
    "proj_lon": 13.163958932514477,
    "marker-color": "#ff0000",
    "marker-symbol": "e"
  },
  {
    "rowid": 271896,
    "id": 23796,
    "source": "OA",
    "source_id": "e6e68ebaef7162c7",
    "housenumber": 44.06,
    "lat": 52.4153891,
    "lon": 13.1637382,
    "parity": "R",
    "proj_lat": 52.41516500198018,
    "proj_lon": 13.163935497458596,
    "marker-color": "#ff0000",
    "marker-symbol": "e"
  },
  {
    "rowid": 271896,
    "id": 23796,
    "source": "OA",
    "source_id": "e6e68ebaef7162c7",
    "housenumber": 44.06,
    "lat": 52.4153891,
    "lon": 13.1637382,
    "parity": "R",
    "proj_lat": 52.41516500198018,
    "proj_lon": 13.163935497458596,
    "marker-color": "#ff0000",
    "marker-symbol": "e"
  },
  {
    "rowid": 309013,
    "id": 23796,
    "source": "OA",
    "source_id": "65b2431dd1886626",
    "housenumber": 45,
    "lat": 52.4149287,
    "lon": 13.163774,
    "parity": "L",
    "proj_lat": 52.415071058149984,
    "proj_lon": 13.16364866950946,
    "marker-color": "#3366ff",
    "marker-symbol": "o"
  },
  {
    "rowid": 309013,
    "id": 23796,
    "source": "OA",
    "source_id": "65b2431dd1886626",
    "housenumber": 45,
    "lat": 52.4149287,
    "lon": 13.163774,
    "parity": "L",
    "proj_lat": 52.415071058149984,
    "proj_lon": 13.16364866950946,
    "marker-color": "#3366ff",
    "marker-symbol": "o"
  },
  {
    "rowid": 271897,
    "id": 23796,
    "source": "OA",
    "source_id": "72b7f1e3c727127f",
    "housenumber": 45.03,
    "lat": 52.4148587,
    "lon": 13.1634925,
    "parity": "L",
    "proj_lat": 52.41498382785117,
    "proj_lon": 13.163382339217614,
    "marker-color": "#3366ff",
    "marker-symbol": "o"
  },
  {
    "rowid": 271897,
    "id": 23796,
    "source": "OA",
    "source_id": "72b7f1e3c727127f",
    "housenumber": 45.03,
    "lat": 52.4148587,
    "lon": 13.1634925,
    "parity": "L",
    "proj_lat": 52.41498382785117,
    "proj_lon": 13.163382339217614,
    "marker-color": "#3366ff",
    "marker-symbol": "o"
  },
  {
    "rowid": 308274,
    "id": 23796,
    "source": "OA",
    "source_id": "a46894de9c5f267f",
    "housenumber": 46,
    "lat": 52.4154786,
    "lon": 13.1631961,
    "parity": "R",
    "proj_lat": 52.415047221089836,
    "proj_lon": 13.163575890540766,
    "marker-color": "#ff0000",
    "marker-symbol": "e"
  },
  {
    "rowid": 308274,
    "id": 23796,
    "source": "OA",
    "source_id": "a46894de9c5f267f",
    "housenumber": 46,
    "lat": 52.4154786,
    "lon": 13.1631961,
    "parity": "R",
    "proj_lat": 52.415047221089836,
    "proj_lon": 13.163575890540766,
    "marker-color": "#ff0000",
    "marker-symbol": "e"
  },
  {
    "rowid": 303743,
    "id": 23796,
    "source": "OA",
    "source_id": "ce74836a35bce072",
    "housenumber": 47,
    "lat": 52.4147735,
    "lon": 13.1632632,
    "parity": "L",
    "proj_lat": 52.41490646598655,
    "proj_lon": 13.163146139086905,
    "marker-color": "#3366ff",
    "marker-symbol": "o"
  },
  {
    "rowid": 303743,
    "id": 23796,
    "source": "OA",
    "source_id": "ce74836a35bce072",
    "housenumber": 47,
    "lat": 52.4147735,
    "lon": 13.1632632,
    "parity": "L",
    "proj_lat": 52.41490646598655,
    "proj_lon": 13.163146139086905,
    "marker-color": "#3366ff",
    "marker-symbol": "o"
  },
  {
    "rowid": 309014,
    "id": 23796,
    "source": "OA",
    "source_id": "85b4d048fa977afc",
    "housenumber": 48,
    "lat": 52.4152305,
    "lon": 13.1627958,
    "parity": "R",
    "proj_lat": 52.414889926541086,
    "proj_lon": 13.163095641090273,
    "marker-color": "#ff0000",
    "marker-symbol": "e"
  },
  {
    "rowid": 309014,
    "id": 23796,
    "source": "OA",
    "source_id": "85b4d048fa977afc",
    "housenumber": 48,
    "lat": 52.4152305,
    "lon": 13.1627958,
    "parity": "R",
    "proj_lat": 52.414889926541086,
    "proj_lon": 13.163095641090273,
    "marker-color": "#ff0000",
    "marker-symbol": "e"
  },
  {
    "rowid": 309015,
    "id": 23796,
    "source": "OA",
    "source_id": "d93779e4448ebe59",
    "housenumber": 49,
    "lat": 52.4146804,
    "lon": 13.1629356,
    "parity": "L",
    "proj_lat": 52.4148023459742,
    "proj_lon": 13.162828241365007,
    "marker-color": "#3366ff",
    "marker-symbol": "o"
  },
  {
    "rowid": 309015,
    "id": 23796,
    "source": "OA",
    "source_id": "d93779e4448ebe59",
    "housenumber": 49,
    "lat": 52.4146804,
    "lon": 13.1629356,
    "parity": "L",
    "proj_lat": 52.4148023459742,
    "proj_lon": 13.162828241365007,
    "marker-color": "#3366ff",
    "marker-symbol": "o"
  },
  {
    "rowid": 271898,
    "id": 23796,
    "source": "OA",
    "source_id": "8bfa226e00e6b037",
    "housenumber": 50,
    "lat": 52.4152278,
    "lon": 13.1623433,
    "parity": "R",
    "proj_lat": 52.414774287248164,
    "proj_lon": 13.162742572866842,
    "marker-color": "#ff0000",
    "marker-symbol": "e"
  },
  {
    "rowid": 271898,
    "id": 23796,
    "source": "OA",
    "source_id": "8bfa226e00e6b037",
    "housenumber": 50,
    "lat": 52.4152278,
    "lon": 13.1623433,
    "parity": "R",
    "proj_lat": 52.414774287248164,
    "proj_lon": 13.162742572866842,
    "marker-color": "#ff0000",
    "marker-symbol": "e"
  },
  {
    "rowid": 309016,
    "id": 23796,
    "source": "OA",
    "source_id": "d7ede0fdd4f26e55",
    "housenumber": 51,
    "lat": 52.4145587,
    "lon": 13.1625752,
    "parity": "L",
    "proj_lat": 52.41468348647522,
    "proj_lon": 13.162465341254823,
    "marker-color": "#3366ff",
    "marker-symbol": "o"
  },
  {
    "rowid": 309016,
    "id": 23796,
    "source": "OA",
    "source_id": "d7ede0fdd4f26e55",
    "housenumber": 51,
    "lat": 52.4145587,
    "lon": 13.1625752,
    "parity": "L",
    "proj_lat": 52.41468348647522,
    "proj_lon": 13.162465341254823,
    "marker-color": "#3366ff",
    "marker-symbol": "o"
  },
  {
    "rowid": 309017,
    "id": 23796,
    "source": "OA",
    "source_id": "aba18a9ce971e986",
    "housenumber": 51.03,
    "lat": 52.4144431,
    "lon": 13.1623542,
    "parity": "L",
    "proj_lat": 52.41460143089946,
    "proj_lon": 13.162214810352864,
    "marker-color": "#3366ff",
    "marker-symbol": "o"
  },
  {
    "rowid": 309017,
    "id": 23796,
    "source": "OA",
    "source_id": "aba18a9ce971e986",
    "housenumber": 51.03,
    "lat": 52.4144431,
    "lon": 13.1623542,
    "parity": "L",
    "proj_lat": 52.41460143089946,
    "proj_lon": 13.162214810352864,
    "marker-color": "#3366ff",
    "marker-symbol": "o"
  },
  {
    "rowid": 271899,
    "id": 23796,
    "source": "OA",
    "source_id": "51daa5df0764b6b2",
    "housenumber": 52,
    "lat": 52.4155493,
    "lon": 13.1616217,
    "parity": "R",
    "proj_lat": 52.414662801231124,
    "proj_lon": 13.162402185365506,
    "marker-color": "#ff0000",
    "marker-symbol": "e"
  },
  {
    "rowid": 271899,
    "id": 23796,
    "source": "OA",
    "source_id": "51daa5df0764b6b2",
    "housenumber": 52,
    "lat": 52.4155493,
    "lon": 13.1616217,
    "parity": "R",
    "proj_lat": 52.414662801231124,
    "proj_lon": 13.162402185365506,
    "marker-color": "#ff0000",
    "marker-symbol": "e"
  },
  {
    "rowid": 309018,
    "id": 23796,
    "source": "OA",
    "source_id": "60bedf9590f8f398",
    "housenumber": 53,
    "lat": 52.4143945,
    "lon": 13.1620965,
    "parity": "L",
    "proj_lat": 52.414525040533626,
    "proj_lon": 13.16198157638827,
    "marker-color": "#3366ff",
    "marker-symbol": "o"
  },
  {
    "rowid": 309018,
    "id": 23796,
    "source": "OA",
    "source_id": "60bedf9590f8f398",
    "housenumber": 53,
    "lat": 52.4143945,
    "lon": 13.1620965,
    "parity": "L",
    "proj_lat": 52.414525040533626,
    "proj_lon": 13.16198157638827,
    "marker-color": "#3366ff",
    "marker-symbol": "o"
  },
  {
    "rowid": 306362,
    "id": 23796,
    "source": "OA",
    "source_id": "45197555389513f1",
    "housenumber": 54,
    "lat": 52.4145774,
    "lon": 13.1618611,
    "parity": "R",
    "proj_lat": 52.41450613134117,
    "proj_lon": 13.161923843114232,
    "marker-color": "#ff0000",
    "marker-symbol": "e"
  },
  {
    "rowid": 306362,
    "id": 23796,
    "source": "OA",
    "source_id": "45197555389513f1",
    "housenumber": 54,
    "lat": 52.4145774,
    "lon": 13.1618611,
    "parity": "R",
    "proj_lat": 52.41450613134117,
    "proj_lon": 13.161923843114232,
    "marker-color": "#ff0000",
    "marker-symbol": "e"
  },
  {
    "rowid": 271900,
    "id": 23796,
    "source": "OA",
    "source_id": "c5620b6b2720c71c",
    "housenumber": 54.12,
    "lat": 52.4150869,
    "lon": 13.161446,
    "parity": "R",
    "proj_lat": 52.41451463826081,
    "proj_lon": 13.161949816318746,
    "marker-color": "#ff0000",
    "marker-symbol": "e"
  },
  {
    "rowid": 271900,
    "id": 23796,
    "source": "OA",
    "source_id": "c5620b6b2720c71c",
    "housenumber": 54.12,
    "lat": 52.4150869,
    "lon": 13.161446,
    "parity": "R",
    "proj_lat": 52.41451463826081,
    "proj_lon": 13.161949816318746,
    "marker-color": "#ff0000",
    "marker-symbol": "e"
  },
  {
    "rowid": 309019,
    "id": 23796,
    "source": "OA",
    "source_id": "1c94bde08ef73baf",
    "housenumber": 55,
    "lat": 52.4142607,
    "lon": 13.1618521,
    "parity": "L",
    "proj_lat": 52.414432962904975,
    "proj_lon": 13.161700446298804,
    "marker-color": "#3366ff",
    "marker-symbol": "o"
  },
  {
    "rowid": 309019,
    "id": 23796,
    "source": "OA",
    "source_id": "1c94bde08ef73baf",
    "housenumber": 55,
    "lat": 52.4142607,
    "lon": 13.1618521,
    "parity": "L",
    "proj_lat": 52.414432962904975,
    "proj_lon": 13.161700446298804,
    "marker-color": "#3366ff",
    "marker-symbol": "o"
  },
  {
    "rowid": 305178,
    "id": 23796,
    "source": "OA",
    "source_id": "eb55134d084475ab",
    "housenumber": 55.03,
    "lat": 52.414245,
    "lon": 13.1617796,
    "parity": "L",
    "proj_lat": 52.414411017936025,
    "proj_lon": 13.161633444235703,
    "marker-color": "#3366ff",
    "marker-symbol": "o"
  },
  {
    "rowid": 305178,
    "id": 23796,
    "source": "OA",
    "source_id": "eb55134d084475ab",
    "housenumber": 55.03,
    "lat": 52.414245,
    "lon": 13.1617796,
    "parity": "L",
    "proj_lat": 52.414411017936025,
    "proj_lon": 13.161633444235703,
    "marker-color": "#3366ff",
    "marker-symbol": "o"
  },
  {
    "rowid": 271901,
    "id": 23796,
    "source": "OA",
    "source_id": "e81514b5d125a23a",
    "housenumber": 55.06,
    "lat": 52.4141983,
    "lon": 13.1617362,
    "parity": "L",
    "proj_lat": 52.41438953286971,
    "proj_lon": 13.161567846340713,
    "marker-color": "#3366ff",
    "marker-symbol": "o"
  },
  {
    "rowid": 271901,
    "id": 23796,
    "source": "OA",
    "source_id": "e81514b5d125a23a",
    "housenumber": 55.06,
    "lat": 52.4141983,
    "lon": 13.1617362,
    "parity": "L",
    "proj_lat": 52.41438953286971,
    "proj_lon": 13.161567846340713,
    "marker-color": "#3366ff",
    "marker-symbol": "o"
  },
  {
    "rowid": 305179,
    "id": 23796,
    "source": "OA",
    "source_id": "a0e702866093e1bd",
    "housenumber": 55.09,
    "lat": 52.414192,
    "lon": 13.161652,
    "parity": "L",
    "proj_lat": 52.41436671726192,
    "proj_lon": 13.161498186055642,
    "marker-color": "#3366ff",
    "marker-symbol": "o"
  },
  {
    "rowid": 305179,
    "id": 23796,
    "source": "OA",
    "source_id": "a0e702866093e1bd",
    "housenumber": 55.09,
    "lat": 52.414192,
    "lon": 13.161652,
    "parity": "L",
    "proj_lat": 52.41436671726192,
    "proj_lon": 13.161498186055642,
    "marker-color": "#3366ff",
    "marker-symbol": "o"
  },
  {
    "rowid": 271902,
    "id": 23796,
    "source": "OA",
    "source_id": "47627947b78a84d0",
    "housenumber": 55.12,
    "lat": 52.4141587,
    "lon": 13.1615974,
    "parity": "L",
    "proj_lat": 52.41434538390556,
    "proj_lon": 13.161433051359323,
    "marker-color": "#3366ff",
    "marker-symbol": "o"
  },
  {
    "rowid": 271902,
    "id": 23796,
    "source": "OA",
    "source_id": "47627947b78a84d0",
    "housenumber": 55.12,
    "lat": 52.4141587,
    "lon": 13.1615974,
    "parity": "L",
    "proj_lat": 52.41434538390556,
    "proj_lon": 13.161433051359323,
    "marker-color": "#3366ff",
    "marker-symbol": "o"
  },
  {
    "rowid": 271903,
    "id": 23796,
    "source": "OA",
    "source_id": "3e538a08d820de8f",
    "housenumber": 56,
    "lat": 52.4143822,
    "lon": 13.1611172,
    "parity": "R",
    "proj_lat": 52.41427332697913,
    "proj_lon": 13.16121304818946,
    "marker-color": "#ff0000",
    "marker-symbol": "e"
  },
  {
    "rowid": 271903,
    "id": 23796,
    "source": "OA",
    "source_id": "3e538a08d820de8f",
    "housenumber": 56,
    "lat": 52.4143822,
    "lon": 13.1611172,
    "parity": "R",
    "proj_lat": 52.41427332697913,
    "proj_lon": 13.16121304818946,
    "marker-color": "#ff0000",
    "marker-symbol": "e"
  },
  {
    "rowid": 309020,
    "id": 23796,
    "source": "OA",
    "source_id": "e1e6a38bbc5b24ce",
    "housenumber": 57,
    "lat": 52.4141462,
    "lon": 13.1613175,
    "parity": "L",
    "proj_lat": 52.41427142910756,
    "proj_lon": 13.161207253635316,
    "marker-color": "#3366ff",
    "marker-symbol": "o"
  },
  {
    "rowid": 309020,
    "id": 23796,
    "source": "OA",
    "source_id": "e1e6a38bbc5b24ce",
    "housenumber": 57,
    "lat": 52.4141462,
    "lon": 13.1613175,
    "parity": "L",
    "proj_lat": 52.41427142910756,
    "proj_lon": 13.161207253635316,
    "marker-color": "#3366ff",
    "marker-symbol": "o"
  },
  {
    "rowid": 271904,
    "id": 23796,
    "source": "OA",
    "source_id": "e1be6803e27e4ba8",
    "housenumber": 58,
    "lat": 52.4145386,
    "lon": 13.1608184,
    "parity": "R",
    "proj_lat": 52.41423236941444,
    "proj_lon": 13.161087997142943,
    "marker-color": "#ff0000",
    "marker-symbol": "e"
  },
  {
    "rowid": 271904,
    "id": 23796,
    "source": "OA",
    "source_id": "e1be6803e27e4ba8",
    "housenumber": 58,
    "lat": 52.4145386,
    "lon": 13.1608184,
    "parity": "R",
    "proj_lat": 52.41423236941444,
    "proj_lon": 13.161087997142943,
    "marker-color": "#ff0000",
    "marker-symbol": "e"
  },
  {
    "rowid": 309021,
    "id": 23796,
    "source": "OA",
    "source_id": "8be25f8f3e0c4daa",
    "housenumber": 59,
    "lat": 52.4139872,
    "lon": 13.1610482,
    "parity": "L",
    "proj_lat": 52.41416738151477,
    "proj_lon": 13.160889577023768,
    "marker-color": "#3366ff",
    "marker-symbol": "o"
  },
  {
    "rowid": 309021,
    "id": 23796,
    "source": "OA",
    "source_id": "8be25f8f3e0c4daa",
    "housenumber": 59,
    "lat": 52.4139872,
    "lon": 13.1610482,
    "parity": "L",
    "proj_lat": 52.41416738151477,
    "proj_lon": 13.160889577023768,
    "marker-color": "#3366ff",
    "marker-symbol": "o"
  },
  {
    "rowid": 271905,
    "id": 23796,
    "source": "OA",
    "source_id": "bcf1f66c07ba6498",
    "housenumber": 59.03,
    "lat": 52.4139371,
    "lon": 13.1606833,
    "parity": "L",
    "proj_lat": 52.41406340248148,
    "proj_lon": 13.160572109737089,
    "marker-color": "#3366ff",
    "marker-symbol": "o"
  },
  {
    "rowid": 271905,
    "id": 23796,
    "source": "OA",
    "source_id": "bcf1f66c07ba6498",
    "housenumber": 59.03,
    "lat": 52.4139371,
    "lon": 13.1606833,
    "parity": "L",
    "proj_lat": 52.41406340248148,
    "proj_lon": 13.160572109737089,
    "marker-color": "#3366ff",
    "marker-symbol": "o"
  },
  {
    "rowid": 305180,
    "id": 23796,
    "source": "OA",
    "source_id": "8e30e832c1d59734",
    "housenumber": 59.06,
    "lat": 52.4139208,
    "lon": 13.1605977,
    "parity": "L",
    "proj_lat": 52.41403799286323,
    "proj_lon": 13.160494529456647,
    "marker-color": "#3366ff",
    "marker-symbol": "o"
  },
  {
    "rowid": 305180,
    "id": 23796,
    "source": "OA",
    "source_id": "8e30e832c1d59734",
    "housenumber": 59.06,
    "lat": 52.4139208,
    "lon": 13.1605977,
    "parity": "L",
    "proj_lat": 52.41403799286323,
    "proj_lon": 13.160494529456647,
    "marker-color": "#3366ff",
    "marker-symbol": "o"
  },
  {
    "rowid": 271906,
    "id": 23796,
    "source": "OA",
    "source_id": "d2963fa71793b83f",
    "housenumber": 59.09,
    "lat": 52.4138765,
    "lon": 13.1605371,
    "parity": "L",
    "proj_lat": 52.414012672326436,
    "proj_lon": 13.160417221158436,
    "marker-color": "#3366ff",
    "marker-symbol": "o"
  },
  {
    "rowid": 271906,
    "id": 23796,
    "source": "OA",
    "source_id": "d2963fa71793b83f",
    "housenumber": 59.09,
    "lat": 52.4138765,
    "lon": 13.1605371,
    "parity": "L",
    "proj_lat": 52.414012672326436,
    "proj_lon": 13.160417221158436,
    "marker-color": "#3366ff",
    "marker-symbol": "o"
  },
  {
    "rowid": 271907,
    "id": 23796,
    "source": "OA",
    "source_id": "88bb2a309064f0d6",
    "housenumber": 60,
    "lat": 52.4142993,
    "lon": 13.160867,
    "parity": "R",
    "proj_lat": 52.414191166445065,
    "proj_lon": 13.16096219683033,
    "marker-color": "#ff0000",
    "marker-symbol": "e"
  },
  {
    "rowid": 271907,
    "id": 23796,
    "source": "OA",
    "source_id": "88bb2a309064f0d6",
    "housenumber": 60,
    "lat": 52.4142993,
    "lon": 13.160867,
    "parity": "R",
    "proj_lat": 52.414191166445065,
    "proj_lon": 13.16096219683033,
    "marker-color": "#ff0000",
    "marker-symbol": "e"
  },
  {
    "rowid": 271908,
    "id": 23796,
    "source": "OA",
    "source_id": "9021693fa778de27",
    "housenumber": 60.03,
    "lat": 52.4149124,
    "lon": 13.1604174,
    "parity": "R",
    "proj_lat": 52.41421408923779,
    "proj_lon": 13.161032184370887,
    "marker-color": "#ff0000",
    "marker-symbol": "e"
  },
  {
    "rowid": 271908,
    "id": 23796,
    "source": "OA",
    "source_id": "9021693fa778de27",
    "housenumber": 60.03,
    "lat": 52.4149124,
    "lon": 13.1604174,
    "parity": "R",
    "proj_lat": 52.41421408923779,
    "proj_lon": 13.161032184370887,
    "marker-color": "#ff0000",
    "marker-symbol": "e"
  },
  {
    "rowid": 271909,
    "id": 23796,
    "source": "OA",
    "source_id": "30d621fe2581dea2",
    "housenumber": 60.06,
    "lat": 52.4145155,
    "lon": 13.1602925,
    "parity": "R",
    "proj_lat": 52.41409350355269,
    "proj_lon": 13.160664013894127,
    "marker-color": "#ff0000",
    "marker-symbol": "e"
  },
  {
    "rowid": 271909,
    "id": 23796,
    "source": "OA",
    "source_id": "30d621fe2581dea2",
    "housenumber": 60.06,
    "lat": 52.4145155,
    "lon": 13.1602925,
    "parity": "R",
    "proj_lat": 52.41409350355269,
    "proj_lon": 13.160664013894127,
    "marker-color": "#ff0000",
    "marker-symbol": "e"
  },
  {
    "rowid": 271910,
    "id": 23796,
    "source": "OA",
    "source_id": "f672685fa302db2d",
    "housenumber": 61,
    "lat": 52.4138595,
    "lon": 13.1604474,
    "parity": "L",
    "proj_lat": 52.413986063720905,
    "proj_lon": 13.160335980147327,
    "marker-color": "#3366ff",
    "marker-symbol": "o"
  },
  {
    "rowid": 271910,
    "id": 23796,
    "source": "OA",
    "source_id": "f672685fa302db2d",
    "housenumber": 61,
    "lat": 52.4138595,
    "lon": 13.1604474,
    "parity": "L",
    "proj_lat": 52.413986063720905,
    "proj_lon": 13.160335980147327,
    "marker-color": "#3366ff",
    "marker-symbol": "o"
  },
  {
    "rowid": 271913,
    "id": 23796,
    "source": "OA",
    "source_id": "b6cbdf03a621c581",
    "housenumber": 63,
    "lat": 52.4137078,
    "lon": 13.1601347,
    "parity": "L",
    "proj_lat": 52.413872616688565,
    "proj_lon": 13.15998960530231,
    "marker-color": "#3366ff",
    "marker-symbol": "o"
  },
  {
    "rowid": 271913,
    "id": 23796,
    "source": "OA",
    "source_id": "b6cbdf03a621c581",
    "housenumber": 63,
    "lat": 52.4137078,
    "lon": 13.1601347,
    "parity": "L",
    "proj_lat": 52.413872616688565,
    "proj_lon": 13.15998960530231,
    "marker-color": "#3366ff",
    "marker-symbol": "o"
  },
  {
    "rowid": 271919,
    "id": 23796,
    "source": "OA",
    "source_id": "026be00d5d60baa7",
    "housenumber": 65,
    "lat": 52.413585,
    "lon": 13.1597428,
    "parity": "L",
    "proj_lat": 52.41374550299535,
    "proj_lon": 13.159601503605186,
    "marker-color": "#3366ff",
    "marker-symbol": "o"
  },
  {
    "rowid": 271919,
    "id": 23796,
    "source": "OA",
    "source_id": "026be00d5d60baa7",
    "housenumber": 65,
    "lat": 52.413585,
    "lon": 13.1597428,
    "parity": "L",
    "proj_lat": 52.41374550299535,
    "proj_lon": 13.159601503605186,
    "marker-color": "#3366ff",
    "marker-symbol": "o"
  },
  {
    "rowid": 271924,
    "id": 23796,
    "source": "OA",
    "source_id": "701164fbe38cc6fc",
    "housenumber": 67,
    "lat": 52.4134921,
    "lon": 13.1594655,
    "parity": "L",
    "proj_lat": 52.41365499747659,
    "proj_lon": 13.159323534273602,
    "marker-color": "#3366ff",
    "marker-symbol": "o"
  },
  {
    "rowid": 271924,
    "id": 23796,
    "source": "OA",
    "source_id": "701164fbe38cc6fc",
    "housenumber": 67,
    "lat": 52.4134921,
    "lon": 13.1594655,
    "parity": "L",
    "proj_lat": 52.41365499747659,
    "proj_lon": 13.159323534273602,
    "marker-color": "#3366ff",
    "marker-symbol": "o"
  },
  {
    "rowid": 309022,
    "id": 23796,
    "source": "OA",
    "source_id": "07ac7b98454b91f8",
    "housenumber": 69,
    "lat": 52.4134,
    "lon": 13.1591724,
    "parity": "L",
    "proj_lat": 52.413601,
    "proj_lon": 13.159157,
    "marker-color": "#3366ff",
    "marker-symbol": "o"
  },
  {
    "rowid": 309022,
    "id": 23796,
    "source": "OA",
    "source_id": "07ac7b98454b91f8",
    "housenumber": 69,
    "lat": 52.4134,
    "lon": 13.1591724,
    "parity": "L",
    "proj_lat": 52.413601,
    "proj_lon": 13.159157,
    "marker-color": "#3366ff",
    "marker-symbol": "o"
  }
]
