[
  {
    "rowid": 240406,
    "id": 29232,
    "source": "OA",
    "source_id": "f5827fb127e3689e",
    "housenumber": 1,
    "lat": 52.4226141,
    "lon": 13.2024434,
    "parity": "R",
    "proj_lat": 52.4226966572358,
    "proj_lon": 13.202685369508444,
    "marker-color": "#ff0000",
    "marker-symbol": "o"
  },
  {
    "rowid": 240406,
    "id": 29232,
    "source": "OA",
    "source_id": "f5827fb127e3689e",
    "housenumber": 1,
    "lat": 52.4226141,
    "lon": 13.2024434,
    "parity": "R",
    "proj_lat": 52.4226966572358,
    "proj_lon": 13.202685369508444,
    "marker-color": "#ff0000",
    "marker-symbol": "o"
  },
  {
    "rowid": 240407,
    "id": 29232,
    "source": "OA",
    "source_id": "1955cf072410ea12",
    "housenumber": 1.03,
    "lat": 52.4224673,
    "lon": 13.2025417,
    "parity": "R",
    "proj_lat": 52.42255931079013,
    "proj_lon": 13.202811375421899,
    "marker-color": "#ff0000",
    "marker-symbol": "o"
  },
  {
    "rowid": 240407,
    "id": 29232,
    "source": "OA",
    "source_id": "1955cf072410ea12",
    "housenumber": 1.03,
    "lat": 52.4224673,
    "lon": 13.2025417,
    "parity": "R",
    "proj_lat": 52.42255931079013,
    "proj_lon": 13.202811375421899,
    "marker-color": "#ff0000",
    "marker-symbol": "o"
  },
  {
    "rowid": 240408,
    "id": 29232,
    "source": "OA",
    "source_id": "7dba0539dbf3891a",
    "housenumber": 1.06,
    "lat": 52.4223818,
    "lon": 13.202642,
    "parity": "R",
    "proj_lat": 52.422468130772224,
    "proj_lon": 13.202895026814476,
    "marker-color": "#ff0000",
    "marker-symbol": "o"
  },
  {
    "rowid": 240408,
    "id": 29232,
    "source": "OA",
    "source_id": "7dba0539dbf3891a",
    "housenumber": 1.06,
    "lat": 52.4223818,
    "lon": 13.202642,
    "parity": "R",
    "proj_lat": 52.422468130772224,
    "proj_lon": 13.202895026814476,
    "marker-color": "#ff0000",
    "marker-symbol": "o"
  },
  {
    "rowid": 240409,
    "id": 29232,
    "source": "OA",
    "source_id": "aadb2bd3541704cd",
    "housenumber": 1.09,
    "lat": 52.4222588,
    "lon": 13.2027999,
    "parity": "R",
    "proj_lat": 52.422333423165234,
    "proj_lon": 13.203018611775011,
    "marker-color": "#ff0000",
    "marker-symbol": "o"
  },
  {
    "rowid": 240409,
    "id": 29232,
    "source": "OA",
    "source_id": "aadb2bd3541704cd",
    "housenumber": 1.09,
    "lat": 52.4222588,
    "lon": 13.2027999,
    "parity": "R",
    "proj_lat": 52.422333423165234,
    "proj_lon": 13.203018611775011,
    "marker-color": "#ff0000",
    "marker-symbol": "o"
  },
  {
    "rowid": 240410,
    "id": 29232,
    "source": "OA",
    "source_id": "ed5d0ff7a00630d2",
    "housenumber": 1.12,
    "lat": 52.4222152,
    "lon": 13.2028417,
    "parity": "R",
    "proj_lat": 52.422289355539675,
    "proj_lon": 13.20305904078929,
    "marker-color": "#ff0000",
    "marker-symbol": "o"
  },
  {
    "rowid": 240410,
    "id": 29232,
    "source": "OA",
    "source_id": "ed5d0ff7a00630d2",
    "housenumber": 1.12,
    "lat": 52.4222152,
    "lon": 13.2028417,
    "parity": "R",
    "proj_lat": 52.422289355539675,
    "proj_lon": 13.20305904078929,
    "marker-color": "#ff0000",
    "marker-symbol": "o"
  },
  {
    "rowid": 240411,
    "id": 29232,
    "source": "OA",
    "source_id": "0d665515ee1de07f",
    "housenumber": 1.15,
    "lat": 52.4221642,
    "lon": 13.2028907,
    "parity": "R",
    "proj_lat": 52.4222377811288,
    "proj_lon": 13.203106356762564,
    "marker-color": "#ff0000",
    "marker-symbol": "o"
  },
  {
    "rowid": 240411,
    "id": 29232,
    "source": "OA",
    "source_id": "0d665515ee1de07f",
    "housenumber": 1.15,
    "lat": 52.4221642,
    "lon": 13.2028907,
    "parity": "R",
    "proj_lat": 52.4222377811288,
    "proj_lon": 13.203106356762564,
    "marker-color": "#ff0000",
    "marker-symbol": "o"
  },
  {
    "rowid": 240412,
    "id": 29232,
    "source": "OA",
    "source_id": "f03bd5b91518781a",
    "housenumber": 1.18,
    "lat": 52.4218824,
    "lon": 13.2030145,
    "parity": "R",
    "proj_lat": 52.42199437311499,
    "proj_lon": 13.20333302091156,
    "marker-color": "#ff0000",
    "marker-symbol": "o"
  },
  {
    "rowid": 240412,
    "id": 29232,
    "source": "OA",
    "source_id": "f03bd5b91518781a",
    "housenumber": 1.18,
    "lat": 52.4218824,
    "lon": 13.2030145,
    "parity": "R",
    "proj_lat": 52.42199437311499,
    "proj_lon": 13.20333302091156,
    "marker-color": "#ff0000",
    "marker-symbol": "o"
  },
  {
    "rowid": 240413,
    "id": 29232,
    "source": "OA",
    "source_id": "78240b9d0a08a154",
    "housenumber": 1.21,
    "lat": 52.4216836,
    "lon": 13.2031994,
    "parity": "R",
    "proj_lat": 52.421796368889616,
    "proj_lon": 13.203520181694739,
    "marker-color": "#ff0000",
    "marker-symbol": "o"
  },
  {
    "rowid": 240413,
    "id": 29232,
    "source": "OA",
    "source_id": "78240b9d0a08a154",
    "housenumber": 1.21,
    "lat": 52.4216836,
    "lon": 13.2031994,
    "parity": "R",
    "proj_lat": 52.421796368889616,
    "proj_lon": 13.203520181694739,
    "marker-color": "#ff0000",
    "marker-symbol": "o"
  },
  {
    "rowid": 240414,
    "id": 29232,
    "source": "OA",
    "source_id": "dac6c5fa8e79ab12",
    "housenumber": 2,
    "lat": 52.4228137,
    "lon": 13.2028212,
    "parity": "L",
    "proj_lat": 52.422750502326366,
    "proj_lon": 13.202635970342781,
    "marker-color": "#3366ff",
    "marker-symbol": "e"
  },
  {
    "rowid": 240414,
    "id": 29232,
    "source": "OA",
    "source_id": "dac6c5fa8e79ab12",
    "housenumber": 2,
    "lat": 52.4228137,
    "lon": 13.2028212,
    "parity": "L",
    "proj_lat": 52.422750502326366,
    "proj_lon": 13.202635970342781,
    "marker-color": "#3366ff",
    "marker-symbol": "e"
  },
  {
    "rowid": 240415,
    "id": 29232,
    "source": "OA",
    "source_id": "875f7ce2073a2e26",
    "housenumber": 2.03,
    "lat": 52.4226944,
    "lon": 13.2029361,
    "parity": "L",
    "proj_lat": 52.422629785763505,
    "proj_lon": 13.202746719483022,
    "marker-color": "#3366ff",
    "marker-symbol": "e"
  },
  {
    "rowid": 240415,
    "id": 29232,
    "source": "OA",
    "source_id": "875f7ce2073a2e26",
    "housenumber": 2.03,
    "lat": 52.4226944,
    "lon": 13.2029361,
    "parity": "L",
    "proj_lat": 52.422629785763505,
    "proj_lon": 13.202746719483022,
    "marker-color": "#3366ff",
    "marker-symbol": "e"
  },
  {
    "rowid": 240416,
    "id": 29232,
    "source": "OA",
    "source_id": "fe1146bb9a437f3e",
    "housenumber": 2.06,
    "lat": 52.4225684,
    "lon": 13.2030383,
    "parity": "L",
    "proj_lat": 52.42250726653546,
    "proj_lon": 13.202859122444528,
    "marker-color": "#3366ff",
    "marker-symbol": "e"
  },
  {
    "rowid": 240416,
    "id": 29232,
    "source": "OA",
    "source_id": "fe1146bb9a437f3e",
    "housenumber": 2.06,
    "lat": 52.4225684,
    "lon": 13.2030383,
    "parity": "L",
    "proj_lat": 52.42250726653546,
    "proj_lon": 13.202859122444528,
    "marker-color": "#3366ff",
    "marker-symbol": "e"
  },
  {
    "rowid": 240417,
    "id": 29232,
    "source": "OA",
    "source_id": "87aa5d9108488e2c",
    "housenumber": 2.09,
    "lat": 52.4230003,
    "lon": 13.2033492,
    "parity": "L",
    "proj_lat": 52.4227554193544,
    "proj_lon": 13.202631459307888,
    "marker-color": "#3366ff",
    "marker-symbol": "e"
  },
  {
    "rowid": 240417,
    "id": 29232,
    "source": "OA",
    "source_id": "87aa5d9108488e2c",
    "housenumber": 2.09,
    "lat": 52.4230003,
    "lon": 13.2033492,
    "parity": "L",
    "proj_lat": 52.4227554193544,
    "proj_lon": 13.202631459307888,
    "marker-color": "#3366ff",
    "marker-symbol": "e"
  },
  {
    "rowid": 240418,
    "id": 29232,
    "source": "OA",
    "source_id": "8cdb96295bb65bc2",
    "housenumber": 2.12,
    "lat": 52.4229008,
    "lon": 13.2034634,
    "parity": "L",
    "proj_lat": 52.42264996393448,
    "proj_lon": 13.20272820739956,
    "marker-color": "#3366ff",
    "marker-symbol": "e"
  },
  {
    "rowid": 240418,
    "id": 29232,
    "source": "OA",
    "source_id": "8cdb96295bb65bc2",
    "housenumber": 2.12,
    "lat": 52.4229008,
    "lon": 13.2034634,
    "parity": "L",
    "proj_lat": 52.42264996393448,
    "proj_lon": 13.20272820739956,
    "marker-color": "#3366ff",
    "marker-symbol": "e"
  },
  {
    "rowid": 240419,
    "id": 29232,
    "source": "OA",
    "source_id": "79ad09b4f996cb64",
    "housenumber": 2.15,
    "lat": 52.4227994,
    "lon": 13.2035715,
    "parity": "L",
    "proj_lat": 52.42254464648488,
    "proj_lon": 13.20282482891295,
    "marker-color": "#3366ff",
    "marker-symbol": "e"
  },
  {
    "rowid": 240419,
    "id": 29232,
    "source": "OA",
    "source_id": "79ad09b4f996cb64",
    "housenumber": 2.15,
    "lat": 52.4227994,
    "lon": 13.2035715,
    "parity": "L",
    "proj_lat": 52.42254464648488,
    "proj_lon": 13.20282482891295,
    "marker-color": "#3366ff",
    "marker-symbol": "e"
  },
  {
    "rowid": 266955,
    "id": 29232,
    "source": "OA",
    "source_id": "7ca88281b82e5369",
    "housenumber": 3,
    "lat": 52.4216182,
    "lon": 13.2031428,
    "parity": "R",
    "proj_lat": 52.42176221558502,
    "proj_lon": 13.203552464638317,
    "marker-color": "#ff0000",
    "marker-symbol": "o"
  },
  {
    "rowid": 266955,
    "id": 29232,
    "source": "OA",
    "source_id": "7ca88281b82e5369",
    "housenumber": 3,
    "lat": 52.4216182,
    "lon": 13.2031428,
    "parity": "R",
    "proj_lat": 52.42176221558502,
    "proj_lon": 13.203552464638317,
    "marker-color": "#ff0000",
    "marker-symbol": "o"
  },
  {
    "rowid": 240420,
    "id": 29232,
    "source": "OA",
    "source_id": "e239ce78c69c1be4",
    "housenumber": 3.03,
    "lat": 52.4214924,
    "lon": 13.2035166,
    "parity": "R",
    "proj_lat": 52.42156915964471,
    "proj_lon": 13.203734948122781,
    "marker-color": "#ff0000",
    "marker-symbol": "o"
  },
  {
    "rowid": 240420,
    "id": 29232,
    "source": "OA",
    "source_id": "e239ce78c69c1be4",
    "housenumber": 3.03,
    "lat": 52.4214924,
    "lon": 13.2035166,
    "parity": "R",
    "proj_lat": 52.42156915964471,
    "proj_lon": 13.203734948122781,
    "marker-color": "#ff0000",
    "marker-symbol": "o"
  },
  {
    "rowid": 240421,
    "id": 29232,
    "source": "OA",
    "source_id": "b472a9ab4be9c8b2",
    "housenumber": 4,
    "lat": 52.4221229,
    "lon": 13.2040148,
    "parity": "L",
    "proj_lat": 52.421910949778216,
    "proj_lon": 13.203411875678508,
    "marker-color": "#3366ff",
    "marker-symbol": "e"
  },
  {
    "rowid": 240421,
    "id": 29232,
    "source": "OA",
    "source_id": "b472a9ab4be9c8b2",
    "housenumber": 4,
    "lat": 52.4221229,
    "lon": 13.2040148,
    "parity": "L",
    "proj_lat": 52.421910949778216,
    "proj_lon": 13.203411875678508,
    "marker-color": "#3366ff",
    "marker-symbol": "e"
  },
  {
    "rowid": 240422,
    "id": 29232,
    "source": "OA",
    "source_id": "721e85c4aac3247b",
    "housenumber": 4.03,
    "lat": 52.4222276,
    "lon": 13.2050323,
    "parity": "L",
    "proj_lat": 52.42172106067035,
    "proj_lon": 13.203591365757962,
    "marker-color": "#3366ff",
    "marker-symbol": "e"
  },
  {
    "rowid": 240422,
    "id": 29232,
    "source": "OA",
    "source_id": "721e85c4aac3247b",
    "housenumber": 4.03,
    "lat": 52.4222276,
    "lon": 13.2050323,
    "parity": "L",
    "proj_lat": 52.42172106067035,
    "proj_lon": 13.203591365757962,
    "marker-color": "#3366ff",
    "marker-symbol": "e"
  },
  {
    "rowid": 240423,
    "id": 29232,
    "source": "OA",
    "source_id": "36e7ca960b0266f7",
    "housenumber": 5,
    "lat": 52.4213224,
    "lon": 13.2036829,
    "parity": "R",
    "proj_lat": 52.42139767983893,
    "proj_lon": 13.203897037061473,
    "marker-color": "#ff0000",
    "marker-symbol": "o"
  },
  {
    "rowid": 240423,
    "id": 29232,
    "source": "OA",
    "source_id": "36e7ca960b0266f7",
    "housenumber": 5,
    "lat": 52.4213224,
    "lon": 13.2036829,
    "parity": "R",
    "proj_lat": 52.42139767983893,
    "proj_lon": 13.203897037061473,
    "marker-color": "#ff0000",
    "marker-symbol": "o"
  },
  {
    "rowid": 240424,
    "id": 29232,
    "source": "OA",
    "source_id": "21f827721058a46b",
    "housenumber": 6,
    "lat": 52.4217057,
    "lon": 13.2038704,
    "parity": "L",
    "proj_lat": 52.42163590410796,
    "proj_lon": 13.203671858832688,
    "marker-color": "#3366ff",
    "marker-symbol": "e"
  },
  {
    "rowid": 240424,
    "id": 29232,
    "source": "OA",
    "source_id": "21f827721058a46b",
    "housenumber": 6,
    "lat": 52.4217057,
    "lon": 13.2038704,
    "parity": "L",
    "proj_lat": 52.42163590410796,
    "proj_lon": 13.203671858832688,
    "marker-color": "#3366ff",
    "marker-symbol": "e"
  },
  {
    "rowid": 240425,
    "id": 29232,
    "source": "OA",
    "source_id": "76549f18dc195991",
    "housenumber": 6.03,
    "lat": 52.4215497,
    "lon": 13.2040151,
    "parity": "L",
    "proj_lat": 52.42148063117794,
    "proj_lon": 13.203818628443953,
    "marker-color": "#3366ff",
    "marker-symbol": "e"
  },
  {
    "rowid": 240425,
    "id": 29232,
    "source": "OA",
    "source_id": "76549f18dc195991",
    "housenumber": 6.03,
    "lat": 52.4215497,
    "lon": 13.2040151,
    "parity": "L",
    "proj_lat": 52.42148063117794,
    "proj_lon": 13.203818628443953,
    "marker-color": "#3366ff",
    "marker-symbol": "e"
  },
  {
    "rowid": 240426,
    "id": 29232,
    "source": "OA",
    "source_id": "776690d1e083d66f",
    "housenumber": 7,
    "lat": 52.421194,
    "lon": 13.2037975,
    "parity": "R",
    "proj_lat": 52.42127106612006,
    "proj_lon": 13.20401671694578,
    "marker-color": "#ff0000",
    "marker-symbol": "o"
  },
  {
    "rowid": 240426,
    "id": 29232,
    "source": "OA",
    "source_id": "776690d1e083d66f",
    "housenumber": 7,
    "lat": 52.421194,
    "lon": 13.2037975,
    "parity": "R",
    "proj_lat": 52.42127106612006,
    "proj_lon": 13.20401671694578,
    "marker-color": "#ff0000",
    "marker-symbol": "o"
  },
  {
    "rowid": 240427,
    "id": 29232,
    "source": "OA",
    "source_id": "69c7014048989a5f",
    "housenumber": 8,
    "lat": 52.4214094,
    "lon": 13.2042155,
    "parity": "L",
    "proj_lat": 52.4213224450919,
    "proj_lon": 13.20396815167607,
    "marker-color": "#3366ff",
    "marker-symbol": "e"
  },
  {
    "rowid": 240427,
    "id": 29232,
    "source": "OA",
    "source_id": "69c7014048989a5f",
    "housenumber": 8,
    "lat": 52.4214094,
    "lon": 13.2042155,
    "parity": "L",
    "proj_lat": 52.4213224450919,
    "proj_lon": 13.20396815167607,
    "marker-color": "#3366ff",
    "marker-symbol": "e"
  },
  {
    "rowid": 240428,
    "id": 29232,
    "source": "OA",
    "source_id": "ea118eec163dddb7",
    "housenumber": 8.03,
    "lat": 52.4215602,
    "lon": 13.2046512,
    "parity": "L",
    "proj_lat": 52.42132066770927,
    "proj_lon": 13.203969831722675,
    "marker-color": "#3366ff",
    "marker-symbol": "e"
  },
  {
    "rowid": 240428,
    "id": 29232,
    "source": "OA",
    "source_id": "ea118eec163dddb7",
    "housenumber": 8.03,
    "lat": 52.4215602,
    "lon": 13.2046512,
    "parity": "L",
    "proj_lat": 52.42132066770927,
    "proj_lon": 13.203969831722675,
    "marker-color": "#3366ff",
    "marker-symbol": "e"
  },
  {
    "rowid": 240429,
    "id": 29232,
    "source": "OA",
    "source_id": "dc502576d202b039",
    "housenumber": 9,
    "lat": 52.4210082,
    "lon": 13.2039776,
    "parity": "R",
    "proj_lat": 52.421084085764,
    "proj_lon": 13.20419345756741,
    "marker-color": "#ff0000",
    "marker-symbol": "o"
  },
  {
    "rowid": 240429,
    "id": 29232,
    "source": "OA",
    "source_id": "dc502576d202b039",
    "housenumber": 9,
    "lat": 52.4210082,
    "lon": 13.2039776,
    "parity": "R",
    "proj_lat": 52.421084085764,
    "proj_lon": 13.20419345756741,
    "marker-color": "#ff0000",
    "marker-symbol": "o"
  },
  {
    "rowid": 240430,
    "id": 29232,
    "source": "OA",
    "source_id": "7c5059908aa3e862",
    "housenumber": 9.03,
    "lat": 52.420891,
    "lon": 13.2039713,
    "parity": "R",
    "proj_lat": 52.42099778055253,
    "proj_lon": 13.204275036386953,
    "marker-color": "#ff0000",
    "marker-symbol": "o"
  },
  {
    "rowid": 240430,
    "id": 29232,
    "source": "OA",
    "source_id": "7c5059908aa3e862",
    "housenumber": 9.03,
    "lat": 52.420891,
    "lon": 13.2039713,
    "parity": "R",
    "proj_lat": 52.42099778055253,
    "proj_lon": 13.204275036386953,
    "marker-color": "#ff0000",
    "marker-symbol": "o"
  },
  {
    "rowid": 240431,
    "id": 29232,
    "source": "OA",
    "source_id": "af0a1887adfa1d99",
    "housenumber": 10,
    "lat": 52.4212751,
    "lon": 13.2043943,
    "parity": "L",
    "proj_lat": 52.42117446189528,
    "proj_lon": 13.20410803076665,
    "marker-color": "#3366ff",
    "marker-symbol": "e"
  },
  {
    "rowid": 240431,
    "id": 29232,
    "source": "OA",
    "source_id": "af0a1887adfa1d99",
    "housenumber": 10,
    "lat": 52.4212751,
    "lon": 13.2043943,
    "parity": "L",
    "proj_lat": 52.42117446189528,
    "proj_lon": 13.20410803076665,
    "marker-color": "#3366ff",
    "marker-symbol": "e"
  },
  {
    "rowid": 240432,
    "id": 29232,
    "source": "OA",
    "source_id": "ebb2c1f06f121ede",
    "housenumber": 11,
    "lat": 52.4205701,
    "lon": 13.2043854,
    "parity": "R",
    "proj_lat": 52.420645228042,
    "proj_lon": 13.20460487745463,
    "marker-color": "#ff0000",
    "marker-symbol": "o"
  },
  {
    "rowid": 240432,
    "id": 29232,
    "source": "OA",
    "source_id": "ebb2c1f06f121ede",
    "housenumber": 11,
    "lat": 52.4205701,
    "lon": 13.2043854,
    "parity": "R",
    "proj_lat": 52.420645228042,
    "proj_lon": 13.20460487745463,
    "marker-color": "#ff0000",
    "marker-symbol": "o"
  },
  {
    "rowid": 240433,
    "id": 29232,
    "source": "OA",
    "source_id": "45fb2d39a2856fbf",
    "housenumber": 12,
    "lat": 52.421017,
    "lon": 13.2045121,
    "parity": "L",
    "proj_lat": 52.42094965230581,
    "proj_lon": 13.204320528953254,
    "marker-color": "#3366ff",
    "marker-symbol": "e"
  },
  {
    "rowid": 240433,
    "id": 29232,
    "source": "OA",
    "source_id": "45fb2d39a2856fbf",
    "housenumber": 12,
    "lat": 52.421017,
    "lon": 13.2045121,
    "parity": "L",
    "proj_lat": 52.42094965230581,
    "proj_lon": 13.204320528953254,
    "marker-color": "#3366ff",
    "marker-symbol": "e"
  },
  {
    "rowid": 240434,
    "id": 29232,
    "source": "OA",
    "source_id": "e2d43ccc1492da0c",
    "housenumber": 13,
    "lat": 52.4203437,
    "lon": 13.2046039,
    "parity": "R",
    "proj_lat": 52.42041619078692,
    "proj_lon": 13.204815670859253,
    "marker-color": "#ff0000",
    "marker-symbol": "o"
  },
  {
    "rowid": 240434,
    "id": 29232,
    "source": "OA",
    "source_id": "e2d43ccc1492da0c",
    "housenumber": 13,
    "lat": 52.4203437,
    "lon": 13.2046039,
    "parity": "R",
    "proj_lat": 52.42041619078692,
    "proj_lon": 13.204815670859253,
    "marker-color": "#ff0000",
    "marker-symbol": "o"
  },
  {
    "rowid": 240435,
    "id": 29232,
    "source": "OA",
    "source_id": "7875a93c69d55575",
    "housenumber": 15,
    "lat": 52.4201909,
    "lon": 13.2046451,
    "parity": "R",
    "proj_lat": 52.420289272801526,
    "proj_lon": 13.20493247925464,
    "marker-color": "#ff0000",
    "marker-symbol": "o"
  },
  {
    "rowid": 240435,
    "id": 29232,
    "source": "OA",
    "source_id": "7875a93c69d55575",
    "housenumber": 15,
    "lat": 52.4201909,
    "lon": 13.2046451,
    "parity": "R",
    "proj_lat": 52.420289272801526,
    "proj_lon": 13.20493247925464,
    "marker-color": "#ff0000",
    "marker-symbol": "o"
  },
  {
    "rowid": 240436,
    "id": 29232,
    "source": "OA",
    "source_id": "74d1970062397595",
    "housenumber": 15.03,
    "lat": 52.4200503,
    "lon": 13.2042277,
    "parity": "R",
    "proj_lat": 52.42029100790917,
    "proj_lon": 13.204930882356146,
    "marker-color": "#ff0000",
    "marker-symbol": "o"
  },
  {
    "rowid": 240436,
    "id": 29232,
    "source": "OA",
    "source_id": "74d1970062397595",
    "housenumber": 15.03,
    "lat": 52.4200503,
    "lon": 13.2042277,
    "parity": "R",
    "proj_lat": 52.42029100790917,
    "proj_lon": 13.204930882356146,
    "marker-color": "#ff0000",
    "marker-symbol": "o"
  },
  {
    "rowid": 240437,
    "id": 29232,
    "source": "OA",
    "source_id": "3822a2e40e1a2c26",
    "housenumber": 15.06,
    "lat": 52.4198858,
    "lon": 13.2043597,
    "parity": "R",
    "proj_lat": 52.42013155838583,
    "proj_lon": 13.205077631005741,
    "marker-color": "#ff0000",
    "marker-symbol": "o"
  },
  {
    "rowid": 240437,
    "id": 29232,
    "source": "OA",
    "source_id": "3822a2e40e1a2c26",
    "housenumber": 15.06,
    "lat": 52.4198858,
    "lon": 13.2043597,
    "parity": "R",
    "proj_lat": 52.42013155838583,
    "proj_lon": 13.205077631005741,
    "marker-color": "#ff0000",
    "marker-symbol": "o"
  },
  {
    "rowid": 240438,
    "id": 29232,
    "source": "OA",
    "source_id": "338bcb216e4d5e61",
    "housenumber": 16,
    "lat": 52.4204091,
    "lon": 13.2051074,
    "parity": "L",
    "proj_lat": 52.42033486126141,
    "proj_lon": 13.204890522121215,
    "marker-color": "#3366ff",
    "marker-symbol": "e"
  },
  {
    "rowid": 240438,
    "id": 29232,
    "source": "OA",
    "source_id": "338bcb216e4d5e61",
    "housenumber": 16,
    "lat": 52.4204091,
    "lon": 13.2051074,
    "parity": "L",
    "proj_lat": 52.42033486126141,
    "proj_lon": 13.204890522121215,
    "marker-color": "#3366ff",
    "marker-symbol": "e"
  },
  {
    "rowid": 240439,
    "id": 29232,
    "source": "OA",
    "source_id": "0cdb4eedf6d61fee",
    "housenumber": 17,
    "lat": 52.4200309,
    "lon": 13.2048414,
    "parity": "R",
    "proj_lat": 52.420116506775926,
    "proj_lon": 13.205091483687033,
    "marker-color": "#ff0000",
    "marker-symbol": "o"
  },
  {
    "rowid": 240439,
    "id": 29232,
    "source": "OA",
    "source_id": "0cdb4eedf6d61fee",
    "housenumber": 17,
    "lat": 52.4200309,
    "lon": 13.2048414,
    "parity": "R",
    "proj_lat": 52.420116506775926,
    "proj_lon": 13.205091483687033,
    "marker-color": "#ff0000",
    "marker-symbol": "o"
  },
  {
    "rowid": 240440,
    "id": 29232,
    "source": "OA",
    "source_id": "60eaa1d5de9a4f60",
    "housenumber": 18,
    "lat": 52.4202357,
    "lon": 13.2053394,
    "parity": "L",
    "proj_lat": 52.42014261174712,
    "proj_lon": 13.205067458094542,
    "marker-color": "#3366ff",
    "marker-symbol": "e"
  },
  {
    "rowid": 240440,
    "id": 29232,
    "source": "OA",
    "source_id": "60eaa1d5de9a4f60",
    "housenumber": 18,
    "lat": 52.4202357,
    "lon": 13.2053394,
    "parity": "L",
    "proj_lat": 52.42014261174712,
    "proj_lon": 13.205067458094542,
    "marker-color": "#3366ff",
    "marker-symbol": "e"
  },
  {
    "rowid": 240441,
    "id": 29232,
    "source": "OA",
    "source_id": "568e7dd8f960683d",
    "housenumber": 18.03,
    "lat": 52.4203274,
    "lon": 13.2056451,
    "parity": "L",
    "proj_lat": 52.42013276936504,
    "proj_lon": 13.205076516486493,
    "marker-color": "#3366ff",
    "marker-symbol": "e"
  },
  {
    "rowid": 240441,
    "id": 29232,
    "source": "OA",
    "source_id": "568e7dd8f960683d",
    "housenumber": 18.03,
    "lat": 52.4203274,
    "lon": 13.2056451,
    "parity": "L",
    "proj_lat": 52.42013276936504,
    "proj_lon": 13.205076516486493,
    "marker-color": "#3366ff",
    "marker-symbol": "e"
  },
  {
    "rowid": 240442,
    "id": 29232,
    "source": "OA",
    "source_id": "0f400bf7a1cb8acb",
    "housenumber": 18.06,
    "lat": 52.4204551,
    "lon": 13.2060151,
    "parity": "L",
    "proj_lat": 52.42013356624883,
    "proj_lon": 13.205075783078092,
    "marker-color": "#3366ff",
    "marker-symbol": "e"
  },
  {
    "rowid": 240442,
    "id": 29232,
    "source": "OA",
    "source_id": "0f400bf7a1cb8acb",
    "housenumber": 18.06,
    "lat": 52.4204551,
    "lon": 13.2060151,
    "parity": "L",
    "proj_lat": 52.42013356624883,
    "proj_lon": 13.205075783078092,
    "marker-color": "#3366ff",
    "marker-symbol": "e"
  },
  {
    "rowid": 240443,
    "id": 29232,
    "source": "OA",
    "source_id": "fe24dfd21d5a8171",
    "housenumber": 19,
    "lat": 52.4199152,
    "lon": 13.2050001,
    "parity": "R",
    "proj_lat": 52.41998721498936,
    "proj_lon": 13.205210476799616,
    "marker-color": "#ff0000",
    "marker-symbol": "o"
  },
  {
    "rowid": 240443,
    "id": 29232,
    "source": "OA",
    "source_id": "fe24dfd21d5a8171",
    "housenumber": 19,
    "lat": 52.4199152,
    "lon": 13.2050001,
    "parity": "R",
    "proj_lat": 52.41998721498936,
    "proj_lon": 13.205210476799616,
    "marker-color": "#ff0000",
    "marker-symbol": "o"
  },
  {
    "rowid": 240444,
    "id": 29232,
    "source": "OA",
    "source_id": "7d39f1ba849f2614",
    "housenumber": 19.03,
    "lat": 52.4198564,
    "lon": 13.2050573,
    "parity": "R",
    "proj_lat": 52.41992761243303,
    "proj_lon": 13.205265331743497,
    "marker-color": "#ff0000",
    "marker-symbol": "o"
  },
  {
    "rowid": 240444,
    "id": 29232,
    "source": "OA",
    "source_id": "7d39f1ba849f2614",
    "housenumber": 19.03,
    "lat": 52.4198564,
    "lon": 13.2050573,
    "parity": "R",
    "proj_lat": 52.41992761243303,
    "proj_lon": 13.205265331743497,
    "marker-color": "#ff0000",
    "marker-symbol": "o"
  },
  {
    "rowid": 240445,
    "id": 29232,
    "source": "OA",
    "source_id": "5fd306546751d2eb",
    "housenumber": 19.06,
    "lat": 52.419395,
    "lon": 13.2054763,
    "parity": "R",
    "proj_lat": 52.41947982582438,
    "proj_lon": 13.20570148849632,
    "marker-color": "#ff0000",
    "marker-symbol": "o"
  },
  {
    "rowid": 240445,
    "id": 29232,
    "source": "OA",
    "source_id": "5fd306546751d2eb",
    "housenumber": 19.06,
    "lat": 52.419395,
    "lon": 13.2054763,
    "parity": "R",
    "proj_lat": 52.41947982582438,
    "proj_lon": 13.20570148849632,
    "marker-color": "#ff0000",
    "marker-symbol": "o"
  },
  {
    "rowid": 240446,
    "id": 29232,
    "source": "OA",
    "source_id": "eb95d06024d3e5e4",
    "housenumber": 20,
    "lat": 52.4201127,
    "lon": 13.205583,
    "parity": "L",
    "proj_lat": 52.419985668372696,
    "proj_lon": 13.20521190022129,
    "marker-color": "#3366ff",
    "marker-symbol": "e"
  },
  {
    "rowid": 240446,
    "id": 29232,
    "source": "OA",
    "source_id": "eb95d06024d3e5e4",
    "housenumber": 20,
    "lat": 52.4201127,
    "lon": 13.205583,
    "parity": "L",
    "proj_lat": 52.419985668372696,
    "proj_lon": 13.20521190022129,
    "marker-color": "#3366ff",
    "marker-symbol": "e"
  },
  {
    "rowid": 240447,
    "id": 29232,
    "source": "OA",
    "source_id": "417bc15d92f9420b",
    "housenumber": 20.03,
    "lat": 52.4202075,
    "lon": 13.205862,
    "parity": "L",
    "proj_lat": 52.41998513312,
    "proj_lon": 13.20521239283869,
    "marker-color": "#3366ff",
    "marker-symbol": "e"
  },
  {
    "rowid": 240447,
    "id": 29232,
    "source": "OA",
    "source_id": "417bc15d92f9420b",
    "housenumber": 20.03,
    "lat": 52.4202075,
    "lon": 13.205862,
    "parity": "L",
    "proj_lat": 52.41998513312,
    "proj_lon": 13.20521239283869,
    "marker-color": "#3366ff",
    "marker-symbol": "e"
  },
  {
    "rowid": 240448,
    "id": 29232,
    "source": "OA",
    "source_id": "17351e76181fb146",
    "housenumber": 20.06,
    "lat": 52.4203063,
    "lon": 13.2061481,
    "parity": "L",
    "proj_lat": 52.41998579211757,
    "proj_lon": 13.205211786333251,
    "marker-color": "#3366ff",
    "marker-symbol": "e"
  },
  {
    "rowid": 240448,
    "id": 29232,
    "source": "OA",
    "source_id": "17351e76181fb146",
    "housenumber": 20.06,
    "lat": 52.4203063,
    "lon": 13.2061481,
    "parity": "L",
    "proj_lat": 52.41998579211757,
    "proj_lon": 13.205211786333251,
    "marker-color": "#3366ff",
    "marker-symbol": "e"
  },
  {
    "rowid": 240449,
    "id": 29232,
    "source": "OA",
    "source_id": "7a402f52e59a59db",
    "housenumber": 20.09,
    "lat": 52.4201683,
    "lon": 13.2062011,
    "parity": "L",
    "proj_lat": 52.41986705504232,
    "proj_lon": 13.205321065464892,
    "marker-color": "#3366ff",
    "marker-symbol": "e"
  },
  {
    "rowid": 240449,
    "id": 29232,
    "source": "OA",
    "source_id": "7a402f52e59a59db",
    "housenumber": 20.09,
    "lat": 52.4201683,
    "lon": 13.2062011,
    "parity": "L",
    "proj_lat": 52.41986705504232,
    "proj_lon": 13.205321065464892,
    "marker-color": "#3366ff",
    "marker-symbol": "e"
  },
  {
    "rowid": 240450,
    "id": 29232,
    "source": "OA",
    "source_id": "5f2698f2a42acdbc",
    "housenumber": 21,
    "lat": 52.4191072,
    "lon": 13.2052162,
    "parity": "R",
    "proj_lat": 52.41934242286395,
    "proj_lon": 13.205840641812939,
    "marker-color": "#ff0000",
    "marker-symbol": "o"
  },
  {
    "rowid": 240450,
    "id": 29232,
    "source": "OA",
    "source_id": "5f2698f2a42acdbc",
    "housenumber": 21,
    "lat": 52.4191072,
    "lon": 13.2052162,
    "parity": "R",
    "proj_lat": 52.41934242286395,
    "proj_lon": 13.205840641812939,
    "marker-color": "#ff0000",
    "marker-symbol": "o"
  },
  {
    "rowid": 240451,
    "id": 29232,
    "source": "OA",
    "source_id": "329926b060c3e25b",
    "housenumber": 22,
    "lat": 52.4199978,
    "lon": 13.2057818,
    "parity": "L",
    "proj_lat": 52.41984654589549,
    "proj_lon": 13.205339940965667,
    "marker-color": "#3366ff",
    "marker-symbol": "e"
  },
  {
    "rowid": 240451,
    "id": 29232,
    "source": "OA",
    "source_id": "329926b060c3e25b",
    "housenumber": 22,
    "lat": 52.4199978,
    "lon": 13.2057818,
    "parity": "L",
    "proj_lat": 52.41984654589549,
    "proj_lon": 13.205339940965667,
    "marker-color": "#3366ff",
    "marker-symbol": "e"
  },
  {
    "rowid": 240452,
    "id": 29232,
    "source": "OA",
    "source_id": "31915d06e475d462",
    "housenumber": 23,
    "lat": 52.4190874,
    "lon": 13.2057768,
    "parity": "R",
    "proj_lat": 52.41917523110302,
    "proj_lon": 13.20600996340522,
    "marker-color": "#ff0000",
    "marker-symbol": "o"
  },
  {
    "rowid": 240452,
    "id": 29232,
    "source": "OA",
    "source_id": "31915d06e475d462",
    "housenumber": 23,
    "lat": 52.4190874,
    "lon": 13.2057768,
    "parity": "R",
    "proj_lat": 52.41917523110302,
    "proj_lon": 13.20600996340522,
    "marker-color": "#ff0000",
    "marker-symbol": "o"
  },
  {
    "rowid": 240453,
    "id": 29232,
    "source": "OA",
    "source_id": "5843c50b4d79c12e",
    "housenumber": 23.03,
    "lat": 52.4189622,
    "lon": 13.2052832,
    "parity": "R",
    "proj_lat": 52.41921919610252,
    "proj_lon": 13.205965438342037,
    "marker-color": "#ff0000",
    "marker-symbol": "o"
  },
  {
    "rowid": 240453,
    "id": 29232,
    "source": "OA",
    "source_id": "5843c50b4d79c12e",
    "housenumber": 23.03,
    "lat": 52.4189622,
    "lon": 13.2052832,
    "parity": "R",
    "proj_lat": 52.41921919610252,
    "proj_lon": 13.205965438342037,
    "marker-color": "#ff0000",
    "marker-symbol": "o"
  },
  {
    "rowid": 240454,
    "id": 29232,
    "source": "OA",
    "source_id": "c52b710cfaeb6f63",
    "housenumber": 23.06,
    "lat": 52.4189155,
    "lon": 13.2053277,
    "parity": "R",
    "proj_lat": 52.41917325859136,
    "proj_lon": 13.206011961044423,
    "marker-color": "#ff0000",
    "marker-symbol": "o"
  },
  {
    "rowid": 240454,
    "id": 29232,
    "source": "OA",
    "source_id": "c52b710cfaeb6f63",
    "housenumber": 23.06,
    "lat": 52.4189155,
    "lon": 13.2053277,
    "parity": "R",
    "proj_lat": 52.41917325859136,
    "proj_lon": 13.206011961044423,
    "marker-color": "#ff0000",
    "marker-symbol": "o"
  },
  {
    "rowid": 240455,
    "id": 29232,
    "source": "OA",
    "source_id": "7b90d28757295abb",
    "housenumber": 24,
    "lat": 52.4197598,
    "lon": 13.2056965,
    "parity": "L",
    "proj_lat": 52.41968384845231,
    "proj_lon": 13.205494866854025,
    "marker-color": "#3366ff",
    "marker-symbol": "e"
  },
  {
    "rowid": 240455,
    "id": 29232,
    "source": "OA",
    "source_id": "7b90d28757295abb",
    "housenumber": 24,
    "lat": 52.4197598,
    "lon": 13.2056965,
    "parity": "L",
    "proj_lat": 52.41968384845231,
    "proj_lon": 13.205494866854025,
    "marker-color": "#3366ff",
    "marker-symbol": "e"
  },
  {
    "rowid": 262441,
    "id": 29232,
    "source": "OA",
    "source_id": "f59c230dddf0d75c",
    "housenumber": 24.03,
    "lat": 52.4199799,
    "lon": 13.2063845,
    "parity": "L",
    "proj_lat": 52.41965557886521,
    "proj_lon": 13.205523496563254,
    "marker-color": "#3366ff",
    "marker-symbol": "e"
  },
  {
    "rowid": 262441,
    "id": 29232,
    "source": "OA",
    "source_id": "f59c230dddf0d75c",
    "housenumber": 24.03,
    "lat": 52.4199799,
    "lon": 13.2063845,
    "parity": "L",
    "proj_lat": 52.41965557886521,
    "proj_lon": 13.205523496563254,
    "marker-color": "#3366ff",
    "marker-symbol": "e"
  },
  {
    "rowid": 262442,
    "id": 29232,
    "source": "OA",
    "source_id": "62165e93bab15474",
    "housenumber": 24.06,
    "lat": 52.419985,
    "lon": 13.2064447,
    "parity": "L",
    "proj_lat": 52.41964285628784,
    "proj_lon": 13.205536381211678,
    "marker-color": "#3366ff",
    "marker-symbol": "e"
  },
  {
    "rowid": 262442,
    "id": 29232,
    "source": "OA",
    "source_id": "62165e93bab15474",
    "housenumber": 24.06,
    "lat": 52.419985,
    "lon": 13.2064447,
    "parity": "L",
    "proj_lat": 52.41964285628784,
    "proj_lon": 13.205536381211678,
    "marker-color": "#3366ff",
    "marker-symbol": "e"
  },
  {
    "rowid": 240456,
    "id": 29232,
    "source": "OA",
    "source_id": "b07145fd55dbbd51",
    "housenumber": 25,
    "lat": 52.4189375,
    "lon": 13.2058002,
    "parity": "R",
    "proj_lat": 52.41906034531967,
    "proj_lon": 13.206126312701732,
    "marker-color": "#ff0000",
    "marker-symbol": "o"
  },
  {
    "rowid": 240456,
    "id": 29232,
    "source": "OA",
    "source_id": "b07145fd55dbbd51",
    "housenumber": 25,
    "lat": 52.4189375,
    "lon": 13.2058002,
    "parity": "R",
    "proj_lat": 52.41906034531967,
    "proj_lon": 13.206126312701732,
    "marker-color": "#ff0000",
    "marker-symbol": "o"
  },
  {
    "rowid": 240457,
    "id": 29232,
    "source": "OA",
    "source_id": "c42e505863a509af",
    "housenumber": 25.03,
    "lat": 52.4188858,
    "lon": 13.2058485,
    "parity": "R",
    "proj_lat": 52.41900975219929,
    "proj_lon": 13.206177550320463,
    "marker-color": "#ff0000",
    "marker-symbol": "o"
  },
  {
    "rowid": 240457,
    "id": 29232,
    "source": "OA",
    "source_id": "c42e505863a509af",
    "housenumber": 25.03,
    "lat": 52.4188858,
    "lon": 13.2058485,
    "parity": "R",
    "proj_lat": 52.41900975219929,
    "proj_lon": 13.206177550320463,
    "marker-color": "#ff0000",
    "marker-symbol": "o"
  },
  {
    "rowid": 240458,
    "id": 29232,
    "source": "OA",
    "source_id": "c280ee8b068fe7e6",
    "housenumber": 25.06,
    "lat": 52.4188346,
    "lon": 13.2054938,
    "parity": "R",
    "proj_lat": 52.419069408490635,
    "proj_lon": 13.206117134076365,
    "marker-color": "#ff0000",
    "marker-symbol": "o"
  },
  {
    "rowid": 240458,
    "id": 29232,
    "source": "OA",
    "source_id": "c280ee8b068fe7e6",
    "housenumber": 25.06,
    "lat": 52.4188346,
    "lon": 13.2054938,
    "parity": "R",
    "proj_lat": 52.419069408490635,
    "proj_lon": 13.206117134076365,
    "marker-color": "#ff0000",
    "marker-symbol": "o"
  },
  {
    "rowid": 240459,
    "id": 29232,
    "source": "OA",
    "source_id": "422d36a2f904f64e",
    "housenumber": 25.09,
    "lat": 52.4187806,
    "lon": 13.2055433,
    "parity": "R",
    "proj_lat": 52.419016823512585,
    "proj_lon": 13.206170388926742,
    "marker-color": "#ff0000",
    "marker-symbol": "o"
  },
  {
    "rowid": 240459,
    "id": 29232,
    "source": "OA",
    "source_id": "422d36a2f904f64e",
    "housenumber": 25.09,
    "lat": 52.4187806,
    "lon": 13.2055433,
    "parity": "R",
    "proj_lat": 52.419016823512585,
    "proj_lon": 13.206170388926742,
    "marker-color": "#ff0000",
    "marker-symbol": "o"
  },
  {
    "rowid": 240460,
    "id": 29232,
    "source": "OA",
    "source_id": "0257fa71113da548",
    "housenumber": 26,
    "lat": 52.4197955,
    "lon": 13.2065111,
    "parity": "L",
    "proj_lat": 52.41948757744406,
    "proj_lon": 13.205693638129901,
    "marker-color": "#3366ff",
    "marker-symbol": "e"
  },
  {
    "rowid": 240460,
    "id": 29232,
    "source": "OA",
    "source_id": "0257fa71113da548",
    "housenumber": 26,
    "lat": 52.4197955,
    "lon": 13.2065111,
    "parity": "L",
    "proj_lat": 52.41948757744406,
    "proj_lon": 13.205693638129901,
    "marker-color": "#3366ff",
    "marker-symbol": "e"
  },
  {
    "rowid": 240461,
    "id": 29232,
    "source": "OA",
    "source_id": "cd8df79ba1c5bd9e",
    "housenumber": 27,
    "lat": 52.4187486,
    "lon": 13.2059658,
    "parity": "R",
    "proj_lat": 52.41887845555111,
    "proj_lon": 13.206310519537409,
    "marker-color": "#ff0000",
    "marker-symbol": "o"
  },
  {
    "rowid": 240461,
    "id": 29232,
    "source": "OA",
    "source_id": "cd8df79ba1c5bd9e",
    "housenumber": 27,
    "lat": 52.4187486,
    "lon": 13.2059658,
    "parity": "R",
    "proj_lat": 52.41887845555111,
    "proj_lon": 13.206310519537409,
    "marker-color": "#ff0000",
    "marker-symbol": "o"
  },
  {
    "rowid": 240462,
    "id": 29232,
    "source": "OA",
    "source_id": "87c645afcd731ffe",
    "housenumber": 28,
    "lat": 52.419635,
    "lon": 13.206612,
    "parity": "L",
    "proj_lat": 52.4193438842343,
    "proj_lon": 13.20583916182641,
    "marker-color": "#3366ff",
    "marker-symbol": "e"
  },
  {
    "rowid": 240462,
    "id": 29232,
    "source": "OA",
    "source_id": "87c645afcd731ffe",
    "housenumber": 28,
    "lat": 52.419635,
    "lon": 13.206612,
    "parity": "L",
    "proj_lat": 52.4193438842343,
    "proj_lon": 13.20583916182641,
    "marker-color": "#3366ff",
    "marker-symbol": "e"
  },
  {
    "rowid": 240463,
    "id": 29232,
    "source": "OA",
    "source_id": "0fee08aeaa321051",
    "housenumber": 30,
    "lat": 52.4192729,
    "lon": 13.2061614,
    "parity": "L",
    "proj_lat": 52.41920463721925,
    "proj_lon": 13.20598018268878,
    "marker-color": "#3366ff",
    "marker-symbol": "e"
  },
  {
    "rowid": 240463,
    "id": 29232,
    "source": "OA",
    "source_id": "0fee08aeaa321051",
    "housenumber": 30,
    "lat": 52.4192729,
    "lon": 13.2061614,
    "parity": "L",
    "proj_lat": 52.41920463721925,
    "proj_lon": 13.20598018268878,
    "marker-color": "#3366ff",
    "marker-symbol": "e"
  },
  {
    "rowid": 240464,
    "id": 29232,
    "source": "OA",
    "source_id": "579e55203b4d1ac7",
    "housenumber": 32,
    "lat": 52.4191848,
    "lon": 13.206466,
    "parity": "L",
    "proj_lat": 52.41905780987012,
    "proj_lon": 13.20612888045001,
    "marker-color": "#3366ff",
    "marker-symbol": "e"
  },
  {
    "rowid": 240464,
    "id": 29232,
    "source": "OA",
    "source_id": "579e55203b4d1ac7",
    "housenumber": 32,
    "lat": 52.4191848,
    "lon": 13.206466,
    "parity": "L",
    "proj_lat": 52.41905780987012,
    "proj_lon": 13.20612888045001,
    "marker-color": "#3366ff",
    "marker-symbol": "e"
  },
  {
    "rowid": 262018,
    "id": 29232,
    "source": "OA",
    "source_id": "3b7b6acd7872a4da",
    "housenumber": 32.03,
    "lat": 52.4193163,
    "lon": 13.2067623,
    "parity": "L",
    "proj_lat": 52.419072205708396,
    "proj_lon": 13.206114301225254,
    "marker-color": "#3366ff",
    "marker-symbol": "e"
  },
  {
    "rowid": 262018,
    "id": 29232,
    "source": "OA",
    "source_id": "3b7b6acd7872a4da",
    "housenumber": 32.03,
    "lat": 52.4193163,
    "lon": 13.2067623,
    "parity": "L",
    "proj_lat": 52.419072205708396,
    "proj_lon": 13.206114301225254,
    "marker-color": "#3366ff",
    "marker-symbol": "e"
  },
  {
    "rowid": 240465,
    "id": 29232,
    "source": "OA",
    "source_id": "a555b0838c8084da",
    "housenumber": 34,
    "lat": 52.4190055,
    "lon": 13.2064323,
    "parity": "L",
    "proj_lat": 52.418937211089485,
    "proj_lon": 13.20625101552084,
    "marker-color": "#3366ff",
    "marker-symbol": "e"
  },
  {
    "rowid": 240465,
    "id": 29232,
    "source": "OA",
    "source_id": "a555b0838c8084da",
    "housenumber": 34,
    "lat": 52.4190055,
    "lon": 13.2064323,
    "parity": "L",
    "proj_lat": 52.418937211089485,
    "proj_lon": 13.20625101552084,
    "marker-color": "#3366ff",
    "marker-symbol": "e"
  },
  {
    "rowid": 240466,
    "id": 29232,
    "source": "OA",
    "source_id": "0dae281432c9d50d",
    "housenumber": 36,
    "lat": 52.4189608,
    "lon": 13.2064885,
    "parity": "L",
    "proj_lat": 52.418889530522236,
    "proj_lon": 13.20629930348385,
    "marker-color": "#3366ff",
    "marker-symbol": "e"
  },
  {
    "rowid": 240466,
    "id": 29232,
    "source": "OA",
    "source_id": "0dae281432c9d50d",
    "housenumber": 36,
    "lat": 52.4189608,
    "lon": 13.2064885,
    "parity": "L",
    "proj_lat": 52.418889530522236,
    "proj_lon": 13.20629930348385,
    "marker-color": "#3366ff",
    "marker-symbol": "e"
  },
  {
    "rowid": 240467,
    "id": 29232,
    "source": "OA",
    "source_id": "40c6557ff7a65ba4",
    "housenumber": 38,
    "lat": 52.4188348,
    "lon": 13.2065725,
    "parity": "L",
    "proj_lat": 52.41877542018817,
    "proj_lon": 13.206414867452743,
    "marker-color": "#3366ff",
    "marker-symbol": "e"
  },
  {
    "rowid": 240467,
    "id": 29232,
    "source": "OA",
    "source_id": "40c6557ff7a65ba4",
    "housenumber": 38,
    "lat": 52.4188348,
    "lon": 13.2065725,
    "parity": "L",
    "proj_lat": 52.41877542018817,
    "proj_lon": 13.206414867452743,
    "marker-color": "#3366ff",
    "marker-symbol": "e"
  }
]
