[
  {
    "rowid": 276646,
    "id": 19972,
    "source": "OA",
    "source_id": "467c72a7ce3c0446",
    "housenumber": 1,
    "lat": 52.4555364,
    "lon": 13.3259164,
    "parity": "L",
    "proj_lat": 52.45560241338238,
    "proj_lon": 13.325755518316639,
    "marker-color": "#3366ff",
    "marker-symbol": "o"
  },
  {
    "rowid": 276646,
    "id": 19972,
    "source": "OA",
    "source_id": "467c72a7ce3c0446",
    "housenumber": 1,
    "lat": 52.4555364,
    "lon": 13.3259164,
    "parity": "L",
    "proj_lat": 52.45560241338238,
    "proj_lon": 13.325755518316639,
    "marker-color": "#3366ff",
    "marker-symbol": "o"
  },
  {
    "rowid": 276647,
    "id": 19972,
    "source": "OA",
    "source_id": "f0dc93a425e77da1",
    "housenumber": 2,
    "lat": 52.4556463,
    "lon": 13.3260333,
    "parity": "L",
    "proj_lat": 52.45571103227205,
    "proj_lon": 13.32587553973228,
    "marker-color": "#3366ff",
    "marker-symbol": "e"
  },
  {
    "rowid": 276647,
    "id": 19972,
    "source": "OA",
    "source_id": "f0dc93a425e77da1",
    "housenumber": 2,
    "lat": 52.4556463,
    "lon": 13.3260333,
    "parity": "L",
    "proj_lat": 52.45571103227205,
    "proj_lon": 13.32587553973228,
    "marker-color": "#3366ff",
    "marker-symbol": "e"
  },
  {
    "rowid": 276648,
    "id": 19972,
    "source": "OA",
    "source_id": "c05b2b045b9e44b1",
    "housenumber": 3,
    "lat": 52.4557673,
    "lon": 13.326162,
    "parity": "L",
    "proj_lat": 52.45583061980056,
    "proj_lon": 13.326007681245686,
    "marker-color": "#3366ff",
    "marker-symbol": "o"
  },
  {
    "rowid": 276648,
    "id": 19972,
    "source": "OA",
    "source_id": "c05b2b045b9e44b1",
    "housenumber": 3,
    "lat": 52.4557673,
    "lon": 13.326162,
    "parity": "L",
    "proj_lat": 52.45583061980056,
    "proj_lon": 13.326007681245686,
    "marker-color": "#3366ff",
    "marker-symbol": "o"
  },
  {
    "rowid": 310844,
    "id": 19972,
    "source": "OA",
    "source_id": "71189eb70f5a3d6f",
    "housenumber": 4,
    "lat": 52.4559138,
    "lon": 13.3263102,
    "parity": "L",
    "proj_lat": 52.45597325765355,
    "proj_lon": 13.32616529284614,
    "marker-color": "#3366ff",
    "marker-symbol": "e"
  },
  {
    "rowid": 310844,
    "id": 19972,
    "source": "OA",
    "source_id": "71189eb70f5a3d6f",
    "housenumber": 4,
    "lat": 52.4559138,
    "lon": 13.3263102,
    "parity": "L",
    "proj_lat": 52.45597325765355,
    "proj_lon": 13.32616529284614,
    "marker-color": "#3366ff",
    "marker-symbol": "e"
  },
  {
    "rowid": 276649,
    "id": 19972,
    "source": "OA",
    "source_id": "37889aacc350d6e8",
    "housenumber": 5,
    "lat": 52.45603,
    "lon": 13.3264419,
    "parity": "L",
    "proj_lat": 52.45609038953795,
    "proj_lon": 13.32629472092836,
    "marker-color": "#3366ff",
    "marker-symbol": "o"
  },
  {
    "rowid": 276649,
    "id": 19972,
    "source": "OA",
    "source_id": "37889aacc350d6e8",
    "housenumber": 5,
    "lat": 52.45603,
    "lon": 13.3264419,
    "parity": "L",
    "proj_lat": 52.45609038953795,
    "proj_lon": 13.32629472092836,
    "marker-color": "#3366ff",
    "marker-symbol": "o"
  },
  {
    "rowid": 276650,
    "id": 19972,
    "source": "OA",
    "source_id": "6e6a83f52489dfa3",
    "housenumber": 6,
    "lat": 52.4561329,
    "lon": 13.3265635,
    "parity": "L",
    "proj_lat": 52.45619551901413,
    "proj_lon": 13.326410886621048,
    "marker-color": "#3366ff",
    "marker-symbol": "e"
  },
  {
    "rowid": 276650,
    "id": 19972,
    "source": "OA",
    "source_id": "6e6a83f52489dfa3",
    "housenumber": 6,
    "lat": 52.4561329,
    "lon": 13.3265635,
    "parity": "L",
    "proj_lat": 52.45619551901413,
    "proj_lon": 13.326410886621048,
    "marker-color": "#3366ff",
    "marker-symbol": "e"
  },
  {
    "rowid": 276651,
    "id": 19972,
    "source": "OA",
    "source_id": "9ce8c15918ca6a12",
    "housenumber": 7,
    "lat": 52.4562221,
    "lon": 13.3266493,
    "parity": "L",
    "proj_lat": 52.45628111539408,
    "proj_lon": 13.326505468684315,
    "marker-color": "#3366ff",
    "marker-symbol": "o"
  },
  {
    "rowid": 276651,
    "id": 19972,
    "source": "OA",
    "source_id": "9ce8c15918ca6a12",
    "housenumber": 7,
    "lat": 52.4562221,
    "lon": 13.3266493,
    "parity": "L",
    "proj_lat": 52.45628111539408,
    "proj_lon": 13.326505468684315,
    "marker-color": "#3366ff",
    "marker-symbol": "o"
  },
  {
    "rowid": 276652,
    "id": 19972,
    "source": "OA",
    "source_id": "5c22733decf27432",
    "housenumber": 8,
    "lat": 52.4563366,
    "lon": 13.3267704,
    "parity": "L",
    "proj_lat": 52.456394085074294,
    "proj_lon": 13.326630297625083,
    "marker-color": "#3366ff",
    "marker-symbol": "e"
  },
  {
    "rowid": 276652,
    "id": 19972,
    "source": "OA",
    "source_id": "5c22733decf27432",
    "housenumber": 8,
    "lat": 52.4563366,
    "lon": 13.3267704,
    "parity": "L",
    "proj_lat": 52.456394085074294,
    "proj_lon": 13.326630297625083,
    "marker-color": "#3366ff",
    "marker-symbol": "e"
  },
  {
    "rowid": 276653,
    "id": 19972,
    "source": "OA",
    "source_id": "26f02c6d3d479154",
    "housenumber": 9,
    "lat": 52.4567103,
    "lon": 13.3271055,
    "parity": "L",
    "proj_lat": 52.456716987580215,
    "proj_lon": 13.32685335625573,
    "marker-color": "#3366ff",
    "marker-symbol": "o"
  },
  {
    "rowid": 276653,
    "id": 19972,
    "source": "OA",
    "source_id": "26f02c6d3d479154",
    "housenumber": 9,
    "lat": 52.4567103,
    "lon": 13.3271055,
    "parity": "L",
    "proj_lat": 52.456716987580215,
    "proj_lon": 13.32685335625573,
    "marker-color": "#3366ff",
    "marker-symbol": "o"
  },
  {
    "rowid": 276654,
    "id": 19972,
    "source": "OA",
    "source_id": "c1b397a2687641b7",
    "housenumber": 9.03,
    "lat": 52.4568639,
    "lon": 13.3270967,
    "parity": "L",
    "proj_lat": 52.456870064133504,
    "proj_lon": 13.326864290295251,
    "marker-color": "#3366ff",
    "marker-symbol": "o"
  },
  {
    "rowid": 276654,
    "id": 19972,
    "source": "OA",
    "source_id": "c1b397a2687641b7",
    "housenumber": 9.03,
    "lat": 52.4568639,
    "lon": 13.3270967,
    "parity": "L",
    "proj_lat": 52.456870064133504,
    "proj_lon": 13.326864290295251,
    "marker-color": "#3366ff",
    "marker-symbol": "o"
  },
  {
    "rowid": 276655,
    "id": 19972,
    "source": "OA",
    "source_id": "3ff6936e740fbd8c",
    "housenumber": 10,
    "lat": 52.4569895,
    "lon": 13.3271031,
    "parity": "L",
    "proj_lat": 52.456995596026516,
    "proj_lon": 13.326873256859038,
    "marker-color": "#3366ff",
    "marker-symbol": "e"
  },
  {
    "rowid": 276655,
    "id": 19972,
    "source": "OA",
    "source_id": "3ff6936e740fbd8c",
    "housenumber": 10,
    "lat": 52.4569895,
    "lon": 13.3271031,
    "parity": "L",
    "proj_lat": 52.456995596026516,
    "proj_lon": 13.326873256859038,
    "marker-color": "#3366ff",
    "marker-symbol": "e"
  },
  {
    "rowid": 276656,
    "id": 19972,
    "source": "OA",
    "source_id": "9ec3581e377a1180",
    "housenumber": 11,
    "lat": 52.4575259,
    "lon": 13.3271098,
    "parity": "L",
    "proj_lat": 52.4575259,
    "proj_lon": 13.326892,
    "marker-color": "#3366ff",
    "marker-symbol": "o"
  },
  {
    "rowid": 276656,
    "id": 19972,
    "source": "OA",
    "source_id": "9ec3581e377a1180",
    "housenumber": 11,
    "lat": 52.4575259,
    "lon": 13.3271098,
    "parity": "L",
    "proj_lat": 52.4575259,
    "proj_lon": 13.326892,
    "marker-color": "#3366ff",
    "marker-symbol": "o"
  },
  {
    "rowid": 276657,
    "id": 19972,
    "source": "OA",
    "source_id": "77975fee66b667e9",
    "housenumber": 12,
    "lat": 52.4576544,
    "lon": 13.3271156,
    "parity": "L",
    "proj_lat": 52.4576544,
    "proj_lon": 13.326892,
    "marker-color": "#3366ff",
    "marker-symbol": "e"
  },
  {
    "rowid": 276657,
    "id": 19972,
    "source": "OA",
    "source_id": "77975fee66b667e9",
    "housenumber": 12,
    "lat": 52.4576544,
    "lon": 13.3271156,
    "parity": "L",
    "proj_lat": 52.4576544,
    "proj_lon": 13.326892,
    "marker-color": "#3366ff",
    "marker-symbol": "e"
  },
  {
    "rowid": 310845,
    "id": 19972,
    "source": "OA",
    "source_id": "727c988665b5eb57",
    "housenumber": 13,
    "lat": 52.4577293,
    "lon": 13.3267151,
    "parity": "R",
    "proj_lat": 52.4577293,
    "proj_lon": 13.326892,
    "marker-color": "#ff0000",
    "marker-symbol": "o"
  },
  {
    "rowid": 310845,
    "id": 19972,
    "source": "OA",
    "source_id": "727c988665b5eb57",
    "housenumber": 13,
    "lat": 52.4577293,
    "lon": 13.3267151,
    "parity": "R",
    "proj_lat": 52.4577293,
    "proj_lon": 13.326892,
    "marker-color": "#ff0000",
    "marker-symbol": "o"
  },
  {
    "rowid": 310846,
    "id": 19972,
    "source": "OA",
    "source_id": "ee2af3ca6fbe743b",
    "housenumber": 14,
    "lat": 52.4576633,
    "lon": 13.3267132,
    "parity": "R",
    "proj_lat": 52.4576633,
    "proj_lon": 13.326892,
    "marker-color": "#ff0000",
    "marker-symbol": "e"
  },
  {
    "rowid": 310846,
    "id": 19972,
    "source": "OA",
    "source_id": "ee2af3ca6fbe743b",
    "housenumber": 14,
    "lat": 52.4576633,
    "lon": 13.3267132,
    "parity": "R",
    "proj_lat": 52.4576633,
    "proj_lon": 13.326892,
    "marker-color": "#ff0000",
    "marker-symbol": "e"
  },
  {
    "rowid": 276658,
    "id": 19972,
    "source": "OA",
    "source_id": "a2024549c540420f",
    "housenumber": 15,
    "lat": 52.4569,
    "lon": 13.3266012,
    "parity": "R",
    "proj_lat": 52.45689297873461,
    "proj_lon": 13.326865927052472,
    "marker-color": "#ff0000",
    "marker-symbol": "o"
  },
  {
    "rowid": 276658,
    "id": 19972,
    "source": "OA",
    "source_id": "a2024549c540420f",
    "housenumber": 15,
    "lat": 52.4569,
    "lon": 13.3266012,
    "parity": "R",
    "proj_lat": 52.45689297873461,
    "proj_lon": 13.326865927052472,
    "marker-color": "#ff0000",
    "marker-symbol": "o"
  },
  {
    "rowid": 276659,
    "id": 19972,
    "source": "OA",
    "source_id": "8361005a4c14c0b1",
    "housenumber": 17,
    "lat": 52.4562473,
    "lon": 13.3261847,
    "parity": "R",
    "proj_lat": 52.4561672914219,
    "proj_lon": 13.326379695770266,
    "marker-color": "#ff0000",
    "marker-symbol": "o"
  },
  {
    "rowid": 276659,
    "id": 19972,
    "source": "OA",
    "source_id": "8361005a4c14c0b1",
    "housenumber": 17,
    "lat": 52.4562473,
    "lon": 13.3261847,
    "parity": "R",
    "proj_lat": 52.4561672914219,
    "proj_lon": 13.326379695770266,
    "marker-color": "#ff0000",
    "marker-symbol": "o"
  },
  {
    "rowid": 276660,
    "id": 19972,
    "source": "OA",
    "source_id": "b7df2916de36f379",
    "housenumber": 18,
    "lat": 52.4560265,
    "lon": 13.3259974,
    "parity": "R",
    "proj_lat": 52.45596249222066,
    "proj_lon": 13.326153397286353,
    "marker-color": "#ff0000",
    "marker-symbol": "e"
  },
  {
    "rowid": 276660,
    "id": 19972,
    "source": "OA",
    "source_id": "b7df2916de36f379",
    "housenumber": 18,
    "lat": 52.4560265,
    "lon": 13.3259974,
    "parity": "R",
    "proj_lat": 52.45596249222066,
    "proj_lon": 13.326153397286353,
    "marker-color": "#ff0000",
    "marker-symbol": "e"
  },
  {
    "rowid": 276661,
    "id": 19972,
    "source": "OA",
    "source_id": "fb34eca71d37583a",
    "housenumber": 19,
    "lat": 52.4558679,
    "lon": 13.3258304,
    "parity": "R",
    "proj_lat": 52.45580622085021,
    "proj_lon": 13.32598072095756,
    "marker-color": "#ff0000",
    "marker-symbol": "o"
  },
  {
    "rowid": 276661,
    "id": 19972,
    "source": "OA",
    "source_id": "fb34eca71d37583a",
    "housenumber": 19,
    "lat": 52.4558679,
    "lon": 13.3258304,
    "parity": "R",
    "proj_lat": 52.45580622085021,
    "proj_lon": 13.32598072095756,
    "marker-color": "#ff0000",
    "marker-symbol": "o"
  },
  {
    "rowid": 276662,
    "id": 19972,
    "source": "OA",
    "source_id": "e4aadd8cb83c690b",
    "housenumber": 20,
    "lat": 52.4557057,
    "lon": 13.3257162,
    "parity": "R",
    "proj_lat": 52.45566237893264,
    "proj_lon": 13.325821778892987,
    "marker-color": "#ff0000",
    "marker-symbol": "e"
  },
  {
    "rowid": 276662,
    "id": 19972,
    "source": "OA",
    "source_id": "e4aadd8cb83c690b",
    "housenumber": 20,
    "lat": 52.4557057,
    "lon": 13.3257162,
    "parity": "R",
    "proj_lat": 52.45566237893264,
    "proj_lon": 13.325821778892987,
    "marker-color": "#ff0000",
    "marker-symbol": "e"
  }
]
