[
  {
    "rowid": 233684,
    "id": 22564,
    "source": "OA",
    "source_id": "fd7976fea5e40a21",
    "housenumber": 1,
    "lat": 52.5093618,
    "lon": 13.3598417,
    "parity": "L",
    "proj_lat": 52.5093303859455,
    "proj_lon": 13.360006167753152,
    "marker-color": "#3366ff",
    "marker-symbol": "o"
  },
  {
    "rowid": 233684,
    "id": 22564,
    "source": "OA",
    "source_id": "fd7976fea5e40a21",
    "housenumber": 1,
    "lat": 52.5093618,
    "lon": 13.3598417,
    "parity": "L",
    "proj_lat": 52.5093303859455,
    "proj_lon": 13.360006167753152,
    "marker-color": "#3366ff",
    "marker-symbol": "o"
  },
  {
    "rowid": 233685,
    "id": 22564,
    "source": "OA",
    "source_id": "2ce279a72c95e624",
    "housenumber": 2,
    "lat": 52.5091517,
    "lon": 13.3597312,
    "parity": "L",
    "proj_lat": 52.50911670726742,
    "proj_lon": 13.359894528265041,
    "marker-color": "#3366ff",
    "marker-symbol": "e"
  },
  {
    "rowid": 233685,
    "id": 22564,
    "source": "OA",
    "source_id": "2ce279a72c95e624",
    "housenumber": 2,
    "lat": 52.5091517,
    "lon": 13.3597312,
    "parity": "L",
    "proj_lat": 52.50911670726742,
    "proj_lon": 13.359894528265041,
    "marker-color": "#3366ff",
    "marker-symbol": "e"
  },
  {
    "rowid": 263584,
    "id": 22564,
    "source": "OA",
    "source_id": "dc25102fdc8b9790",
    "housenumber": 3.03,
    "lat": 52.5088333,
    "lon": 13.3596248,
    "parity": "L",
    "proj_lat": 52.508813128583625,
    "proj_lon": 13.359718948540639,
    "marker-color": "#3366ff",
    "marker-symbol": "o"
  },
  {
    "rowid": 263584,
    "id": 22564,
    "source": "OA",
    "source_id": "dc25102fdc8b9790",
    "housenumber": 3.03,
    "lat": 52.5088333,
    "lon": 13.3596248,
    "parity": "L",
    "proj_lat": 52.508813128583625,
    "proj_lon": 13.359718948540639,
    "marker-color": "#3366ff",
    "marker-symbol": "o"
  },
  {
    "rowid": 267331,
    "id": 22564,
    "source": "OA",
    "source_id": "1b259b8e4e90277a",
    "housenumber": 4,
    "lat": 52.5086417,
    "lon": 13.3593834,
    "parity": "L",
    "proj_lat": 52.508596097510456,
    "proj_lon": 13.359592477973443,
    "marker-color": "#3366ff",
    "marker-symbol": "e"
  },
  {
    "rowid": 267331,
    "id": 22564,
    "source": "OA",
    "source_id": "1b259b8e4e90277a",
    "housenumber": 4,
    "lat": 52.5086417,
    "lon": 13.3593834,
    "parity": "L",
    "proj_lat": 52.508596097510456,
    "proj_lon": 13.359592477973443,
    "marker-color": "#3366ff",
    "marker-symbol": "e"
  },
  {
    "rowid": 233686,
    "id": 22564,
    "source": "OA",
    "source_id": "3db42ba27bbab181",
    "housenumber": 5,
    "lat": 52.5084505,
    "lon": 13.3592453,
    "parity": "L",
    "proj_lat": 52.50840039742973,
    "proj_lon": 13.359477758504568,
    "marker-color": "#3366ff",
    "marker-symbol": "o"
  },
  {
    "rowid": 233686,
    "id": 22564,
    "source": "OA",
    "source_id": "3db42ba27bbab181",
    "housenumber": 5,
    "lat": 52.5084505,
    "lon": 13.3592453,
    "parity": "L",
    "proj_lat": 52.50840039742973,
    "proj_lon": 13.359477758504568,
    "marker-color": "#3366ff",
    "marker-symbol": "o"
  },
  {
    "rowid": 263585,
    "id": 22564,
    "source": "OA",
    "source_id": "c53dff8554eb70cb",
    "housenumber": 10,
    "lat": 52.5075448,
    "lon": 13.3588624,
    "parity": "L",
    "proj_lat": 52.50752038965443,
    "proj_lon": 13.358973296038167,
    "marker-color": "#3366ff",
    "marker-symbol": "e"
  },
  {
    "rowid": 263585,
    "id": 22564,
    "source": "OA",
    "source_id": "c53dff8554eb70cb",
    "housenumber": 10,
    "lat": 52.5075448,
    "lon": 13.3588624,
    "parity": "L",
    "proj_lat": 52.50752038965443,
    "proj_lon": 13.358973296038167,
    "marker-color": "#3366ff",
    "marker-symbol": "e"
  },
  {
    "rowid": 263586,
    "id": 22564,
    "source": "OA",
    "source_id": "5b7dcca304f934b7",
    "housenumber": 12,
    "lat": 52.5072385,
    "lon": 13.3586922,
    "parity": "L",
    "proj_lat": 52.50721638541609,
    "proj_lon": 13.358792665007895,
    "marker-color": "#3366ff",
    "marker-symbol": "e"
  },
  {
    "rowid": 263586,
    "id": 22564,
    "source": "OA",
    "source_id": "5b7dcca304f934b7",
    "housenumber": 12,
    "lat": 52.5072385,
    "lon": 13.3586922,
    "parity": "L",
    "proj_lat": 52.50721638541609,
    "proj_lon": 13.358792665007895,
    "marker-color": "#3366ff",
    "marker-symbol": "e"
  },
  {
    "rowid": 233687,
    "id": 22564,
    "source": "OA",
    "source_id": "8f44486475057749",
    "housenumber": 18,
    "lat": 52.5080173,
    "lon": 13.359586,
    "parity": "R",
    "proj_lat": 52.508078150681165,
    "proj_lon": 13.35929373197197,
    "marker-color": "#ff0000",
    "marker-symbol": "e"
  },
  {
    "rowid": 233687,
    "id": 22564,
    "source": "OA",
    "source_id": "8f44486475057749",
    "housenumber": 18,
    "lat": 52.5080173,
    "lon": 13.359586,
    "parity": "R",
    "proj_lat": 52.508078150681165,
    "proj_lon": 13.35929373197197,
    "marker-color": "#ff0000",
    "marker-symbol": "e"
  },
  {
    "rowid": 263587,
    "id": 22564,
    "source": "OA",
    "source_id": "25932af87d3a0a75",
    "housenumber": 24,
    "lat": 52.5087433,
    "lon": 13.3598192,
    "parity": "R",
    "proj_lat": 52.50877010978192,
    "proj_lon": 13.35969406790919,
    "marker-color": "#ff0000",
    "marker-symbol": "e"
  },
  {
    "rowid": 263587,
    "id": 22564,
    "source": "OA",
    "source_id": "25932af87d3a0a75",
    "housenumber": 24,
    "lat": 52.5087433,
    "lon": 13.3598192,
    "parity": "R",
    "proj_lat": 52.50877010978192,
    "proj_lon": 13.35969406790919,
    "marker-color": "#ff0000",
    "marker-symbol": "e"
  },
  {
    "rowid": 266911,
    "id": 22564,
    "source": "OA",
    "source_id": "17fdccd91462f7c6",
    "housenumber": 25,
    "lat": 52.5089602,
    "lon": 13.3600889,
    "parity": "R",
    "proj_lat": 52.509014508089344,
    "proj_lon": 13.359835419689642,
    "marker-color": "#ff0000",
    "marker-symbol": "o"
  },
  {
    "rowid": 266911,
    "id": 22564,
    "source": "OA",
    "source_id": "17fdccd91462f7c6",
    "housenumber": 25,
    "lat": 52.5089602,
    "lon": 13.3600889,
    "parity": "R",
    "proj_lat": 52.509014508089344,
    "proj_lon": 13.359835419689642,
    "marker-color": "#ff0000",
    "marker-symbol": "o"
  }
]
