[
  {
    "rowid": 17548,
    "id": 32696,
    "source": "OA",
    "source_id": "77d99a844baee203",
    "housenumber": 3,
    "lat": 52.6003337,
    "lon": 13.2473775,
    "parity": "R",
    "proj_lat": 52.60037943248978,
    "proj_lon": 13.247075819423937,
    "marker-color": "#ff0000",
    "marker-symbol": "o"
  },
  {
    "rowid": 17548,
    "id": 32696,
    "source": "OA",
    "source_id": "77d99a844baee203",
    "housenumber": 3,
    "lat": 52.6003337,
    "lon": 13.2473775,
    "parity": "R",
    "proj_lat": 52.60037943248978,
    "proj_lon": 13.247075819423937,
    "marker-color": "#ff0000",
    "marker-symbol": "o"
  },
  {
    "rowid": 147055,
    "id": 32696,
    "source": "OA",
    "source_id": "0a8a1350d34ebac9",
    "housenumber": 3.03,
    "lat": 52.6002964,
    "lon": 13.2477219,
    "parity": "R",
    "proj_lat": 52.600393466829956,
    "proj_lon": 13.247081586571824,
    "marker-color": "#ff0000",
    "marker-symbol": "o"
  },
  {
    "rowid": 147055,
    "id": 32696,
    "source": "OA",
    "source_id": "0a8a1350d34ebac9",
    "housenumber": 3.03,
    "lat": 52.6002964,
    "lon": 13.2477219,
    "parity": "R",
    "proj_lat": 52.600393466829956,
    "proj_lon": 13.247081586571824,
    "marker-color": "#ff0000",
    "marker-symbol": "o"
  },
  {
    "rowid": 147056,
    "id": 32696,
    "source": "OA",
    "source_id": "13ac26b6b01f2576",
    "housenumber": 3.06,
    "lat": 52.6002373,
    "lon": 13.247729,
    "parity": "R",
    "proj_lat": 52.60033884597239,
    "proj_lon": 13.247059141158692,
    "marker-color": "#ff0000",
    "marker-symbol": "o"
  },
  {
    "rowid": 147056,
    "id": 32696,
    "source": "OA",
    "source_id": "13ac26b6b01f2576",
    "housenumber": 3.06,
    "lat": 52.6002373,
    "lon": 13.247729,
    "parity": "R",
    "proj_lat": 52.60033884597239,
    "proj_lon": 13.247059141158692,
    "marker-color": "#ff0000",
    "marker-symbol": "o"
  },
  {
    "rowid": 17549,
    "id": 32696,
    "source": "OA",
    "source_id": "5fc51ade13f8e3f4",
    "housenumber": 4,
    "lat": 52.6005439,
    "lon": 13.246952,
    "parity": "L",
    "proj_lat": 52.600516586308316,
    "proj_lon": 13.24713218020362,
    "marker-color": "#3366ff",
    "marker-symbol": "e"
  },
  {
    "rowid": 17549,
    "id": 32696,
    "source": "OA",
    "source_id": "5fc51ade13f8e3f4",
    "housenumber": 4,
    "lat": 52.6005439,
    "lon": 13.246952,
    "parity": "L",
    "proj_lat": 52.600516586308316,
    "proj_lon": 13.24713218020362,
    "marker-color": "#3366ff",
    "marker-symbol": "e"
  },
  {
    "rowid": 17550,
    "id": 32696,
    "source": "OA",
    "source_id": "f25eff19a43c38ea",
    "housenumber": 5,
    "lat": 52.600119,
    "lon": 13.2473327,
    "parity": "R",
    "proj_lat": 52.60017093011609,
    "proj_lon": 13.246990139298717,
    "marker-color": "#ff0000",
    "marker-symbol": "o"
  },
  {
    "rowid": 17550,
    "id": 32696,
    "source": "OA",
    "source_id": "f25eff19a43c38ea",
    "housenumber": 5,
    "lat": 52.600119,
    "lon": 13.2473327,
    "parity": "R",
    "proj_lat": 52.60017093011609,
    "proj_lon": 13.246990139298717,
    "marker-color": "#ff0000",
    "marker-symbol": "o"
  },
  {
    "rowid": 17551,
    "id": 32696,
    "source": "OA",
    "source_id": "79242328fe2407f9",
    "housenumber": 5.03,
    "lat": 52.6000127,
    "lon": 13.2477478,
    "parity": "R",
    "proj_lat": 52.60013010076835,
    "proj_lon": 13.24697336124691,
    "marker-color": "#ff0000",
    "marker-symbol": "o"
  },
  {
    "rowid": 17551,
    "id": 32696,
    "source": "OA",
    "source_id": "79242328fe2407f9",
    "housenumber": 5.03,
    "lat": 52.6000127,
    "lon": 13.2477478,
    "parity": "R",
    "proj_lat": 52.60013010076835,
    "proj_lon": 13.24697336124691,
    "marker-color": "#ff0000",
    "marker-symbol": "o"
  },
  {
    "rowid": 17552,
    "id": 32696,
    "source": "OA",
    "source_id": "1378d6f46a4ba71a",
    "housenumber": 6,
    "lat": 52.6003023,
    "lon": 13.246851,
    "parity": "L",
    "proj_lat": 52.60027474071407,
    "proj_lon": 13.247032798309625,
    "marker-color": "#3366ff",
    "marker-symbol": "e"
  },
  {
    "rowid": 17552,
    "id": 32696,
    "source": "OA",
    "source_id": "1378d6f46a4ba71a",
    "housenumber": 6,
    "lat": 52.6003023,
    "lon": 13.246851,
    "parity": "L",
    "proj_lat": 52.60027474071407,
    "proj_lon": 13.247032798309625,
    "marker-color": "#3366ff",
    "marker-symbol": "e"
  },
  {
    "rowid": 17553,
    "id": 32696,
    "source": "OA",
    "source_id": "74fa20f6c3c92d0f",
    "housenumber": 7,
    "lat": 52.599951,
    "lon": 13.2471646,
    "parity": "R",
    "proj_lat": 52.59998879360252,
    "proj_lon": 13.24691529372735,
    "marker-color": "#ff0000",
    "marker-symbol": "o"
  },
  {
    "rowid": 17553,
    "id": 32696,
    "source": "OA",
    "source_id": "74fa20f6c3c92d0f",
    "housenumber": 7,
    "lat": 52.599951,
    "lon": 13.2471646,
    "parity": "R",
    "proj_lat": 52.59998879360252,
    "proj_lon": 13.24691529372735,
    "marker-color": "#ff0000",
    "marker-symbol": "o"
  },
  {
    "rowid": 17554,
    "id": 32696,
    "source": "OA",
    "source_id": "b6aa93b7edbbce55",
    "housenumber": 7.03,
    "lat": 52.5998617,
    "lon": 13.247669,
    "parity": "R",
    "proj_lat": 52.59997671129513,
    "proj_lon": 13.24691032873059,
    "marker-color": "#ff0000",
    "marker-symbol": "o"
  },
  {
    "rowid": 17554,
    "id": 32696,
    "source": "OA",
    "source_id": "b6aa93b7edbbce55",
    "housenumber": 7.03,
    "lat": 52.5998617,
    "lon": 13.247669,
    "parity": "R",
    "proj_lat": 52.59997671129513,
    "proj_lon": 13.24691032873059,
    "marker-color": "#ff0000",
    "marker-symbol": "o"
  },
  {
    "rowid": 17555,
    "id": 32696,
    "source": "OA",
    "source_id": "bda7e50eeb2f40f6",
    "housenumber": 8,
    "lat": 52.600142,
    "lon": 13.2467412,
    "parity": "L",
    "proj_lat": 52.60010817185843,
    "proj_lon": 13.246964349974213,
    "marker-color": "#3366ff",
    "marker-symbol": "e"
  },
  {
    "rowid": 17555,
    "id": 32696,
    "source": "OA",
    "source_id": "bda7e50eeb2f40f6",
    "housenumber": 8,
    "lat": 52.600142,
    "lon": 13.2467412,
    "parity": "L",
    "proj_lat": 52.60010817185843,
    "proj_lon": 13.246964349974213,
    "marker-color": "#3366ff",
    "marker-symbol": "e"
  },
  {
    "rowid": 17556,
    "id": 32696,
    "source": "OA",
    "source_id": "106b27cfd933b836",
    "housenumber": 9,
    "lat": 52.5997013,
    "lon": 13.2476604,
    "parity": "R",
    "proj_lat": 52.59982449109204,
    "proj_lon": 13.246847776703813,
    "marker-color": "#ff0000",
    "marker-symbol": "o"
  },
  {
    "rowid": 17556,
    "id": 32696,
    "source": "OA",
    "source_id": "106b27cfd933b836",
    "housenumber": 9,
    "lat": 52.5997013,
    "lon": 13.2476604,
    "parity": "R",
    "proj_lat": 52.59982449109204,
    "proj_lon": 13.246847776703813,
    "marker-color": "#ff0000",
    "marker-symbol": "o"
  },
  {
    "rowid": 17557,
    "id": 32696,
    "source": "OA",
    "source_id": "b8f3e2dc48a79740",
    "housenumber": 9.03,
    "lat": 52.5997987,
    "lon": 13.2470852,
    "parity": "R",
    "proj_lat": 52.59983409421975,
    "proj_lon": 13.246851722928358,
    "marker-color": "#ff0000",
    "marker-symbol": "o"
  },
  {
    "rowid": 17557,
    "id": 32696,
    "source": "OA",
    "source_id": "b8f3e2dc48a79740",
    "housenumber": 9.03,
    "lat": 52.5997987,
    "lon": 13.2470852,
    "parity": "R",
    "proj_lat": 52.59983409421975,
    "proj_lon": 13.246851722928358,
    "marker-color": "#ff0000",
    "marker-symbol": "o"
  },
  {
    "rowid": 17558,
    "id": 32696,
    "source": "OA",
    "source_id": "d9bc84595dcc816f",
    "housenumber": 9.06,
    "lat": 52.5997425,
    "lon": 13.2470627,
    "parity": "R",
    "proj_lat": 52.59978006019242,
    "proj_lon": 13.24682883623153,
    "marker-color": "#ff0000",
    "marker-symbol": "o"
  },
  {
    "rowid": 17558,
    "id": 32696,
    "source": "OA",
    "source_id": "d9bc84595dcc816f",
    "housenumber": 9.06,
    "lat": 52.5997425,
    "lon": 13.2470627,
    "parity": "R",
    "proj_lat": 52.59978006019242,
    "proj_lon": 13.24682883623153,
    "marker-color": "#ff0000",
    "marker-symbol": "o"
  },
  {
    "rowid": 17559,
    "id": 32696,
    "source": "OA",
    "source_id": "7eadc8d79097ad24",
    "housenumber": 11,
    "lat": 52.5995156,
    "lon": 13.2476538,
    "parity": "R",
    "proj_lat": 52.59965672060476,
    "proj_lon": 13.246775139577268,
    "marker-color": "#ff0000",
    "marker-symbol": "o"
  },
  {
    "rowid": 17559,
    "id": 32696,
    "source": "OA",
    "source_id": "7eadc8d79097ad24",
    "housenumber": 11,
    "lat": 52.5995156,
    "lon": 13.2476538,
    "parity": "R",
    "proj_lat": 52.59965672060476,
    "proj_lon": 13.246775139577268,
    "marker-color": "#ff0000",
    "marker-symbol": "o"
  },
  {
    "rowid": 17560,
    "id": 32696,
    "source": "OA",
    "source_id": "c2394b2c7c8c24fa",
    "housenumber": 11.03,
    "lat": 52.5996058,
    "lon": 13.2470341,
    "parity": "R",
    "proj_lat": 52.59964800085426,
    "proj_lon": 13.246771343379821,
    "marker-color": "#ff0000",
    "marker-symbol": "o"
  },
  {
    "rowid": 17560,
    "id": 32696,
    "source": "OA",
    "source_id": "c2394b2c7c8c24fa",
    "housenumber": 11.03,
    "lat": 52.5996058,
    "lon": 13.2470341,
    "parity": "R",
    "proj_lat": 52.59964800085426,
    "proj_lon": 13.246771343379821,
    "marker-color": "#ff0000",
    "marker-symbol": "o"
  },
  {
    "rowid": 140047,
    "id": 32696,
    "source": "OA",
    "source_id": "e549ed11d7370d8a",
    "housenumber": 12,
    "lat": 52.5995207,
    "lon": 13.2463359,
    "parity": "L",
    "proj_lat": 52.599463653886566,
    "proj_lon": 13.246691086784388,
    "marker-color": "#3366ff",
    "marker-symbol": "e"
  },
  {
    "rowid": 140047,
    "id": 32696,
    "source": "OA",
    "source_id": "e549ed11d7370d8a",
    "housenumber": 12,
    "lat": 52.5995207,
    "lon": 13.2463359,
    "parity": "L",
    "proj_lat": 52.599463653886566,
    "proj_lon": 13.246691086784388,
    "marker-color": "#3366ff",
    "marker-symbol": "e"
  },
  {
    "rowid": 141516,
    "id": 32696,
    "source": "OA",
    "source_id": "f2d9f0f52fbc48da",
    "housenumber": 13,
    "lat": 52.5994815,
    "lon": 13.2469836,
    "parity": "R",
    "proj_lat": 52.599524243702376,
    "proj_lon": 13.24671746493639,
    "marker-color": "#ff0000",
    "marker-symbol": "o"
  },
  {
    "rowid": 141516,
    "id": 32696,
    "source": "OA",
    "source_id": "f2d9f0f52fbc48da",
    "housenumber": 13,
    "lat": 52.5994815,
    "lon": 13.2469836,
    "parity": "R",
    "proj_lat": 52.599524243702376,
    "proj_lon": 13.24671746493639,
    "marker-color": "#ff0000",
    "marker-symbol": "o"
  },
  {
    "rowid": 140048,
    "id": 32696,
    "source": "OA",
    "source_id": "74511604a469bee3",
    "housenumber": 14,
    "lat": 52.5993091,
    "lon": 13.2461581,
    "parity": "L",
    "proj_lat": 52.599063659603665,
    "proj_lon": 13.246133994938857,
    "marker-color": "#3366ff",
    "marker-symbol": "e"
  },
  {
    "rowid": 140048,
    "id": 32696,
    "source": "OA",
    "source_id": "74511604a469bee3",
    "housenumber": 14,
    "lat": 52.5993091,
    "lon": 13.2461581,
    "parity": "L",
    "proj_lat": 52.599063659603665,
    "proj_lon": 13.246133994938857,
    "marker-color": "#3366ff",
    "marker-symbol": "e"
  },
  {
    "rowid": 17561,
    "id": 32696,
    "source": "OA",
    "source_id": "f6bb01f28548d834",
    "housenumber": 15,
    "lat": 52.5992343,
    "lon": 13.2474615,
    "parity": "R",
    "proj_lat": 52.59936493916242,
    "proj_lon": 13.246648110717148,
    "marker-color": "#ff0000",
    "marker-symbol": "o"
  },
  {
    "rowid": 17561,
    "id": 32696,
    "source": "OA",
    "source_id": "f6bb01f28548d834",
    "housenumber": 15,
    "lat": 52.5992343,
    "lon": 13.2474615,
    "parity": "R",
    "proj_lat": 52.59936493916242,
    "proj_lon": 13.246648110717148,
    "marker-color": "#ff0000",
    "marker-symbol": "o"
  },
  {
    "rowid": 17562,
    "id": 32696,
    "source": "OA",
    "source_id": "0df8a3c76d009f16",
    "housenumber": 15.03,
    "lat": 52.5992854,
    "lon": 13.2469172,
    "parity": "R",
    "proj_lat": 52.5993309922276,
    "proj_lon": 13.246633331708585,
    "marker-color": "#ff0000",
    "marker-symbol": "o"
  },
  {
    "rowid": 17562,
    "id": 32696,
    "source": "OA",
    "source_id": "0df8a3c76d009f16",
    "housenumber": 15.03,
    "lat": 52.5992854,
    "lon": 13.2469172,
    "parity": "R",
    "proj_lat": 52.5993309922276,
    "proj_lon": 13.246633331708585,
    "marker-color": "#ff0000",
    "marker-symbol": "o"
  },
  {
    "rowid": 140049,
    "id": 32696,
    "source": "OA",
    "source_id": "e114b3a819956185",
    "housenumber": 16,
    "lat": 52.5994242,
    "lon": 13.2458641,
    "parity": "L",
    "proj_lat": 52.59907468213198,
    "proj_lon": 13.2458297731574,
    "marker-color": "#3366ff",
    "marker-symbol": "e"
  },
  {
    "rowid": 140049,
    "id": 32696,
    "source": "OA",
    "source_id": "e114b3a819956185",
    "housenumber": 16,
    "lat": 52.5994242,
    "lon": 13.2458641,
    "parity": "L",
    "proj_lat": 52.59907468213198,
    "proj_lon": 13.2458297731574,
    "marker-color": "#3366ff",
    "marker-symbol": "e"
  },
  {
    "rowid": 17563,
    "id": 32696,
    "source": "OA",
    "source_id": "10a267827ef609b6",
    "housenumber": 17,
    "lat": 52.5991383,
    "lon": 13.2469182,
    "parity": "R",
    "proj_lat": 52.59919365613099,
    "proj_lon": 13.246573541587372,
    "marker-color": "#ff0000",
    "marker-symbol": "o"
  },
  {
    "rowid": 17563,
    "id": 32696,
    "source": "OA",
    "source_id": "10a267827ef609b6",
    "housenumber": 17,
    "lat": 52.5991383,
    "lon": 13.2469182,
    "parity": "R",
    "proj_lat": 52.59919365613099,
    "proj_lon": 13.246573541587372,
    "marker-color": "#ff0000",
    "marker-symbol": "o"
  },
  {
    "rowid": 17564,
    "id": 32696,
    "source": "OA",
    "source_id": "3753a8f54e579946",
    "housenumber": 17.03,
    "lat": 52.5990853,
    "lon": 13.2473398,
    "parity": "R",
    "proj_lat": 52.59920740864656,
    "proj_lon": 13.2465795288303,
    "marker-color": "#ff0000",
    "marker-symbol": "o"
  },
  {
    "rowid": 17564,
    "id": 32696,
    "source": "OA",
    "source_id": "3753a8f54e579946",
    "housenumber": 17.03,
    "lat": 52.5990853,
    "lon": 13.2473398,
    "parity": "R",
    "proj_lat": 52.59920740864656,
    "proj_lon": 13.2465795288303,
    "marker-color": "#ff0000",
    "marker-symbol": "o"
  },
  {
    "rowid": 140050,
    "id": 32696,
    "source": "OA",
    "source_id": "f700f977346cad67",
    "housenumber": 18,
    "lat": 52.5993929,
    "lon": 13.2455786,
    "parity": "L",
    "proj_lat": 52.59908487867181,
    "proj_lon": 13.245548348658057,
    "marker-color": "#3366ff",
    "marker-symbol": "e"
  },
  {
    "rowid": 140050,
    "id": 32696,
    "source": "OA",
    "source_id": "f700f977346cad67",
    "housenumber": 18,
    "lat": 52.5993929,
    "lon": 13.2455786,
    "parity": "L",
    "proj_lat": 52.59908487867181,
    "proj_lon": 13.245548348658057,
    "marker-color": "#3366ff",
    "marker-symbol": "e"
  },
  {
    "rowid": 140051,
    "id": 32696,
    "source": "OA",
    "source_id": "2233d6c0d16c6efa",
    "housenumber": 18.03,
    "lat": 52.5996421,
    "lon": 13.2455812,
    "parity": "L",
    "proj_lat": 52.59908566843444,
    "proj_lon": 13.245526551209384,
    "marker-color": "#3366ff",
    "marker-symbol": "e"
  },
  {
    "rowid": 140051,
    "id": 32696,
    "source": "OA",
    "source_id": "2233d6c0d16c6efa",
    "housenumber": 18.03,
    "lat": 52.5996421,
    "lon": 13.2455812,
    "parity": "L",
    "proj_lat": 52.59908566843444,
    "proj_lon": 13.245526551209384,
    "marker-color": "#3366ff",
    "marker-symbol": "e"
  },
  {
    "rowid": 140052,
    "id": 32696,
    "source": "OA",
    "source_id": "e52d2691ba78108f",
    "housenumber": 20,
    "lat": 52.599505,
    "lon": 13.2452964,
    "parity": "L",
    "proj_lat": 52.599095464544824,
    "proj_lon": 13.245256178562832,
    "marker-color": "#3366ff",
    "marker-symbol": "e"
  },
  {
    "rowid": 140052,
    "id": 32696,
    "source": "OA",
    "source_id": "e52d2691ba78108f",
    "housenumber": 20,
    "lat": 52.599505,
    "lon": 13.2452964,
    "parity": "L",
    "proj_lat": 52.599095464544824,
    "proj_lon": 13.245256178562832,
    "marker-color": "#3366ff",
    "marker-symbol": "e"
  },
  {
    "rowid": 140053,
    "id": 32696,
    "source": "OA",
    "source_id": "85877c24d3abd0d8",
    "housenumber": 20.03,
    "lat": 52.5993113,
    "lon": 13.2452704,
    "parity": "L",
    "proj_lat": 52.59909571640518,
    "proj_lon": 13.245249227216979,
    "marker-color": "#3366ff",
    "marker-symbol": "e"
  },
  {
    "rowid": 140053,
    "id": 32696,
    "source": "OA",
    "source_id": "85877c24d3abd0d8",
    "housenumber": 20.03,
    "lat": 52.5993113,
    "lon": 13.2452704,
    "parity": "L",
    "proj_lat": 52.59909571640518,
    "proj_lon": 13.245249227216979,
    "marker-color": "#3366ff",
    "marker-symbol": "e"
  },
  {
    "rowid": 140054,
    "id": 32696,
    "source": "OA",
    "source_id": "6e43ef11b1ece07b",
    "housenumber": 22,
    "lat": 52.5993148,
    "lon": 13.2449688,
    "parity": "L",
    "proj_lat": 52.5991066176052,
    "proj_lon": 13.244948354096488,
    "marker-color": "#3366ff",
    "marker-symbol": "e"
  },
  {
    "rowid": 140054,
    "id": 32696,
    "source": "OA",
    "source_id": "6e43ef11b1ece07b",
    "housenumber": 22,
    "lat": 52.5993148,
    "lon": 13.2449688,
    "parity": "L",
    "proj_lat": 52.5991066176052,
    "proj_lon": 13.244948354096488,
    "marker-color": "#3366ff",
    "marker-symbol": "e"
  },
  {
    "rowid": 140055,
    "id": 32696,
    "source": "OA",
    "source_id": "74a873addbdd4677",
    "housenumber": 22.03,
    "lat": 52.5995247,
    "lon": 13.2450308,
    "parity": "L",
    "proj_lat": 52.59910512346494,
    "proj_lon": 13.244989592367773,
    "marker-color": "#3366ff",
    "marker-symbol": "e"
  },
  {
    "rowid": 140055,
    "id": 32696,
    "source": "OA",
    "source_id": "74a873addbdd4677",
    "housenumber": 22.03,
    "lat": 52.5995247,
    "lon": 13.2450308,
    "parity": "L",
    "proj_lat": 52.59910512346494,
    "proj_lon": 13.244989592367773,
    "marker-color": "#3366ff",
    "marker-symbol": "e"
  },
  {
    "rowid": 140056,
    "id": 32696,
    "source": "OA",
    "source_id": "fbcfebc9b1235969",
    "housenumber": 24,
    "lat": 52.5995106,
    "lon": 13.2447347,
    "parity": "L",
    "proj_lat": 52.59911576368876,
    "proj_lon": 13.244695922190303,
    "marker-color": "#3366ff",
    "marker-symbol": "e"
  },
  {
    "rowid": 140056,
    "id": 32696,
    "source": "OA",
    "source_id": "fbcfebc9b1235969",
    "housenumber": 24,
    "lat": 52.5995106,
    "lon": 13.2447347,
    "parity": "L",
    "proj_lat": 52.59911576368876,
    "proj_lon": 13.244695922190303,
    "marker-color": "#3366ff",
    "marker-symbol": "e"
  },
  {
    "rowid": 140057,
    "id": 32696,
    "source": "OA",
    "source_id": "b579200a387959c4",
    "housenumber": 26,
    "lat": 52.5995143,
    "lon": 13.2443743,
    "parity": "L",
    "proj_lat": 52.59911511129635,
    "proj_lon": 13.244548661280307,
    "marker-color": "#3366ff",
    "marker-symbol": "e"
  },
  {
    "rowid": 140057,
    "id": 32696,
    "source": "OA",
    "source_id": "b579200a387959c4",
    "housenumber": 26,
    "lat": 52.5995143,
    "lon": 13.2443743,
    "parity": "L",
    "proj_lat": 52.59911511129635,
    "proj_lon": 13.244548661280307,
    "marker-color": "#3366ff",
    "marker-symbol": "e"
  },
  {
    "rowid": 140058,
    "id": 32696,
    "source": "OA",
    "source_id": "ebfe9bd50775aa60",
    "housenumber": 26.03,
    "lat": 52.5992974,
    "lon": 13.2444113,
    "parity": "L",
    "proj_lat": 52.59910641895243,
    "proj_lon": 13.244494717616563,
    "marker-color": "#3366ff",
    "marker-symbol": "e"
  },
  {
    "rowid": 140058,
    "id": 32696,
    "source": "OA",
    "source_id": "ebfe9bd50775aa60",
    "housenumber": 26.03,
    "lat": 52.5992974,
    "lon": 13.2444113,
    "parity": "L",
    "proj_lat": 52.59910641895243,
    "proj_lon": 13.244494717616563,
    "marker-color": "#3366ff",
    "marker-symbol": "e"
  },
  {
    "rowid": 140059,
    "id": 32696,
    "source": "OA",
    "source_id": "97fc570033cee516",
    "housenumber": 28,
    "lat": 52.5992033,
    "lon": 13.2441773,
    "parity": "L",
    "proj_lat": 52.59906500460752,
    "proj_lon": 13.244237705064316,
    "marker-color": "#3366ff",
    "marker-symbol": "e"
  },
  {
    "rowid": 140059,
    "id": 32696,
    "source": "OA",
    "source_id": "97fc570033cee516",
    "housenumber": 28,
    "lat": 52.5992033,
    "lon": 13.2441773,
    "parity": "L",
    "proj_lat": 52.59906500460752,
    "proj_lon": 13.244237705064316,
    "marker-color": "#3366ff",
    "marker-symbol": "e"
  },
  {
    "rowid": 140060,
    "id": 32696,
    "source": "OA",
    "source_id": "5360389cc682ce30",
    "housenumber": 28.03,
    "lat": 52.5995017,
    "lon": 13.2441143,
    "parity": "L",
    "proj_lat": 52.59907514188776,
    "proj_lon": 13.244300615832863,
    "marker-color": "#3366ff",
    "marker-symbol": "e"
  },
  {
    "rowid": 140060,
    "id": 32696,
    "source": "OA",
    "source_id": "5360389cc682ce30",
    "housenumber": 28.03,
    "lat": 52.5995017,
    "lon": 13.2441143,
    "parity": "L",
    "proj_lat": 52.59907514188776,
    "proj_lon": 13.244300615832863,
    "marker-color": "#3366ff",
    "marker-symbol": "e"
  },
  {
    "rowid": 140061,
    "id": 32696,
    "source": "OA",
    "source_id": "c39891851b99b3d9",
    "housenumber": 30,
    "lat": 52.5991617,
    "lon": 13.243734,
    "parity": "L",
    "proj_lat": 52.59899553395251,
    "proj_lon": 13.243806578352343,
    "marker-color": "#3366ff",
    "marker-symbol": "e"
  },
  {
    "rowid": 140061,
    "id": 32696,
    "source": "OA",
    "source_id": "c39891851b99b3d9",
    "housenumber": 30,
    "lat": 52.5991617,
    "lon": 13.243734,
    "parity": "L",
    "proj_lat": 52.59899553395251,
    "proj_lon": 13.243806578352343,
    "marker-color": "#3366ff",
    "marker-symbol": "e"
  },
  {
    "rowid": 140062,
    "id": 32696,
    "source": "OA",
    "source_id": "3b7fe768c3eb449c",
    "housenumber": 30.03,
    "lat": 52.599219,
    "lon": 13.2439088,
    "parity": "L",
    "proj_lat": 52.59902561643466,
    "proj_lon": 13.243993266697446,
    "marker-color": "#3366ff",
    "marker-symbol": "e"
  },
  {
    "rowid": 140062,
    "id": 32696,
    "source": "OA",
    "source_id": "3b7fe768c3eb449c",
    "housenumber": 30.03,
    "lat": 52.599219,
    "lon": 13.2439088,
    "parity": "L",
    "proj_lat": 52.59902561643466,
    "proj_lon": 13.243993266697446,
    "marker-color": "#3366ff",
    "marker-symbol": "e"
  },
  {
    "rowid": 140063,
    "id": 32696,
    "source": "OA",
    "source_id": "e2eed6a2657fcd22",
    "housenumber": 34,
    "lat": 52.5990151,
    "lon": 13.2426751,
    "parity": "L",
    "proj_lat": 52.59883789833682,
    "proj_lon": 13.242740643035495,
    "marker-color": "#3366ff",
    "marker-symbol": "e"
  },
  {
    "rowid": 140063,
    "id": 32696,
    "source": "OA",
    "source_id": "e2eed6a2657fcd22",
    "housenumber": 34,
    "lat": 52.5990151,
    "lon": 13.2426751,
    "parity": "L",
    "proj_lat": 52.59883789833682,
    "proj_lon": 13.242740643035495,
    "marker-color": "#3366ff",
    "marker-symbol": "e"
  },
  {
    "rowid": 140064,
    "id": 32696,
    "source": "OA",
    "source_id": "912b857b3b9351ef",
    "housenumber": 36,
    "lat": 52.5989375,
    "lon": 13.2423796,
    "parity": "L",
    "proj_lat": 52.598795784439886,
    "proj_lon": 13.242432017313206,
    "marker-color": "#3366ff",
    "marker-symbol": "e"
  },
  {
    "rowid": 140064,
    "id": 32696,
    "source": "OA",
    "source_id": "912b857b3b9351ef",
    "housenumber": 36,
    "lat": 52.5989375,
    "lon": 13.2423796,
    "parity": "L",
    "proj_lat": 52.598795784439886,
    "proj_lon": 13.242432017313206,
    "marker-color": "#3366ff",
    "marker-symbol": "e"
  },
  {
    "rowid": 140065,
    "id": 32696,
    "source": "OA",
    "source_id": "db8628f8975bae35",
    "housenumber": 36.03,
    "lat": 52.5991931,
    "lon": 13.2423065,
    "parity": "L",
    "proj_lat": 52.598798569784876,
    "proj_lon": 13.242452429319009,
    "marker-color": "#3366ff",
    "marker-symbol": "e"
  },
  {
    "rowid": 140065,
    "id": 32696,
    "source": "OA",
    "source_id": "db8628f8975bae35",
    "housenumber": 36.03,
    "lat": 52.5991931,
    "lon": 13.2423065,
    "parity": "L",
    "proj_lat": 52.598798569784876,
    "proj_lon": 13.242452429319009,
    "marker-color": "#3366ff",
    "marker-symbol": "e"
  },
  {
    "rowid": 140066,
    "id": 32696,
    "source": "OA",
    "source_id": "f85a9fa2a88e7ca5",
    "housenumber": 38,
    "lat": 52.5989122,
    "lon": 13.2421179,
    "parity": "L",
    "proj_lat": 52.598760574038224,
    "proj_lon": 13.242173982877155,
    "marker-color": "#3366ff",
    "marker-symbol": "e"
  },
  {
    "rowid": 140066,
    "id": 32696,
    "source": "OA",
    "source_id": "f85a9fa2a88e7ca5",
    "housenumber": 38,
    "lat": 52.5989122,
    "lon": 13.2421179,
    "parity": "L",
    "proj_lat": 52.598760574038224,
    "proj_lon": 13.242173982877155,
    "marker-color": "#3366ff",
    "marker-symbol": "e"
  },
  {
    "rowid": 140067,
    "id": 32696,
    "source": "OA",
    "source_id": "7d971d5416796e83",
    "housenumber": 38.03,
    "lat": 52.5991785,
    "lon": 13.2420415,
    "parity": "L",
    "proj_lat": 52.598763444822794,
    "proj_lon": 13.242195021014783,
    "marker-color": "#3366ff",
    "marker-symbol": "e"
  },
  {
    "rowid": 140067,
    "id": 32696,
    "source": "OA",
    "source_id": "7d971d5416796e83",
    "housenumber": 38.03,
    "lat": 52.5991785,
    "lon": 13.2420415,
    "parity": "L",
    "proj_lat": 52.598763444822794,
    "proj_lon": 13.242195021014783,
    "marker-color": "#3366ff",
    "marker-symbol": "e"
  },
  {
    "rowid": 140068,
    "id": 32696,
    "source": "OA",
    "source_id": "0959721517090a3f",
    "housenumber": 40,
    "lat": 52.5988638,
    "lon": 13.241864,
    "parity": "L",
    "proj_lat": 52.59872526696513,
    "proj_lon": 13.241915239998201,
    "marker-color": "#3366ff",
    "marker-symbol": "e"
  },
  {
    "rowid": 140068,
    "id": 32696,
    "source": "OA",
    "source_id": "0959721517090a3f",
    "housenumber": 40,
    "lat": 52.5988638,
    "lon": 13.241864,
    "parity": "L",
    "proj_lat": 52.59872526696513,
    "proj_lon": 13.241915239998201,
    "marker-color": "#3366ff",
    "marker-symbol": "e"
  },
  {
    "rowid": 140069,
    "id": 32696,
    "source": "OA",
    "source_id": "f6e855416204c1f2",
    "housenumber": 40.03,
    "lat": 52.5991401,
    "lon": 13.2417494,
    "parity": "L",
    "proj_lat": 52.598723656022756,
    "proj_lon": 13.241903434435454,
    "marker-color": "#3366ff",
    "marker-symbol": "e"
  },
  {
    "rowid": 140069,
    "id": 32696,
    "source": "OA",
    "source_id": "f6e855416204c1f2",
    "housenumber": 40.03,
    "lat": 52.5991401,
    "lon": 13.2417494,
    "parity": "L",
    "proj_lat": 52.598723656022756,
    "proj_lon": 13.241903434435454,
    "marker-color": "#3366ff",
    "marker-symbol": "e"
  },
  {
    "rowid": 140070,
    "id": 32696,
    "source": "OA",
    "source_id": "180fdf7207ec1f11",
    "housenumber": 42,
    "lat": 52.5988221,
    "lon": 13.2415681,
    "parity": "L",
    "proj_lat": 52.59868482601244,
    "proj_lon": 13.241618874210582,
    "marker-color": "#3366ff",
    "marker-symbol": "e"
  },
  {
    "rowid": 140070,
    "id": 32696,
    "source": "OA",
    "source_id": "180fdf7207ec1f11",
    "housenumber": 42,
    "lat": 52.5988221,
    "lon": 13.2415681,
    "parity": "L",
    "proj_lat": 52.59868482601244,
    "proj_lon": 13.241618874210582,
    "marker-color": "#3366ff",
    "marker-symbol": "e"
  },
  {
    "rowid": 140071,
    "id": 32696,
    "source": "OA",
    "source_id": "02f8cb61376a6b80",
    "housenumber": 42.03,
    "lat": 52.5991051,
    "lon": 13.2414736,
    "parity": "L",
    "proj_lat": 52.59868614795417,
    "proj_lon": 13.241628561873078,
    "marker-color": "#3366ff",
    "marker-symbol": "e"
  },
  {
    "rowid": 140071,
    "id": 32696,
    "source": "OA",
    "source_id": "02f8cb61376a6b80",
    "housenumber": 42.03,
    "lat": 52.5991051,
    "lon": 13.2414736,
    "parity": "L",
    "proj_lat": 52.59868614795417,
    "proj_lon": 13.241628561873078,
    "marker-color": "#3366ff",
    "marker-symbol": "e"
  },
  {
    "rowid": 140072,
    "id": 32696,
    "source": "OA",
    "source_id": "4919d9390eba04e7",
    "housenumber": 44,
    "lat": 52.5988392,
    "lon": 13.2412358,
    "parity": "L",
    "proj_lat": 52.59864313938563,
    "proj_lon": 13.24126749123594,
    "marker-color": "#3366ff",
    "marker-symbol": "e"
  },
  {
    "rowid": 140072,
    "id": 32696,
    "source": "OA",
    "source_id": "4919d9390eba04e7",
    "housenumber": 44,
    "lat": 52.5988392,
    "lon": 13.2412358,
    "parity": "L",
    "proj_lat": 52.59864313938563,
    "proj_lon": 13.24126749123594,
    "marker-color": "#3366ff",
    "marker-symbol": "e"
  },
  {
    "rowid": 140073,
    "id": 32696,
    "source": "OA",
    "source_id": "5f3a87b549f7db9b",
    "housenumber": 44.03,
    "lat": 52.5990505,
    "lon": 13.2411543,
    "parity": "L",
    "proj_lat": 52.59864682152993,
    "proj_lon": 13.241028321568606,
    "marker-color": "#3366ff",
    "marker-symbol": "e"
  },
  {
    "rowid": 140073,
    "id": 32696,
    "source": "OA",
    "source_id": "5f3a87b549f7db9b",
    "housenumber": 44.03,
    "lat": 52.5990505,
    "lon": 13.2411543,
    "parity": "L",
    "proj_lat": 52.59864682152993,
    "proj_lon": 13.241028321568606,
    "marker-color": "#3366ff",
    "marker-symbol": "e"
  },
  {
    "rowid": 140074,
    "id": 32696,
    "source": "OA",
    "source_id": "df0edcfed1df326c",
    "housenumber": 46,
    "lat": 52.5990967,
    "lon": 13.2409322,
    "parity": "L",
    "proj_lat": 52.59867310778311,
    "proj_lon": 13.240800006683912,
    "marker-color": "#3366ff",
    "marker-symbol": "e"
  },
  {
    "rowid": 140074,
    "id": 32696,
    "source": "OA",
    "source_id": "df0edcfed1df326c",
    "housenumber": 46,
    "lat": 52.5990967,
    "lon": 13.2409322,
    "parity": "L",
    "proj_lat": 52.59867310778311,
    "proj_lon": 13.240800006683912,
    "marker-color": "#3366ff",
    "marker-symbol": "e"
  },
  {
    "rowid": 140075,
    "id": 32696,
    "source": "OA",
    "source_id": "666c077d604bdde9",
    "housenumber": 46.03,
    "lat": 52.5988801,
    "lon": 13.240866,
    "parity": "L",
    "proj_lat": 52.59867295258051,
    "proj_lon": 13.240801354729328,
    "marker-color": "#3366ff",
    "marker-symbol": "e"
  },
  {
    "rowid": 140075,
    "id": 32696,
    "source": "OA",
    "source_id": "666c077d604bdde9",
    "housenumber": 46.03,
    "lat": 52.5988801,
    "lon": 13.240866,
    "parity": "L",
    "proj_lat": 52.59867295258051,
    "proj_lon": 13.240801354729328,
    "marker-color": "#3366ff",
    "marker-symbol": "e"
  },
  {
    "rowid": 140076,
    "id": 32696,
    "source": "OA",
    "source_id": "9ef5721d13e50c9b",
    "housenumber": 48,
    "lat": 52.5991324,
    "lon": 13.2406412,
    "parity": "L",
    "proj_lat": 52.59870856983444,
    "proj_lon": 13.240494956558328,
    "marker-color": "#3366ff",
    "marker-symbol": "e"
  },
  {
    "rowid": 140076,
    "id": 32696,
    "source": "OA",
    "source_id": "9ef5721d13e50c9b",
    "housenumber": 48,
    "lat": 52.5991324,
    "lon": 13.2406412,
    "parity": "L",
    "proj_lat": 52.59870856983444,
    "proj_lon": 13.240494956558328,
    "marker-color": "#3366ff",
    "marker-symbol": "e"
  },
  {
    "rowid": 140077,
    "id": 32696,
    "source": "OA",
    "source_id": "a21771e32bc3dabe",
    "housenumber": 48.03,
    "lat": 52.5988781,
    "lon": 13.2405951,
    "parity": "L",
    "proj_lat": 52.598702990612814,
    "proj_lon": 13.240540452962996,
    "marker-color": "#3366ff",
    "marker-symbol": "e"
  },
  {
    "rowid": 140077,
    "id": 32696,
    "source": "OA",
    "source_id": "a21771e32bc3dabe",
    "housenumber": 48.03,
    "lat": 52.5988781,
    "lon": 13.2405951,
    "parity": "L",
    "proj_lat": 52.598702990612814,
    "proj_lon": 13.240540452962996,
    "marker-color": "#3366ff",
    "marker-symbol": "e"
  },
  {
    "rowid": 140078,
    "id": 32696,
    "source": "OA",
    "source_id": "9b7d2c598ce47e5c",
    "housenumber": 48.06,
    "lat": 52.5988899,
    "lon": 13.2405082,
    "parity": "L",
    "proj_lat": 52.59871458445393,
    "proj_lon": 13.24044770769183,
    "marker-color": "#3366ff",
    "marker-symbol": "e"
  },
  {
    "rowid": 140078,
    "id": 32696,
    "source": "OA",
    "source_id": "9b7d2c598ce47e5c",
    "housenumber": 48.06,
    "lat": 52.5988899,
    "lon": 13.2405082,
    "parity": "L",
    "proj_lat": 52.59871458445393,
    "proj_lon": 13.24044770769183,
    "marker-color": "#3366ff",
    "marker-symbol": "e"
  },
  {
    "rowid": 140079,
    "id": 32696,
    "source": "OA",
    "source_id": "9519d8ca2c27c3bf",
    "housenumber": 50,
    "lat": 52.5989304,
    "lon": 13.2402777,
    "parity": "L",
    "proj_lat": 52.59874439581452,
    "proj_lon": 13.240213519477702,
    "marker-color": "#3366ff",
    "marker-symbol": "e"
  },
  {
    "rowid": 140079,
    "id": 32696,
    "source": "OA",
    "source_id": "9519d8ca2c27c3bf",
    "housenumber": 50,
    "lat": 52.5989304,
    "lon": 13.2402777,
    "parity": "L",
    "proj_lat": 52.59874439581452,
    "proj_lon": 13.240213519477702,
    "marker-color": "#3366ff",
    "marker-symbol": "e"
  },
  {
    "rowid": 140080,
    "id": 32696,
    "source": "OA",
    "source_id": "9de10d5cb6019a3d",
    "housenumber": 50.03,
    "lat": 52.5991693,
    "lon": 13.2403487,
    "parity": "L",
    "proj_lat": 52.59874579005251,
    "proj_lon": 13.240202566804024,
    "marker-color": "#3366ff",
    "marker-symbol": "e"
  },
  {
    "rowid": 140080,
    "id": 32696,
    "source": "OA",
    "source_id": "9de10d5cb6019a3d",
    "housenumber": 50.03,
    "lat": 52.5991693,
    "lon": 13.2403487,
    "parity": "L",
    "proj_lat": 52.59874579005251,
    "proj_lon": 13.240202566804024,
    "marker-color": "#3366ff",
    "marker-symbol": "e"
  },
  {
    "rowid": 140081,
    "id": 32696,
    "source": "OA",
    "source_id": "fcc82c89adb576cf",
    "housenumber": 52,
    "lat": 52.5989615,
    "lon": 13.2399809,
    "parity": "L",
    "proj_lat": 52.598781896320176,
    "proj_lon": 13.239918927876554,
    "marker-color": "#3366ff",
    "marker-symbol": "e"
  },
  {
    "rowid": 140081,
    "id": 32696,
    "source": "OA",
    "source_id": "fcc82c89adb576cf",
    "housenumber": 52,
    "lat": 52.5989615,
    "lon": 13.2399809,
    "parity": "L",
    "proj_lat": 52.598781896320176,
    "proj_lon": 13.239918927876554,
    "marker-color": "#3366ff",
    "marker-symbol": "e"
  },
  {
    "rowid": 140082,
    "id": 32696,
    "source": "OA",
    "source_id": "cdfd3df835344b2d",
    "housenumber": 52.03,
    "lat": 52.5991797,
    "lon": 13.2400952,
    "parity": "L",
    "proj_lat": 52.59877713955949,
    "proj_lon": 13.239956295419304,
    "marker-color": "#3366ff",
    "marker-symbol": "e"
  },
  {
    "rowid": 140082,
    "id": 32696,
    "source": "OA",
    "source_id": "cdfd3df835344b2d",
    "housenumber": 52.03,
    "lat": 52.5991797,
    "lon": 13.2400952,
    "parity": "L",
    "proj_lat": 52.59877713955949,
    "proj_lon": 13.239956295419304,
    "marker-color": "#3366ff",
    "marker-symbol": "e"
  },
  {
    "rowid": 140083,
    "id": 32696,
    "source": "OA",
    "source_id": "3981f3f837994445",
    "housenumber": 54,
    "lat": 52.5990193,
    "lon": 13.2397485,
    "parity": "L",
    "proj_lat": 52.5988126672837,
    "proj_lon": 13.239677201338376,
    "marker-color": "#3366ff",
    "marker-symbol": "e"
  },
  {
    "rowid": 140083,
    "id": 32696,
    "source": "OA",
    "source_id": "3981f3f837994445",
    "housenumber": 54,
    "lat": 52.5990193,
    "lon": 13.2397485,
    "parity": "L",
    "proj_lat": 52.5988126672837,
    "proj_lon": 13.239677201338376,
    "marker-color": "#3366ff",
    "marker-symbol": "e"
  },
  {
    "rowid": 140084,
    "id": 32696,
    "source": "OA",
    "source_id": "cad1892fa3802e21",
    "housenumber": 56,
    "lat": 52.5990271,
    "lon": 13.2394103,
    "parity": "L",
    "proj_lat": 52.59885423575573,
    "proj_lon": 13.239350653135414,
    "marker-color": "#3366ff",
    "marker-symbol": "e"
  },
  {
    "rowid": 140084,
    "id": 32696,
    "source": "OA",
    "source_id": "cad1892fa3802e21",
    "housenumber": 56,
    "lat": 52.5990271,
    "lon": 13.2394103,
    "parity": "L",
    "proj_lat": 52.59885423575573,
    "proj_lon": 13.239350653135414,
    "marker-color": "#3366ff",
    "marker-symbol": "e"
  },
  {
    "rowid": 140085,
    "id": 32696,
    "source": "OA",
    "source_id": "600e46ea4fa2494c",
    "housenumber": 56.03,
    "lat": 52.5990391,
    "lon": 13.2393209,
    "parity": "L",
    "proj_lat": 52.59886564214832,
    "proj_lon": 13.239261048278191,
    "marker-color": "#3366ff",
    "marker-symbol": "e"
  },
  {
    "rowid": 140085,
    "id": 32696,
    "source": "OA",
    "source_id": "600e46ea4fa2494c",
    "housenumber": 56.03,
    "lat": 52.5990391,
    "lon": 13.2393209,
    "parity": "L",
    "proj_lat": 52.59886564214832,
    "proj_lon": 13.239261048278191,
    "marker-color": "#3366ff",
    "marker-symbol": "e"
  },
  {
    "rowid": 140086,
    "id": 32696,
    "source": "OA",
    "source_id": "4aec7df93bf6f913",
    "housenumber": 56.06,
    "lat": 52.5993036,
    "lon": 13.2394063,
    "parity": "L",
    "proj_lat": 52.59886635765668,
    "proj_lon": 13.239255427480488,
    "marker-color": "#3366ff",
    "marker-symbol": "e"
  },
  {
    "rowid": 140086,
    "id": 32696,
    "source": "OA",
    "source_id": "4aec7df93bf6f913",
    "housenumber": 56.06,
    "lat": 52.5993036,
    "lon": 13.2394063,
    "parity": "L",
    "proj_lat": 52.59886635765668,
    "proj_lon": 13.239255427480488,
    "marker-color": "#3366ff",
    "marker-symbol": "e"
  },
  {
    "rowid": 17565,
    "id": 32696,
    "source": "OA",
    "source_id": "dd6e2dde2d617200",
    "housenumber": 57,
    "lat": 52.5987811,
    "lon": 13.2388403,
    "parity": "R",
    "proj_lat": 52.59891339130619,
    "proj_lon": 13.238885946646242,
    "marker-color": "#ff0000",
    "marker-symbol": "o"
  },
  {
    "rowid": 17565,
    "id": 32696,
    "source": "OA",
    "source_id": "dd6e2dde2d617200",
    "housenumber": 57,
    "lat": 52.5987811,
    "lon": 13.2388403,
    "parity": "R",
    "proj_lat": 52.59891339130619,
    "proj_lon": 13.238885946646242,
    "marker-color": "#ff0000",
    "marker-symbol": "o"
  },
  {
    "rowid": 140087,
    "id": 32696,
    "source": "OA",
    "source_id": "7c076358acf5b1b3",
    "housenumber": 58,
    "lat": 52.5990716,
    "lon": 13.2390805,
    "parity": "L",
    "proj_lat": 52.59889632411435,
    "proj_lon": 13.239020020874891,
    "marker-color": "#3366ff",
    "marker-symbol": "e"
  },
  {
    "rowid": 140087,
    "id": 32696,
    "source": "OA",
    "source_id": "7c076358acf5b1b3",
    "housenumber": 58,
    "lat": 52.5990716,
    "lon": 13.2390805,
    "parity": "L",
    "proj_lat": 52.59889632411435,
    "proj_lon": 13.239020020874891,
    "marker-color": "#3366ff",
    "marker-symbol": "e"
  },
  {
    "rowid": 17566,
    "id": 32696,
    "source": "OA",
    "source_id": "6d523b321ce2652b",
    "housenumber": 59,
    "lat": 52.5988129,
    "lon": 13.2385955,
    "parity": "R",
    "proj_lat": 52.598944580338205,
    "proj_lon": 13.23864093589987,
    "marker-color": "#ff0000",
    "marker-symbol": "o"
  },
  {
    "rowid": 17566,
    "id": 32696,
    "source": "OA",
    "source_id": "6d523b321ce2652b",
    "housenumber": 59,
    "lat": 52.5988129,
    "lon": 13.2385955,
    "parity": "R",
    "proj_lat": 52.598944580338205,
    "proj_lon": 13.23864093589987,
    "marker-color": "#ff0000",
    "marker-symbol": "o"
  },
  {
    "rowid": 140088,
    "id": 32696,
    "source": "OA",
    "source_id": "aa47daef246eb978",
    "housenumber": 60,
    "lat": 52.5990834,
    "lon": 13.2388624,
    "parity": "L",
    "proj_lat": 52.59892341583327,
    "proj_lon": 13.238807197268537,
    "marker-color": "#3366ff",
    "marker-symbol": "e"
  },
  {
    "rowid": 140088,
    "id": 32696,
    "source": "OA",
    "source_id": "aa47daef246eb978",
    "housenumber": 60,
    "lat": 52.5990834,
    "lon": 13.2388624,
    "parity": "L",
    "proj_lat": 52.59892341583327,
    "proj_lon": 13.238807197268537,
    "marker-color": "#3366ff",
    "marker-symbol": "e"
  },
  {
    "rowid": 140089,
    "id": 32696,
    "source": "OA",
    "source_id": "a2adf2e682fede91",
    "housenumber": 60.03,
    "lat": 52.5991657,
    "lon": 13.2388922,
    "parity": "L",
    "proj_lat": 52.5989232448763,
    "proj_lon": 13.238808540250108,
    "marker-color": "#3366ff",
    "marker-symbol": "e"
  },
  {
    "rowid": 140089,
    "id": 32696,
    "source": "OA",
    "source_id": "a2adf2e682fede91",
    "housenumber": 60.03,
    "lat": 52.5991657,
    "lon": 13.2388922,
    "parity": "L",
    "proj_lat": 52.5989232448763,
    "proj_lon": 13.238808540250108,
    "marker-color": "#3366ff",
    "marker-symbol": "e"
  },
  {
    "rowid": 140090,
    "id": 32696,
    "source": "OA",
    "source_id": "e27df0d42fe0a0c4",
    "housenumber": 60.06,
    "lat": 52.5991311,
    "lon": 13.2387785,
    "parity": "L",
    "proj_lat": 52.59893565367017,
    "proj_lon": 13.238711060859128,
    "marker-color": "#3366ff",
    "marker-symbol": "e"
  },
  {
    "rowid": 140090,
    "id": 32696,
    "source": "OA",
    "source_id": "e27df0d42fe0a0c4",
    "housenumber": 60.06,
    "lat": 52.5991311,
    "lon": 13.2387785,
    "parity": "L",
    "proj_lat": 52.59893565367017,
    "proj_lon": 13.238711060859128,
    "marker-color": "#3366ff",
    "marker-symbol": "e"
  },
  {
    "rowid": 17567,
    "id": 32696,
    "source": "OA",
    "source_id": "5117ba14a95796d8",
    "housenumber": 61,
    "lat": 52.5988548,
    "lon": 13.238358,
    "parity": "R",
    "proj_lat": 52.598975304162245,
    "proj_lon": 13.238399579673912,
    "marker-color": "#ff0000",
    "marker-symbol": "o"
  },
  {
    "rowid": 17567,
    "id": 32696,
    "source": "OA",
    "source_id": "5117ba14a95796d8",
    "housenumber": 61,
    "lat": 52.5988548,
    "lon": 13.238358,
    "parity": "R",
    "proj_lat": 52.598975304162245,
    "proj_lon": 13.238399579673912,
    "marker-color": "#ff0000",
    "marker-symbol": "o"
  },
  {
    "rowid": 140091,
    "id": 32696,
    "source": "OA",
    "source_id": "b9f4ddbaa37db791",
    "housenumber": 62,
    "lat": 52.5991892,
    "lon": 13.238604,
    "parity": "L",
    "proj_lat": 52.598959376914046,
    "proj_lon": 13.238524698881408,
    "marker-color": "#3366ff",
    "marker-symbol": "e"
  },
  {
    "rowid": 140091,
    "id": 32696,
    "source": "OA",
    "source_id": "b9f4ddbaa37db791",
    "housenumber": 62,
    "lat": 52.5991892,
    "lon": 13.238604,
    "parity": "L",
    "proj_lat": 52.598959376914046,
    "proj_lon": 13.238524698881408,
    "marker-color": "#3366ff",
    "marker-symbol": "e"
  },
  {
    "rowid": 140092,
    "id": 32696,
    "source": "OA",
    "source_id": "e345a605dc9fa0b0",
    "housenumber": 62.03,
    "lat": 52.5992092,
    "lon": 13.2385098,
    "parity": "L",
    "proj_lat": 52.598971705233474,
    "proj_lon": 13.238427851671073,
    "marker-color": "#3366ff",
    "marker-symbol": "e"
  },
  {
    "rowid": 140092,
    "id": 32696,
    "source": "OA",
    "source_id": "e345a605dc9fa0b0",
    "housenumber": 62.03,
    "lat": 52.5992092,
    "lon": 13.2385098,
    "parity": "L",
    "proj_lat": 52.598971705233474,
    "proj_lon": 13.238427851671073,
    "marker-color": "#3366ff",
    "marker-symbol": "e"
  },
  {
    "rowid": 140093,
    "id": 32696,
    "source": "OA",
    "source_id": "09c1b03e6598083c",
    "housenumber": 62.06,
    "lat": 52.5994184,
    "lon": 13.2386526,
    "parity": "L",
    "proj_lat": 52.598963094606376,
    "proj_lon": 13.238495493916917,
    "marker-color": "#3366ff",
    "marker-symbol": "e"
  },
  {
    "rowid": 140093,
    "id": 32696,
    "source": "OA",
    "source_id": "09c1b03e6598083c",
    "housenumber": 62.06,
    "lat": 52.5994184,
    "lon": 13.2386526,
    "parity": "L",
    "proj_lat": 52.598963094606376,
    "proj_lon": 13.238495493916917,
    "marker-color": "#3366ff",
    "marker-symbol": "e"
  },
  {
    "rowid": 140094,
    "id": 32696,
    "source": "OA",
    "source_id": "630da229a55c1350",
    "housenumber": 62.09,
    "lat": 52.5994787,
    "lon": 13.2383734,
    "parity": "L",
    "proj_lat": 52.59899967762839,
    "proj_lon": 13.238208109764589,
    "marker-color": "#3366ff",
    "marker-symbol": "e"
  },
  {
    "rowid": 140094,
    "id": 32696,
    "source": "OA",
    "source_id": "630da229a55c1350",
    "housenumber": 62.09,
    "lat": 52.5994787,
    "lon": 13.2383734,
    "parity": "L",
    "proj_lat": 52.59899967762839,
    "proj_lon": 13.238208109764589,
    "marker-color": "#3366ff",
    "marker-symbol": "e"
  },
  {
    "rowid": 17568,
    "id": 32696,
    "source": "OA",
    "source_id": "35ea08c3a4dafb38",
    "housenumber": 63,
    "lat": 52.5988849,
    "lon": 13.2381235,
    "parity": "R",
    "proj_lat": 52.59900516567981,
    "proj_lon": 13.23816499744314,
    "marker-color": "#ff0000",
    "marker-symbol": "o"
  },
  {
    "rowid": 17568,
    "id": 32696,
    "source": "OA",
    "source_id": "35ea08c3a4dafb38",
    "housenumber": 63,
    "lat": 52.5988849,
    "lon": 13.2381235,
    "parity": "R",
    "proj_lat": 52.59900516567981,
    "proj_lon": 13.23816499744314,
    "marker-color": "#ff0000",
    "marker-symbol": "o"
  },
  {
    "rowid": 140095,
    "id": 32696,
    "source": "OA",
    "source_id": "6a5fcd95483555ee",
    "housenumber": 64,
    "lat": 52.5991806,
    "lon": 13.2382584,
    "parity": "L",
    "proj_lat": 52.59900115768404,
    "proj_lon": 13.238196482935695,
    "marker-color": "#3366ff",
    "marker-symbol": "e"
  },
  {
    "rowid": 140095,
    "id": 32696,
    "source": "OA",
    "source_id": "6a5fcd95483555ee",
    "housenumber": 64,
    "lat": 52.5991806,
    "lon": 13.2382584,
    "parity": "L",
    "proj_lat": 52.59900115768404,
    "proj_lon": 13.238196482935695,
    "marker-color": "#3366ff",
    "marker-symbol": "e"
  },
  {
    "rowid": 17569,
    "id": 32696,
    "source": "OA",
    "source_id": "c29776e755d90dc9",
    "housenumber": 65,
    "lat": 52.5989185,
    "lon": 13.2378506,
    "parity": "R",
    "proj_lat": 52.59903985697695,
    "proj_lon": 13.237892474057366,
    "marker-color": "#ff0000",
    "marker-symbol": "o"
  },
  {
    "rowid": 17569,
    "id": 32696,
    "source": "OA",
    "source_id": "c29776e755d90dc9",
    "housenumber": 65,
    "lat": 52.5989185,
    "lon": 13.2378506,
    "parity": "R",
    "proj_lat": 52.59903985697695,
    "proj_lon": 13.237892474057366,
    "marker-color": "#ff0000",
    "marker-symbol": "o"
  },
  {
    "rowid": 140096,
    "id": 32696,
    "source": "OA",
    "source_id": "515b55b4780e121d",
    "housenumber": 66,
    "lat": 52.5992687,
    "lon": 13.238024,
    "parity": "L",
    "proj_lat": 52.59903344745635,
    "proj_lon": 13.23794282513674,
    "marker-color": "#3366ff",
    "marker-symbol": "e"
  },
  {
    "rowid": 140096,
    "id": 32696,
    "source": "OA",
    "source_id": "515b55b4780e121d",
    "housenumber": 66,
    "lat": 52.5992687,
    "lon": 13.238024,
    "parity": "L",
    "proj_lat": 52.59903344745635,
    "proj_lon": 13.23794282513674,
    "marker-color": "#3366ff",
    "marker-symbol": "e"
  },
  {
    "rowid": 17570,
    "id": 32696,
    "source": "OA",
    "source_id": "53d1ac6e74ac886a",
    "housenumber": 67,
    "lat": 52.5989342,
    "lon": 13.2376551,
    "parity": "R",
    "proj_lat": 52.59906435693091,
    "proj_lon": 13.237700010501523,
    "marker-color": "#ff0000",
    "marker-symbol": "o"
  },
  {
    "rowid": 17570,
    "id": 32696,
    "source": "OA",
    "source_id": "53d1ac6e74ac886a",
    "housenumber": 67,
    "lat": 52.5989342,
    "lon": 13.2376551,
    "parity": "R",
    "proj_lat": 52.59906435693091,
    "proj_lon": 13.237700010501523,
    "marker-color": "#ff0000",
    "marker-symbol": "o"
  },
  {
    "rowid": 163511,
    "id": 32696,
    "source": "OA",
    "source_id": "e5a9d7ffc221acd7",
    "housenumber": 67.03,
    "lat": 52.5989441,
    "lon": 13.2375745,
    "parity": "R",
    "proj_lat": 52.59907460188184,
    "proj_lon": 13.237619529546803,
    "marker-color": "#ff0000",
    "marker-symbol": "o"
  },
  {
    "rowid": 163511,
    "id": 32696,
    "source": "OA",
    "source_id": "e5a9d7ffc221acd7",
    "housenumber": 67.03,
    "lat": 52.5989441,
    "lon": 13.2375745,
    "parity": "R",
    "proj_lat": 52.59907460188184,
    "proj_lon": 13.237619529546803,
    "marker-color": "#ff0000",
    "marker-symbol": "o"
  },
  {
    "rowid": 166765,
    "id": 32696,
    "source": "OA",
    "source_id": "9a8dbe9781773d40",
    "housenumber": 68,
    "lat": 52.5993828,
    "lon": 13.2376856,
    "parity": "L",
    "proj_lat": 52.59907951304898,
    "proj_lon": 13.237580949037921,
    "marker-color": "#3366ff",
    "marker-symbol": "e"
  },
  {
    "rowid": 166765,
    "id": 32696,
    "source": "OA",
    "source_id": "9a8dbe9781773d40",
    "housenumber": 68,
    "lat": 52.5993828,
    "lon": 13.2376856,
    "parity": "L",
    "proj_lat": 52.59907951304898,
    "proj_lon": 13.237580949037921,
    "marker-color": "#3366ff",
    "marker-symbol": "e"
  },
  {
    "rowid": 171381,
    "id": 32696,
    "source": "OA",
    "source_id": "fbe5a40c824ad5e3",
    "housenumber": 69,
    "lat": 52.5989716,
    "lon": 13.2374076,
    "parity": "R",
    "proj_lat": 52.5990961108241,
    "proj_lon": 13.237450562392125,
    "marker-color": "#ff0000",
    "marker-symbol": "o"
  },
  {
    "rowid": 171381,
    "id": 32696,
    "source": "OA",
    "source_id": "fbe5a40c824ad5e3",
    "housenumber": 69,
    "lat": 52.5989716,
    "lon": 13.2374076,
    "parity": "R",
    "proj_lat": 52.5990961108241,
    "proj_lon": 13.237450562392125,
    "marker-color": "#ff0000",
    "marker-symbol": "o"
  },
  {
    "rowid": 171382,
    "id": 32696,
    "source": "OA",
    "source_id": "9c84cd5012cc1ca7",
    "housenumber": 69.03,
    "lat": 52.5989334,
    "lon": 13.2373074,
    "parity": "R",
    "proj_lat": 52.59910672199236,
    "proj_lon": 13.237367204554882,
    "marker-color": "#ff0000",
    "marker-symbol": "o"
  },
  {
    "rowid": 171382,
    "id": 32696,
    "source": "OA",
    "source_id": "9c84cd5012cc1ca7",
    "housenumber": 69.03,
    "lat": 52.5989334,
    "lon": 13.2373074,
    "parity": "R",
    "proj_lat": 52.59910672199236,
    "proj_lon": 13.237367204554882,
    "marker-color": "#ff0000",
    "marker-symbol": "o"
  },
  {
    "rowid": 140097,
    "id": 32696,
    "source": "OA",
    "source_id": "25635c349f329bf4",
    "housenumber": 70,
    "lat": 52.5992764,
    "lon": 13.2370704,
    "parity": "L",
    "proj_lat": 52.5991500538565,
    "proj_lon": 13.237026803725255,
    "marker-color": "#3366ff",
    "marker-symbol": "e"
  },
  {
    "rowid": 140097,
    "id": 32696,
    "source": "OA",
    "source_id": "25635c349f329bf4",
    "housenumber": 70,
    "lat": 52.5992764,
    "lon": 13.2370704,
    "parity": "L",
    "proj_lat": 52.5991500538565,
    "proj_lon": 13.237026803725255,
    "marker-color": "#3366ff",
    "marker-symbol": "e"
  },
  {
    "rowid": 17571,
    "id": 32696,
    "source": "OA",
    "source_id": "63646cde46d0e512",
    "housenumber": 72,
    "lat": 52.599379,
    "lon": 13.2362506,
    "parity": "L",
    "proj_lat": 52.599254748598206,
    "proj_lon": 13.236207462867837,
    "marker-color": "#3366ff",
    "marker-symbol": "e"
  },
  {
    "rowid": 17571,
    "id": 32696,
    "source": "OA",
    "source_id": "63646cde46d0e512",
    "housenumber": 72,
    "lat": 52.599379,
    "lon": 13.2362506,
    "parity": "L",
    "proj_lat": 52.599254748598206,
    "proj_lon": 13.236207462867837,
    "marker-color": "#3366ff",
    "marker-symbol": "e"
  },
  {
    "rowid": 140098,
    "id": 32696,
    "source": "OA",
    "source_id": "bb8ca59007a6b5ed",
    "housenumber": 74,
    "lat": 52.5997534,
    "lon": 13.2360549,
    "parity": "L",
    "proj_lat": 52.599294686151865,
    "proj_lon": 13.235895642737342,
    "marker-color": "#3366ff",
    "marker-symbol": "e"
  },
  {
    "rowid": 140098,
    "id": 32696,
    "source": "OA",
    "source_id": "bb8ca59007a6b5ed",
    "housenumber": 74,
    "lat": 52.5997534,
    "lon": 13.2360549,
    "parity": "L",
    "proj_lat": 52.599294686151865,
    "proj_lon": 13.235895642737342,
    "marker-color": "#3366ff",
    "marker-symbol": "e"
  },
  {
    "rowid": 17572,
    "id": 32696,
    "source": "OA",
    "source_id": "d03110b344493566",
    "housenumber": 74.03,
    "lat": 52.5994322,
    "lon": 13.2359938,
    "parity": "L",
    "proj_lat": 52.59928850388135,
    "proj_lon": 13.23594391200334,
    "marker-color": "#3366ff",
    "marker-symbol": "e"
  },
  {
    "rowid": 17572,
    "id": 32696,
    "source": "OA",
    "source_id": "d03110b344493566",
    "housenumber": 74.03,
    "lat": 52.5994322,
    "lon": 13.2359938,
    "parity": "L",
    "proj_lat": 52.59928850388135,
    "proj_lon": 13.23594391200334,
    "marker-color": "#3366ff",
    "marker-symbol": "e"
  },
  {
    "rowid": 17573,
    "id": 32696,
    "source": "OA",
    "source_id": "92a1171d549be085",
    "housenumber": 121,
    "lat": 52.5985999,
    "lon": 13.2278027,
    "parity": "R",
    "proj_lat": 52.60030715816181,
    "proj_lon": 13.228648531379186,
    "marker-color": "#ff0000",
    "marker-symbol": "o"
  },
  {
    "rowid": 17573,
    "id": 32696,
    "source": "OA",
    "source_id": "92a1171d549be085",
    "housenumber": 121,
    "lat": 52.5985999,
    "lon": 13.2278027,
    "parity": "R",
    "proj_lat": 52.60030715816181,
    "proj_lon": 13.228648531379186,
    "marker-color": "#ff0000",
    "marker-symbol": "o"
  },
  {
    "rowid": 173064,
    "id": 32696,
    "source": "OA",
    "source_id": "3742542f3a249497",
    "housenumber": 165,
    "lat": 52.6013849,
    "lon": 13.2224514,
    "parity": "R",
    "proj_lat": 52.601493796953164,
    "proj_lon": 13.222455104347848,
    "marker-color": "#ff0000",
    "marker-symbol": "o"
  },
  {
    "rowid": 173064,
    "id": 32696,
    "source": "OA",
    "source_id": "3742542f3a249497",
    "housenumber": 165,
    "lat": 52.6013849,
    "lon": 13.2224514,
    "parity": "R",
    "proj_lat": 52.601493796953164,
    "proj_lon": 13.222455104347848,
    "marker-color": "#ff0000",
    "marker-symbol": "o"
  },
  {
    "rowid": 17574,
    "id": 32696,
    "source": "OA",
    "source_id": "ea7d533847d90069",
    "housenumber": 167,
    "lat": 52.6013594,
    "lon": 13.2219988,
    "parity": "R",
    "proj_lat": 52.60149946299351,
    "proj_lon": 13.222003564517548,
    "marker-color": "#ff0000",
    "marker-symbol": "o"
  },
  {
    "rowid": 17574,
    "id": 32696,
    "source": "OA",
    "source_id": "ea7d533847d90069",
    "housenumber": 167,
    "lat": 52.6013594,
    "lon": 13.2219988,
    "parity": "R",
    "proj_lat": 52.60149946299351,
    "proj_lon": 13.222003564517548,
    "marker-color": "#ff0000",
    "marker-symbol": "o"
  },
  {
    "rowid": 17575,
    "id": 32696,
    "source": "OA",
    "source_id": "a643add05e5fbe11",
    "housenumber": 169,
    "lat": 52.6013595,
    "lon": 13.2218753,
    "parity": "R",
    "proj_lat": 52.60150101208538,
    "proj_lon": 13.221880113811274,
    "marker-color": "#ff0000",
    "marker-symbol": "o"
  },
  {
    "rowid": 17575,
    "id": 32696,
    "source": "OA",
    "source_id": "a643add05e5fbe11",
    "housenumber": 169,
    "lat": 52.6013595,
    "lon": 13.2218753,
    "parity": "R",
    "proj_lat": 52.60150101208538,
    "proj_lon": 13.221880113811274,
    "marker-color": "#ff0000",
    "marker-symbol": "o"
  },
  {
    "rowid": 17576,
    "id": 32696,
    "source": "OA",
    "source_id": "8e76db139859571c",
    "housenumber": 171,
    "lat": 52.600221,
    "lon": 13.221086,
    "parity": "R",
    "proj_lat": 52.60151514736576,
    "proj_lon": 13.221168608534278,
    "marker-color": "#ff0000",
    "marker-symbol": "o"
  },
  {
    "rowid": 17576,
    "id": 32696,
    "source": "OA",
    "source_id": "8e76db139859571c",
    "housenumber": 171,
    "lat": 52.600221,
    "lon": 13.221086,
    "parity": "R",
    "proj_lat": 52.60151514736576,
    "proj_lon": 13.221168608534278,
    "marker-color": "#ff0000",
    "marker-symbol": "o"
  },
  {
    "rowid": 144867,
    "id": 32696,
    "source": "OA",
    "source_id": "41ee7bc90ff4655b",
    "housenumber": 173,
    "lat": 52.6011784,
    "lon": 13.2206786,
    "parity": "R",
    "proj_lat": 52.60152194237843,
    "proj_lon": 13.220687223129401,
    "marker-color": "#ff0000",
    "marker-symbol": "o"
  },
  {
    "rowid": 144867,
    "id": 32696,
    "source": "OA",
    "source_id": "41ee7bc90ff4655b",
    "housenumber": 173,
    "lat": 52.6011784,
    "lon": 13.2206786,
    "parity": "R",
    "proj_lat": 52.60152194237843,
    "proj_lon": 13.220687223129401,
    "marker-color": "#ff0000",
    "marker-symbol": "o"
  },
  {
    "rowid": 147057,
    "id": 32696,
    "source": "OA",
    "source_id": "60af04f64082be97",
    "housenumber": 174,
    "lat": 52.6032737,
    "lon": 13.2222716,
    "parity": "L",
    "proj_lat": 52.60149685813185,
    "proj_lon": 13.222211151954111,
    "marker-color": "#3366ff",
    "marker-symbol": "e"
  },
  {
    "rowid": 147057,
    "id": 32696,
    "source": "OA",
    "source_id": "60af04f64082be97",
    "housenumber": 174,
    "lat": 52.6032737,
    "lon": 13.2222716,
    "parity": "L",
    "proj_lat": 52.60149685813185,
    "proj_lon": 13.222211151954111,
    "marker-color": "#3366ff",
    "marker-symbol": "e"
  },
  {
    "rowid": 144868,
    "id": 32696,
    "source": "OA",
    "source_id": "c3e09634b8607e44",
    "housenumber": 175,
    "lat": 52.6011784,
    "lon": 13.2205264,
    "parity": "R",
    "proj_lat": 52.601523351310234,
    "proj_lon": 13.220535058494475,
    "marker-color": "#ff0000",
    "marker-symbol": "o"
  },
  {
    "rowid": 144868,
    "id": 32696,
    "source": "OA",
    "source_id": "c3e09634b8607e44",
    "housenumber": 175,
    "lat": 52.6011784,
    "lon": 13.2205264,
    "parity": "R",
    "proj_lat": 52.601523351310234,
    "proj_lon": 13.220535058494475,
    "marker-color": "#ff0000",
    "marker-symbol": "o"
  },
  {
    "rowid": 168897,
    "id": 32696,
    "source": "OA",
    "source_id": "3479303e3229497d",
    "housenumber": 195,
    "lat": 52.6011102,
    "lon": 13.2185365,
    "parity": "R",
    "proj_lat": 52.601195704146534,
    "proj_lon": 13.218489155717403,
    "marker-color": "#ff0000",
    "marker-symbol": "o"
  },
  {
    "rowid": 168897,
    "id": 32696,
    "source": "OA",
    "source_id": "3479303e3229497d",
    "housenumber": 195,
    "lat": 52.6011102,
    "lon": 13.2185365,
    "parity": "R",
    "proj_lat": 52.601195704146534,
    "proj_lon": 13.218489155717403,
    "marker-color": "#ff0000",
    "marker-symbol": "o"
  },
  {
    "rowid": 168898,
    "id": 32696,
    "source": "OA",
    "source_id": "64fb51022f9f375c",
    "housenumber": 200,
    "lat": 52.6011337,
    "lon": 13.2178986,
    "parity": "L",
    "proj_lat": 52.60108125419973,
    "proj_lon": 13.217927454655232,
    "marker-color": "#3366ff",
    "marker-symbol": "e"
  },
  {
    "rowid": 168898,
    "id": 32696,
    "source": "OA",
    "source_id": "64fb51022f9f375c",
    "housenumber": 200,
    "lat": 52.6011337,
    "lon": 13.2178986,
    "parity": "L",
    "proj_lat": 52.60108125419973,
    "proj_lon": 13.217927454655232,
    "marker-color": "#3366ff",
    "marker-symbol": "e"
  },
  {
    "rowid": 17577,
    "id": 32696,
    "source": "OA",
    "source_id": "5e917218d43735fc",
    "housenumber": 217,
    "lat": 52.5999808,
    "lon": 13.2171137,
    "parity": "R",
    "proj_lat": 52.600822157252956,
    "proj_lon": 13.216650826033415,
    "marker-color": "#ff0000",
    "marker-symbol": "o"
  },
  {
    "rowid": 17577,
    "id": 32696,
    "source": "OA",
    "source_id": "5e917218d43735fc",
    "housenumber": 217,
    "lat": 52.5999808,
    "lon": 13.2171137,
    "parity": "R",
    "proj_lat": 52.600822157252956,
    "proj_lon": 13.216650826033415,
    "marker-color": "#ff0000",
    "marker-symbol": "o"
  },
  {
    "rowid": 17578,
    "id": 32696,
    "source": "OA",
    "source_id": "e481f4a6b29a9813",
    "housenumber": 219,
    "lat": 52.5998706,
    "lon": 13.2149815,
    "parity": "R",
    "proj_lat": 52.60023732913738,
    "proj_lon": 13.214384252029987,
    "marker-color": "#ff0000",
    "marker-symbol": "o"
  },
  {
    "rowid": 17578,
    "id": 32696,
    "source": "OA",
    "source_id": "e481f4a6b29a9813",
    "housenumber": 219,
    "lat": 52.5998706,
    "lon": 13.2149815,
    "parity": "R",
    "proj_lat": 52.60023732913738,
    "proj_lon": 13.214384252029987,
    "marker-color": "#ff0000",
    "marker-symbol": "o"
  },
  {
    "rowid": 17579,
    "id": 32696,
    "source": "OA",
    "source_id": "f85ce33b287edded",
    "housenumber": 221,
    "lat": 52.5998422,
    "lon": 13.2142407,
    "parity": "R",
    "proj_lat": 52.599998324627904,
    "proj_lon": 13.21398643878463,
    "marker-color": "#ff0000",
    "marker-symbol": "o"
  },
  {
    "rowid": 17579,
    "id": 32696,
    "source": "OA",
    "source_id": "f85ce33b287edded",
    "housenumber": 221,
    "lat": 52.5998422,
    "lon": 13.2142407,
    "parity": "R",
    "proj_lat": 52.599998324627904,
    "proj_lon": 13.21398643878463,
    "marker-color": "#ff0000",
    "marker-symbol": "o"
  }
]
