[
  {
    "rowid": 57324,
    "id": 24979,
    "source": "OA",
    "source_id": "c13d033e8cf06a5d",
    "housenumber": 1,
    "lat": 52.4686693,
    "lon": 13.3195553,
    "parity": "R",
    "proj_lat": 52.46881703204694,
    "proj_lon": 13.319560311700062,
    "marker-color": "#ff0000",
    "marker-symbol": "o"
  },
  {
    "rowid": 57325,
    "id": 24979,
    "source": "OA",
    "source_id": "0f84c4acb3a0da09",
    "housenumber": 2,
    "lat": 52.4689419,
    "lon": 13.3195515,
    "parity": "L",
    "proj_lat": 52.46881719624774,
    "proj_lon": 13.319547269465343,
    "marker-color": "#3366ff",
    "marker-symbol": "e"
  },
  {
    "rowid": 57326,
    "id": 24979,
    "source": "OA",
    "source_id": "ed4b143909212691",
    "housenumber": 3,
    "lat": 52.4686234,
    "lon": 13.3192899,
    "parity": "R",
    "proj_lat": 52.468820352391816,
    "proj_lon": 13.319296581449802,
    "marker-color": "#ff0000",
    "marker-symbol": "o"
  },
  {
    "rowid": 57327,
    "id": 24979,
    "source": "OA",
    "source_id": "4496f571ab0bad4a",
    "housenumber": 4,
    "lat": 52.4689643,
    "lon": 13.3193239,
    "parity": "L",
    "proj_lat": 52.468820070055244,
    "proj_lon": 13.319319007040567,
    "marker-color": "#3366ff",
    "marker-symbol": "e"
  },
  {
    "rowid": 57328,
    "id": 24979,
    "source": "OA",
    "source_id": "190942193e65dcc6",
    "housenumber": 5,
    "lat": 52.4685888,
    "lon": 13.3191075,
    "parity": "R",
    "proj_lat": 52.46882263304301,
    "proj_lon": 13.319115432583443,
    "marker-color": "#ff0000",
    "marker-symbol": "o"
  },
  {
    "rowid": 57329,
    "id": 24979,
    "source": "OA",
    "source_id": "7e3ff9ec9412df1f",
    "housenumber": 6,
    "lat": 52.4689669,
    "lon": 13.3190834,
    "parity": "L",
    "proj_lat": 52.468823097750274,
    "proj_lon": 13.319078521549422,
    "marker-color": "#3366ff",
    "marker-symbol": "e"
  },
  {
    "rowid": 57330,
    "id": 24979,
    "source": "OA",
    "source_id": "5ae3de841bc0678b",
    "housenumber": 7,
    "lat": 52.4685586,
    "lon": 13.3189371,
    "parity": "R",
    "proj_lat": 52.46878046215686,
    "proj_lon": 13.318721646540173,
    "marker-color": "#ff0000",
    "marker-symbol": "o"
  },
  {
    "rowid": 57331,
    "id": 24979,
    "source": "OA",
    "source_id": "d90a51c5036b86a9",
    "housenumber": 9,
    "lat": 52.4685357,
    "lon": 13.3187514,
    "parity": "R",
    "proj_lat": 52.46872494984441,
    "proj_lon": 13.318567617006547,
    "marker-color": "#ff0000",
    "marker-symbol": "o"
  },
  {
    "rowid": 57332,
    "id": 24979,
    "source": "OA",
    "source_id": "faf614c9d3a3afbd",
    "housenumber": 10,
    "lat": 52.4687957,
    "lon": 13.3182931,
    "parity": "L",
    "proj_lat": 52.46867000592776,
    "proj_lon": 13.318415164595853,
    "marker-color": "#3366ff",
    "marker-symbol": "e"
  },
  {
    "rowid": 57333,
    "id": 24979,
    "source": "OA",
    "source_id": "197e1a7c3a528ca3",
    "housenumber": 11,
    "lat": 52.4685041,
    "lon": 13.3184811,
    "parity": "R",
    "proj_lat": 52.468644596749655,
    "proj_lon": 13.318344661968954,
    "marker-color": "#ff0000",
    "marker-symbol": "o"
  },
  {
    "rowid": 57334,
    "id": 24979,
    "source": "OA",
    "source_id": "fc8873eeef8fe020",
    "housenumber": 13,
    "lat": 52.4682723,
    "lon": 13.3177732,
    "parity": "R",
    "proj_lat": 52.46842049492652,
    "proj_lon": 13.317660420199186,
    "marker-color": "#ff0000",
    "marker-symbol": "o"
  },
  {
    "rowid": 57335,
    "id": 24979,
    "source": "OA",
    "source_id": "2f2e1d3ff20dac12",
    "housenumber": 14,
    "lat": 52.4685095,
    "lon": 13.317419,
    "parity": "L",
    "proj_lat": 52.46838011883401,
    "proj_lon": 13.317517463150825,
    "marker-color": "#3366ff",
    "marker-symbol": "e"
  },
  {
    "rowid": 57336,
    "id": 24979,
    "source": "OA",
    "source_id": "df2165896cb06cc6",
    "housenumber": 15,
    "lat": 52.4682096,
    "lon": 13.3175577,
    "parity": "R",
    "proj_lat": 52.46835930555389,
    "proj_lon": 13.317443770901054,
    "marker-color": "#ff0000",
    "marker-symbol": "o"
  },
  {
    "rowid": 57337,
    "id": 24979,
    "source": "OA",
    "source_id": "4467b451713c4697",
    "housenumber": 16,
    "lat": 52.4684533,
    "lon": 13.3172221,
    "parity": "L",
    "proj_lat": 52.46832440317991,
    "proj_lon": 13.317320194297801,
    "marker-color": "#3366ff",
    "marker-symbol": "e"
  },
  {
    "rowid": 57338,
    "id": 24979,
    "source": "OA",
    "source_id": "fb90768503f7d6f9",
    "housenumber": 18,
    "lat": 52.4684017,
    "lon": 13.3170419,
    "parity": "L",
    "proj_lat": 52.468273383557616,
    "proj_lon": 13.31713955238422,
    "marker-color": "#3366ff",
    "marker-symbol": "e"
  },
  {
    "rowid": 57339,
    "id": 24979,
    "source": "OA",
    "source_id": "1781b0b2fc805802",
    "housenumber": 18.03,
    "lat": 52.4683519,
    "lon": 13.3168584,
    "parity": "L",
    "proj_lat": 52.4682219152383,
    "proj_lon": 13.316957321797807,
    "marker-color": "#3366ff",
    "marker-symbol": "e"
  },
  {
    "rowid": 57340,
    "id": 24979,
    "source": "OA",
    "source_id": "bbbcc14b39b65ab0",
    "housenumber": 20,
    "lat": 52.4683098,
    "lon": 13.3166819,
    "parity": "L",
    "proj_lat": 52.46817759005056,
    "proj_lon": 13.316761369192163,
    "marker-color": "#3366ff",
    "marker-symbol": "e"
  },
  {
    "rowid": 57341,
    "id": 24979,
    "source": "OA",
    "source_id": "601fcc2dc2962ae7",
    "housenumber": 21,
    "lat": 52.4679913,
    "lon": 13.3167161,
    "parity": "R",
    "proj_lat": 52.46814665996248,
    "proj_lon": 13.316622717073177,
    "marker-color": "#ff0000",
    "marker-symbol": "o"
  },
  {
    "rowid": 57342,
    "id": 24979,
    "source": "OA",
    "source_id": "cad47b992e5f85ac",
    "housenumber": 22,
    "lat": 52.468272,
    "lon": 13.3165093,
    "parity": "L",
    "proj_lat": 52.4681391700743,
    "proj_lon": 13.316589141712397,
    "marker-color": "#3366ff",
    "marker-symbol": "e"
  },
  {
    "rowid": 57343,
    "id": 24979,
    "source": "OA",
    "source_id": "b4da7d24ee413bbf",
    "housenumber": 23,
    "lat": 52.4679466,
    "lon": 13.3165088,
    "parity": "R",
    "proj_lat": 52.468100598686185,
    "proj_lon": 13.31641623548978,
    "marker-color": "#ff0000",
    "marker-symbol": "o"
  },
  {
    "rowid": 57344,
    "id": 24979,
    "source": "OA",
    "source_id": "3b8938740f46ebac",
    "housenumber": 24,
    "lat": 52.4682349,
    "lon": 13.3163388,
    "parity": "L",
    "proj_lat": 52.468101245935486,
    "proj_lon": 13.31641913695219,
    "marker-color": "#3366ff",
    "marker-symbol": "e"
  },
  {
    "rowid": 57345,
    "id": 24979,
    "source": "OA",
    "source_id": "c1d0b47292c04caf",
    "housenumber": 25,
    "lat": 52.467931,
    "lon": 13.3162747,
    "parity": "R",
    "proj_lat": 52.46805270632999,
    "proj_lon": 13.316201545617195,
    "marker-color": "#ff0000",
    "marker-symbol": "o"
  }
]
