[
  {
    "rowid": 51928,
    "id": 23678,
    "source": "OA",
    "source_id": "c401e017a466fc99",
    "housenumber": 1,
    "lat": 52.6058255,
    "lon": 13.3263515,
    "parity": "L",
    "proj_lat": 52.606262,
    "proj_lon": 13.32526,
    "marker-color": "#3366ff",
    "marker-symbol": "o"
  },
  {
    "rowid": 51928,
    "id": 23678,
    "source": "OA",
    "source_id": "c401e017a466fc99",
    "housenumber": 1,
    "lat": 52.6058255,
    "lon": 13.3263515,
    "parity": "L",
    "proj_lat": 52.606262,
    "proj_lon": 13.32526,
    "marker-color": "#3366ff",
    "marker-symbol": "o"
  },
  {
    "rowid": 51929,
    "id": 23678,
    "source": "OA",
    "source_id": "4bfcf5828b6f37f7",
    "housenumber": 2,
    "lat": 52.6060386,
    "lon": 13.3260077,
    "parity": "L",
    "proj_lat": 52.606262,
    "proj_lon": 13.32526,
    "marker-color": "#3366ff",
    "marker-symbol": "e"
  },
  {
    "rowid": 51929,
    "id": 23678,
    "source": "OA",
    "source_id": "4bfcf5828b6f37f7",
    "housenumber": 2,
    "lat": 52.6060386,
    "lon": 13.3260077,
    "parity": "L",
    "proj_lat": 52.606262,
    "proj_lon": 13.32526,
    "marker-color": "#3366ff",
    "marker-symbol": "e"
  },
  {
    "rowid": 51930,
    "id": 23678,
    "source": "OA",
    "source_id": "975be615cbaaf949",
    "housenumber": 3,
    "lat": 52.6061002,
    "lon": 13.3259559,
    "parity": "L",
    "proj_lat": 52.606262,
    "proj_lon": 13.32526,
    "marker-color": "#3366ff",
    "marker-symbol": "o"
  },
  {
    "rowid": 51930,
    "id": 23678,
    "source": "OA",
    "source_id": "975be615cbaaf949",
    "housenumber": 3,
    "lat": 52.6061002,
    "lon": 13.3259559,
    "parity": "L",
    "proj_lat": 52.606262,
    "proj_lon": 13.32526,
    "marker-color": "#3366ff",
    "marker-symbol": "o"
  },
  {
    "rowid": 51931,
    "id": 23678,
    "source": "OA",
    "source_id": "9aae6ad28e5cfed7",
    "housenumber": 4,
    "lat": 52.6063198,
    "lon": 13.3258025,
    "parity": "L",
    "proj_lat": 52.606262,
    "proj_lon": 13.32526,
    "marker-color": "#3366ff",
    "marker-symbol": "e"
  },
  {
    "rowid": 51931,
    "id": 23678,
    "source": "OA",
    "source_id": "9aae6ad28e5cfed7",
    "housenumber": 4,
    "lat": 52.6063198,
    "lon": 13.3258025,
    "parity": "L",
    "proj_lat": 52.606262,
    "proj_lon": 13.32526,
    "marker-color": "#3366ff",
    "marker-symbol": "e"
  },
  {
    "rowid": 51932,
    "id": 23678,
    "source": "OA",
    "source_id": "71d8bc9486a12e19",
    "housenumber": 5,
    "lat": 52.6063982,
    "lon": 13.3254561,
    "parity": "L",
    "proj_lat": 52.60632207356521,
    "proj_lon": 13.325209678636934,
    "marker-color": "#3366ff",
    "marker-symbol": "o"
  },
  {
    "rowid": 51932,
    "id": 23678,
    "source": "OA",
    "source_id": "71d8bc9486a12e19",
    "housenumber": 5,
    "lat": 52.6063982,
    "lon": 13.3254561,
    "parity": "L",
    "proj_lat": 52.60632207356521,
    "proj_lon": 13.325209678636934,
    "marker-color": "#3366ff",
    "marker-symbol": "o"
  },
  {
    "rowid": 51933,
    "id": 23678,
    "source": "OA",
    "source_id": "78aa704f6cb82494",
    "housenumber": 6,
    "lat": 52.6075777,
    "lon": 13.3261746,
    "parity": "L",
    "proj_lat": 52.607127,
    "proj_lon": 13.324604,
    "marker-color": "#3366ff",
    "marker-symbol": "e"
  },
  {
    "rowid": 51933,
    "id": 23678,
    "source": "OA",
    "source_id": "78aa704f6cb82494",
    "housenumber": 6,
    "lat": 52.6075777,
    "lon": 13.3261746,
    "parity": "L",
    "proj_lat": 52.607127,
    "proj_lon": 13.324604,
    "marker-color": "#3366ff",
    "marker-symbol": "e"
  },
  {
    "rowid": 51934,
    "id": 23678,
    "source": "OA",
    "source_id": "3457cc31925f967f",
    "housenumber": 7,
    "lat": 52.6075777,
    "lon": 13.3261746,
    "parity": "L",
    "proj_lat": 52.607127,
    "proj_lon": 13.324604,
    "marker-color": "#3366ff",
    "marker-symbol": "o"
  },
  {
    "rowid": 51934,
    "id": 23678,
    "source": "OA",
    "source_id": "3457cc31925f967f",
    "housenumber": 7,
    "lat": 52.6075777,
    "lon": 13.3261746,
    "parity": "L",
    "proj_lat": 52.607127,
    "proj_lon": 13.324604,
    "marker-color": "#3366ff",
    "marker-symbol": "o"
  },
  {
    "rowid": 51935,
    "id": 23678,
    "source": "OA",
    "source_id": "68fd43abffe660e0",
    "housenumber": 8,
    "lat": 52.6075777,
    "lon": 13.3261746,
    "parity": "L",
    "proj_lat": 52.607127,
    "proj_lon": 13.324604,
    "marker-color": "#3366ff",
    "marker-symbol": "e"
  },
  {
    "rowid": 51935,
    "id": 23678,
    "source": "OA",
    "source_id": "68fd43abffe660e0",
    "housenumber": 8,
    "lat": 52.6075777,
    "lon": 13.3261746,
    "parity": "L",
    "proj_lat": 52.607127,
    "proj_lon": 13.324604,
    "marker-color": "#3366ff",
    "marker-symbol": "e"
  },
  {
    "rowid": 51936,
    "id": 23678,
    "source": "OA",
    "source_id": "ff1d08a34c6a620c",
    "housenumber": 9,
    "lat": 52.6075777,
    "lon": 13.3261746,
    "parity": "L",
    "proj_lat": 52.607127,
    "proj_lon": 13.324604,
    "marker-color": "#3366ff",
    "marker-symbol": "o"
  },
  {
    "rowid": 51936,
    "id": 23678,
    "source": "OA",
    "source_id": "ff1d08a34c6a620c",
    "housenumber": 9,
    "lat": 52.6075777,
    "lon": 13.3261746,
    "parity": "L",
    "proj_lat": 52.607127,
    "proj_lon": 13.324604,
    "marker-color": "#3366ff",
    "marker-symbol": "o"
  },
  {
    "rowid": 51937,
    "id": 23678,
    "source": "OA",
    "source_id": "858902691cfc7966",
    "housenumber": 10,
    "lat": 52.6075777,
    "lon": 13.3261746,
    "parity": "L",
    "proj_lat": 52.607127,
    "proj_lon": 13.324604,
    "marker-color": "#3366ff",
    "marker-symbol": "e"
  },
  {
    "rowid": 51937,
    "id": 23678,
    "source": "OA",
    "source_id": "858902691cfc7966",
    "housenumber": 10,
    "lat": 52.6075777,
    "lon": 13.3261746,
    "parity": "L",
    "proj_lat": 52.607127,
    "proj_lon": 13.324604,
    "marker-color": "#3366ff",
    "marker-symbol": "e"
  },
  {
    "rowid": 51938,
    "id": 23678,
    "source": "OA",
    "source_id": "5916e45c6263652e",
    "housenumber": 11,
    "lat": 52.6081778,
    "lon": 13.3235948,
    "parity": "L",
    "proj_lat": 52.60808081807851,
    "proj_lon": 13.323438892182896,
    "marker-color": "#3366ff",
    "marker-symbol": "o"
  },
  {
    "rowid": 51938,
    "id": 23678,
    "source": "OA",
    "source_id": "5916e45c6263652e",
    "housenumber": 11,
    "lat": 52.6081778,
    "lon": 13.3235948,
    "parity": "L",
    "proj_lat": 52.60808081807851,
    "proj_lon": 13.323438892182896,
    "marker-color": "#3366ff",
    "marker-symbol": "o"
  },
  {
    "rowid": 175724,
    "id": 23678,
    "source": "OA",
    "source_id": "64b3f4410a2cbc82",
    "housenumber": 12,
    "lat": 52.6083268,
    "lon": 13.3233438,
    "parity": "L",
    "proj_lat": 52.608229716127084,
    "proj_lon": 13.323187727224079,
    "marker-color": "#3366ff",
    "marker-symbol": "e"
  },
  {
    "rowid": 175724,
    "id": 23678,
    "source": "OA",
    "source_id": "64b3f4410a2cbc82",
    "housenumber": 12,
    "lat": 52.6083268,
    "lon": 13.3233438,
    "parity": "L",
    "proj_lat": 52.608229716127084,
    "proj_lon": 13.323187727224079,
    "marker-color": "#3366ff",
    "marker-symbol": "e"
  },
  {
    "rowid": 175725,
    "id": 23678,
    "source": "OA",
    "source_id": "aaae029702d2f6d9",
    "housenumber": 12.03,
    "lat": 52.6084486,
    "lon": 13.3231458,
    "parity": "L",
    "proj_lat": 52.60834979248065,
    "proj_lon": 13.322985546972347,
    "marker-color": "#3366ff",
    "marker-symbol": "e"
  },
  {
    "rowid": 175725,
    "id": 23678,
    "source": "OA",
    "source_id": "aaae029702d2f6d9",
    "housenumber": 12.03,
    "lat": 52.6084486,
    "lon": 13.3231458,
    "parity": "L",
    "proj_lat": 52.60834979248065,
    "proj_lon": 13.322985546972347,
    "marker-color": "#3366ff",
    "marker-symbol": "e"
  },
  {
    "rowid": 51939,
    "id": 23678,
    "source": "OA",
    "source_id": "3b4d6077aacee9fe",
    "housenumber": 14,
    "lat": 52.6085806,
    "lon": 13.3229231,
    "parity": "L",
    "proj_lat": 52.60848239874613,
    "proj_lon": 13.322763829296463,
    "marker-color": "#3366ff",
    "marker-symbol": "e"
  },
  {
    "rowid": 51939,
    "id": 23678,
    "source": "OA",
    "source_id": "3b4d6077aacee9fe",
    "housenumber": 14,
    "lat": 52.6085806,
    "lon": 13.3229231,
    "parity": "L",
    "proj_lat": 52.60848239874613,
    "proj_lon": 13.322763829296463,
    "marker-color": "#3366ff",
    "marker-symbol": "e"
  },
  {
    "rowid": 51940,
    "id": 23678,
    "source": "OA",
    "source_id": "9969920c62838dfe",
    "housenumber": 15,
    "lat": 52.6086921,
    "lon": 13.3227302,
    "parity": "L",
    "proj_lat": 52.60859586384314,
    "proj_lon": 13.322574115654268,
    "marker-color": "#3366ff",
    "marker-symbol": "o"
  },
  {
    "rowid": 51940,
    "id": 23678,
    "source": "OA",
    "source_id": "9969920c62838dfe",
    "housenumber": 15,
    "lat": 52.6086921,
    "lon": 13.3227302,
    "parity": "L",
    "proj_lat": 52.60859586384314,
    "proj_lon": 13.322574115654268,
    "marker-color": "#3366ff",
    "marker-symbol": "o"
  },
  {
    "rowid": 171590,
    "id": 23678,
    "source": "OA",
    "source_id": "b0540704b7a062b3",
    "housenumber": 16,
    "lat": 52.609039,
    "lon": 13.3221581,
    "parity": "L",
    "proj_lat": 52.608940431493004,
    "proj_lon": 13.321998125269001,
    "marker-color": "#3366ff",
    "marker-symbol": "e"
  },
  {
    "rowid": 171590,
    "id": 23678,
    "source": "OA",
    "source_id": "b0540704b7a062b3",
    "housenumber": 16,
    "lat": 52.609039,
    "lon": 13.3221581,
    "parity": "L",
    "proj_lat": 52.608940431493004,
    "proj_lon": 13.321998125269001,
    "marker-color": "#3366ff",
    "marker-symbol": "e"
  },
  {
    "rowid": 171591,
    "id": 23678,
    "source": "OA",
    "source_id": "2637b4597438a673",
    "housenumber": 17,
    "lat": 52.6091914,
    "lon": 13.322019,
    "parity": "L",
    "proj_lat": 52.60905775313611,
    "proj_lon": 13.321802092282097,
    "marker-color": "#3366ff",
    "marker-symbol": "o"
  },
  {
    "rowid": 171591,
    "id": 23678,
    "source": "OA",
    "source_id": "2637b4597438a673",
    "housenumber": 17,
    "lat": 52.6091914,
    "lon": 13.322019,
    "parity": "L",
    "proj_lat": 52.60905775313611,
    "proj_lon": 13.321802092282097,
    "marker-color": "#3366ff",
    "marker-symbol": "o"
  },
  {
    "rowid": 51941,
    "id": 23678,
    "source": "OA",
    "source_id": "07a5c5cd97f15ebb",
    "housenumber": 18,
    "lat": 52.6093312,
    "lon": 13.3219877,
    "parity": "L",
    "proj_lat": 52.609136139464525,
    "proj_lon": 13.321671116396635,
    "marker-color": "#3366ff",
    "marker-symbol": "e"
  },
  {
    "rowid": 51941,
    "id": 23678,
    "source": "OA",
    "source_id": "07a5c5cd97f15ebb",
    "housenumber": 18,
    "lat": 52.6093312,
    "lon": 13.3219877,
    "parity": "L",
    "proj_lat": 52.609136139464525,
    "proj_lon": 13.321671116396635,
    "marker-color": "#3366ff",
    "marker-symbol": "e"
  },
  {
    "rowid": 51942,
    "id": 23678,
    "source": "OA",
    "source_id": "802b36d0adbd8a4f",
    "housenumber": 19,
    "lat": 52.6093352,
    "lon": 13.3216624,
    "parity": "L",
    "proj_lat": 52.60923686858073,
    "proj_lon": 13.321502807898778,
    "marker-color": "#3366ff",
    "marker-symbol": "o"
  },
  {
    "rowid": 51942,
    "id": 23678,
    "source": "OA",
    "source_id": "802b36d0adbd8a4f",
    "housenumber": 19,
    "lat": 52.6093352,
    "lon": 13.3216624,
    "parity": "L",
    "proj_lat": 52.60923686858073,
    "proj_lon": 13.321502807898778,
    "marker-color": "#3366ff",
    "marker-symbol": "o"
  },
  {
    "rowid": 51943,
    "id": 23678,
    "source": "OA",
    "source_id": "d1c5357717050ec6",
    "housenumber": 20,
    "lat": 52.6094822,
    "lon": 13.3214165,
    "parity": "L",
    "proj_lat": 52.609383953116584,
    "proj_lon": 13.321257044030101,
    "marker-color": "#3366ff",
    "marker-symbol": "e"
  },
  {
    "rowid": 51943,
    "id": 23678,
    "source": "OA",
    "source_id": "d1c5357717050ec6",
    "housenumber": 20,
    "lat": 52.6094822,
    "lon": 13.3214165,
    "parity": "L",
    "proj_lat": 52.609383953116584,
    "proj_lon": 13.321257044030101,
    "marker-color": "#3366ff",
    "marker-symbol": "e"
  },
  {
    "rowid": 51944,
    "id": 23678,
    "source": "OA",
    "source_id": "bf29ba1137a04a13",
    "housenumber": 21,
    "lat": 52.6098289,
    "lon": 13.3208324,
    "parity": "L",
    "proj_lat": 52.609732377269054,
    "proj_lon": 13.320675620470784,
    "marker-color": "#3366ff",
    "marker-symbol": "o"
  },
  {
    "rowid": 51944,
    "id": 23678,
    "source": "OA",
    "source_id": "bf29ba1137a04a13",
    "housenumber": 21,
    "lat": 52.6098289,
    "lon": 13.3208324,
    "parity": "L",
    "proj_lat": 52.609732377269054,
    "proj_lon": 13.320675620470784,
    "marker-color": "#3366ff",
    "marker-symbol": "o"
  },
  {
    "rowid": 51945,
    "id": 23678,
    "source": "OA",
    "source_id": "b0df1fc97bcb2187",
    "housenumber": 22,
    "lat": 52.6099814,
    "lon": 13.3206755,
    "parity": "L",
    "proj_lat": 52.60985521124035,
    "proj_lon": 13.320470533232774,
    "marker-color": "#3366ff",
    "marker-symbol": "e"
  },
  {
    "rowid": 51945,
    "id": 23678,
    "source": "OA",
    "source_id": "b0df1fc97bcb2187",
    "housenumber": 22,
    "lat": 52.6099814,
    "lon": 13.3206755,
    "parity": "L",
    "proj_lat": 52.60985521124035,
    "proj_lon": 13.320470533232774,
    "marker-color": "#3366ff",
    "marker-symbol": "e"
  },
  {
    "rowid": 51946,
    "id": 23678,
    "source": "OA",
    "source_id": "408f004b117513c8",
    "housenumber": 23,
    "lat": 52.6102245,
    "lon": 13.3205434,
    "parity": "L",
    "proj_lat": 52.610015193415755,
    "proj_lon": 13.320203422252513,
    "marker-color": "#3366ff",
    "marker-symbol": "o"
  },
  {
    "rowid": 51946,
    "id": 23678,
    "source": "OA",
    "source_id": "408f004b117513c8",
    "housenumber": 23,
    "lat": 52.6102245,
    "lon": 13.3205434,
    "parity": "L",
    "proj_lat": 52.610015193415755,
    "proj_lon": 13.320203422252513,
    "marker-color": "#3366ff",
    "marker-symbol": "o"
  },
  {
    "rowid": 171592,
    "id": 23678,
    "source": "OA",
    "source_id": "20d651eccf2afb45",
    "housenumber": 23.03,
    "lat": 52.610058,
    "lon": 13.3204591,
    "parity": "L",
    "proj_lat": 52.60995868105631,
    "proj_lon": 13.320297776962281,
    "marker-color": "#3366ff",
    "marker-symbol": "o"
  },
  {
    "rowid": 171592,
    "id": 23678,
    "source": "OA",
    "source_id": "20d651eccf2afb45",
    "housenumber": 23.03,
    "lat": 52.610058,
    "lon": 13.3204591,
    "parity": "L",
    "proj_lat": 52.60995868105631,
    "proj_lon": 13.320297776962281,
    "marker-color": "#3366ff",
    "marker-symbol": "o"
  },
  {
    "rowid": 51947,
    "id": 23678,
    "source": "OA",
    "source_id": "037ebbe9a21d19b7",
    "housenumber": 24,
    "lat": 52.6103113,
    "lon": 13.3201133,
    "parity": "L",
    "proj_lat": 52.61018856979442,
    "proj_lon": 13.319913947913626,
    "marker-color": "#3366ff",
    "marker-symbol": "e"
  },
  {
    "rowid": 51947,
    "id": 23678,
    "source": "OA",
    "source_id": "037ebbe9a21d19b7",
    "housenumber": 24,
    "lat": 52.6103113,
    "lon": 13.3201133,
    "parity": "L",
    "proj_lat": 52.61018856979442,
    "proj_lon": 13.319913947913626,
    "marker-color": "#3366ff",
    "marker-symbol": "e"
  },
  {
    "rowid": 51948,
    "id": 23678,
    "source": "OA",
    "source_id": "f69422e05898f41d",
    "housenumber": 25,
    "lat": 52.6105614,
    "lon": 13.3196173,
    "parity": "L",
    "proj_lat": 52.610462641222526,
    "proj_lon": 13.319456597962457,
    "marker-color": "#3366ff",
    "marker-symbol": "o"
  },
  {
    "rowid": 51948,
    "id": 23678,
    "source": "OA",
    "source_id": "f69422e05898f41d",
    "housenumber": 25,
    "lat": 52.6105614,
    "lon": 13.3196173,
    "parity": "L",
    "proj_lat": 52.610462641222526,
    "proj_lon": 13.319456597962457,
    "marker-color": "#3366ff",
    "marker-symbol": "o"
  },
  {
    "rowid": 51949,
    "id": 23678,
    "source": "OA",
    "source_id": "3befbac454772752",
    "housenumber": 26,
    "lat": 52.6107221,
    "lon": 13.3193529,
    "parity": "L",
    "proj_lat": 52.610622299248696,
    "proj_lon": 13.319190501252175,
    "marker-color": "#3366ff",
    "marker-symbol": "e"
  },
  {
    "rowid": 51949,
    "id": 23678,
    "source": "OA",
    "source_id": "3befbac454772752",
    "housenumber": 26,
    "lat": 52.6107221,
    "lon": 13.3193529,
    "parity": "L",
    "proj_lat": 52.610622299248696,
    "proj_lon": 13.319190501252175,
    "marker-color": "#3366ff",
    "marker-symbol": "e"
  },
  {
    "rowid": 51950,
    "id": 23678,
    "source": "OA",
    "source_id": "050beab842ec458a",
    "housenumber": 27,
    "lat": 52.610837,
    "lon": 13.3191626,
    "parity": "L",
    "proj_lat": 52.610736835198196,
    "proj_lon": 13.318999608003015,
    "marker-color": "#3366ff",
    "marker-symbol": "o"
  },
  {
    "rowid": 51950,
    "id": 23678,
    "source": "OA",
    "source_id": "050beab842ec458a",
    "housenumber": 27,
    "lat": 52.610837,
    "lon": 13.3191626,
    "parity": "L",
    "proj_lat": 52.610736835198196,
    "proj_lon": 13.318999608003015,
    "marker-color": "#3366ff",
    "marker-symbol": "o"
  },
  {
    "rowid": 143812,
    "id": 23678,
    "source": "OA",
    "source_id": "cdf10bd986e807b4",
    "housenumber": 28,
    "lat": 52.6110303,
    "lon": 13.3190124,
    "parity": "L",
    "proj_lat": 52.61087783885912,
    "proj_lon": 13.318764490168562,
    "marker-color": "#3366ff",
    "marker-symbol": "e"
  },
  {
    "rowid": 143812,
    "id": 23678,
    "source": "OA",
    "source_id": "cdf10bd986e807b4",
    "housenumber": 28,
    "lat": 52.6110303,
    "lon": 13.3190124,
    "parity": "L",
    "proj_lat": 52.61087783885912,
    "proj_lon": 13.318764490168562,
    "marker-color": "#3366ff",
    "marker-symbol": "e"
  },
  {
    "rowid": 173987,
    "id": 23678,
    "source": "OA",
    "source_id": "352b4c94b2900e4d",
    "housenumber": 29,
    "lat": 52.6114891,
    "lon": 13.3181629,
    "parity": "L",
    "proj_lat": 52.611364626614474,
    "proj_lon": 13.317965395110093,
    "marker-color": "#3366ff",
    "marker-symbol": "o"
  },
  {
    "rowid": 173987,
    "id": 23678,
    "source": "OA",
    "source_id": "352b4c94b2900e4d",
    "housenumber": 29,
    "lat": 52.6114891,
    "lon": 13.3181629,
    "parity": "L",
    "proj_lat": 52.611364626614474,
    "proj_lon": 13.317965395110093,
    "marker-color": "#3366ff",
    "marker-symbol": "o"
  },
  {
    "rowid": 173988,
    "id": 23678,
    "source": "OA",
    "source_id": "b6bdb93e02d5675f",
    "housenumber": 29.03,
    "lat": 52.6115275,
    "lon": 13.3180995,
    "parity": "L",
    "proj_lat": 52.611402348294106,
    "proj_lon": 13.317900918454686,
    "marker-color": "#3366ff",
    "marker-symbol": "o"
  },
  {
    "rowid": 173988,
    "id": 23678,
    "source": "OA",
    "source_id": "b6bdb93e02d5675f",
    "housenumber": 29.03,
    "lat": 52.6115275,
    "lon": 13.3180995,
    "parity": "L",
    "proj_lat": 52.611402348294106,
    "proj_lon": 13.317900918454686,
    "marker-color": "#3366ff",
    "marker-symbol": "o"
  },
  {
    "rowid": 51951,
    "id": 23678,
    "source": "OA",
    "source_id": "9f92274f823b8396",
    "housenumber": 29.06,
    "lat": 52.6115572,
    "lon": 13.318021,
    "parity": "L",
    "proj_lat": 52.61144046299049,
    "proj_lon": 13.317835770026292,
    "marker-color": "#3366ff",
    "marker-symbol": "o"
  },
  {
    "rowid": 51951,
    "id": 23678,
    "source": "OA",
    "source_id": "9f92274f823b8396",
    "housenumber": 29.06,
    "lat": 52.6115572,
    "lon": 13.318021,
    "parity": "L",
    "proj_lat": 52.61144046299049,
    "proj_lon": 13.317835770026292,
    "marker-color": "#3366ff",
    "marker-symbol": "o"
  },
  {
    "rowid": 173989,
    "id": 23678,
    "source": "OA",
    "source_id": "9d514fd87c8c7528",
    "housenumber": 29.09,
    "lat": 52.6115961,
    "lon": 13.3179537,
    "parity": "L",
    "proj_lat": 52.61147960862189,
    "proj_lon": 13.3177688594483,
    "marker-color": "#3366ff",
    "marker-symbol": "o"
  },
  {
    "rowid": 173989,
    "id": 23678,
    "source": "OA",
    "source_id": "9d514fd87c8c7528",
    "housenumber": 29.09,
    "lat": 52.6115961,
    "lon": 13.3179537,
    "parity": "L",
    "proj_lat": 52.61147960862189,
    "proj_lon": 13.3177688594483,
    "marker-color": "#3366ff",
    "marker-symbol": "o"
  },
  {
    "rowid": 51952,
    "id": 23678,
    "source": "OA",
    "source_id": "89929c4735f66589",
    "housenumber": 30,
    "lat": 52.6118289,
    "lon": 13.3178822,
    "parity": "L",
    "proj_lat": 52.61161337503992,
    "proj_lon": 13.317540216097179,
    "marker-color": "#3366ff",
    "marker-symbol": "e"
  },
  {
    "rowid": 51952,
    "id": 23678,
    "source": "OA",
    "source_id": "89929c4735f66589",
    "housenumber": 30,
    "lat": 52.6118289,
    "lon": 13.3178822,
    "parity": "L",
    "proj_lat": 52.61161337503992,
    "proj_lon": 13.317540216097179,
    "marker-color": "#3366ff",
    "marker-symbol": "e"
  },
  {
    "rowid": 51953,
    "id": 23678,
    "source": "OA",
    "source_id": "1a0ad72c9df72129",
    "housenumber": 31,
    "lat": 52.6117907,
    "lon": 13.3175897,
    "parity": "L",
    "proj_lat": 52.61168372831293,
    "proj_lon": 13.31741996313429,
    "marker-color": "#3366ff",
    "marker-symbol": "o"
  },
  {
    "rowid": 51953,
    "id": 23678,
    "source": "OA",
    "source_id": "1a0ad72c9df72129",
    "housenumber": 31,
    "lat": 52.6117907,
    "lon": 13.3175897,
    "parity": "L",
    "proj_lat": 52.61168372831293,
    "proj_lon": 13.31741996313429,
    "marker-color": "#3366ff",
    "marker-symbol": "o"
  },
  {
    "rowid": 51954,
    "id": 23678,
    "source": "OA",
    "source_id": "1fe7803ea92df5a9",
    "housenumber": 32,
    "lat": 52.6119521,
    "lon": 13.3173218,
    "parity": "L",
    "proj_lat": 52.61183262599246,
    "proj_lon": 13.317148499875596,
    "marker-color": "#3366ff",
    "marker-symbol": "e"
  },
  {
    "rowid": 51954,
    "id": 23678,
    "source": "OA",
    "source_id": "1fe7803ea92df5a9",
    "housenumber": 32,
    "lat": 52.6119521,
    "lon": 13.3173218,
    "parity": "L",
    "proj_lat": 52.61183262599246,
    "proj_lon": 13.317148499875596,
    "marker-color": "#3366ff",
    "marker-symbol": "e"
  },
  {
    "rowid": 51955,
    "id": 23678,
    "source": "OA",
    "source_id": "4ae6d4d587f89476",
    "housenumber": 33,
    "lat": 52.612293,
    "lon": 13.3173649,
    "parity": "L",
    "proj_lat": 52.61196857371604,
    "proj_lon": 13.316894303993559,
    "marker-color": "#3366ff",
    "marker-symbol": "o"
  },
  {
    "rowid": 51955,
    "id": 23678,
    "source": "OA",
    "source_id": "4ae6d4d587f89476",
    "housenumber": 33,
    "lat": 52.612293,
    "lon": 13.3173649,
    "parity": "L",
    "proj_lat": 52.61196857371604,
    "proj_lon": 13.316894303993559,
    "marker-color": "#3366ff",
    "marker-symbol": "o"
  },
  {
    "rowid": 51956,
    "id": 23678,
    "source": "OA",
    "source_id": "3e1b423dc88ae541",
    "housenumber": 33.03,
    "lat": 52.6123401,
    "lon": 13.3172497,
    "parity": "L",
    "proj_lat": 52.61202384547012,
    "proj_lon": 13.316790956530937,
    "marker-color": "#3366ff",
    "marker-symbol": "o"
  },
  {
    "rowid": 51956,
    "id": 23678,
    "source": "OA",
    "source_id": "3e1b423dc88ae541",
    "housenumber": 33.03,
    "lat": 52.6123401,
    "lon": 13.3172497,
    "parity": "L",
    "proj_lat": 52.61202384547012,
    "proj_lon": 13.316790956530937,
    "marker-color": "#3366ff",
    "marker-symbol": "o"
  },
  {
    "rowid": 51957,
    "id": 23678,
    "source": "OA",
    "source_id": "8689a3b6dff2a0c7",
    "housenumber": 34,
    "lat": 52.6121455,
    "lon": 13.317124,
    "parity": "L",
    "proj_lat": 52.61197668805179,
    "proj_lon": 13.316879131759123,
    "marker-color": "#3366ff",
    "marker-symbol": "e"
  },
  {
    "rowid": 51957,
    "id": 23678,
    "source": "OA",
    "source_id": "8689a3b6dff2a0c7",
    "housenumber": 34,
    "lat": 52.6121455,
    "lon": 13.317124,
    "parity": "L",
    "proj_lat": 52.61197668805179,
    "proj_lon": 13.316879131759123,
    "marker-color": "#3366ff",
    "marker-symbol": "e"
  },
  {
    "rowid": 51958,
    "id": 23678,
    "source": "OA",
    "source_id": "ccb18280868070fe",
    "housenumber": 35,
    "lat": 52.6122317,
    "lon": 13.3168075,
    "parity": "L",
    "proj_lat": 52.612107217781784,
    "proj_lon": 13.316633673154607,
    "marker-color": "#3366ff",
    "marker-symbol": "o"
  },
  {
    "rowid": 51958,
    "id": 23678,
    "source": "OA",
    "source_id": "ccb18280868070fe",
    "housenumber": 35,
    "lat": 52.6122317,
    "lon": 13.3168075,
    "parity": "L",
    "proj_lat": 52.612107217781784,
    "proj_lon": 13.316633673154607,
    "marker-color": "#3366ff",
    "marker-symbol": "o"
  },
  {
    "rowid": 160864,
    "id": 23678,
    "source": "OA",
    "source_id": "66d99e1b74a927a5",
    "housenumber": 38,
    "lat": 52.6118578,
    "lon": 13.3166452,
    "parity": "R",
    "proj_lat": 52.61199520500732,
    "proj_lon": 13.316844508642829,
    "marker-color": "#ff0000",
    "marker-symbol": "e"
  },
  {
    "rowid": 160864,
    "id": 23678,
    "source": "OA",
    "source_id": "66d99e1b74a927a5",
    "housenumber": 38,
    "lat": 52.6118578,
    "lon": 13.3166452,
    "parity": "R",
    "proj_lat": 52.61199520500732,
    "proj_lon": 13.316844508642829,
    "marker-color": "#ff0000",
    "marker-symbol": "e"
  },
  {
    "rowid": 51959,
    "id": 23678,
    "source": "OA",
    "source_id": "c781100e92deff63",
    "housenumber": 39,
    "lat": 52.6118055,
    "lon": 13.316747,
    "parity": "R",
    "proj_lat": 52.611941697695194,
    "proj_lon": 13.31694455694112,
    "marker-color": "#ff0000",
    "marker-symbol": "o"
  },
  {
    "rowid": 51959,
    "id": 23678,
    "source": "OA",
    "source_id": "c781100e92deff63",
    "housenumber": 39,
    "lat": 52.6118055,
    "lon": 13.316747,
    "parity": "R",
    "proj_lat": 52.611941697695194,
    "proj_lon": 13.31694455694112,
    "marker-color": "#ff0000",
    "marker-symbol": "o"
  },
  {
    "rowid": 51960,
    "id": 23678,
    "source": "OA",
    "source_id": "964a408d2cc344ac",
    "housenumber": 40,
    "lat": 52.61159,
    "lon": 13.3171813,
    "parity": "R",
    "proj_lat": 52.61171101635309,
    "proj_lon": 13.31737332041903,
    "marker-color": "#ff0000",
    "marker-symbol": "e"
  },
  {
    "rowid": 51960,
    "id": 23678,
    "source": "OA",
    "source_id": "964a408d2cc344ac",
    "housenumber": 40,
    "lat": 52.61159,
    "lon": 13.3171813,
    "parity": "R",
    "proj_lat": 52.61171101635309,
    "proj_lon": 13.31737332041903,
    "marker-color": "#ff0000",
    "marker-symbol": "e"
  },
  {
    "rowid": 51961,
    "id": 23678,
    "source": "OA",
    "source_id": "0fcb6c3f404d5655",
    "housenumber": 41,
    "lat": 52.61159,
    "lon": 13.3171813,
    "parity": "R",
    "proj_lat": 52.61171101635309,
    "proj_lon": 13.31737332041903,
    "marker-color": "#ff0000",
    "marker-symbol": "o"
  },
  {
    "rowid": 51961,
    "id": 23678,
    "source": "OA",
    "source_id": "0fcb6c3f404d5655",
    "housenumber": 41,
    "lat": 52.61159,
    "lon": 13.3171813,
    "parity": "R",
    "proj_lat": 52.61171101635309,
    "proj_lon": 13.31737332041903,
    "marker-color": "#ff0000",
    "marker-symbol": "o"
  },
  {
    "rowid": 51962,
    "id": 23678,
    "source": "OA",
    "source_id": "5f477ea70084b9c4",
    "housenumber": 42,
    "lat": 52.61159,
    "lon": 13.3171813,
    "parity": "R",
    "proj_lat": 52.61171101635309,
    "proj_lon": 13.31737332041903,
    "marker-color": "#ff0000",
    "marker-symbol": "e"
  },
  {
    "rowid": 51962,
    "id": 23678,
    "source": "OA",
    "source_id": "5f477ea70084b9c4",
    "housenumber": 42,
    "lat": 52.61159,
    "lon": 13.3171813,
    "parity": "R",
    "proj_lat": 52.61171101635309,
    "proj_lon": 13.31737332041903,
    "marker-color": "#ff0000",
    "marker-symbol": "e"
  },
  {
    "rowid": 51963,
    "id": 23678,
    "source": "OA",
    "source_id": "c00e5debfb03d0d2",
    "housenumber": 43,
    "lat": 52.61159,
    "lon": 13.3171813,
    "parity": "R",
    "proj_lat": 52.61171101635309,
    "proj_lon": 13.31737332041903,
    "marker-color": "#ff0000",
    "marker-symbol": "o"
  },
  {
    "rowid": 51963,
    "id": 23678,
    "source": "OA",
    "source_id": "c00e5debfb03d0d2",
    "housenumber": 43,
    "lat": 52.61159,
    "lon": 13.3171813,
    "parity": "R",
    "proj_lat": 52.61171101635309,
    "proj_lon": 13.31737332041903,
    "marker-color": "#ff0000",
    "marker-symbol": "o"
  },
  {
    "rowid": 51964,
    "id": 23678,
    "source": "OA",
    "source_id": "e7afdd7edbfa78eb",
    "housenumber": 44,
    "lat": 52.6110571,
    "lon": 13.3180832,
    "parity": "R",
    "proj_lat": 52.61117313403731,
    "proj_lon": 13.318278079850867,
    "marker-color": "#ff0000",
    "marker-symbol": "e"
  },
  {
    "rowid": 51964,
    "id": 23678,
    "source": "OA",
    "source_id": "e7afdd7edbfa78eb",
    "housenumber": 44,
    "lat": 52.6110571,
    "lon": 13.3180832,
    "parity": "R",
    "proj_lat": 52.61117313403731,
    "proj_lon": 13.318278079850867,
    "marker-color": "#ff0000",
    "marker-symbol": "e"
  },
  {
    "rowid": 171593,
    "id": 23678,
    "source": "OA",
    "source_id": "2e5ca59247e62328",
    "housenumber": 45,
    "lat": 52.6109085,
    "lon": 13.3183306,
    "parity": "R",
    "proj_lat": 52.611024698391226,
    "proj_lon": 13.318519543642685,
    "marker-color": "#ff0000",
    "marker-symbol": "o"
  },
  {
    "rowid": 171593,
    "id": 23678,
    "source": "OA",
    "source_id": "2e5ca59247e62328",
    "housenumber": 45,
    "lat": 52.6109085,
    "lon": 13.3183306,
    "parity": "R",
    "proj_lat": 52.611024698391226,
    "proj_lon": 13.318519543642685,
    "marker-color": "#ff0000",
    "marker-symbol": "o"
  },
  {
    "rowid": 173044,
    "id": 23678,
    "source": "OA",
    "source_id": "cefb4dcb680bd9f4",
    "housenumber": 46,
    "lat": 52.6104536,
    "lon": 13.3190889,
    "parity": "R",
    "proj_lat": 52.610569805533366,
    "proj_lon": 13.319277990777731,
    "marker-color": "#ff0000",
    "marker-symbol": "e"
  },
  {
    "rowid": 173044,
    "id": 23678,
    "source": "OA",
    "source_id": "cefb4dcb680bd9f4",
    "housenumber": 46,
    "lat": 52.6104536,
    "lon": 13.3190889,
    "parity": "R",
    "proj_lat": 52.610569805533366,
    "proj_lon": 13.319277990777731,
    "marker-color": "#ff0000",
    "marker-symbol": "e"
  },
  {
    "rowid": 51965,
    "id": 23678,
    "source": "OA",
    "source_id": "b4f82a3a5df49ad3",
    "housenumber": 49,
    "lat": 52.6100226,
    "lon": 13.3197904,
    "parity": "R",
    "proj_lat": 52.6101442350224,
    "proj_lon": 13.319987970562593,
    "marker-color": "#ff0000",
    "marker-symbol": "o"
  },
  {
    "rowid": 51965,
    "id": 23678,
    "source": "OA",
    "source_id": "b4f82a3a5df49ad3",
    "housenumber": 49,
    "lat": 52.6100226,
    "lon": 13.3197904,
    "parity": "R",
    "proj_lat": 52.6101442350224,
    "proj_lon": 13.319987970562593,
    "marker-color": "#ff0000",
    "marker-symbol": "o"
  },
  {
    "rowid": 51966,
    "id": 23678,
    "source": "OA",
    "source_id": "fcf2adba204e7948",
    "housenumber": 50,
    "lat": 52.6099146,
    "lon": 13.3199853,
    "parity": "R",
    "proj_lat": 52.61003180897013,
    "proj_lon": 13.32017568043062,
    "marker-color": "#ff0000",
    "marker-symbol": "e"
  },
  {
    "rowid": 51966,
    "id": 23678,
    "source": "OA",
    "source_id": "fcf2adba204e7948",
    "housenumber": 50,
    "lat": 52.6099146,
    "lon": 13.3199853,
    "parity": "R",
    "proj_lat": 52.61003180897013,
    "proj_lon": 13.32017568043062,
    "marker-color": "#ff0000",
    "marker-symbol": "e"
  },
  {
    "rowid": 145380,
    "id": 23678,
    "source": "OA",
    "source_id": "90b159f91abeb83b",
    "housenumber": 51,
    "lat": 52.6097464,
    "lon": 13.3202122,
    "parity": "R",
    "proj_lat": 52.60987998262405,
    "proj_lon": 13.320429174196583,
    "marker-color": "#ff0000",
    "marker-symbol": "o"
  },
  {
    "rowid": 145380,
    "id": 23678,
    "source": "OA",
    "source_id": "90b159f91abeb83b",
    "housenumber": 51,
    "lat": 52.6097464,
    "lon": 13.3202122,
    "parity": "R",
    "proj_lat": 52.60987998262405,
    "proj_lon": 13.320429174196583,
    "marker-color": "#ff0000",
    "marker-symbol": "o"
  },
  {
    "rowid": 167050,
    "id": 23678,
    "source": "OA",
    "source_id": "c635b9d69a36cd0c",
    "housenumber": 52,
    "lat": 52.609645,
    "lon": 13.3204493,
    "parity": "R",
    "proj_lat": 52.60975799950944,
    "proj_lon": 13.32063284081905,
    "marker-color": "#ff0000",
    "marker-symbol": "e"
  },
  {
    "rowid": 167050,
    "id": 23678,
    "source": "OA",
    "source_id": "c635b9d69a36cd0c",
    "housenumber": 52,
    "lat": 52.609645,
    "lon": 13.3204493,
    "parity": "R",
    "proj_lat": 52.60975799950944,
    "proj_lon": 13.32063284081905,
    "marker-color": "#ff0000",
    "marker-symbol": "e"
  },
  {
    "rowid": 167051,
    "id": 23678,
    "source": "OA",
    "source_id": "cc81352987469df5",
    "housenumber": 53,
    "lat": 52.609645,
    "lon": 13.3204493,
    "parity": "R",
    "proj_lat": 52.60975799950944,
    "proj_lon": 13.32063284081905,
    "marker-color": "#ff0000",
    "marker-symbol": "o"
  },
  {
    "rowid": 167051,
    "id": 23678,
    "source": "OA",
    "source_id": "cc81352987469df5",
    "housenumber": 53,
    "lat": 52.609645,
    "lon": 13.3204493,
    "parity": "R",
    "proj_lat": 52.60975799950944,
    "proj_lon": 13.32063284081905,
    "marker-color": "#ff0000",
    "marker-symbol": "o"
  },
  {
    "rowid": 167052,
    "id": 23678,
    "source": "OA",
    "source_id": "786b3d01443f75f1",
    "housenumber": 54,
    "lat": 52.609645,
    "lon": 13.3204493,
    "parity": "R",
    "proj_lat": 52.60975799950944,
    "proj_lon": 13.32063284081905,
    "marker-color": "#ff0000",
    "marker-symbol": "e"
  },
  {
    "rowid": 167052,
    "id": 23678,
    "source": "OA",
    "source_id": "786b3d01443f75f1",
    "housenumber": 54,
    "lat": 52.609645,
    "lon": 13.3204493,
    "parity": "R",
    "proj_lat": 52.60975799950944,
    "proj_lon": 13.32063284081905,
    "marker-color": "#ff0000",
    "marker-symbol": "e"
  },
  {
    "rowid": 51967,
    "id": 23678,
    "source": "OA",
    "source_id": "9773202cb32aabb1",
    "housenumber": 55,
    "lat": 52.6092737,
    "lon": 13.3210571,
    "parity": "R",
    "proj_lat": 52.60939032959838,
    "proj_lon": 13.321246389552902,
    "marker-color": "#ff0000",
    "marker-symbol": "o"
  },
  {
    "rowid": 51967,
    "id": 23678,
    "source": "OA",
    "source_id": "9773202cb32aabb1",
    "housenumber": 55,
    "lat": 52.6092737,
    "lon": 13.3210571,
    "parity": "R",
    "proj_lat": 52.60939032959838,
    "proj_lon": 13.321246389552902,
    "marker-color": "#ff0000",
    "marker-symbol": "o"
  },
  {
    "rowid": 51968,
    "id": 23678,
    "source": "OA",
    "source_id": "01f1178725880aa1",
    "housenumber": 56,
    "lat": 52.6091944,
    "lon": 13.3211894,
    "parity": "R",
    "proj_lat": 52.60931109129643,
    "proj_lon": 13.321378789002784,
    "marker-color": "#ff0000",
    "marker-symbol": "e"
  },
  {
    "rowid": 51968,
    "id": 23678,
    "source": "OA",
    "source_id": "01f1178725880aa1",
    "housenumber": 56,
    "lat": 52.6091944,
    "lon": 13.3211894,
    "parity": "R",
    "proj_lat": 52.60931109129643,
    "proj_lon": 13.321378789002784,
    "marker-color": "#ff0000",
    "marker-symbol": "e"
  },
  {
    "rowid": 51969,
    "id": 23678,
    "source": "OA",
    "source_id": "2ec64c202b6393f1",
    "housenumber": 57,
    "lat": 52.6090212,
    "lon": 13.3214659,
    "parity": "R",
    "proj_lat": 52.60914180818118,
    "proj_lon": 13.321661644525735,
    "marker-color": "#ff0000",
    "marker-symbol": "o"
  },
  {
    "rowid": 51969,
    "id": 23678,
    "source": "OA",
    "source_id": "2ec64c202b6393f1",
    "housenumber": 57,
    "lat": 52.6090212,
    "lon": 13.3214659,
    "parity": "R",
    "proj_lat": 52.60914180818118,
    "proj_lon": 13.321661644525735,
    "marker-color": "#ff0000",
    "marker-symbol": "o"
  },
  {
    "rowid": 51970,
    "id": 23678,
    "source": "OA",
    "source_id": "9793e0f073e723fd",
    "housenumber": 59,
    "lat": 52.6085826,
    "lon": 13.3222145,
    "parity": "R",
    "proj_lat": 52.60869850972324,
    "proj_lon": 13.322402491742745,
    "marker-color": "#ff0000",
    "marker-symbol": "o"
  },
  {
    "rowid": 51970,
    "id": 23678,
    "source": "OA",
    "source_id": "9793e0f073e723fd",
    "housenumber": 59,
    "lat": 52.6085826,
    "lon": 13.3222145,
    "parity": "R",
    "proj_lat": 52.60869850972324,
    "proj_lon": 13.322402491742745,
    "marker-color": "#ff0000",
    "marker-symbol": "o"
  },
  {
    "rowid": 51971,
    "id": 23678,
    "source": "OA",
    "source_id": "b85d27c13ddd8e82",
    "housenumber": 60,
    "lat": 52.6083112,
    "lon": 13.3225357,
    "parity": "R",
    "proj_lat": 52.60846736131444,
    "proj_lon": 13.322788971882257,
    "marker-color": "#ff0000",
    "marker-symbol": "e"
  },
  {
    "rowid": 51971,
    "id": 23678,
    "source": "OA",
    "source_id": "b85d27c13ddd8e82",
    "housenumber": 60,
    "lat": 52.6083112,
    "lon": 13.3225357,
    "parity": "R",
    "proj_lat": 52.60846736131444,
    "proj_lon": 13.322788971882257,
    "marker-color": "#ff0000",
    "marker-symbol": "e"
  },
  {
    "rowid": 51972,
    "id": 23678,
    "source": "OA",
    "source_id": "1e272bb1385aca64",
    "housenumber": 61,
    "lat": 52.6082547,
    "lon": 13.3227547,
    "parity": "R",
    "proj_lat": 52.60837305415742,
    "proj_lon": 13.322946653448795,
    "marker-color": "#ff0000",
    "marker-symbol": "o"
  },
  {
    "rowid": 51972,
    "id": 23678,
    "source": "OA",
    "source_id": "1e272bb1385aca64",
    "housenumber": 61,
    "lat": 52.6082547,
    "lon": 13.3227547,
    "parity": "R",
    "proj_lat": 52.60837305415742,
    "proj_lon": 13.322946653448795,
    "marker-color": "#ff0000",
    "marker-symbol": "o"
  },
  {
    "rowid": 51973,
    "id": 23678,
    "source": "OA",
    "source_id": "7c246bc17cf50ad8",
    "housenumber": 62,
    "lat": 52.6081512,
    "lon": 13.3229256,
    "parity": "R",
    "proj_lat": 52.60827096925165,
    "proj_lon": 13.323118140420007,
    "marker-color": "#ff0000",
    "marker-symbol": "e"
  },
  {
    "rowid": 51973,
    "id": 23678,
    "source": "OA",
    "source_id": "7c246bc17cf50ad8",
    "housenumber": 62,
    "lat": 52.6081512,
    "lon": 13.3229256,
    "parity": "R",
    "proj_lat": 52.60827096925165,
    "proj_lon": 13.323118140420007,
    "marker-color": "#ff0000",
    "marker-symbol": "e"
  },
  {
    "rowid": 51974,
    "id": 23678,
    "source": "OA",
    "source_id": "6297e3f6ba433af9",
    "housenumber": 63,
    "lat": 52.6079133,
    "lon": 13.3233262,
    "parity": "R",
    "proj_lat": 52.608033281057054,
    "proj_lon": 13.323519078821686,
    "marker-color": "#ff0000",
    "marker-symbol": "o"
  },
  {
    "rowid": 51974,
    "id": 23678,
    "source": "OA",
    "source_id": "6297e3f6ba433af9",
    "housenumber": 63,
    "lat": 52.6079133,
    "lon": 13.3233262,
    "parity": "R",
    "proj_lat": 52.608033281057054,
    "proj_lon": 13.323519078821686,
    "marker-color": "#ff0000",
    "marker-symbol": "o"
  },
  {
    "rowid": 51975,
    "id": 23678,
    "source": "OA",
    "source_id": "e5ce7e0dd8894faa",
    "housenumber": 64,
    "lat": 52.6070937,
    "lon": 13.3237537,
    "parity": "R",
    "proj_lat": 52.60731682343771,
    "proj_lon": 13.324439391084368,
    "marker-color": "#ff0000",
    "marker-symbol": "e"
  },
  {
    "rowid": 51975,
    "id": 23678,
    "source": "OA",
    "source_id": "e5ce7e0dd8894faa",
    "housenumber": 64,
    "lat": 52.6070937,
    "lon": 13.3237537,
    "parity": "R",
    "proj_lat": 52.60731682343771,
    "proj_lon": 13.324439391084368,
    "marker-color": "#ff0000",
    "marker-symbol": "e"
  },
  {
    "rowid": 51976,
    "id": 23678,
    "source": "OA",
    "source_id": "420346296090a74d",
    "housenumber": 65,
    "lat": 52.6072695,
    "lon": 13.3241257,
    "parity": "R",
    "proj_lat": 52.60735936091839,
    "proj_lon": 13.32440185801319,
    "marker-color": "#ff0000",
    "marker-symbol": "o"
  },
  {
    "rowid": 51976,
    "id": 23678,
    "source": "OA",
    "source_id": "420346296090a74d",
    "housenumber": 65,
    "lat": 52.6072695,
    "lon": 13.3241257,
    "parity": "R",
    "proj_lat": 52.60735936091839,
    "proj_lon": 13.32440185801319,
    "marker-color": "#ff0000",
    "marker-symbol": "o"
  },
  {
    "rowid": 51977,
    "id": 23678,
    "source": "OA",
    "source_id": "3052c6e05e2dff1b",
    "housenumber": 66,
    "lat": 52.6072101,
    "lon": 13.3241228,
    "parity": "R",
    "proj_lat": 52.60731394455855,
    "proj_lon": 13.32444193127187,
    "marker-color": "#ff0000",
    "marker-symbol": "e"
  },
  {
    "rowid": 51977,
    "id": 23678,
    "source": "OA",
    "source_id": "3052c6e05e2dff1b",
    "housenumber": 66,
    "lat": 52.6072101,
    "lon": 13.3241228,
    "parity": "R",
    "proj_lat": 52.60731394455855,
    "proj_lon": 13.32444193127187,
    "marker-color": "#ff0000",
    "marker-symbol": "e"
  },
  {
    "rowid": 51978,
    "id": 23678,
    "source": "OA",
    "source_id": "f53cf5545aa773c1",
    "housenumber": 68,
    "lat": 52.6067419,
    "lon": 13.3244944,
    "parity": "R",
    "proj_lat": 52.60682789573007,
    "proj_lon": 13.324820169372162,
    "marker-color": "#ff0000",
    "marker-symbol": "e"
  },
  {
    "rowid": 51978,
    "id": 23678,
    "source": "OA",
    "source_id": "f53cf5545aa773c1",
    "housenumber": 68,
    "lat": 52.6067419,
    "lon": 13.3244944,
    "parity": "R",
    "proj_lat": 52.60682789573007,
    "proj_lon": 13.324820169372162,
    "marker-color": "#ff0000",
    "marker-symbol": "e"
  },
  {
    "rowid": 51979,
    "id": 23678,
    "source": "OA",
    "source_id": "f941ffdbea80f036",
    "housenumber": 69,
    "lat": 52.6065715,
    "lon": 13.3245258,
    "parity": "R",
    "proj_lat": 52.60667760536251,
    "proj_lon": 13.324927745635254,
    "marker-color": "#ff0000",
    "marker-symbol": "o"
  },
  {
    "rowid": 51979,
    "id": 23678,
    "source": "OA",
    "source_id": "f941ffdbea80f036",
    "housenumber": 69,
    "lat": 52.6065715,
    "lon": 13.3245258,
    "parity": "R",
    "proj_lat": 52.60667760536251,
    "proj_lon": 13.324927745635254,
    "marker-color": "#ff0000",
    "marker-symbol": "o"
  },
  {
    "rowid": 51980,
    "id": 23678,
    "source": "OA",
    "source_id": "b21884ecdfa8685e",
    "housenumber": 70,
    "lat": 52.6064116,
    "lon": 13.3246291,
    "parity": "R",
    "proj_lat": 52.60653224272974,
    "proj_lon": 13.325038005816209,
    "marker-color": "#ff0000",
    "marker-symbol": "e"
  },
  {
    "rowid": 51980,
    "id": 23678,
    "source": "OA",
    "source_id": "b21884ecdfa8685e",
    "housenumber": 70,
    "lat": 52.6064116,
    "lon": 13.3246291,
    "parity": "R",
    "proj_lat": 52.60653224272974,
    "proj_lon": 13.325038005816209,
    "marker-color": "#ff0000",
    "marker-symbol": "e"
  },
  {
    "rowid": 51981,
    "id": 23678,
    "source": "OA",
    "source_id": "d493e28bf7902232",
    "housenumber": 71,
    "lat": 52.6062069,
    "lon": 13.3239754,
    "parity": "R",
    "proj_lat": 52.606522671163226,
    "proj_lon": 13.325045663069421,
    "marker-color": "#ff0000",
    "marker-symbol": "o"
  },
  {
    "rowid": 51981,
    "id": 23678,
    "source": "OA",
    "source_id": "d493e28bf7902232",
    "housenumber": 71,
    "lat": 52.6062069,
    "lon": 13.3239754,
    "parity": "R",
    "proj_lat": 52.606522671163226,
    "proj_lon": 13.325045663069421,
    "marker-color": "#ff0000",
    "marker-symbol": "o"
  },
  {
    "rowid": 51982,
    "id": 23678,
    "source": "OA",
    "source_id": "d7758d8dd6367fc2",
    "housenumber": 72,
    "lat": 52.6061532,
    "lon": 13.3243477,
    "parity": "R",
    "proj_lat": 52.60639946489142,
    "proj_lon": 13.325144850837711,
    "marker-color": "#ff0000",
    "marker-symbol": "e"
  },
  {
    "rowid": 51982,
    "id": 23678,
    "source": "OA",
    "source_id": "d7758d8dd6367fc2",
    "housenumber": 72,
    "lat": 52.6061532,
    "lon": 13.3243477,
    "parity": "R",
    "proj_lat": 52.60639946489142,
    "proj_lon": 13.325144850837711,
    "marker-color": "#ff0000",
    "marker-symbol": "e"
  },
  {
    "rowid": 51983,
    "id": 23678,
    "source": "OA",
    "source_id": "1c18cef26b485d3c",
    "housenumber": 73,
    "lat": 52.6063841,
    "lon": 13.3248566,
    "parity": "R",
    "proj_lat": 52.60645569036893,
    "proj_lon": 13.325099247704856,
    "marker-color": "#ff0000",
    "marker-symbol": "o"
  },
  {
    "rowid": 51983,
    "id": 23678,
    "source": "OA",
    "source_id": "1c18cef26b485d3c",
    "housenumber": 73,
    "lat": 52.6063841,
    "lon": 13.3248566,
    "parity": "R",
    "proj_lat": 52.60645569036893,
    "proj_lon": 13.325099247704856,
    "marker-color": "#ff0000",
    "marker-symbol": "o"
  }
]
