[
  {
    "rowid": 308704,
    "id": 26441,
    "source": "OA",
    "source_id": "a0d056967559007c",
    "housenumber": 1,
    "lat": 52.563198,
    "lon": 13.5003532,
    "parity": "L",
    "proj_lat": 52.563101061119546,
    "proj_lon": 13.500135446052832,
    "marker-color": "#3366ff",
    "marker-symbol": "o"
  },
  {
    "rowid": 293076,
    "id": 26441,
    "source": "OA",
    "source_id": "e3db1ec66ee805e9",
    "housenumber": 3,
    "lat": 52.5629884,
    "lon": 13.5005927,
    "parity": "L",
    "proj_lat": 52.56289523050195,
    "proj_lon": 13.500383415222059,
    "marker-color": "#3366ff",
    "marker-symbol": "o"
  },
  {
    "rowid": 293077,
    "id": 26443,
    "source": "OA",
    "source_id": "7ff21187c22cd10c",
    "housenumber": 4,
    "lat": 52.5618169,
    "lon": 13.5019731,
    "parity": "R",
    "proj_lat": 52.561955130548114,
    "proj_lon": 13.501840311403141,
    "marker-color": "#ff0000",
    "marker-symbol": "e"
  },
  {
    "rowid": 293078,
    "id": 26443,
    "source": "OA",
    "source_id": "dc4c1d363cce240e",
    "housenumber": 4.03,
    "lat": 52.561801,
    "lon": 13.5021685,
    "parity": "R",
    "proj_lat": 52.562002787522964,
    "proj_lon": 13.50197451302761,
    "marker-color": "#ff0000",
    "marker-symbol": "e"
  },
  {
    "rowid": 293079,
    "id": 26443,
    "source": "OA",
    "source_id": "b658940e2c01f03f",
    "housenumber": 4.06,
    "lat": 52.5617211,
    "lon": 13.5024022,
    "parity": "R",
    "proj_lat": 52.56204504779193,
    "proj_lon": 13.502093710062223,
    "marker-color": "#ff0000",
    "marker-symbol": "e"
  },
  {
    "rowid": 293080,
    "id": 26443,
    "source": "OA",
    "source_id": "94cf64820c1ebc08",
    "housenumber": 4.09,
    "lat": 52.5616065,
    "lon": 13.5028001,
    "parity": "R",
    "proj_lat": 52.562121162990195,
    "proj_lon": 13.502309997803826,
    "marker-color": "#ff0000",
    "marker-symbol": "e"
  },
  {
    "rowid": 293081,
    "id": 26443,
    "source": "OA",
    "source_id": "40c1955ca28e4ff4",
    "housenumber": 4.12,
    "lat": 52.5613546,
    "lon": 13.5035639,
    "parity": "R",
    "proj_lat": 52.56225851507525,
    "proj_lon": 13.502700090055175,
    "marker-color": "#ff0000",
    "marker-symbol": "e"
  },
  {
    "rowid": 293082,
    "id": 26443,
    "source": "OA",
    "source_id": "5c8df62ff9f23edb",
    "housenumber": 4.15,
    "lat": 52.5612693,
    "lon": 13.5038322,
    "parity": "R",
    "proj_lat": 52.56230783593072,
    "proj_lon": 13.502839745951196,
    "marker-color": "#ff0000",
    "marker-symbol": "e"
  },
  {
    "rowid": 293083,
    "id": 26443,
    "source": "OA",
    "source_id": "84b1ede24041e8e2",
    "housenumber": 4.18,
    "lat": 52.5611328,
    "lon": 13.5042776,
    "parity": "R",
    "proj_lat": 52.562391001244315,
    "proj_lon": 13.503075235102319,
    "marker-color": "#ff0000",
    "marker-symbol": "e"
  },
  {
    "rowid": 293084,
    "id": 26443,
    "source": "OA",
    "source_id": "7e4aede8ad54dfad",
    "housenumber": 4.21,
    "lat": 52.5610438,
    "lon": 13.5045421,
    "parity": "R",
    "proj_lat": 52.56244014340844,
    "proj_lon": 13.503214562008633,
    "marker-color": "#ff0000",
    "marker-symbol": "e"
  },
  {
    "rowid": 293085,
    "id": 26443,
    "source": "OA",
    "source_id": "605381c3f6d94646",
    "housenumber": 4.24,
    "lat": 52.5619952,
    "lon": 13.5027858,
    "parity": "R",
    "proj_lat": 52.56221495836499,
    "proj_lon": 13.502576525254963,
    "marker-color": "#ff0000",
    "marker-symbol": "e"
  },
  {
    "rowid": 308705,
    "id": 26441,
    "source": "OA",
    "source_id": "0e65c0d136580c4f",
    "housenumber": 5,
    "lat": 52.562824,
    "lon": 13.5007591,
    "parity": "L",
    "proj_lat": 52.56274000327459,
    "proj_lon": 13.500570421251872,
    "marker-color": "#3366ff",
    "marker-symbol": "o"
  },
  {
    "rowid": 293086,
    "id": 26443,
    "source": "OA",
    "source_id": "99a04a2b684dc7d7",
    "housenumber": 6,
    "lat": 52.5617157,
    "lon": 13.5045505,
    "parity": "R",
    "proj_lat": 52.562608995361444,
    "proj_lon": 13.503687615189106,
    "marker-color": "#ff0000",
    "marker-symbol": "e"
  },
  {
    "rowid": 293087,
    "id": 26443,
    "source": "OA",
    "source_id": "c5c915b2c7426e94",
    "housenumber": 6.03,
    "lat": 52.5618407,
    "lon": 13.5044368,
    "parity": "R",
    "proj_lat": 52.56261086416493,
    "proj_lon": 13.503692850377147,
    "marker-color": "#ff0000",
    "marker-symbol": "e"
  },
  {
    "rowid": 293088,
    "id": 26443,
    "source": "OA",
    "source_id": "11da4b7581ae34f9",
    "housenumber": 6.06,
    "lat": 52.5619592,
    "lon": 13.5042964,
    "parity": "R",
    "proj_lat": 52.56260397947857,
    "proj_lon": 13.503673563904302,
    "marker-color": "#ff0000",
    "marker-symbol": "e"
  },
  {
    "rowid": 293089,
    "id": 26441,
    "source": "OA",
    "source_id": "34dd1a5132cdb325",
    "housenumber": 7,
    "lat": 52.5626119,
    "lon": 13.5010147,
    "parity": "L",
    "proj_lat": 52.562525347556246,
    "proj_lon": 13.5008334585427,
    "marker-color": "#3366ff",
    "marker-symbol": "o"
  },
  {
    "rowid": 309294,
    "id": 26440,
    "source": "OA",
    "source_id": "392655d2eaf64bbd",
    "housenumber": 7.03,
    "lat": 52.5620475,
    "lon": 13.5010444,
    "parity": "R",
    "proj_lat": 52.56194077297458,
    "proj_lon": 13.501152396463041,
    "marker-color": "#ff0000",
    "marker-symbol": "o"
  },
  {
    "rowid": 293090,
    "id": 26440,
    "source": "OA",
    "source_id": "bd3854e1c03676ad",
    "housenumber": 7.06,
    "lat": 52.5621085,
    "lon": 13.5005727,
    "parity": "R",
    "proj_lat": 52.56182955200982,
    "proj_lon": 13.500854966651561,
    "marker-color": "#ff0000",
    "marker-symbol": "o"
  },
  {
    "rowid": 293091,
    "id": 26443,
    "source": "OA",
    "source_id": "7b07e39ce0a7ddc8",
    "housenumber": 8,
    "lat": 52.562094,
    "lon": 13.5041322,
    "parity": "R",
    "proj_lat": 52.56259495702051,
    "proj_lon": 13.503648288767135,
    "marker-color": "#ff0000",
    "marker-symbol": "e"
  },
  {
    "rowid": 293092,
    "id": 26441,
    "source": "OA",
    "source_id": "77b2dce2d4a81b35",
    "housenumber": 9,
    "lat": 52.5626128,
    "lon": 13.5014735,
    "parity": "L",
    "proj_lat": 52.562503322476914,
    "proj_lon": 13.50157063355459,
    "marker-color": "#3366ff",
    "marker-symbol": "o"
  },
  {
    "rowid": 293093,
    "id": 26443,
    "source": "OA",
    "source_id": "37915999d0700561",
    "housenumber": 10,
    "lat": 52.5622135,
    "lon": 13.5043164,
    "parity": "R",
    "proj_lat": 52.562674491139155,
    "proj_lon": 13.503871092325314,
    "marker-color": "#ff0000",
    "marker-symbol": "e"
  },
  {
    "rowid": 293094,
    "id": 26441,
    "source": "OA",
    "source_id": "79850a15bc019d4b",
    "housenumber": 11,
    "lat": 52.5627211,
    "lon": 13.501729,
    "parity": "L",
    "proj_lat": 52.56259262076184,
    "proj_lon": 13.501842993323606,
    "marker-color": "#3366ff",
    "marker-symbol": "o"
  },
  {
    "rowid": 293095,
    "id": 26443,
    "source": "OA",
    "source_id": "8223c49dadd153cf",
    "housenumber": 12,
    "lat": 52.5622696,
    "lon": 13.5044482,
    "parity": "R",
    "proj_lat": 52.56272386030542,
    "proj_lon": 13.50400939304574,
    "marker-color": "#ff0000",
    "marker-symbol": "e"
  },
  {
    "rowid": 293096,
    "id": 26441,
    "source": "OA",
    "source_id": "dc99313b637324b4",
    "housenumber": 13,
    "lat": 52.5628511,
    "lon": 13.5020355,
    "parity": "L",
    "proj_lat": 52.56269976237519,
    "proj_lon": 13.502169775244322,
    "marker-color": "#3366ff",
    "marker-symbol": "o"
  },
  {
    "rowid": 293097,
    "id": 26443,
    "source": "OA",
    "source_id": "c3089e2faa76cd6b",
    "housenumber": 14,
    "lat": 52.5623577,
    "lon": 13.5046554,
    "parity": "R",
    "proj_lat": 52.56280144854187,
    "proj_lon": 13.504226745490799,
    "marker-color": "#ff0000",
    "marker-symbol": "e"
  },
  {
    "rowid": 293098,
    "id": 26441,
    "source": "OA",
    "source_id": "b47ff10cbad94e62",
    "housenumber": 15,
    "lat": 52.562985,
    "lon": 13.502351,
    "parity": "L",
    "proj_lat": 52.562811482267534,
    "proj_lon": 13.502510367395418,
    "marker-color": "#3366ff",
    "marker-symbol": "o"
  },
  {
    "rowid": 293099,
    "id": 26443,
    "source": "OA",
    "source_id": "acdc8617463239bc",
    "housenumber": 16,
    "lat": 52.562417,
    "lon": 13.5048243,
    "parity": "R",
    "proj_lat": 52.56286148601003,
    "proj_lon": 13.504394931946607,
    "marker-color": "#ff0000",
    "marker-symbol": "e"
  },
  {
    "rowid": 293100,
    "id": 26441,
    "source": "OA",
    "source_id": "0147826b732151e2",
    "housenumber": 17,
    "lat": 52.5630525,
    "lon": 13.5027102,
    "parity": "L",
    "proj_lat": 52.562924345997644,
    "proj_lon": 13.502834192580657,
    "marker-color": "#3366ff",
    "marker-symbol": "o"
  },
  {
    "rowid": 293101,
    "id": 26443,
    "source": "OA",
    "source_id": "7624cdf69837f763",
    "housenumber": 18,
    "lat": 52.562507,
    "lon": 13.5050359,
    "parity": "R",
    "proj_lat": 52.56294072937652,
    "proj_lon": 13.504616921003846,
    "marker-color": "#ff0000",
    "marker-symbol": "e"
  },
  {
    "rowid": 293102,
    "id": 26441,
    "source": "OA",
    "source_id": "b56f64438211d5a8",
    "housenumber": 19,
    "lat": 52.5632022,
    "lon": 13.5030622,
    "parity": "L",
    "proj_lat": 52.563056326039124,
    "proj_lon": 13.503203338099354,
    "marker-color": "#3366ff",
    "marker-symbol": "o"
  },
  {
    "rowid": 293103,
    "id": 26443,
    "source": "OA",
    "source_id": "1677c4ac78de99fd",
    "housenumber": 20,
    "lat": 52.5625994,
    "lon": 13.5052541,
    "parity": "R",
    "proj_lat": 52.56302234003592,
    "proj_lon": 13.504845541696568,
    "marker-color": "#ff0000",
    "marker-symbol": "e"
  },
  {
    "rowid": 293104,
    "id": 26441,
    "source": "OA",
    "source_id": "133fd2552fe1cbeb",
    "housenumber": 21,
    "lat": 52.5633228,
    "lon": 13.5033456,
    "parity": "L",
    "proj_lat": 52.5631626041603,
    "proj_lon": 13.50350059586445,
    "marker-color": "#3366ff",
    "marker-symbol": "o"
  },
  {
    "rowid": 293105,
    "id": 26443,
    "source": "OA",
    "source_id": "dfdd6d62780405ec",
    "housenumber": 22,
    "lat": 52.5614458,
    "lon": 13.5079755,
    "parity": "R",
    "proj_lat": 52.563403,
    "proj_lon": 13.505946,
    "marker-color": "#ff0000",
    "marker-symbol": "e"
  },
  {
    "rowid": 293106,
    "id": 26441,
    "source": "OA",
    "source_id": "811920f733b71782",
    "housenumber": 23,
    "lat": 52.5634646,
    "lon": 13.5036779,
    "parity": "L",
    "proj_lat": 52.563287320803,
    "proj_lon": 13.50384942580301,
    "marker-color": "#3366ff",
    "marker-symbol": "o"
  },
  {
    "rowid": 293107,
    "id": 26443,
    "source": "OA",
    "source_id": "a01f35d70e0f1dea",
    "housenumber": 24,
    "lat": 52.5615816,
    "lon": 13.5078269,
    "parity": "R",
    "proj_lat": 52.563403,
    "proj_lon": 13.505946,
    "marker-color": "#ff0000",
    "marker-symbol": "e"
  },
  {
    "rowid": 293108,
    "id": 26443,
    "source": "OA",
    "source_id": "fb494b7bde9ab5e3",
    "housenumber": 26,
    "lat": 52.5616923,
    "lon": 13.5077081,
    "parity": "R",
    "proj_lat": 52.563403,
    "proj_lon": 13.505946,
    "marker-color": "#ff0000",
    "marker-symbol": "e"
  },
  {
    "rowid": 293109,
    "id": 26443,
    "source": "OA",
    "source_id": "7e994b6c45e84d43",
    "housenumber": 28,
    "lat": 52.561808,
    "lon": 13.5075627,
    "parity": "R",
    "proj_lat": 52.56339917510936,
    "proj_lon": 13.505935876636753,
    "marker-color": "#ff0000",
    "marker-symbol": "e"
  },
  {
    "rowid": 293110,
    "id": 26443,
    "source": "OA",
    "source_id": "39f89cf1d3a5f11f",
    "housenumber": 30,
    "lat": 52.5619161,
    "lon": 13.5074595,
    "parity": "R",
    "proj_lat": 52.563401168606156,
    "proj_lon": 13.50594115283785,
    "marker-color": "#ff0000",
    "marker-symbol": "e"
  },
  {
    "rowid": 293111,
    "id": 26443,
    "source": "OA",
    "source_id": "2913eb04bb4d6f08",
    "housenumber": 32,
    "lat": 52.5620453,
    "lon": 13.5072961,
    "parity": "R",
    "proj_lat": 52.56339263442316,
    "proj_lon": 13.505918565359496,
    "marker-color": "#ff0000",
    "marker-symbol": "e"
  },
  {
    "rowid": 293112,
    "id": 26443,
    "source": "OA",
    "source_id": "6b6eebc6f5c9175c",
    "housenumber": 34,
    "lat": 52.5621209,
    "lon": 13.5072079,
    "parity": "R",
    "proj_lat": 52.56338966098291,
    "proj_lon": 13.50591069553559,
    "marker-color": "#ff0000",
    "marker-symbol": "e"
  },
  {
    "rowid": 293113,
    "id": 26443,
    "source": "OA",
    "source_id": "f0d96b6a3df77894",
    "housenumber": 36,
    "lat": 52.5622497,
    "lon": 13.5070664,
    "parity": "R",
    "proj_lat": 52.56338698477268,
    "proj_lon": 13.505903612392343,
    "marker-color": "#ff0000",
    "marker-symbol": "e"
  },
  {
    "rowid": 293114,
    "id": 26443,
    "source": "OA",
    "source_id": "4277c4bac2ab8f39",
    "housenumber": 38,
    "lat": 52.5623604,
    "lon": 13.5069305,
    "parity": "R",
    "proj_lat": 52.56338079178194,
    "proj_lon": 13.505887221362979,
    "marker-color": "#ff0000",
    "marker-symbol": "e"
  },
  {
    "rowid": 293115,
    "id": 26443,
    "source": "OA",
    "source_id": "4bdd2fd0baa76058",
    "housenumber": 40,
    "lat": 52.5624827,
    "lon": 13.5067932,
    "parity": "R",
    "proj_lat": 52.56337744985736,
    "proj_lon": 13.505878376269179,
    "marker-color": "#ff0000",
    "marker-symbol": "e"
  },
  {
    "rowid": 293116,
    "id": 26443,
    "source": "OA",
    "source_id": "1f3a0009557f2ca5",
    "housenumber": 42,
    "lat": 52.5625801,
    "lon": 13.5066839,
    "parity": "R",
    "proj_lat": 52.5633748011666,
    "proj_lon": 13.505871365961905,
    "marker-color": "#ff0000",
    "marker-symbol": "e"
  },
  {
    "rowid": 293117,
    "id": 26443,
    "source": "OA",
    "source_id": "bc7b620c430406ef",
    "housenumber": 44,
    "lat": 52.562702,
    "lon": 13.5065359,
    "parity": "R",
    "proj_lat": 52.56336843227768,
    "proj_lon": 13.505854509381638,
    "marker-color": "#ff0000",
    "marker-symbol": "e"
  },
  {
    "rowid": 293118,
    "id": 26443,
    "source": "OA",
    "source_id": "762f68b433b47dc7",
    "housenumber": 46,
    "lat": 52.5629829,
    "lon": 13.5066703,
    "parity": "R",
    "proj_lat": 52.56348616180759,
    "proj_lon": 13.506157842469205,
    "marker-color": "#ff0000",
    "marker-symbol": "e"
  },
  {
    "rowid": 293119,
    "id": 26443,
    "source": "OA",
    "source_id": "c0d143271532fffc",
    "housenumber": 48,
    "lat": 52.5631098,
    "lon": 13.5069688,
    "parity": "R",
    "proj_lat": 52.563602519848686,
    "proj_lon": 13.506467074150391,
    "marker-color": "#ff0000",
    "marker-symbol": "e"
  },
  {
    "rowid": 293120,
    "id": 26443,
    "source": "OA",
    "source_id": "7d9ee180c89c5cf1",
    "housenumber": 50,
    "lat": 52.5632371,
    "lon": 13.507299,
    "parity": "R",
    "proj_lat": 52.563722939047835,
    "proj_lon": 13.506786361322689,
    "marker-color": "#ff0000",
    "marker-symbol": "e"
  },
  {
    "rowid": 293121,
    "id": 26443,
    "source": "OA",
    "source_id": "4039a935b50c5a8a",
    "housenumber": 52,
    "lat": 52.5633592,
    "lon": 13.5075853,
    "parity": "R",
    "proj_lat": 52.56383762071023,
    "proj_lon": 13.507080486056825,
    "marker-color": "#ff0000",
    "marker-symbol": "e"
  },
  {
    "rowid": 293122,
    "id": 26443,
    "source": "OA",
    "source_id": "9c0d6b065fa3ecbd",
    "housenumber": 54,
    "lat": 52.5634282,
    "lon": 13.5079472,
    "parity": "R",
    "proj_lat": 52.56395770911063,
    "proj_lon": 13.507388477483742,
    "marker-color": "#ff0000",
    "marker-symbol": "e"
  },
  {
    "rowid": 293123,
    "id": 26443,
    "source": "OA",
    "source_id": "29d2f7619c5c4533",
    "housenumber": 56,
    "lat": 52.5635829,
    "lon": 13.5083125,
    "parity": "R",
    "proj_lat": 52.56410669302652,
    "proj_lon": 13.507787426041167,
    "marker-color": "#ff0000",
    "marker-symbol": "e"
  },
  {
    "rowid": 293124,
    "id": 26443,
    "source": "OA",
    "source_id": "d73e97535c0a3199",
    "housenumber": 58,
    "lat": 52.5636427,
    "lon": 13.5084842,
    "parity": "R",
    "proj_lat": 52.564169264803255,
    "proj_lon": 13.507956346046807,
    "marker-color": "#ff0000",
    "marker-symbol": "e"
  },
  {
    "rowid": 293125,
    "id": 26447,
    "source": "OA",
    "source_id": "ff325ba971affa58",
    "housenumber": 60,
    "lat": 52.5637949,
    "lon": 13.5088415,
    "parity": "R",
    "proj_lat": 52.564128,
    "proj_lon": 13.509353,
    "marker-color": "#ff0000",
    "marker-symbol": "e"
  },
  {
    "rowid": 293126,
    "id": 26447,
    "source": "OA",
    "source_id": "365fb02d1c50d678",
    "housenumber": 62,
    "lat": 52.5639219,
    "lon": 13.5093085,
    "parity": "R",
    "proj_lat": 52.564128,
    "proj_lon": 13.509353,
    "marker-color": "#ff0000",
    "marker-symbol": "e"
  },
  {
    "rowid": 293127,
    "id": 26447,
    "source": "OA",
    "source_id": "e9d2b66a263bfd81",
    "housenumber": 64,
    "lat": 52.5640731,
    "lon": 13.5096633,
    "parity": "L",
    "proj_lat": 52.564128,
    "proj_lon": 13.509353,
    "marker-color": "#3366ff",
    "marker-symbol": "e"
  },
  {
    "rowid": 293128,
    "id": 26447,
    "source": "OA",
    "source_id": "fb7bb009544184db",
    "housenumber": 66,
    "lat": 52.5641676,
    "lon": 13.5099157,
    "parity": "L",
    "proj_lat": 52.564128,
    "proj_lon": 13.509353,
    "marker-color": "#3366ff",
    "marker-symbol": "e"
  },
  {
    "rowid": 293129,
    "id": 26447,
    "source": "OA",
    "source_id": "63b865ce45d87517",
    "housenumber": 68,
    "lat": 52.564302,
    "lon": 13.5102316,
    "parity": "L",
    "proj_lat": 52.564128,
    "proj_lon": 13.509353,
    "marker-color": "#3366ff",
    "marker-symbol": "e"
  },
  {
    "rowid": 309485,
    "id": 26449,
    "source": "OA",
    "source_id": "c4b21acd80fdb266",
    "housenumber": 70,
    "lat": 52.5644978,
    "lon": 13.5099901,
    "parity": "L",
    "proj_lat": 52.56439989658661,
    "proj_lon": 13.51008800880396,
    "marker-color": "#3366ff",
    "marker-symbol": "e"
  },
  {
    "rowid": 307264,
    "id": 26449,
    "source": "OA",
    "source_id": "8502bf62f35c61c4",
    "housenumber": 72,
    "lat": 52.5650304,
    "lon": 13.5113957,
    "parity": "L",
    "proj_lat": 52.5649123815312,
    "proj_lon": 13.511508977432237,
    "marker-color": "#3366ff",
    "marker-symbol": "e"
  },
  {
    "rowid": 293130,
    "id": 26443,
    "source": "OA",
    "source_id": "3c4199052554eb79",
    "housenumber": 78,
    "lat": 52.5662936,
    "lon": 13.5145456,
    "parity": "R",
    "proj_lat": 52.56657526662988,
    "proj_lon": 13.514280613227518,
    "marker-color": "#ff0000",
    "marker-symbol": "e"
  },
  {
    "rowid": 311775,
    "id": 26443,
    "source": "OA",
    "source_id": "258daf5163bd6a41",
    "housenumber": 80,
    "lat": 52.5664586,
    "lon": 13.5149015,
    "parity": "R",
    "proj_lat": 52.56671164029733,
    "proj_lon": 13.5146311554199,
    "marker-color": "#ff0000",
    "marker-symbol": "e"
  },
  {
    "rowid": 312444,
    "id": 26440,
    "source": "OA",
    "source_id": "81372102ece49154",
    "housenumber": 87,
    "lat": 52.5668079,
    "lon": 13.5139393,
    "parity": "R",
    "proj_lat": 52.56674067554604,
    "proj_lon": 13.51400910511182,
    "marker-color": "#ff0000",
    "marker-symbol": "o"
  },
  {
    "rowid": 293131,
    "id": 26440,
    "source": "OA",
    "source_id": "3c109c06b7882102",
    "housenumber": 91,
    "lat": 52.5677256,
    "lon": 13.5154251,
    "parity": "R",
    "proj_lat": 52.567416112448264,
    "proj_lon": 13.51574729236548,
    "marker-color": "#ff0000",
    "marker-symbol": "o"
  },
  {
    "rowid": 310089,
    "id": 26440,
    "source": "OA",
    "source_id": "eaa8ff040f16c6d0",
    "housenumber": 101,
    "lat": 52.5685886,
    "lon": 13.5179415,
    "parity": "R",
    "proj_lat": 52.56829674919963,
    "proj_lon": 13.518181681102407,
    "marker-color": "#ff0000",
    "marker-symbol": "o"
  },
  {
    "rowid": 293147,
    "id": 26440,
    "source": "OA",
    "source_id": "8eb2fb89aca323ee",
    "housenumber": 141,
    "lat": 52.5697157,
    "lon": 13.5256144,
    "parity": "R",
    "proj_lat": 52.5693891019848,
    "proj_lon": 13.525726208477739,
    "marker-color": "#ff0000",
    "marker-symbol": "o"
  },
  {
    "rowid": 305609,
    "id": 26440,
    "source": "OA",
    "source_id": "2de51eb3df02b839",
    "housenumber": 160,
    "lat": 52.5698326,
    "lon": 13.5316754,
    "parity": "L",
    "proj_lat": 52.570106,
    "proj_lon": 13.531474,
    "marker-color": "#3366ff",
    "marker-symbol": "e"
  }
]
