[
  {
    "rowid": 20761,
    "id": 43137,
    "source": "OA",
    "source_id": "e40b5366d507a428",
    "housenumber": 3,
    "lat": 52.5403512,
    "lon": 13.3472544,
    "parity": "R",
    "proj_lat": 52.54047267041161,
    "proj_lon": 13.347018204788553,
    "marker-color": "#ff0000",
    "marker-symbol": "o"
  },
  {
    "rowid": 20761,
    "id": 43137,
    "source": "OA",
    "source_id": "e40b5366d507a428",
    "housenumber": 3,
    "lat": 52.5403512,
    "lon": 13.3472544,
    "parity": "R",
    "proj_lat": 52.54047267041161,
    "proj_lon": 13.347018204788553,
    "marker-color": "#ff0000",
    "marker-symbol": "o"
  },
  {
    "rowid": 20762,
    "id": 43137,
    "source": "OA",
    "source_id": "a855ddf5a3d52717",
    "housenumber": 4,
    "lat": 52.5404924,
    "lon": 13.3473475,
    "parity": "R",
    "proj_lat": 52.540582920866676,
    "proj_lon": 13.34717148402624,
    "marker-color": "#ff0000",
    "marker-symbol": "e"
  },
  {
    "rowid": 20762,
    "id": 43137,
    "source": "OA",
    "source_id": "a855ddf5a3d52717",
    "housenumber": 4,
    "lat": 52.5404924,
    "lon": 13.3473475,
    "parity": "R",
    "proj_lat": 52.540582920866676,
    "proj_lon": 13.34717148402624,
    "marker-color": "#ff0000",
    "marker-symbol": "e"
  },
  {
    "rowid": 20763,
    "id": 43137,
    "source": "OA",
    "source_id": "60bae7b312d60165",
    "housenumber": 5,
    "lat": 52.5406611,
    "lon": 13.3475712,
    "parity": "R",
    "proj_lat": 52.54074836968987,
    "proj_lon": 13.347401504568836,
    "marker-color": "#ff0000",
    "marker-symbol": "o"
  },
  {
    "rowid": 20763,
    "id": 43137,
    "source": "OA",
    "source_id": "60bae7b312d60165",
    "housenumber": 5,
    "lat": 52.5406611,
    "lon": 13.3475712,
    "parity": "R",
    "proj_lat": 52.54074836968987,
    "proj_lon": 13.347401504568836,
    "marker-color": "#ff0000",
    "marker-symbol": "o"
  },
  {
    "rowid": 20764,
    "id": 43137,
    "source": "OA",
    "source_id": "8a3e828c2c62a316",
    "housenumber": 6,
    "lat": 52.5408118,
    "lon": 13.3477901,
    "parity": "R",
    "proj_lat": 52.54090188345558,
    "proj_lon": 13.347614932014272,
    "marker-color": "#ff0000",
    "marker-symbol": "e"
  },
  {
    "rowid": 20764,
    "id": 43137,
    "source": "OA",
    "source_id": "8a3e828c2c62a316",
    "housenumber": 6,
    "lat": 52.5408118,
    "lon": 13.3477901,
    "parity": "R",
    "proj_lat": 52.54090188345558,
    "proj_lon": 13.347614932014272,
    "marker-color": "#ff0000",
    "marker-symbol": "e"
  },
  {
    "rowid": 20765,
    "id": 43137,
    "source": "OA",
    "source_id": "dcbe67d61ad4053a",
    "housenumber": 7,
    "lat": 52.5409618,
    "lon": 13.3479981,
    "parity": "R",
    "proj_lat": 52.54105154789231,
    "proj_lon": 13.347822525981838,
    "marker-color": "#ff0000",
    "marker-symbol": "o"
  },
  {
    "rowid": 20765,
    "id": 43137,
    "source": "OA",
    "source_id": "dcbe67d61ad4053a",
    "housenumber": 7,
    "lat": 52.5409618,
    "lon": 13.3479981,
    "parity": "R",
    "proj_lat": 52.54105154789231,
    "proj_lon": 13.347822525981838,
    "marker-color": "#ff0000",
    "marker-symbol": "o"
  },
  {
    "rowid": 20766,
    "id": 43137,
    "source": "OA",
    "source_id": "a71a7ec2f5ccefb2",
    "housenumber": 8,
    "lat": 52.5413014,
    "lon": 13.3484661,
    "parity": "R",
    "proj_lat": 52.54139135742549,
    "proj_lon": 13.348294586298191,
    "marker-color": "#ff0000",
    "marker-symbol": "e"
  },
  {
    "rowid": 20766,
    "id": 43137,
    "source": "OA",
    "source_id": "a71a7ec2f5ccefb2",
    "housenumber": 8,
    "lat": 52.5413014,
    "lon": 13.3484661,
    "parity": "R",
    "proj_lat": 52.54139135742549,
    "proj_lon": 13.348294586298191,
    "marker-color": "#ff0000",
    "marker-symbol": "e"
  },
  {
    "rowid": 20767,
    "id": 43137,
    "source": "OA",
    "source_id": "5f3149e1632bdadf",
    "housenumber": 9,
    "lat": 52.5413942,
    "lon": 13.3485941,
    "parity": "R",
    "proj_lat": 52.541483078678475,
    "proj_lon": 13.348424642331274,
    "marker-color": "#ff0000",
    "marker-symbol": "o"
  },
  {
    "rowid": 20767,
    "id": 43137,
    "source": "OA",
    "source_id": "5f3149e1632bdadf",
    "housenumber": 9,
    "lat": 52.5413942,
    "lon": 13.3485941,
    "parity": "R",
    "proj_lat": 52.541483078678475,
    "proj_lon": 13.348424642331274,
    "marker-color": "#ff0000",
    "marker-symbol": "o"
  },
  {
    "rowid": 20768,
    "id": 43137,
    "source": "OA",
    "source_id": "075806ec06cecd12",
    "housenumber": 10,
    "lat": 52.5415521,
    "lon": 13.3488191,
    "parity": "R",
    "proj_lat": 52.541641310954525,
    "proj_lon": 13.348649007584235,
    "marker-color": "#ff0000",
    "marker-symbol": "e"
  },
  {
    "rowid": 20768,
    "id": 43137,
    "source": "OA",
    "source_id": "075806ec06cecd12",
    "housenumber": 10,
    "lat": 52.5415521,
    "lon": 13.3488191,
    "parity": "R",
    "proj_lat": 52.541641310954525,
    "proj_lon": 13.348649007584235,
    "marker-color": "#ff0000",
    "marker-symbol": "e"
  },
  {
    "rowid": 20769,
    "id": 43137,
    "source": "OA",
    "source_id": "de5fee5c0d5f1eec",
    "housenumber": 11,
    "lat": 52.5416179,
    "lon": 13.349128,
    "parity": "R",
    "proj_lat": 52.54178137318296,
    "proj_lon": 13.348898324155074,
    "marker-color": "#ff0000",
    "marker-symbol": "o"
  },
  {
    "rowid": 20769,
    "id": 43137,
    "source": "OA",
    "source_id": "de5fee5c0d5f1eec",
    "housenumber": 11,
    "lat": 52.5416179,
    "lon": 13.349128,
    "parity": "R",
    "proj_lat": 52.54178137318296,
    "proj_lon": 13.348898324155074,
    "marker-color": "#ff0000",
    "marker-symbol": "o"
  },
  {
    "rowid": 20770,
    "id": 43137,
    "source": "OA",
    "source_id": "f8910b180e0f6f61",
    "housenumber": 12,
    "lat": 52.5416648,
    "lon": 13.3493575,
    "parity": "R",
    "proj_lat": 52.54187106642146,
    "proj_lon": 13.349076780593967,
    "marker-color": "#ff0000",
    "marker-symbol": "e"
  },
  {
    "rowid": 20770,
    "id": 43137,
    "source": "OA",
    "source_id": "f8910b180e0f6f61",
    "housenumber": 12,
    "lat": 52.5416648,
    "lon": 13.3493575,
    "parity": "R",
    "proj_lat": 52.54187106642146,
    "proj_lon": 13.349076780593967,
    "marker-color": "#ff0000",
    "marker-symbol": "e"
  },
  {
    "rowid": 20771,
    "id": 43137,
    "source": "OA",
    "source_id": "e62c6744bf84d542",
    "housenumber": 13,
    "lat": 52.541708,
    "lon": 13.3495685,
    "parity": "R",
    "proj_lat": 52.54196113492784,
    "proj_lon": 13.349267937989545,
    "marker-color": "#ff0000",
    "marker-symbol": "o"
  },
  {
    "rowid": 20771,
    "id": 43137,
    "source": "OA",
    "source_id": "e62c6744bf84d542",
    "housenumber": 13,
    "lat": 52.541708,
    "lon": 13.3495685,
    "parity": "R",
    "proj_lat": 52.54196113492784,
    "proj_lon": 13.349267937989545,
    "marker-color": "#ff0000",
    "marker-symbol": "o"
  },
  {
    "rowid": 20772,
    "id": 43136,
    "source": "OA",
    "source_id": "e19289e42e2a37f7",
    "housenumber": 14,
    "lat": 52.541281,
    "lon": 13.3475717,
    "parity": "R",
    "proj_lat": 52.54117344772461,
    "proj_lon": 13.347785559467942,
    "marker-color": "#ff0000",
    "marker-symbol": "e"
  },
  {
    "rowid": 20772,
    "id": 43136,
    "source": "OA",
    "source_id": "e19289e42e2a37f7",
    "housenumber": 14,
    "lat": 52.541281,
    "lon": 13.3475717,
    "parity": "R",
    "proj_lat": 52.54117344772461,
    "proj_lon": 13.347785559467942,
    "marker-color": "#ff0000",
    "marker-symbol": "e"
  },
  {
    "rowid": 20773,
    "id": 43136,
    "source": "OA",
    "source_id": "e14a23b09f4b481c",
    "housenumber": 15,
    "lat": 52.540302,
    "lon": 13.3459069,
    "parity": "R",
    "proj_lat": 52.540098432693426,
    "proj_lon": 13.346300142878437,
    "marker-color": "#ff0000",
    "marker-symbol": "o"
  },
  {
    "rowid": 20773,
    "id": 43136,
    "source": "OA",
    "source_id": "e14a23b09f4b481c",
    "housenumber": 15,
    "lat": 52.540302,
    "lon": 13.3459069,
    "parity": "R",
    "proj_lat": 52.540098432693426,
    "proj_lon": 13.346300142878437,
    "marker-color": "#ff0000",
    "marker-symbol": "o"
  }
]
