[
  {
    "rowid": 87308,
    "id": 14321,
    "source": "OA",
    "source_id": "8b2288a7e18fd57e",
    "housenumber": 2,
    "lat": 52.4906196,
    "lon": 13.1790794,
    "parity": "L",
    "proj_lat": 52.490594938223154,
    "proj_lon": 13.178730341936175,
    "marker-color": "#3366ff",
    "marker-symbol": "e"
  },
  {
    "rowid": 87308,
    "id": 14321,
    "source": "OA",
    "source_id": "8b2288a7e18fd57e",
    "housenumber": 2,
    "lat": 52.4906196,
    "lon": 13.1790794,
    "parity": "L",
    "proj_lat": 52.490594938223154,
    "proj_lon": 13.178730341936175,
    "marker-color": "#3366ff",
    "marker-symbol": "e"
  },
  {
    "rowid": 87309,
    "id": 14321,
    "source": "OA",
    "source_id": "93651ca07e193038",
    "housenumber": 4,
    "lat": 52.4908258,
    "lon": 13.1789346,
    "parity": "L",
    "proj_lat": 52.49080849354055,
    "proj_lon": 13.178689645392234,
    "marker-color": "#3366ff",
    "marker-symbol": "e"
  },
  {
    "rowid": 87309,
    "id": 14321,
    "source": "OA",
    "source_id": "93651ca07e193038",
    "housenumber": 4,
    "lat": 52.4908258,
    "lon": 13.1789346,
    "parity": "L",
    "proj_lat": 52.49080849354055,
    "proj_lon": 13.178689645392234,
    "marker-color": "#3366ff",
    "marker-symbol": "e"
  },
  {
    "rowid": 87310,
    "id": 14321,
    "source": "OA",
    "source_id": "99e439292c8ab94b",
    "housenumber": 5,
    "lat": 52.4910324,
    "lon": 13.1784849,
    "parity": "R",
    "proj_lat": 52.49104369873286,
    "proj_lon": 13.178644823101878,
    "marker-color": "#ff0000",
    "marker-symbol": "o"
  },
  {
    "rowid": 87310,
    "id": 14321,
    "source": "OA",
    "source_id": "99e439292c8ab94b",
    "housenumber": 5,
    "lat": 52.4910324,
    "lon": 13.1784849,
    "parity": "R",
    "proj_lat": 52.49104369873286,
    "proj_lon": 13.178644823101878,
    "marker-color": "#ff0000",
    "marker-symbol": "o"
  },
  {
    "rowid": 87311,
    "id": 14321,
    "source": "OA",
    "source_id": "9e77e0161fc15f23",
    "housenumber": 6,
    "lat": 52.4909223,
    "lon": 13.1793148,
    "parity": "L",
    "proj_lat": 52.49087720681583,
    "proj_lon": 13.17867655092631,
    "marker-color": "#3366ff",
    "marker-symbol": "e"
  },
  {
    "rowid": 87311,
    "id": 14321,
    "source": "OA",
    "source_id": "9e77e0161fc15f23",
    "housenumber": 6,
    "lat": 52.4909223,
    "lon": 13.1793148,
    "parity": "L",
    "proj_lat": 52.49087720681583,
    "proj_lon": 13.17867655092631,
    "marker-color": "#3366ff",
    "marker-symbol": "e"
  },
  {
    "rowid": 87312,
    "id": 14321,
    "source": "OA",
    "source_id": "2e12c5998b67a9df",
    "housenumber": 7,
    "lat": 52.4912115,
    "lon": 13.1784512,
    "parity": "R",
    "proj_lat": 52.49122276863067,
    "proj_lon": 13.17861069833246,
    "marker-color": "#ff0000",
    "marker-symbol": "o"
  },
  {
    "rowid": 87312,
    "id": 14321,
    "source": "OA",
    "source_id": "2e12c5998b67a9df",
    "housenumber": 7,
    "lat": 52.4912115,
    "lon": 13.1784512,
    "parity": "R",
    "proj_lat": 52.49122276863067,
    "proj_lon": 13.17861069833246,
    "marker-color": "#ff0000",
    "marker-symbol": "o"
  },
  {
    "rowid": 87313,
    "id": 14321,
    "source": "OA",
    "source_id": "c738cf4a402ef338",
    "housenumber": 8,
    "lat": 52.4909957,
    "lon": 13.178889,
    "parity": "L",
    "proj_lat": 52.49097931546134,
    "proj_lon": 13.178657092413035,
    "marker-color": "#3366ff",
    "marker-symbol": "e"
  },
  {
    "rowid": 87313,
    "id": 14321,
    "source": "OA",
    "source_id": "c738cf4a402ef338",
    "housenumber": 8,
    "lat": 52.4909957,
    "lon": 13.178889,
    "parity": "L",
    "proj_lat": 52.49097931546134,
    "proj_lon": 13.178657092413035,
    "marker-color": "#3366ff",
    "marker-symbol": "e"
  },
  {
    "rowid": 87314,
    "id": 14321,
    "source": "OA",
    "source_id": "1b55bf5eecf0ccb4",
    "housenumber": 9,
    "lat": 52.4913904,
    "lon": 13.17841,
    "parity": "R",
    "proj_lat": 52.491402164020954,
    "proj_lon": 13.178576511534995,
    "marker-color": "#ff0000",
    "marker-symbol": "o"
  },
  {
    "rowid": 87314,
    "id": 14321,
    "source": "OA",
    "source_id": "1b55bf5eecf0ccb4",
    "housenumber": 9,
    "lat": 52.4913904,
    "lon": 13.17841,
    "parity": "R",
    "proj_lat": 52.491402164020954,
    "proj_lon": 13.178576511534995,
    "marker-color": "#ff0000",
    "marker-symbol": "o"
  },
  {
    "rowid": 87315,
    "id": 14321,
    "source": "OA",
    "source_id": "21a5458d54bcc618",
    "housenumber": 10,
    "lat": 52.4910496,
    "lon": 13.1788691,
    "parity": "L",
    "proj_lat": 52.49103388672338,
    "proj_lon": 13.178646692944689,
    "marker-color": "#3366ff",
    "marker-symbol": "e"
  },
  {
    "rowid": 87315,
    "id": 14321,
    "source": "OA",
    "source_id": "21a5458d54bcc618",
    "housenumber": 10,
    "lat": 52.4910496,
    "lon": 13.1788691,
    "parity": "L",
    "proj_lat": 52.49103388672338,
    "proj_lon": 13.178646692944689,
    "marker-color": "#3366ff",
    "marker-symbol": "e"
  },
  {
    "rowid": 141922,
    "id": 14321,
    "source": "OA",
    "source_id": "3fc2e6237216aed6",
    "housenumber": 11,
    "lat": 52.4915919,
    "lon": 13.1783769,
    "parity": "R",
    "proj_lat": 52.491603294503584,
    "proj_lon": 13.178538182751504,
    "marker-color": "#ff0000",
    "marker-symbol": "o"
  },
  {
    "rowid": 141922,
    "id": 14321,
    "source": "OA",
    "source_id": "3fc2e6237216aed6",
    "housenumber": 11,
    "lat": 52.4915919,
    "lon": 13.1783769,
    "parity": "R",
    "proj_lat": 52.491603294503584,
    "proj_lon": 13.178538182751504,
    "marker-color": "#ff0000",
    "marker-symbol": "o"
  },
  {
    "rowid": 87316,
    "id": 14321,
    "source": "OA",
    "source_id": "fb887c6b8ec522b0",
    "housenumber": 12,
    "lat": 52.4911611,
    "lon": 13.1788581,
    "parity": "L",
    "proj_lat": 52.491144672379505,
    "proj_lon": 13.178625580881654,
    "marker-color": "#3366ff",
    "marker-symbol": "e"
  },
  {
    "rowid": 87316,
    "id": 14321,
    "source": "OA",
    "source_id": "fb887c6b8ec522b0",
    "housenumber": 12,
    "lat": 52.4911611,
    "lon": 13.1788581,
    "parity": "L",
    "proj_lat": 52.491144672379505,
    "proj_lon": 13.178625580881654,
    "marker-color": "#3366ff",
    "marker-symbol": "e"
  },
  {
    "rowid": 87317,
    "id": 14321,
    "source": "OA",
    "source_id": "8bd7bc86fb9b5935",
    "housenumber": 13,
    "lat": 52.4916842,
    "lon": 13.1781627,
    "parity": "R",
    "proj_lat": 52.491709300267516,
    "proj_lon": 13.178517981577015,
    "marker-color": "#ff0000",
    "marker-symbol": "o"
  },
  {
    "rowid": 87317,
    "id": 14321,
    "source": "OA",
    "source_id": "8bd7bc86fb9b5935",
    "housenumber": 13,
    "lat": 52.4916842,
    "lon": 13.1781627,
    "parity": "R",
    "proj_lat": 52.491709300267516,
    "proj_lon": 13.178517981577015,
    "marker-color": "#ff0000",
    "marker-symbol": "o"
  },
  {
    "rowid": 87318,
    "id": 14321,
    "source": "OA",
    "source_id": "e7e9886f4b53c5b5",
    "housenumber": 14,
    "lat": 52.4912115,
    "lon": 13.1788364,
    "parity": "L",
    "proj_lat": 52.49119591561228,
    "proj_lon": 13.178615815625047,
    "marker-color": "#3366ff",
    "marker-symbol": "e"
  },
  {
    "rowid": 87318,
    "id": 14321,
    "source": "OA",
    "source_id": "e7e9886f4b53c5b5",
    "housenumber": 14,
    "lat": 52.4912115,
    "lon": 13.1788364,
    "parity": "L",
    "proj_lat": 52.49119591561228,
    "proj_lon": 13.178615815625047,
    "marker-color": "#3366ff",
    "marker-symbol": "e"
  },
  {
    "rowid": 87319,
    "id": 14321,
    "source": "OA",
    "source_id": "c428d9238d51cb20",
    "housenumber": 15,
    "lat": 52.4919151,
    "lon": 13.1783135,
    "parity": "R",
    "proj_lat": 52.491926620430924,
    "proj_lon": 13.178476567578588,
    "marker-color": "#ff0000",
    "marker-symbol": "o"
  },
  {
    "rowid": 87319,
    "id": 14321,
    "source": "OA",
    "source_id": "c428d9238d51cb20",
    "housenumber": 15,
    "lat": 52.4919151,
    "lon": 13.1783135,
    "parity": "R",
    "proj_lat": 52.491926620430924,
    "proj_lon": 13.178476567578588,
    "marker-color": "#ff0000",
    "marker-symbol": "o"
  },
  {
    "rowid": 87320,
    "id": 14321,
    "source": "OA",
    "source_id": "40d5f4147cfb5618",
    "housenumber": 16,
    "lat": 52.4913502,
    "lon": 13.1787464,
    "parity": "L",
    "proj_lat": 52.491339047154106,
    "proj_lon": 13.178588539511523,
    "marker-color": "#3366ff",
    "marker-symbol": "e"
  },
  {
    "rowid": 87320,
    "id": 14321,
    "source": "OA",
    "source_id": "40d5f4147cfb5618",
    "housenumber": 16,
    "lat": 52.4913502,
    "lon": 13.1787464,
    "parity": "L",
    "proj_lat": 52.491339047154106,
    "proj_lon": 13.178588539511523,
    "marker-color": "#3366ff",
    "marker-symbol": "e"
  },
  {
    "rowid": 143488,
    "id": 14321,
    "source": "OA",
    "source_id": "b60177fa19310f1c",
    "housenumber": 17,
    "lat": 52.4921345,
    "lon": 13.1782642,
    "parity": "R",
    "proj_lat": 52.49214654241377,
    "proj_lon": 13.17843465775987,
    "marker-color": "#ff0000",
    "marker-symbol": "o"
  },
  {
    "rowid": 143488,
    "id": 14321,
    "source": "OA",
    "source_id": "b60177fa19310f1c",
    "housenumber": 17,
    "lat": 52.4921345,
    "lon": 13.1782642,
    "parity": "R",
    "proj_lat": 52.49214654241377,
    "proj_lon": 13.17843465775987,
    "marker-color": "#ff0000",
    "marker-symbol": "o"
  },
  {
    "rowid": 87321,
    "id": 14321,
    "source": "OA",
    "source_id": "78d5016e6998a820",
    "housenumber": 18,
    "lat": 52.4914987,
    "lon": 13.1788944,
    "parity": "L",
    "proj_lat": 52.49147525723969,
    "proj_lon": 13.178562582397458,
    "marker-color": "#3366ff",
    "marker-symbol": "e"
  },
  {
    "rowid": 87321,
    "id": 14321,
    "source": "OA",
    "source_id": "78d5016e6998a820",
    "housenumber": 18,
    "lat": 52.4914987,
    "lon": 13.1788944,
    "parity": "L",
    "proj_lat": 52.49147525723969,
    "proj_lon": 13.178562582397458,
    "marker-color": "#3366ff",
    "marker-symbol": "e"
  },
  {
    "rowid": 143489,
    "id": 14321,
    "source": "OA",
    "source_id": "66d68138579de90a",
    "housenumber": 19,
    "lat": 52.4923332,
    "lon": 13.1781926,
    "parity": "R",
    "proj_lat": 52.492347593875664,
    "proj_lon": 13.178396344035106,
    "marker-color": "#ff0000",
    "marker-symbol": "o"
  },
  {
    "rowid": 143489,
    "id": 14321,
    "source": "OA",
    "source_id": "66d68138579de90a",
    "housenumber": 19,
    "lat": 52.4923332,
    "lon": 13.1781926,
    "parity": "R",
    "proj_lat": 52.492347593875664,
    "proj_lon": 13.178396344035106,
    "marker-color": "#ff0000",
    "marker-symbol": "o"
  },
  {
    "rowid": 172155,
    "id": 14321,
    "source": "OA",
    "source_id": "24b3ba53f72cfcc3",
    "housenumber": 21,
    "lat": 52.4924971,
    "lon": 13.1782038,
    "parity": "R",
    "proj_lat": 52.492508535793874,
    "proj_lon": 13.178365673855941,
    "marker-color": "#ff0000",
    "marker-symbol": "o"
  },
  {
    "rowid": 172155,
    "id": 14321,
    "source": "OA",
    "source_id": "24b3ba53f72cfcc3",
    "housenumber": 21,
    "lat": 52.4924971,
    "lon": 13.1782038,
    "parity": "R",
    "proj_lat": 52.492508535793874,
    "proj_lon": 13.178365673855941,
    "marker-color": "#ff0000",
    "marker-symbol": "o"
  },
  {
    "rowid": 87322,
    "id": 14321,
    "source": "OA",
    "source_id": "80202e1b4aab88e1",
    "housenumber": 22,
    "lat": 52.491814,
    "lon": 13.1790006,
    "parity": "L",
    "proj_lat": 52.491778965795184,
    "proj_lon": 13.178504705643444,
    "marker-color": "#3366ff",
    "marker-symbol": "e"
  },
  {
    "rowid": 87322,
    "id": 14321,
    "source": "OA",
    "source_id": "80202e1b4aab88e1",
    "housenumber": 22,
    "lat": 52.491814,
    "lon": 13.1790006,
    "parity": "L",
    "proj_lat": 52.491778965795184,
    "proj_lon": 13.178504705643444,
    "marker-color": "#3366ff",
    "marker-symbol": "e"
  },
  {
    "rowid": 87323,
    "id": 14321,
    "source": "OA",
    "source_id": "2eb896e7f1646c92",
    "housenumber": 23,
    "lat": 52.4926904,
    "lon": 13.1780176,
    "parity": "R",
    "proj_lat": 52.49271224741119,
    "proj_lon": 13.178326853193989,
    "marker-color": "#ff0000",
    "marker-symbol": "o"
  },
  {
    "rowid": 87323,
    "id": 14321,
    "source": "OA",
    "source_id": "2eb896e7f1646c92",
    "housenumber": 23,
    "lat": 52.4926904,
    "lon": 13.1780176,
    "parity": "R",
    "proj_lat": 52.49271224741119,
    "proj_lon": 13.178326853193989,
    "marker-color": "#ff0000",
    "marker-symbol": "o"
  },
  {
    "rowid": 87324,
    "id": 14321,
    "source": "OA",
    "source_id": "61b69b8d7835b5e1",
    "housenumber": 24,
    "lat": 52.4919707,
    "lon": 13.1790174,
    "parity": "L",
    "proj_lat": 52.491932413269545,
    "proj_lon": 13.178475463656127,
    "marker-color": "#3366ff",
    "marker-symbol": "e"
  },
  {
    "rowid": 87324,
    "id": 14321,
    "source": "OA",
    "source_id": "61b69b8d7835b5e1",
    "housenumber": 24,
    "lat": 52.4919707,
    "lon": 13.1790174,
    "parity": "L",
    "proj_lat": 52.491932413269545,
    "proj_lon": 13.178475463656127,
    "marker-color": "#3366ff",
    "marker-symbol": "e"
  },
  {
    "rowid": 87325,
    "id": 14321,
    "source": "OA",
    "source_id": "c985ffd28f977cfc",
    "housenumber": 25,
    "lat": 52.492808,
    "lon": 13.1780242,
    "parity": "R",
    "proj_lat": 52.492827825053624,
    "proj_lon": 13.178304827937671,
    "marker-color": "#ff0000",
    "marker-symbol": "o"
  },
  {
    "rowid": 87325,
    "id": 14321,
    "source": "OA",
    "source_id": "c985ffd28f977cfc",
    "housenumber": 25,
    "lat": 52.492808,
    "lon": 13.1780242,
    "parity": "R",
    "proj_lat": 52.492827825053624,
    "proj_lon": 13.178304827937671,
    "marker-color": "#ff0000",
    "marker-symbol": "o"
  },
  {
    "rowid": 87326,
    "id": 14321,
    "source": "OA",
    "source_id": "1cda9625f90b49ab",
    "housenumber": 26,
    "lat": 52.4920785,
    "lon": 13.1786876,
    "parity": "L",
    "proj_lat": 52.49206177149796,
    "proj_lon": 13.178450812278252,
    "marker-color": "#3366ff",
    "marker-symbol": "e"
  },
  {
    "rowid": 87326,
    "id": 14321,
    "source": "OA",
    "source_id": "1cda9625f90b49ab",
    "housenumber": 26,
    "lat": 52.4920785,
    "lon": 13.1786876,
    "parity": "L",
    "proj_lat": 52.49206177149796,
    "proj_lon": 13.178450812278252,
    "marker-color": "#3366ff",
    "marker-symbol": "e"
  },
  {
    "rowid": 161523,
    "id": 14321,
    "source": "OA",
    "source_id": "de61c6d47aaab18d",
    "housenumber": 27,
    "lat": 52.4930159,
    "lon": 13.1779529,
    "parity": "R",
    "proj_lat": 52.49303793324406,
    "proj_lon": 13.178264788301531,
    "marker-color": "#ff0000",
    "marker-symbol": "o"
  },
  {
    "rowid": 161523,
    "id": 14321,
    "source": "OA",
    "source_id": "de61c6d47aaab18d",
    "housenumber": 27,
    "lat": 52.4930159,
    "lon": 13.1779529,
    "parity": "R",
    "proj_lat": 52.49303793324406,
    "proj_lon": 13.178264788301531,
    "marker-color": "#ff0000",
    "marker-symbol": "o"
  },
  {
    "rowid": 87327,
    "id": 14321,
    "source": "OA",
    "source_id": "bb4ed22b5d46b192",
    "housenumber": 30,
    "lat": 52.4925303,
    "lon": 13.1786533,
    "parity": "L",
    "proj_lat": 52.49250996111036,
    "proj_lon": 13.178365402238004,
    "marker-color": "#3366ff",
    "marker-symbol": "e"
  },
  {
    "rowid": 87327,
    "id": 14321,
    "source": "OA",
    "source_id": "bb4ed22b5d46b192",
    "housenumber": 30,
    "lat": 52.4925303,
    "lon": 13.1786533,
    "parity": "L",
    "proj_lat": 52.49250996111036,
    "proj_lon": 13.178365402238004,
    "marker-color": "#3366ff",
    "marker-symbol": "e"
  },
  {
    "rowid": 87328,
    "id": 14321,
    "source": "OA",
    "source_id": "3bf9276e438603a3",
    "housenumber": 32,
    "lat": 52.4927062,
    "lon": 13.1785837,
    "parity": "L",
    "proj_lat": 52.49268837625878,
    "proj_lon": 13.17833140224205,
    "marker-color": "#3366ff",
    "marker-symbol": "e"
  },
  {
    "rowid": 87328,
    "id": 14321,
    "source": "OA",
    "source_id": "3bf9276e438603a3",
    "housenumber": 32,
    "lat": 52.4927062,
    "lon": 13.1785837,
    "parity": "L",
    "proj_lat": 52.49268837625878,
    "proj_lon": 13.17833140224205,
    "marker-color": "#3366ff",
    "marker-symbol": "e"
  },
  {
    "rowid": 87329,
    "id": 14321,
    "source": "OA",
    "source_id": "b40ad8ba11f009f0",
    "housenumber": 34,
    "lat": 52.4928219,
    "lon": 13.179089,
    "parity": "L",
    "proj_lat": 52.49276731654435,
    "proj_lon": 13.178316358847958,
    "marker-color": "#3366ff",
    "marker-symbol": "e"
  },
  {
    "rowid": 87329,
    "id": 14321,
    "source": "OA",
    "source_id": "b40ad8ba11f009f0",
    "housenumber": 34,
    "lat": 52.4928219,
    "lon": 13.179089,
    "parity": "L",
    "proj_lat": 52.49276731654435,
    "proj_lon": 13.178316358847958,
    "marker-color": "#3366ff",
    "marker-symbol": "e"
  },
  {
    "rowid": 148043,
    "id": 14321,
    "source": "OA",
    "source_id": "2fbfe0956348da39",
    "housenumber": 38,
    "lat": 52.4931229,
    "lon": 13.1786053,
    "parity": "L",
    "proj_lat": 52.493098035656516,
    "proj_lon": 13.178253334779797,
    "marker-color": "#3366ff",
    "marker-symbol": "e"
  },
  {
    "rowid": 148043,
    "id": 14321,
    "source": "OA",
    "source_id": "2fbfe0956348da39",
    "housenumber": 38,
    "lat": 52.4931229,
    "lon": 13.1786053,
    "parity": "L",
    "proj_lat": 52.493098035656516,
    "proj_lon": 13.178253334779797,
    "marker-color": "#3366ff",
    "marker-symbol": "e"
  },
  {
    "rowid": 143874,
    "id": 14321,
    "source": "OA",
    "source_id": "cc95323299c0e99b",
    "housenumber": 40,
    "lat": 52.4932833,
    "lon": 13.1787528,
    "parity": "L",
    "proj_lat": 52.493189,
    "proj_lon": 13.178236,
    "marker-color": "#3366ff",
    "marker-symbol": "e"
  },
  {
    "rowid": 143874,
    "id": 14321,
    "source": "OA",
    "source_id": "cc95323299c0e99b",
    "housenumber": 40,
    "lat": 52.4932833,
    "lon": 13.1787528,
    "parity": "L",
    "proj_lat": 52.493189,
    "proj_lon": 13.178236,
    "marker-color": "#3366ff",
    "marker-symbol": "e"
  }
]
