[
  {
    "rowid": 321595,
    "id": 22102,
    "source": "OA",
    "source_id": "b044f0d22eadd059",
    "housenumber": 8,
    "lat": 52.511215,
    "lon": 13.2529139,
    "parity": "R",
    "proj_lat": 52.511285721113126,
    "proj_lon": 13.25326903165961,
    "marker-color": "#ff0000",
    "marker-symbol": "e"
  },
  {
    "rowid": 321595,
    "id": 22102,
    "source": "OA",
    "source_id": "b044f0d22eadd059",
    "housenumber": 8,
    "lat": 52.511215,
    "lon": 13.2529139,
    "parity": "R",
    "proj_lat": 52.511285721113126,
    "proj_lon": 13.25326903165961,
    "marker-color": "#ff0000",
    "marker-symbol": "e"
  },
  {
    "rowid": 355883,
    "id": 22102,
    "source": "OA",
    "source_id": "1c376ea3e4ab6c90",
    "housenumber": 9,
    "lat": 52.5110317,
    "lon": 13.2530746,
    "parity": "R",
    "proj_lat": 52.511122747076314,
    "proj_lon": 13.253386706965802,
    "marker-color": "#ff0000",
    "marker-symbol": "o"
  },
  {
    "rowid": 355883,
    "id": 22102,
    "source": "OA",
    "source_id": "1c376ea3e4ab6c90",
    "housenumber": 9,
    "lat": 52.5110317,
    "lon": 13.2530746,
    "parity": "R",
    "proj_lat": 52.511122747076314,
    "proj_lon": 13.253386706965802,
    "marker-color": "#ff0000",
    "marker-symbol": "o"
  },
  {
    "rowid": 356364,
    "id": 22102,
    "source": "OA",
    "source_id": "3b41d7e7c038d879",
    "housenumber": 10,
    "lat": 52.5105174,
    "lon": 13.2535952,
    "parity": "R",
    "proj_lat": 52.51053249836296,
    "proj_lon": 13.253802458655285,
    "marker-color": "#ff0000",
    "marker-symbol": "e"
  },
  {
    "rowid": 356364,
    "id": 22102,
    "source": "OA",
    "source_id": "3b41d7e7c038d879",
    "housenumber": 10,
    "lat": 52.5105174,
    "lon": 13.2535952,
    "parity": "R",
    "proj_lat": 52.51053249836296,
    "proj_lon": 13.253802458655285,
    "marker-color": "#ff0000",
    "marker-symbol": "e"
  },
  {
    "rowid": 321596,
    "id": 22102,
    "source": "OA",
    "source_id": "2e6f559dcf6073c6",
    "housenumber": 11,
    "lat": 52.5099761,
    "lon": 13.2535748,
    "parity": "R",
    "proj_lat": 52.50999556848566,
    "proj_lon": 13.253899388129067,
    "marker-color": "#ff0000",
    "marker-symbol": "o"
  },
  {
    "rowid": 321596,
    "id": 22102,
    "source": "OA",
    "source_id": "2e6f559dcf6073c6",
    "housenumber": 11,
    "lat": 52.5099761,
    "lon": 13.2535748,
    "parity": "R",
    "proj_lat": 52.50999556848566,
    "proj_lon": 13.253899388129067,
    "marker-color": "#ff0000",
    "marker-symbol": "o"
  },
  {
    "rowid": 321597,
    "id": 22102,
    "source": "OA",
    "source_id": "fa2f2d00f0ac210c",
    "housenumber": 11.03,
    "lat": 52.5098299,
    "lon": 13.2535989,
    "parity": "R",
    "proj_lat": 52.509849343237676,
    "proj_lon": 13.253923065025726,
    "marker-color": "#ff0000",
    "marker-symbol": "o"
  },
  {
    "rowid": 321597,
    "id": 22102,
    "source": "OA",
    "source_id": "fa2f2d00f0ac210c",
    "housenumber": 11.03,
    "lat": 52.5098299,
    "lon": 13.2535989,
    "parity": "R",
    "proj_lat": 52.509849343237676,
    "proj_lon": 13.253923065025726,
    "marker-color": "#ff0000",
    "marker-symbol": "o"
  },
  {
    "rowid": 321598,
    "id": 22102,
    "source": "OA",
    "source_id": "efc64048de5d9176",
    "housenumber": 12,
    "lat": 52.5096081,
    "lon": 13.2536242,
    "parity": "R",
    "proj_lat": 52.50962817393767,
    "proj_lon": 13.25395887691685,
    "marker-color": "#ff0000",
    "marker-symbol": "e"
  },
  {
    "rowid": 321598,
    "id": 22102,
    "source": "OA",
    "source_id": "efc64048de5d9176",
    "housenumber": 12,
    "lat": 52.5096081,
    "lon": 13.2536242,
    "parity": "R",
    "proj_lat": 52.50962817393767,
    "proj_lon": 13.25395887691685,
    "marker-color": "#ff0000",
    "marker-symbol": "e"
  },
  {
    "rowid": 321599,
    "id": 22102,
    "source": "OA",
    "source_id": "a25a1c3d5167f9a9",
    "housenumber": 12.03,
    "lat": 52.5094165,
    "lon": 13.2535572,
    "parity": "R",
    "proj_lat": 52.5094423970937,
    "proj_lon": 13.253988958036196,
    "marker-color": "#ff0000",
    "marker-symbol": "e"
  },
  {
    "rowid": 321599,
    "id": 22102,
    "source": "OA",
    "source_id": "a25a1c3d5167f9a9",
    "housenumber": 12.03,
    "lat": 52.5094165,
    "lon": 13.2535572,
    "parity": "R",
    "proj_lat": 52.5094423970937,
    "proj_lon": 13.253988958036196,
    "marker-color": "#ff0000",
    "marker-symbol": "e"
  },
  {
    "rowid": 321600,
    "id": 22102,
    "source": "OA",
    "source_id": "647ca2b2d9cad210",
    "housenumber": 12.06,
    "lat": 52.5095623,
    "lon": 13.2529738,
    "parity": "R",
    "proj_lat": 52.50962145038366,
    "proj_lon": 13.253959965599519,
    "marker-color": "#ff0000",
    "marker-symbol": "e"
  },
  {
    "rowid": 321600,
    "id": 22102,
    "source": "OA",
    "source_id": "647ca2b2d9cad210",
    "housenumber": 12.06,
    "lat": 52.5095623,
    "lon": 13.2529738,
    "parity": "R",
    "proj_lat": 52.50962145038366,
    "proj_lon": 13.253959965599519,
    "marker-color": "#ff0000",
    "marker-symbol": "e"
  },
  {
    "rowid": 321601,
    "id": 22102,
    "source": "OA",
    "source_id": "76f85c03efb3d032",
    "housenumber": 13,
    "lat": 52.5091832,
    "lon": 13.2535983,
    "parity": "R",
    "proj_lat": 52.50920889991234,
    "proj_lon": 13.254026766066678,
    "marker-color": "#ff0000",
    "marker-symbol": "o"
  },
  {
    "rowid": 321601,
    "id": 22102,
    "source": "OA",
    "source_id": "76f85c03efb3d032",
    "housenumber": 13,
    "lat": 52.5091832,
    "lon": 13.2535983,
    "parity": "R",
    "proj_lat": 52.50920889991234,
    "proj_lon": 13.254026766066678,
    "marker-color": "#ff0000",
    "marker-symbol": "o"
  },
  {
    "rowid": 354127,
    "id": 22102,
    "source": "OA",
    "source_id": "273397677808c90e",
    "housenumber": 13.03,
    "lat": 52.5087718,
    "lon": 13.2538802,
    "parity": "R",
    "proj_lat": 52.50878471125657,
    "proj_lon": 13.254095450996983,
    "marker-color": "#ff0000",
    "marker-symbol": "o"
  },
  {
    "rowid": 354127,
    "id": 22102,
    "source": "OA",
    "source_id": "273397677808c90e",
    "housenumber": 13.03,
    "lat": 52.5087718,
    "lon": 13.2538802,
    "parity": "R",
    "proj_lat": 52.50878471125657,
    "proj_lon": 13.254095450996983,
    "marker-color": "#ff0000",
    "marker-symbol": "o"
  },
  {
    "rowid": 321602,
    "id": 22101,
    "source": "OA",
    "source_id": "5ed67fe1c32b0e5e",
    "housenumber": 14,
    "lat": 52.5074464,
    "lon": 13.2539725,
    "parity": "R",
    "proj_lat": 52.50746351670249,
    "proj_lon": 13.254313035422275,
    "marker-color": "#ff0000",
    "marker-symbol": "e"
  },
  {
    "rowid": 321602,
    "id": 22101,
    "source": "OA",
    "source_id": "5ed67fe1c32b0e5e",
    "housenumber": 14,
    "lat": 52.5074464,
    "lon": 13.2539725,
    "parity": "R",
    "proj_lat": 52.50746351670249,
    "proj_lon": 13.254313035422275,
    "marker-color": "#ff0000",
    "marker-symbol": "e"
  },
  {
    "rowid": 321603,
    "id": 22101,
    "source": "OA",
    "source_id": "8317a51bf4a384eb",
    "housenumber": 15,
    "lat": 52.5072345,
    "lon": 13.2540247,
    "parity": "R",
    "proj_lat": 52.50725044615882,
    "proj_lon": 13.254341944491014,
    "marker-color": "#ff0000",
    "marker-symbol": "o"
  },
  {
    "rowid": 321603,
    "id": 22101,
    "source": "OA",
    "source_id": "8317a51bf4a384eb",
    "housenumber": 15,
    "lat": 52.5072345,
    "lon": 13.2540247,
    "parity": "R",
    "proj_lat": 52.50725044615882,
    "proj_lon": 13.254341944491014,
    "marker-color": "#ff0000",
    "marker-symbol": "o"
  },
  {
    "rowid": 321604,
    "id": 22101,
    "source": "OA",
    "source_id": "51ad9285eb843145",
    "housenumber": 17,
    "lat": 52.5059847,
    "lon": 13.2542355,
    "parity": "R",
    "proj_lat": 52.50600342897232,
    "proj_lon": 13.254534712913353,
    "marker-color": "#ff0000",
    "marker-symbol": "o"
  },
  {
    "rowid": 321604,
    "id": 22101,
    "source": "OA",
    "source_id": "51ad9285eb843145",
    "housenumber": 17,
    "lat": 52.5059847,
    "lon": 13.2542355,
    "parity": "R",
    "proj_lat": 52.50600342897232,
    "proj_lon": 13.254534712913353,
    "marker-color": "#ff0000",
    "marker-symbol": "o"
  },
  {
    "rowid": 321605,
    "id": 22101,
    "source": "OA",
    "source_id": "3d59fd5745be9a80",
    "housenumber": 18,
    "lat": 52.5061829,
    "lon": 13.2547502,
    "parity": "L",
    "proj_lat": 52.50616767496559,
    "proj_lon": 13.254506963590288,
    "marker-color": "#3366ff",
    "marker-symbol": "e"
  },
  {
    "rowid": 321605,
    "id": 22101,
    "source": "OA",
    "source_id": "3d59fd5745be9a80",
    "housenumber": 18,
    "lat": 52.5061829,
    "lon": 13.2547502,
    "parity": "L",
    "proj_lat": 52.50616767496559,
    "proj_lon": 13.254506963590288,
    "marker-color": "#3366ff",
    "marker-symbol": "e"
  },
  {
    "rowid": 321606,
    "id": 22101,
    "source": "OA",
    "source_id": "95277bd1564f8415",
    "housenumber": 18.03,
    "lat": 52.5062886,
    "lon": 13.2547364,
    "parity": "L",
    "proj_lat": 52.50627312369315,
    "proj_lon": 13.254489148051842,
    "marker-color": "#3366ff",
    "marker-symbol": "e"
  },
  {
    "rowid": 321606,
    "id": 22101,
    "source": "OA",
    "source_id": "95277bd1564f8415",
    "housenumber": 18.03,
    "lat": 52.5062886,
    "lon": 13.2547364,
    "parity": "L",
    "proj_lat": 52.50627312369315,
    "proj_lon": 13.254489148051842,
    "marker-color": "#3366ff",
    "marker-symbol": "e"
  },
  {
    "rowid": 354128,
    "id": 22101,
    "source": "OA",
    "source_id": "97c0cb493e12ab98",
    "housenumber": 19,
    "lat": 52.5064981,
    "lon": 13.2546153,
    "parity": "L",
    "proj_lat": 52.50648793220915,
    "proj_lon": 13.254452856202107,
    "marker-color": "#3366ff",
    "marker-symbol": "o"
  },
  {
    "rowid": 354128,
    "id": 22101,
    "source": "OA",
    "source_id": "97c0cb493e12ab98",
    "housenumber": 19,
    "lat": 52.5064981,
    "lon": 13.2546153,
    "parity": "L",
    "proj_lat": 52.50648793220915,
    "proj_lon": 13.254452856202107,
    "marker-color": "#3366ff",
    "marker-symbol": "o"
  },
  {
    "rowid": 321607,
    "id": 22101,
    "source": "OA",
    "source_id": "3158640df8ff13f7",
    "housenumber": 20,
    "lat": 52.5069625,
    "lon": 13.2546469,
    "parity": "L",
    "proj_lat": 52.50694922564592,
    "proj_lon": 13.25438281360583,
    "marker-color": "#3366ff",
    "marker-symbol": "e"
  },
  {
    "rowid": 321607,
    "id": 22101,
    "source": "OA",
    "source_id": "3158640df8ff13f7",
    "housenumber": 20,
    "lat": 52.5069625,
    "lon": 13.2546469,
    "parity": "L",
    "proj_lat": 52.50694922564592,
    "proj_lon": 13.25438281360583,
    "marker-color": "#3366ff",
    "marker-symbol": "e"
  },
  {
    "rowid": 321608,
    "id": 22101,
    "source": "OA",
    "source_id": "8d91944c236da448",
    "housenumber": 21,
    "lat": 52.5072002,
    "lon": 13.2546245,
    "parity": "L",
    "proj_lat": 52.507186433997745,
    "proj_lon": 13.254350629558095,
    "marker-color": "#3366ff",
    "marker-symbol": "o"
  },
  {
    "rowid": 321608,
    "id": 22101,
    "source": "OA",
    "source_id": "8d91944c236da448",
    "housenumber": 21,
    "lat": 52.5072002,
    "lon": 13.2546245,
    "parity": "L",
    "proj_lat": 52.507186433997745,
    "proj_lon": 13.254350629558095,
    "marker-color": "#3366ff",
    "marker-symbol": "o"
  },
  {
    "rowid": 321609,
    "id": 22101,
    "source": "OA",
    "source_id": "8d95549225894747",
    "housenumber": 22.03,
    "lat": 52.5075607,
    "lon": 13.2546092,
    "parity": "L",
    "proj_lat": 52.50754525619492,
    "proj_lon": 13.254301945139382,
    "marker-color": "#3366ff",
    "marker-symbol": "e"
  },
  {
    "rowid": 321609,
    "id": 22101,
    "source": "OA",
    "source_id": "8d95549225894747",
    "housenumber": 22.03,
    "lat": 52.5075607,
    "lon": 13.2546092,
    "parity": "L",
    "proj_lat": 52.50754525619492,
    "proj_lon": 13.254301945139382,
    "marker-color": "#3366ff",
    "marker-symbol": "e"
  },
  {
    "rowid": 321610,
    "id": 22101,
    "source": "OA",
    "source_id": "a72b92798c3509de",
    "housenumber": 22.06,
    "lat": 52.5075712,
    "lon": 13.2547346,
    "parity": "L",
    "proj_lat": 52.50754942469349,
    "proj_lon": 13.2543013795642,
    "marker-color": "#3366ff",
    "marker-symbol": "e"
  },
  {
    "rowid": 321610,
    "id": 22101,
    "source": "OA",
    "source_id": "a72b92798c3509de",
    "housenumber": 22.06,
    "lat": 52.5075712,
    "lon": 13.2547346,
    "parity": "L",
    "proj_lat": 52.50754942469349,
    "proj_lon": 13.2543013795642,
    "marker-color": "#3366ff",
    "marker-symbol": "e"
  },
  {
    "rowid": 321611,
    "id": 22101,
    "source": "OA",
    "source_id": "94f3457d739c3666",
    "housenumber": 22.09,
    "lat": 52.5075793,
    "lon": 13.2548572,
    "parity": "L",
    "proj_lat": 52.50755134923674,
    "proj_lon": 13.254301118445266,
    "marker-color": "#3366ff",
    "marker-symbol": "e"
  },
  {
    "rowid": 321611,
    "id": 22101,
    "source": "OA",
    "source_id": "94f3457d739c3666",
    "housenumber": 22.09,
    "lat": 52.5075793,
    "lon": 13.2548572,
    "parity": "L",
    "proj_lat": 52.50755134923674,
    "proj_lon": 13.254301118445266,
    "marker-color": "#3366ff",
    "marker-symbol": "e"
  },
  {
    "rowid": 321612,
    "id": 22101,
    "source": "OA",
    "source_id": "b0d5f711ec6156eb",
    "housenumber": 22.12,
    "lat": 52.5075876,
    "lon": 13.2549811,
    "parity": "L",
    "proj_lat": 52.507553407529834,
    "proj_lon": 13.254300839179368,
    "marker-color": "#3366ff",
    "marker-symbol": "e"
  },
  {
    "rowid": 321612,
    "id": 22101,
    "source": "OA",
    "source_id": "b0d5f711ec6156eb",
    "housenumber": 22.12,
    "lat": 52.5075876,
    "lon": 13.2549811,
    "parity": "L",
    "proj_lat": 52.507553407529834,
    "proj_lon": 13.254300839179368,
    "marker-color": "#3366ff",
    "marker-symbol": "e"
  },
  {
    "rowid": 321613,
    "id": 22101,
    "source": "OA",
    "source_id": "b51707af9fa7f9a2",
    "housenumber": 22.15,
    "lat": 52.5075963,
    "lon": 13.2550943,
    "parity": "L",
    "proj_lat": 52.50755639729807,
    "proj_lon": 13.254300433532423,
    "marker-color": "#3366ff",
    "marker-symbol": "e"
  },
  {
    "rowid": 321613,
    "id": 22101,
    "source": "OA",
    "source_id": "b51707af9fa7f9a2",
    "housenumber": 22.15,
    "lat": 52.5075963,
    "lon": 13.2550943,
    "parity": "L",
    "proj_lat": 52.50755639729807,
    "proj_lon": 13.254300433532423,
    "marker-color": "#3366ff",
    "marker-symbol": "e"
  },
  {
    "rowid": 321614,
    "id": 22101,
    "source": "OA",
    "source_id": "acccee99cc1c51ef",
    "housenumber": 22.18,
    "lat": 52.5076054,
    "lon": 13.2552226,
    "parity": "L",
    "proj_lat": 52.507559030520945,
    "proj_lon": 13.254300076260977,
    "marker-color": "#3366ff",
    "marker-symbol": "e"
  },
  {
    "rowid": 321614,
    "id": 22101,
    "source": "OA",
    "source_id": "acccee99cc1c51ef",
    "housenumber": 22.18,
    "lat": 52.5076054,
    "lon": 13.2552226,
    "parity": "L",
    "proj_lat": 52.507559030520945,
    "proj_lon": 13.254300076260977,
    "marker-color": "#3366ff",
    "marker-symbol": "e"
  },
  {
    "rowid": 321615,
    "id": 22101,
    "source": "OA",
    "source_id": "6e055b6402adc8e4",
    "housenumber": 22.21,
    "lat": 52.5077582,
    "lon": 13.2546172,
    "parity": "L",
    "proj_lat": 52.50774101919084,
    "proj_lon": 13.25427538433089,
    "marker-color": "#3366ff",
    "marker-symbol": "e"
  },
  {
    "rowid": 321615,
    "id": 22101,
    "source": "OA",
    "source_id": "6e055b6402adc8e4",
    "housenumber": 22.21,
    "lat": 52.5077582,
    "lon": 13.2546172,
    "parity": "L",
    "proj_lat": 52.50774101919084,
    "proj_lon": 13.25427538433089,
    "marker-color": "#3366ff",
    "marker-symbol": "e"
  },
  {
    "rowid": 321616,
    "id": 22101,
    "source": "OA",
    "source_id": "0dd95476471881a0",
    "housenumber": 22.24,
    "lat": 52.5079648,
    "lon": 13.2545541,
    "parity": "L",
    "proj_lat": 52.50794937007395,
    "proj_lon": 13.254247115618107,
    "marker-color": "#3366ff",
    "marker-symbol": "e"
  },
  {
    "rowid": 321616,
    "id": 22101,
    "source": "OA",
    "source_id": "0dd95476471881a0",
    "housenumber": 22.24,
    "lat": 52.5079648,
    "lon": 13.2545541,
    "parity": "L",
    "proj_lat": 52.50794937007395,
    "proj_lon": 13.254247115618107,
    "marker-color": "#3366ff",
    "marker-symbol": "e"
  },
  {
    "rowid": 321617,
    "id": 22101,
    "source": "OA",
    "source_id": "e173cb61d9336c8a",
    "housenumber": 22.27,
    "lat": 52.5079778,
    "lon": 13.2546695,
    "parity": "L",
    "proj_lat": 52.50795652098133,
    "proj_lon": 13.254246145394491,
    "marker-color": "#3366ff",
    "marker-symbol": "e"
  },
  {
    "rowid": 321617,
    "id": 22101,
    "source": "OA",
    "source_id": "e173cb61d9336c8a",
    "housenumber": 22.27,
    "lat": 52.5079778,
    "lon": 13.2546695,
    "parity": "L",
    "proj_lat": 52.50795652098133,
    "proj_lon": 13.254246145394491,
    "marker-color": "#3366ff",
    "marker-symbol": "e"
  },
  {
    "rowid": 321618,
    "id": 22101,
    "source": "OA",
    "source_id": "5eb5dc3bc65f1a3c",
    "housenumber": 22.33,
    "lat": 52.50798,
    "lon": 13.2547847,
    "parity": "L",
    "proj_lat": 52.50795295501949,
    "proj_lon": 13.25424662921846,
    "marker-color": "#3366ff",
    "marker-symbol": "e"
  },
  {
    "rowid": 321618,
    "id": 22101,
    "source": "OA",
    "source_id": "5eb5dc3bc65f1a3c",
    "housenumber": 22.33,
    "lat": 52.50798,
    "lon": 13.2547847,
    "parity": "L",
    "proj_lat": 52.50795295501949,
    "proj_lon": 13.25424662921846,
    "marker-color": "#3366ff",
    "marker-symbol": "e"
  },
  {
    "rowid": 321619,
    "id": 22101,
    "source": "OA",
    "source_id": "7453802cd8f1c17c",
    "housenumber": 22.36,
    "lat": 52.5079906,
    "lon": 13.2549184,
    "parity": "L",
    "proj_lat": 52.50795680861048,
    "proj_lon": 13.254246106369433,
    "marker-color": "#3366ff",
    "marker-symbol": "e"
  },
  {
    "rowid": 321619,
    "id": 22101,
    "source": "OA",
    "source_id": "7453802cd8f1c17c",
    "housenumber": 22.36,
    "lat": 52.5079906,
    "lon": 13.2549184,
    "parity": "L",
    "proj_lat": 52.50795680861048,
    "proj_lon": 13.254246106369433,
    "marker-color": "#3366ff",
    "marker-symbol": "e"
  },
  {
    "rowid": 321620,
    "id": 22101,
    "source": "OA",
    "source_id": "ca019aa7ffef9481",
    "housenumber": 22.39,
    "lat": 52.5079944,
    "lon": 13.2550348,
    "parity": "L",
    "proj_lat": 52.507954771911784,
    "proj_lon": 13.254246382705436,
    "marker-color": "#3366ff",
    "marker-symbol": "e"
  },
  {
    "rowid": 321620,
    "id": 22101,
    "source": "OA",
    "source_id": "ca019aa7ffef9481",
    "housenumber": 22.39,
    "lat": 52.5079944,
    "lon": 13.2550348,
    "parity": "L",
    "proj_lat": 52.507954771911784,
    "proj_lon": 13.254246382705436,
    "marker-color": "#3366ff",
    "marker-symbol": "e"
  },
  {
    "rowid": 321621,
    "id": 22101,
    "source": "OA",
    "source_id": "8ec9429e6168c805",
    "housenumber": 22.42,
    "lat": 52.5080038,
    "lon": 13.2551664,
    "parity": "L",
    "proj_lat": 52.50795753847571,
    "proj_lon": 13.254246007342491,
    "marker-color": "#3366ff",
    "marker-symbol": "e"
  },
  {
    "rowid": 321621,
    "id": 22101,
    "source": "OA",
    "source_id": "8ec9429e6168c805",
    "housenumber": 22.42,
    "lat": 52.5080038,
    "lon": 13.2551664,
    "parity": "L",
    "proj_lat": 52.50795753847571,
    "proj_lon": 13.254246007342491,
    "marker-color": "#3366ff",
    "marker-symbol": "e"
  },
  {
    "rowid": 321622,
    "id": 22101,
    "source": "OA",
    "source_id": "2d6099a8b6d24056",
    "housenumber": 22.54,
    "lat": 52.5077715,
    "lon": 13.2551948,
    "parity": "L",
    "proj_lat": 52.507725393654084,
    "proj_lon": 13.25427750437859,
    "marker-color": "#3366ff",
    "marker-symbol": "e"
  },
  {
    "rowid": 321622,
    "id": 22101,
    "source": "OA",
    "source_id": "2d6099a8b6d24056",
    "housenumber": 22.54,
    "lat": 52.5077715,
    "lon": 13.2551948,
    "parity": "L",
    "proj_lat": 52.507725393654084,
    "proj_lon": 13.25427750437859,
    "marker-color": "#3366ff",
    "marker-symbol": "e"
  },
  {
    "rowid": 354129,
    "id": 22102,
    "source": "OA",
    "source_id": "0ee012bfcf7e0b54",
    "housenumber": 23,
    "lat": 52.5089003,
    "lon": 13.2542282,
    "parity": "L",
    "proj_lat": 52.50889130220595,
    "proj_lon": 13.254078191714278,
    "marker-color": "#3366ff",
    "marker-symbol": "o"
  },
  {
    "rowid": 354129,
    "id": 22102,
    "source": "OA",
    "source_id": "0ee012bfcf7e0b54",
    "housenumber": 23,
    "lat": 52.5089003,
    "lon": 13.2542282,
    "parity": "L",
    "proj_lat": 52.50889130220595,
    "proj_lon": 13.254078191714278,
    "marker-color": "#3366ff",
    "marker-symbol": "o"
  },
  {
    "rowid": 321623,
    "id": 22102,
    "source": "OA",
    "source_id": "74c4721a7bcb617b",
    "housenumber": 24,
    "lat": 52.5090497,
    "lon": 13.2543065,
    "parity": "L",
    "proj_lat": 52.509034613830366,
    "proj_lon": 13.254054986593632,
    "marker-color": "#3366ff",
    "marker-symbol": "e"
  },
  {
    "rowid": 321623,
    "id": 22102,
    "source": "OA",
    "source_id": "74c4721a7bcb617b",
    "housenumber": 24,
    "lat": 52.5090497,
    "lon": 13.2543065,
    "parity": "L",
    "proj_lat": 52.509034613830366,
    "proj_lon": 13.254054986593632,
    "marker-color": "#3366ff",
    "marker-symbol": "e"
  },
  {
    "rowid": 321624,
    "id": 22102,
    "source": "OA",
    "source_id": "5a40f56e1e015b13",
    "housenumber": 25,
    "lat": 52.5093289,
    "lon": 13.2542801,
    "parity": "L",
    "proj_lat": 52.509312696736515,
    "proj_lon": 13.254009959210725,
    "marker-color": "#3366ff",
    "marker-symbol": "o"
  },
  {
    "rowid": 321624,
    "id": 22102,
    "source": "OA",
    "source_id": "5a40f56e1e015b13",
    "housenumber": 25,
    "lat": 52.5093289,
    "lon": 13.2542801,
    "parity": "L",
    "proj_lat": 52.509312696736515,
    "proj_lon": 13.254009959210725,
    "marker-color": "#3366ff",
    "marker-symbol": "o"
  },
  {
    "rowid": 321625,
    "id": 22102,
    "source": "OA",
    "source_id": "2fb5142304e5d7d5",
    "housenumber": 25.03,
    "lat": 52.5094205,
    "lon": 13.2542632,
    "parity": "L",
    "proj_lat": 52.50940441965382,
    "proj_lon": 13.253995107370402,
    "marker-color": "#3366ff",
    "marker-symbol": "o"
  },
  {
    "rowid": 321625,
    "id": 22102,
    "source": "OA",
    "source_id": "2fb5142304e5d7d5",
    "housenumber": 25.03,
    "lat": 52.5094205,
    "lon": 13.2542632,
    "parity": "L",
    "proj_lat": 52.50940441965382,
    "proj_lon": 13.253995107370402,
    "marker-color": "#3366ff",
    "marker-symbol": "o"
  },
  {
    "rowid": 321626,
    "id": 22102,
    "source": "OA",
    "source_id": "453536ff5a155cf7",
    "housenumber": 26,
    "lat": 52.5095843,
    "lon": 13.254224,
    "parity": "L",
    "proj_lat": 52.509568972849735,
    "proj_lon": 13.253968462799318,
    "marker-color": "#3366ff",
    "marker-symbol": "e"
  },
  {
    "rowid": 321626,
    "id": 22102,
    "source": "OA",
    "source_id": "453536ff5a155cf7",
    "housenumber": 26,
    "lat": 52.5095843,
    "lon": 13.254224,
    "parity": "L",
    "proj_lat": 52.509568972849735,
    "proj_lon": 13.253968462799318,
    "marker-color": "#3366ff",
    "marker-symbol": "e"
  },
  {
    "rowid": 321627,
    "id": 22102,
    "source": "OA",
    "source_id": "d1132ec7c342a362",
    "housenumber": 27,
    "lat": 52.5099461,
    "lon": 13.254324,
    "parity": "L",
    "proj_lat": 52.50992135292255,
    "proj_lon": 13.253911405166088,
    "marker-color": "#3366ff",
    "marker-symbol": "o"
  },
  {
    "rowid": 321627,
    "id": 22102,
    "source": "OA",
    "source_id": "d1132ec7c342a362",
    "housenumber": 27,
    "lat": 52.5099461,
    "lon": 13.254324,
    "parity": "L",
    "proj_lat": 52.50992135292255,
    "proj_lon": 13.253911405166088,
    "marker-color": "#3366ff",
    "marker-symbol": "o"
  },
  {
    "rowid": 354130,
    "id": 22102,
    "source": "OA",
    "source_id": "2a8a0f0127b50f04",
    "housenumber": 27.03,
    "lat": 52.5103777,
    "lon": 13.2539812,
    "parity": "L",
    "proj_lat": 52.51036704934437,
    "proj_lon": 13.253834996962274,
    "marker-color": "#3366ff",
    "marker-symbol": "o"
  },
  {
    "rowid": 354130,
    "id": 22102,
    "source": "OA",
    "source_id": "2a8a0f0127b50f04",
    "housenumber": 27.03,
    "lat": 52.5103777,
    "lon": 13.2539812,
    "parity": "L",
    "proj_lat": 52.51036704934437,
    "proj_lon": 13.253834996962274,
    "marker-color": "#3366ff",
    "marker-symbol": "o"
  },
  {
    "rowid": 321628,
    "id": 22102,
    "source": "OA",
    "source_id": "54bcd9ac52c26eb1",
    "housenumber": 28,
    "lat": 52.5106051,
    "lon": 13.2540443,
    "parity": "L",
    "proj_lat": 52.51057039195833,
    "proj_lon": 13.253790620988365,
    "marker-color": "#3366ff",
    "marker-symbol": "e"
  },
  {
    "rowid": 321628,
    "id": 22102,
    "source": "OA",
    "source_id": "54bcd9ac52c26eb1",
    "housenumber": 28,
    "lat": 52.5106051,
    "lon": 13.2540443,
    "parity": "L",
    "proj_lat": 52.51057039195833,
    "proj_lon": 13.253790620988365,
    "marker-color": "#3366ff",
    "marker-symbol": "e"
  },
  {
    "rowid": 321629,
    "id": 22102,
    "source": "OA",
    "source_id": "c8ddcbb852853e6a",
    "housenumber": 29,
    "lat": 52.5107777,
    "lon": 13.2539556,
    "parity": "L",
    "proj_lat": 52.510732,
    "proj_lon": 13.253723,
    "marker-color": "#3366ff",
    "marker-symbol": "o"
  },
  {
    "rowid": 321629,
    "id": 22102,
    "source": "OA",
    "source_id": "c8ddcbb852853e6a",
    "housenumber": 29,
    "lat": 52.5107777,
    "lon": 13.2539556,
    "parity": "L",
    "proj_lat": 52.510732,
    "proj_lon": 13.253723,
    "marker-color": "#3366ff",
    "marker-symbol": "o"
  },
  {
    "rowid": 355631,
    "id": 22102,
    "source": "OA",
    "source_id": "8228c52bcef95606",
    "housenumber": 30,
    "lat": 52.5109097,
    "lon": 13.2543755,
    "parity": "L",
    "proj_lat": 52.51074757699936,
    "proj_lon": 13.253712713302312,
    "marker-color": "#3366ff",
    "marker-symbol": "e"
  },
  {
    "rowid": 355631,
    "id": 22102,
    "source": "OA",
    "source_id": "8228c52bcef95606",
    "housenumber": 30,
    "lat": 52.5109097,
    "lon": 13.2543755,
    "parity": "L",
    "proj_lat": 52.51074757699936,
    "proj_lon": 13.253712713302312,
    "marker-color": "#3366ff",
    "marker-symbol": "e"
  },
  {
    "rowid": 321630,
    "id": 22102,
    "source": "OA",
    "source_id": "089d6a1c5ba1e08a",
    "housenumber": 31,
    "lat": 52.5109758,
    "lon": 13.2538999,
    "parity": "L",
    "proj_lat": 52.510874005021634,
    "proj_lon": 13.25361791036027,
    "marker-color": "#3366ff",
    "marker-symbol": "o"
  },
  {
    "rowid": 321630,
    "id": 22102,
    "source": "OA",
    "source_id": "089d6a1c5ba1e08a",
    "housenumber": 31,
    "lat": 52.5109758,
    "lon": 13.2538999,
    "parity": "L",
    "proj_lat": 52.510874005021634,
    "proj_lon": 13.25361791036027,
    "marker-color": "#3366ff",
    "marker-symbol": "o"
  },
  {
    "rowid": 321631,
    "id": 22102,
    "source": "OA",
    "source_id": "6c0b9cc8eb1b0cc2",
    "housenumber": 32,
    "lat": 52.5111215,
    "lon": 13.2536888,
    "parity": "L",
    "proj_lat": 52.51103600801872,
    "proj_lon": 13.253457991981277,
    "marker-color": "#3366ff",
    "marker-symbol": "e"
  },
  {
    "rowid": 321631,
    "id": 22102,
    "source": "OA",
    "source_id": "6c0b9cc8eb1b0cc2",
    "housenumber": 32,
    "lat": 52.5111215,
    "lon": 13.2536888,
    "parity": "L",
    "proj_lat": 52.51103600801872,
    "proj_lon": 13.253457991981277,
    "marker-color": "#3366ff",
    "marker-symbol": "e"
  },
  {
    "rowid": 321632,
    "id": 22102,
    "source": "OA",
    "source_id": "2051c2fe0fdc1f28",
    "housenumber": 33,
    "lat": 52.5115128,
    "lon": 13.2534478,
    "parity": "L",
    "proj_lat": 52.51149067723673,
    "proj_lon": 13.253183888835899,
    "marker-color": "#3366ff",
    "marker-symbol": "o"
  },
  {
    "rowid": 321632,
    "id": 22102,
    "source": "OA",
    "source_id": "2051c2fe0fdc1f28",
    "housenumber": 33,
    "lat": 52.5115128,
    "lon": 13.2534478,
    "parity": "L",
    "proj_lat": 52.51149067723673,
    "proj_lon": 13.253183888835899,
    "marker-color": "#3366ff",
    "marker-symbol": "o"
  },
  {
    "rowid": 321633,
    "id": 22102,
    "source": "OA",
    "source_id": "34d379be386f614e",
    "housenumber": 33.03,
    "lat": 52.5114614,
    "lon": 13.2534732,
    "parity": "L",
    "proj_lat": 52.51141823193225,
    "proj_lon": 13.253206116975019,
    "marker-color": "#3366ff",
    "marker-symbol": "o"
  },
  {
    "rowid": 321633,
    "id": 22102,
    "source": "OA",
    "source_id": "34d379be386f614e",
    "housenumber": 33.03,
    "lat": 52.5114614,
    "lon": 13.2534732,
    "parity": "L",
    "proj_lat": 52.51141823193225,
    "proj_lon": 13.253206116975019,
    "marker-color": "#3366ff",
    "marker-symbol": "o"
  },
  {
    "rowid": 321634,
    "id": 22102,
    "source": "OA",
    "source_id": "edfa26a25bda3925",
    "housenumber": 33.06,
    "lat": 52.5114149,
    "lon": 13.253486,
    "parity": "L",
    "proj_lat": 52.511372862823094,
    "proj_lon": 13.253225914404467,
    "marker-color": "#3366ff",
    "marker-symbol": "o"
  },
  {
    "rowid": 321634,
    "id": 22102,
    "source": "OA",
    "source_id": "edfa26a25bda3925",
    "housenumber": 33.06,
    "lat": 52.5114149,
    "lon": 13.253486,
    "parity": "L",
    "proj_lat": 52.511372862823094,
    "proj_lon": 13.253225914404467,
    "marker-color": "#3366ff",
    "marker-symbol": "o"
  },
  {
    "rowid": 321635,
    "id": 22102,
    "source": "OA",
    "source_id": "ecc8c60eec6c8aef",
    "housenumber": 33.09,
    "lat": 52.5113727,
    "lon": 13.2534936,
    "parity": "L",
    "proj_lat": 52.51132389283939,
    "proj_lon": 13.253248509226133,
    "marker-color": "#3366ff",
    "marker-symbol": "o"
  },
  {
    "rowid": 321635,
    "id": 22102,
    "source": "OA",
    "source_id": "ecc8c60eec6c8aef",
    "housenumber": 33.09,
    "lat": 52.5113727,
    "lon": 13.2534936,
    "parity": "L",
    "proj_lat": 52.51132389283939,
    "proj_lon": 13.253248509226133,
    "marker-color": "#3366ff",
    "marker-symbol": "o"
  },
  {
    "rowid": 321636,
    "id": 22102,
    "source": "OA",
    "source_id": "cee349270c846a5c",
    "housenumber": 33.12,
    "lat": 52.5113255,
    "lon": 13.2535186,
    "parity": "L",
    "proj_lat": 52.511276760441746,
    "proj_lon": 13.25327384922487,
    "marker-color": "#3366ff",
    "marker-symbol": "o"
  },
  {
    "rowid": 321636,
    "id": 22102,
    "source": "OA",
    "source_id": "cee349270c846a5c",
    "housenumber": 33.12,
    "lat": 52.5113255,
    "lon": 13.2535186,
    "parity": "L",
    "proj_lat": 52.511276760441746,
    "proj_lon": 13.25327384922487,
    "marker-color": "#3366ff",
    "marker-symbol": "o"
  },
  {
    "rowid": 321637,
    "id": 22102,
    "source": "OA",
    "source_id": "a331dacaf331d5df",
    "housenumber": 33.15,
    "lat": 52.511281,
    "lon": 13.2536229,
    "parity": "L",
    "proj_lat": 52.51119540615445,
    "proj_lon": 13.253329483235875,
    "marker-color": "#3366ff",
    "marker-symbol": "o"
  },
  {
    "rowid": 321637,
    "id": 22102,
    "source": "OA",
    "source_id": "a331dacaf331d5df",
    "housenumber": 33.15,
    "lat": 52.511281,
    "lon": 13.2536229,
    "parity": "L",
    "proj_lat": 52.51119540615445,
    "proj_lon": 13.253329483235875,
    "marker-color": "#3366ff",
    "marker-symbol": "o"
  },
  {
    "rowid": 321638,
    "id": 22102,
    "source": "OA",
    "source_id": "7270e4b01dd433c6",
    "housenumber": 33.18,
    "lat": 52.5113059,
    "lon": 13.2537432,
    "parity": "L",
    "proj_lat": 52.51118711736543,
    "proj_lon": 13.253336011194062,
    "marker-color": "#3366ff",
    "marker-symbol": "o"
  },
  {
    "rowid": 321638,
    "id": 22102,
    "source": "OA",
    "source_id": "7270e4b01dd433c6",
    "housenumber": 33.18,
    "lat": 52.5113059,
    "lon": 13.2537432,
    "parity": "L",
    "proj_lat": 52.51118711736543,
    "proj_lon": 13.253336011194062,
    "marker-color": "#3366ff",
    "marker-symbol": "o"
  },
  {
    "rowid": 321639,
    "id": 22102,
    "source": "OA",
    "source_id": "c2c015c6a464b85b",
    "housenumber": 33.21,
    "lat": 52.5113255,
    "lon": 13.2538095,
    "parity": "L",
    "proj_lat": 52.51118732837827,
    "proj_lon": 13.253335845007788,
    "marker-color": "#3366ff",
    "marker-symbol": "o"
  },
  {
    "rowid": 321639,
    "id": 22102,
    "source": "OA",
    "source_id": "c2c015c6a464b85b",
    "housenumber": 33.21,
    "lat": 52.5113255,
    "lon": 13.2538095,
    "parity": "L",
    "proj_lat": 52.51118732837827,
    "proj_lon": 13.253335845007788,
    "marker-color": "#3366ff",
    "marker-symbol": "o"
  },
  {
    "rowid": 321640,
    "id": 22102,
    "source": "OA",
    "source_id": "fbc734d76fa43293",
    "housenumber": 33.24,
    "lat": 52.5113486,
    "lon": 13.2538869,
    "parity": "L",
    "proj_lat": 52.51118775247763,
    "proj_lon": 13.253335511002074,
    "marker-color": "#3366ff",
    "marker-symbol": "o"
  },
  {
    "rowid": 321640,
    "id": 22102,
    "source": "OA",
    "source_id": "fbc734d76fa43293",
    "housenumber": 33.24,
    "lat": 52.5113486,
    "lon": 13.2538869,
    "parity": "L",
    "proj_lat": 52.51118775247763,
    "proj_lon": 13.253335511002074,
    "marker-color": "#3366ff",
    "marker-symbol": "o"
  }
]
