[
  {
    "rowid": 139242,
    "id": 3437,
    "source": "OA",
    "source_id": "090524948b07d682",
    "housenumber": 2,
    "lat": 52.5572352,
    "lon": 13.5549496,
    "parity": "R",
    "proj_lat": 52.55748556423525,
    "proj_lon": 13.555163806266343,
    "marker-color": "#ff0000",
    "marker-symbol": "e"
  },
  {
    "rowid": 174951,
    "id": 3438,
    "source": "OA",
    "source_id": "6906f3aa339f9d8f",
    "housenumber": 3,
    "lat": 52.5577534,
    "lon": 13.5567627,
    "parity": "R",
    "proj_lat": 52.557473,
    "proj_lon": 13.557159,
    "marker-color": "#ff0000",
    "marker-symbol": "o"
  },
  {
    "rowid": 139244,
    "id": 3438,
    "source": "OA",
    "source_id": "cae9add69e5400b0",
    "housenumber": 5,
    "lat": 52.5575251,
    "lon": 13.5576017,
    "parity": "R",
    "proj_lat": 52.55737233302795,
    "proj_lon": 13.557466311883504,
    "marker-color": "#ff0000",
    "marker-symbol": "o"
  },
  {
    "rowid": 139246,
    "id": 3438,
    "source": "OA",
    "source_id": "825fd3997726be03",
    "housenumber": 7,
    "lat": 52.5574196,
    "lon": 13.5579224,
    "parity": "R",
    "proj_lat": 52.5572671796384,
    "proj_lon": 13.557787319712997,
    "marker-color": "#ff0000",
    "marker-symbol": "o"
  },
  {
    "rowid": 139248,
    "id": 3438,
    "source": "OA",
    "source_id": "fb4817b4536bfe87",
    "housenumber": 9,
    "lat": 52.5573288,
    "lon": 13.5582418,
    "parity": "R",
    "proj_lat": 52.55716566365312,
    "proj_lon": 13.558097223428254,
    "marker-color": "#ff0000",
    "marker-symbol": "o"
  },
  {
    "rowid": 139250,
    "id": 3438,
    "source": "OA",
    "source_id": "b2dc6a800b864fb6",
    "housenumber": 11,
    "lat": 52.5572265,
    "lon": 13.5585597,
    "parity": "R",
    "proj_lat": 52.557061941065406,
    "proj_lon": 13.558413863366287,
    "marker-color": "#ff0000",
    "marker-symbol": "o"
  },
  {
    "rowid": 139252,
    "id": 3438,
    "source": "OA",
    "source_id": "5eebb5152df4bdf7",
    "housenumber": 13,
    "lat": 52.5570357,
    "lon": 13.5589024,
    "parity": "R",
    "proj_lat": 52.5568796113829,
    "proj_lon": 13.558760605444373,
    "marker-color": "#ff0000",
    "marker-symbol": "o"
  },
  {
    "rowid": 139253,
    "id": 3437,
    "source": "OA",
    "source_id": "650f2b3618e487b8",
    "housenumber": 14,
    "lat": 52.556277,
    "lon": 13.557131,
    "parity": "R",
    "proj_lat": 52.556743513139295,
    "proj_lon": 13.557523451137945,
    "marker-color": "#ff0000",
    "marker-symbol": "e"
  },
  {
    "rowid": 139254,
    "id": 3438,
    "source": "OA",
    "source_id": "c6257f0efda819b1",
    "housenumber": 15,
    "lat": 52.5569369,
    "lon": 13.5592105,
    "parity": "R",
    "proj_lat": 52.55677724519675,
    "proj_lon": 13.559065466490557,
    "marker-color": "#ff0000",
    "marker-symbol": "o"
  },
  {
    "rowid": 139255,
    "id": 3437,
    "source": "OA",
    "source_id": "4ef121cf36ceda2e",
    "housenumber": 16,
    "lat": 52.5561818,
    "lon": 13.5574287,
    "parity": "R",
    "proj_lat": 52.55665039627384,
    "proj_lon": 13.557822901850638,
    "marker-color": "#ff0000",
    "marker-symbol": "e"
  },
  {
    "rowid": 139256,
    "id": 3438,
    "source": "OA",
    "source_id": "b79626ca0041383d",
    "housenumber": 17,
    "lat": 52.556836,
    "lon": 13.5595269,
    "parity": "R",
    "proj_lat": 52.55667225259483,
    "proj_lon": 13.559378149376045,
    "marker-color": "#ff0000",
    "marker-symbol": "o"
  },
  {
    "rowid": 139257,
    "id": 3437,
    "source": "OA",
    "source_id": "af7f303091cc72b7",
    "housenumber": 18,
    "lat": 52.5560991,
    "lon": 13.5584777,
    "parity": "R",
    "proj_lat": 52.55639189310179,
    "proj_lon": 13.558693725293447,
    "marker-color": "#ff0000",
    "marker-symbol": "e"
  },
  {
    "rowid": 139258,
    "id": 3437,
    "source": "OA",
    "source_id": "0a307f27b7368506",
    "housenumber": 18.03,
    "lat": 52.5560174,
    "lon": 13.5586682,
    "parity": "R",
    "proj_lat": 52.556334955991915,
    "proj_lon": 13.558902494696298,
    "marker-color": "#ff0000",
    "marker-symbol": "e"
  },
  {
    "rowid": 139259,
    "id": 3437,
    "source": "OA",
    "source_id": "17117f47fc4dfb63",
    "housenumber": 18.06,
    "lat": 52.5559385,
    "lon": 13.5588876,
    "parity": "R",
    "proj_lat": 52.55627192642432,
    "proj_lon": 13.5591336031108,
    "marker-color": "#ff0000",
    "marker-symbol": "e"
  },
  {
    "rowid": 139260,
    "id": 3437,
    "source": "OA",
    "source_id": "dd2b425576fa421f",
    "housenumber": 18.09,
    "lat": 52.5558579,
    "lon": 13.5591994,
    "parity": "R",
    "proj_lat": 52.556217884812945,
    "proj_lon": 13.559383699567949,
    "marker-color": "#ff0000",
    "marker-symbol": "e"
  },
  {
    "rowid": 139261,
    "id": 3437,
    "source": "OA",
    "source_id": "58ab20c6ab54f6fb",
    "housenumber": 18.12,
    "lat": 52.5558203,
    "lon": 13.5594235,
    "parity": "R",
    "proj_lat": 52.55617589943936,
    "proj_lon": 13.559605554098825,
    "marker-color": "#ff0000",
    "marker-symbol": "e"
  },
  {
    "rowid": 139262,
    "id": 3438,
    "source": "OA",
    "source_id": "c375aeb1f81d7942",
    "housenumber": 19,
    "lat": 52.5568819,
    "lon": 13.5599073,
    "parity": "R",
    "proj_lat": 52.55657956877121,
    "proj_lon": 13.55988964693362,
    "marker-color": "#ff0000",
    "marker-symbol": "o"
  },
  {
    "rowid": 139263,
    "id": 3437,
    "source": "OA",
    "source_id": "43acd83527155e33",
    "housenumber": 20,
    "lat": 52.5557606,
    "lon": 13.5587335,
    "parity": "R",
    "proj_lat": 52.55627711385581,
    "proj_lon": 13.559114582528691,
    "marker-color": "#ff0000",
    "marker-symbol": "e"
  },
  {
    "rowid": 139264,
    "id": 3438,
    "source": "OA",
    "source_id": "7272db8d6300ecbe",
    "housenumber": 21,
    "lat": 52.5571217,
    "lon": 13.5601202,
    "parity": "R",
    "proj_lat": 52.556576,
    "proj_lon": 13.560055,
    "marker-color": "#ff0000",
    "marker-symbol": "o"
  },
  {
    "rowid": 144803,
    "id": 3441,
    "source": "OA",
    "source_id": "d0e528b51fe9c7ba",
    "housenumber": 22,
    "lat": 52.5553738,
    "lon": 13.5610381,
    "parity": "L",
    "proj_lat": 52.55511004534892,
    "proj_lon": 13.562116236824586,
    "marker-color": "#3366ff",
    "marker-symbol": "e"
  },
  {
    "rowid": 139265,
    "id": 3441,
    "source": "OA",
    "source_id": "daeef0f6088b6acf",
    "housenumber": 24,
    "lat": 52.5550083,
    "lon": 13.5618858,
    "parity": "L",
    "proj_lat": 52.555084,
    "proj_lon": 13.562099,
    "marker-color": "#3366ff",
    "marker-symbol": "e"
  },
  {
    "rowid": 139266,
    "id": 3438,
    "source": "OA",
    "source_id": "a80e8ff031ead653",
    "housenumber": 25,
    "lat": 52.5569007,
    "lon": 13.5610129,
    "parity": "R",
    "proj_lat": 52.55665168161834,
    "proj_lon": 13.561149391840987,
    "marker-color": "#ff0000",
    "marker-symbol": "o"
  },
  {
    "rowid": 139267,
    "id": 3438,
    "source": "OA",
    "source_id": "7cae7a4e68667138",
    "housenumber": 27,
    "lat": 52.5568678,
    "lon": 13.5614235,
    "parity": "R",
    "proj_lat": 52.556706894038435,
    "proj_lon": 13.56148922573285,
    "marker-color": "#ff0000",
    "marker-symbol": "o"
  },
  {
    "rowid": 139268,
    "id": 3441,
    "source": "OA",
    "source_id": "6f9b31dacaf653e7",
    "housenumber": 28,
    "lat": 52.5550068,
    "lon": 13.5628004,
    "parity": "L",
    "proj_lat": 52.55514837055882,
    "proj_lon": 13.562723439209334,
    "marker-color": "#3366ff",
    "marker-symbol": "e"
  },
  {
    "rowid": 139269,
    "id": 3438,
    "source": "OA",
    "source_id": "8407517cea3428c0",
    "housenumber": 29,
    "lat": 52.5569324,
    "lon": 13.5617687,
    "parity": "R",
    "proj_lat": 52.55675973895537,
    "proj_lon": 13.561839227573998,
    "marker-color": "#ff0000",
    "marker-symbol": "o"
  },
  {
    "rowid": 139270,
    "id": 3438,
    "source": "OA",
    "source_id": "270081ffb1dd884a",
    "housenumber": 31,
    "lat": 52.556995,
    "lon": 13.5620995,
    "parity": "R",
    "proj_lat": 52.556805,
    "proj_lon": 13.562139,
    "marker-color": "#ff0000",
    "marker-symbol": "o"
  },
  {
    "rowid": 139271,
    "id": 3441,
    "source": "OA",
    "source_id": "336705807231cdc1",
    "housenumber": 32,
    "lat": 52.5553138,
    "lon": 13.5631567,
    "parity": "L",
    "proj_lat": 52.55534,
    "proj_lon": 13.563009,
    "marker-color": "#3366ff",
    "marker-symbol": "e"
  },
  {
    "rowid": 139272,
    "id": 3438,
    "source": "OA",
    "source_id": "e584a4f00ff8e150",
    "housenumber": 33,
    "lat": 52.5570068,
    "lon": 13.5625606,
    "parity": "R",
    "proj_lat": 52.55684893092505,
    "proj_lon": 13.562608841789755,
    "marker-color": "#ff0000",
    "marker-symbol": "o"
  },
  {
    "rowid": 139273,
    "id": 3441,
    "source": "OA",
    "source_id": "07c753b115481709",
    "housenumber": 34,
    "lat": 52.5556092,
    "lon": 13.5632952,
    "parity": "L",
    "proj_lat": 52.55534,
    "proj_lon": 13.563009,
    "marker-color": "#3366ff",
    "marker-symbol": "e"
  },
  {
    "rowid": 139274,
    "id": 3438,
    "source": "OA",
    "source_id": "cf164eead9d8d421",
    "housenumber": 35,
    "lat": 52.557074,
    "lon": 13.5629034,
    "parity": "R",
    "proj_lat": 52.55688860104353,
    "proj_lon": 13.562960054572022,
    "marker-color": "#ff0000",
    "marker-symbol": "o"
  },
  {
    "rowid": 139275,
    "id": 3441,
    "source": "OA",
    "source_id": "f613528d0678d821",
    "housenumber": 36,
    "lat": 52.5557202,
    "lon": 13.5639864,
    "parity": "L",
    "proj_lat": 52.555909395876476,
    "proj_lon": 13.564025174430538,
    "marker-color": "#3366ff",
    "marker-symbol": "e"
  },
  {
    "rowid": 139276,
    "id": 3437,
    "source": "OA",
    "source_id": "f56f2514981c36da",
    "housenumber": 36.03,
    "lat": 52.5561482,
    "lon": 13.5641621,
    "parity": "R",
    "proj_lat": 52.55629047864305,
    "proj_lon": 13.564205322978145,
    "marker-color": "#ff0000",
    "marker-symbol": "e"
  },
  {
    "rowid": 139277,
    "id": 3437,
    "source": "OA",
    "source_id": "41a6b06de6bf25b3",
    "housenumber": 36.06,
    "lat": 52.5560828,
    "lon": 13.5646699,
    "parity": "R",
    "proj_lat": 52.55623317912838,
    "proj_lon": 13.564715583696886,
    "marker-color": "#ff0000",
    "marker-symbol": "e"
  },
  {
    "rowid": 139278,
    "id": 3437,
    "source": "OA",
    "source_id": "45e2a60875703b19",
    "housenumber": 36.09,
    "lat": 52.5560289,
    "lon": 13.5651508,
    "parity": "R",
    "proj_lat": 52.556179180055736,
    "proj_lon": 13.565196453487424,
    "marker-color": "#ff0000",
    "marker-symbol": "e"
  },
  {
    "rowid": 139279,
    "id": 3437,
    "source": "OA",
    "source_id": "03d196fbd45113c2",
    "housenumber": 36.12,
    "lat": 52.5559743,
    "lon": 13.5656307,
    "parity": "R",
    "proj_lat": 52.556125266481466,
    "proj_lon": 13.565676561902139,
    "marker-color": "#ff0000",
    "marker-symbol": "e"
  },
  {
    "rowid": 139280,
    "id": 3438,
    "source": "OA",
    "source_id": "5977a1b901368b5c",
    "housenumber": 37,
    "lat": 52.5571342,
    "lon": 13.5631617,
    "parity": "R",
    "proj_lat": 52.556888464100545,
    "proj_lon": 13.563140368866359,
    "marker-color": "#ff0000",
    "marker-symbol": "o"
  },
  {
    "rowid": 139281,
    "id": 3441,
    "source": "OA",
    "source_id": "c627bed51ff3b619",
    "housenumber": 38,
    "lat": 52.5552494,
    "lon": 13.5637908,
    "parity": "L",
    "proj_lat": 52.55534,
    "proj_lon": 13.563009,
    "marker-color": "#3366ff",
    "marker-symbol": "e"
  },
  {
    "rowid": 139282,
    "id": 3438,
    "source": "OA",
    "source_id": "90c1a8b4df8ab314",
    "housenumber": 39,
    "lat": 52.557129,
    "lon": 13.5634634,
    "parity": "R",
    "proj_lat": 52.55687883792737,
    "proj_lon": 13.563394121786422,
    "marker-color": "#ff0000",
    "marker-symbol": "o"
  },
  {
    "rowid": 139283,
    "id": 3441,
    "source": "OA",
    "source_id": "1355bf08549d9285",
    "housenumber": 40,
    "lat": 52.5550499,
    "lon": 13.5637081,
    "parity": "L",
    "proj_lat": 52.555312001368634,
    "proj_lon": 13.562981671994532,
    "marker-color": "#3366ff",
    "marker-symbol": "e"
  },
  {
    "rowid": 139284,
    "id": 3438,
    "source": "OA",
    "source_id": "69f817c7e54b3c01",
    "housenumber": 41,
    "lat": 52.5568984,
    "lon": 13.5647794,
    "parity": "R",
    "proj_lat": 52.55673394976762,
    "proj_lon": 13.564729392556556,
    "marker-color": "#ff0000",
    "marker-symbol": "o"
  },
  {
    "rowid": 139285,
    "id": 3441,
    "source": "OA",
    "source_id": "9c45f20cceaef2ca",
    "housenumber": 42,
    "lat": 52.5548953,
    "lon": 13.5637909,
    "parity": "L",
    "proj_lat": 52.555219762145114,
    "proj_lon": 13.562891642093735,
    "marker-color": "#3366ff",
    "marker-symbol": "e"
  },
  {
    "rowid": 139286,
    "id": 3438,
    "source": "OA",
    "source_id": "56b65bcd43f530a5",
    "housenumber": 43,
    "lat": 52.5568517,
    "lon": 13.5651185,
    "parity": "R",
    "proj_lat": 52.556695550935565,
    "proj_lon": 13.565071016948302,
    "marker-color": "#ff0000",
    "marker-symbol": "o"
  },
  {
    "rowid": 139287,
    "id": 3441,
    "source": "OA",
    "source_id": "fa426f27c891619f",
    "housenumber": 44,
    "lat": 52.5547292,
    "lon": 13.5639956,
    "parity": "L",
    "proj_lat": 52.555173,
    "proj_lon": 13.562846,
    "marker-color": "#3366ff",
    "marker-symbol": "e"
  },
  {
    "rowid": 139288,
    "id": 3438,
    "source": "OA",
    "source_id": "612662d5a5b310c9",
    "housenumber": 45,
    "lat": 52.5568203,
    "lon": 13.5654768,
    "parity": "R",
    "proj_lat": 52.55665557100441,
    "proj_lon": 13.565426707966177,
    "marker-color": "#ff0000",
    "marker-symbol": "o"
  },
  {
    "rowid": 139289,
    "id": 3441,
    "source": "OA",
    "source_id": "d1319510e4184e07",
    "housenumber": 46,
    "lat": 52.5546622,
    "lon": 13.564248,
    "parity": "L",
    "proj_lat": 52.555173,
    "proj_lon": 13.562846,
    "marker-color": "#3366ff",
    "marker-symbol": "e"
  },
  {
    "rowid": 139290,
    "id": 3438,
    "source": "OA",
    "source_id": "acb1fb7f8b37db54",
    "housenumber": 47,
    "lat": 52.5567811,
    "lon": 13.565827,
    "parity": "R",
    "proj_lat": 52.55662168068726,
    "proj_lon": 13.565692221800791,
    "marker-color": "#ff0000",
    "marker-symbol": "o"
  },
  {
    "rowid": 139291,
    "id": 3438,
    "source": "OA",
    "source_id": "727ec0275edf1a23",
    "housenumber": 49,
    "lat": 52.5566625,
    "lon": 13.5662455,
    "parity": "R",
    "proj_lat": 52.55650762222833,
    "proj_lon": 13.566197492385871,
    "marker-color": "#ff0000",
    "marker-symbol": "o"
  },
  {
    "rowid": 139292,
    "id": 3441,
    "source": "OA",
    "source_id": "990805fdddfe8153",
    "housenumber": 50,
    "lat": 52.5555729,
    "lon": 13.5654795,
    "parity": "L",
    "proj_lat": 52.55575650700648,
    "proj_lon": 13.565536134497258,
    "marker-color": "#3366ff",
    "marker-symbol": "e"
  },
  {
    "rowid": 139293,
    "id": 3438,
    "source": "OA",
    "source_id": "576b1c0d97c65ad5",
    "housenumber": 51,
    "lat": 52.5566231,
    "lon": 13.5665933,
    "parity": "R",
    "proj_lat": 52.55646778801262,
    "proj_lon": 13.566545157878066,
    "marker-color": "#ff0000",
    "marker-symbol": "o"
  },
  {
    "rowid": 139294,
    "id": 3437,
    "source": "OA",
    "source_id": "8ba3d3d4c63d349b",
    "housenumber": 52,
    "lat": 52.5557528,
    "lon": 13.566696,
    "parity": "R",
    "proj_lat": 52.556002278526016,
    "proj_lon": 13.566771787977,
    "marker-color": "#ff0000",
    "marker-symbol": "e"
  },
  {
    "rowid": 139295,
    "id": 3438,
    "source": "OA",
    "source_id": "7feeee49009f41b6",
    "housenumber": 53,
    "lat": 52.5565831,
    "lon": 13.5669469,
    "parity": "R",
    "proj_lat": 52.55642729146795,
    "proj_lon": 13.56689860405197,
    "marker-color": "#ff0000",
    "marker-symbol": "o"
  },
  {
    "rowid": 143764,
    "id": 3438,
    "source": "OA",
    "source_id": "c75224fed077f215",
    "housenumber": 53.03,
    "lat": 52.5565161,
    "lon": 13.5672242,
    "parity": "R",
    "proj_lat": 52.5563943112362,
    "proj_lon": 13.567186449269885,
    "marker-color": "#ff0000",
    "marker-symbol": "o"
  },
  {
    "rowid": 139296,
    "id": 3439,
    "source": "OA",
    "source_id": "d8152b601cd87290",
    "housenumber": 54,
    "lat": 52.5553032,
    "lon": 13.5683726,
    "parity": "L",
    "proj_lat": 52.55545625250735,
    "proj_lon": 13.568409778895433,
    "marker-color": "#3366ff",
    "marker-symbol": "e"
  },
  {
    "rowid": 159007,
    "id": 3440,
    "source": "OA",
    "source_id": "6c62b3d3552ab80c",
    "housenumber": 55,
    "lat": 52.557551,
    "lon": 13.5692382,
    "parity": "R",
    "proj_lat": 52.5561734880764,
    "proj_lon": 13.568828658504714,
    "marker-color": "#ff0000",
    "marker-symbol": "o"
  },
  {
    "rowid": 139297,
    "id": 3439,
    "source": "OA",
    "source_id": "7b424472687ba088",
    "housenumber": 56,
    "lat": 52.5552622,
    "lon": 13.5687276,
    "parity": "L",
    "proj_lat": 52.555416679848356,
    "proj_lon": 13.568773890257892,
    "marker-color": "#3366ff",
    "marker-symbol": "e"
  },
  {
    "rowid": 139298,
    "id": 3439,
    "source": "OA",
    "source_id": "bc7fef63840314fa",
    "housenumber": 58,
    "lat": 52.5552229,
    "lon": 13.5690693,
    "parity": "L",
    "proj_lat": 52.55537878342363,
    "proj_lon": 13.56911601075892,
    "marker-color": "#3366ff",
    "marker-symbol": "e"
  },
  {
    "rowid": 139299,
    "id": 3440,
    "source": "OA",
    "source_id": "b228309dbb36c008",
    "housenumber": 59,
    "lat": 52.5567735,
    "lon": 13.5685852,
    "parity": "R",
    "proj_lat": 52.556301,
    "proj_lon": 13.568157,
    "marker-color": "#ff0000",
    "marker-symbol": "o"
  },
  {
    "rowid": 139300,
    "id": 3439,
    "source": "OA",
    "source_id": "ca42d8bb3f3a80ca",
    "housenumber": 60,
    "lat": 52.5551824,
    "lon": 13.5694205,
    "parity": "L",
    "proj_lat": 52.55533915812811,
    "proj_lon": 13.569470523141218,
    "marker-color": "#3366ff",
    "marker-symbol": "e"
  },
  {
    "rowid": 139301,
    "id": 3440,
    "source": "OA",
    "source_id": "a9e3804068a81fdc",
    "housenumber": 61,
    "lat": 52.5566725,
    "lon": 13.5685538,
    "parity": "R",
    "proj_lat": 52.556301,
    "proj_lon": 13.568157,
    "marker-color": "#ff0000",
    "marker-symbol": "o"
  },
  {
    "rowid": 139302,
    "id": 3440,
    "source": "OA",
    "source_id": "d051ea7588768f21",
    "housenumber": 63,
    "lat": 52.5565413,
    "lon": 13.5685058,
    "parity": "R",
    "proj_lat": 52.5562981097193,
    "proj_lon": 13.568162539704677,
    "marker-color": "#ff0000",
    "marker-symbol": "o"
  },
  {
    "rowid": 139303,
    "id": 3440,
    "source": "OA",
    "source_id": "58e9d411b7bc6803",
    "housenumber": 65,
    "lat": 52.5563839,
    "lon": 13.5685867,
    "parity": "R",
    "proj_lat": 52.55620619089409,
    "proj_lon": 13.568533281953208,
    "marker-color": "#ff0000",
    "marker-symbol": "o"
  },
  {
    "rowid": 139304,
    "id": 3440,
    "source": "OA",
    "source_id": "d6f076e073ec9d4d",
    "housenumber": 67,
    "lat": 52.5563543,
    "lon": 13.5688431,
    "parity": "R",
    "proj_lat": 52.55617767140016,
    "proj_lon": 13.56879059025857,
    "marker-color": "#ff0000",
    "marker-symbol": "o"
  },
  {
    "rowid": 139305,
    "id": 3440,
    "source": "OA",
    "source_id": "eca988a64ab15ea7",
    "housenumber": 69,
    "lat": 52.5563343,
    "lon": 13.5690157,
    "parity": "R",
    "proj_lat": 52.556158671683576,
    "proj_lon": 13.568963487679438,
    "marker-color": "#ff0000",
    "marker-symbol": "o"
  },
  {
    "rowid": 139306,
    "id": 3440,
    "source": "OA",
    "source_id": "5935a13ef106b6b8",
    "housenumber": 71,
    "lat": 52.5563106,
    "lon": 13.5692215,
    "parity": "R",
    "proj_lat": 52.55613602198056,
    "proj_lon": 13.569169599976968,
    "marker-color": "#ff0000",
    "marker-symbol": "o"
  },
  {
    "rowid": 139307,
    "id": 3440,
    "source": "OA",
    "source_id": "726c7cf335f5fccb",
    "housenumber": 73,
    "lat": 52.556294,
    "lon": 13.5694713,
    "parity": "R",
    "proj_lat": 52.55610891468981,
    "proj_lon": 13.569416276322773,
    "marker-color": "#ff0000",
    "marker-symbol": "o"
  },
  {
    "rowid": 139308,
    "id": 3440,
    "source": "OA",
    "source_id": "900cec95e32d2640",
    "housenumber": 75,
    "lat": 52.5562729,
    "lon": 13.5696545,
    "parity": "R",
    "proj_lat": 52.55608875218871,
    "proj_lon": 13.56959975508278,
    "marker-color": "#ff0000",
    "marker-symbol": "o"
  },
  {
    "rowid": 139309,
    "id": 3440,
    "source": "OA",
    "source_id": "a301b3fceb7de724",
    "housenumber": 77,
    "lat": 52.5562483,
    "lon": 13.5698691,
    "parity": "R",
    "proj_lat": 52.556065137572894,
    "proj_lon": 13.569814648086645,
    "marker-color": "#ff0000",
    "marker-symbol": "o"
  },
  {
    "rowid": 139310,
    "id": 3440,
    "source": "OA",
    "source_id": "82ba7743777da3f8",
    "housenumber": 79,
    "lat": 52.5560121,
    "lon": 13.5717462,
    "parity": "R",
    "proj_lat": 52.555857680965985,
    "proj_lon": 13.571700266349861,
    "marker-color": "#ff0000",
    "marker-symbol": "o"
  },
  {
    "rowid": 176568,
    "id": 3439,
    "source": "OA",
    "source_id": "b5863db6dd8f3a24",
    "housenumber": 80,
    "lat": 52.5550124,
    "lon": 13.5707064,
    "parity": "L",
    "proj_lat": 52.55519619933459,
    "proj_lon": 13.570768936276373,
    "marker-color": "#3366ff",
    "marker-symbol": "e"
  },
  {
    "rowid": 139311,
    "id": 3440,
    "source": "OA",
    "source_id": "354397070dbdd447",
    "housenumber": 81,
    "lat": 52.5559895,
    "lon": 13.571946,
    "parity": "R",
    "proj_lat": 52.55583569188557,
    "proj_lon": 13.571900248121782,
    "marker-color": "#ff0000",
    "marker-symbol": "o"
  },
  {
    "rowid": 176569,
    "id": 3439,
    "source": "OA",
    "source_id": "6528535a1cdab562",
    "housenumber": 82,
    "lat": 52.5549724,
    "lon": 13.571056,
    "parity": "L",
    "proj_lat": 52.55515239135924,
    "proj_lon": 13.57111724053109,
    "marker-color": "#3366ff",
    "marker-symbol": "e"
  },
  {
    "rowid": 139312,
    "id": 3440,
    "source": "OA",
    "source_id": "aca83b39a06dc973",
    "housenumber": 83,
    "lat": 52.5559628,
    "lon": 13.5721811,
    "parity": "R",
    "proj_lat": 52.55580981445529,
    "proj_lon": 13.572135592859377,
    "marker-color": "#ff0000",
    "marker-symbol": "o"
  },
  {
    "rowid": 176570,
    "id": 3439,
    "source": "OA",
    "source_id": "db3ff6e837e91ced",
    "housenumber": 84,
    "lat": 52.5549315,
    "lon": 13.5714008,
    "parity": "L",
    "proj_lat": 52.555109125394594,
    "proj_lon": 13.571461235419042,
    "marker-color": "#3366ff",
    "marker-symbol": "e"
  },
  {
    "rowid": 139313,
    "id": 3440,
    "source": "OA",
    "source_id": "ecedc434312b906e",
    "housenumber": 85,
    "lat": 52.5559386,
    "lon": 13.5723951,
    "parity": "R",
    "proj_lat": 52.555786262784025,
    "proj_lon": 13.572349785761489,
    "marker-color": "#ff0000",
    "marker-symbol": "o"
  },
  {
    "rowid": 159008,
    "id": 3439,
    "source": "OA",
    "source_id": "a36772564f30fa9a",
    "housenumber": 86,
    "lat": 52.5546085,
    "lon": 13.5710243,
    "parity": "L",
    "proj_lat": 52.55514128154377,
    "proj_lon": 13.571205571387896,
    "marker-color": "#3366ff",
    "marker-symbol": "e"
  },
  {
    "rowid": 139314,
    "id": 3440,
    "source": "OA",
    "source_id": "d4c3ca9d664d4817",
    "housenumber": 87,
    "lat": 52.5559243,
    "lon": 13.5726071,
    "parity": "R",
    "proj_lat": 52.555763237608176,
    "proj_lon": 13.572559190401323,
    "marker-color": "#ff0000",
    "marker-symbol": "o"
  },
  {
    "rowid": 159009,
    "id": 3439,
    "source": "OA",
    "source_id": "2c92539cc458e6e6",
    "housenumber": 88,
    "lat": 52.5545518,
    "lon": 13.5715375,
    "parity": "L",
    "proj_lat": 52.55508227536172,
    "proj_lon": 13.571678546319928,
    "marker-color": "#3366ff",
    "marker-symbol": "e"
  },
  {
    "rowid": 139315,
    "id": 3440,
    "source": "OA",
    "source_id": "e7283e042f863893",
    "housenumber": 89,
    "lat": 52.5559049,
    "lon": 13.5727789,
    "parity": "R",
    "proj_lat": 52.555744331120316,
    "proj_lon": 13.572731137243618,
    "marker-color": "#ff0000",
    "marker-symbol": "o"
  },
  {
    "rowid": 139316,
    "id": 3439,
    "source": "OA",
    "source_id": "c7deecc8cfe46067",
    "housenumber": 90,
    "lat": 52.5548705,
    "lon": 13.5721168,
    "parity": "L",
    "proj_lat": 52.55503490256032,
    "proj_lon": 13.572160513081977,
    "marker-color": "#3366ff",
    "marker-symbol": "e"
  },
  {
    "rowid": 139317,
    "id": 3440,
    "source": "OA",
    "source_id": "2abbaa9b53355c9c",
    "housenumber": 91,
    "lat": 52.5558804,
    "lon": 13.5729968,
    "parity": "R",
    "proj_lat": 52.55572035470273,
    "proj_lon": 13.572949193041406,
    "marker-color": "#ff0000",
    "marker-symbol": "o"
  },
  {
    "rowid": 139318,
    "id": 3439,
    "source": "OA",
    "source_id": "bc9e0c6046056cce",
    "housenumber": 92,
    "lat": 52.5548525,
    "lon": 13.5722737,
    "parity": "L",
    "proj_lat": 52.55501941510484,
    "proj_lon": 13.572318081107328,
    "marker-color": "#3366ff",
    "marker-symbol": "e"
  },
  {
    "rowid": 139319,
    "id": 3440,
    "source": "OA",
    "source_id": "2bec8e211dabafb6",
    "housenumber": 93,
    "lat": 52.5558671,
    "lon": 13.5732253,
    "parity": "R",
    "proj_lat": 52.55569560439332,
    "proj_lon": 13.573174287071563,
    "marker-color": "#ff0000",
    "marker-symbol": "o"
  },
  {
    "rowid": 139320,
    "id": 3439,
    "source": "OA",
    "source_id": "2df17849599c41d1",
    "housenumber": 94,
    "lat": 52.5548241,
    "lon": 13.5725217,
    "parity": "L",
    "proj_lat": 52.55499493655699,
    "proj_lon": 13.572567123724616,
    "marker-color": "#3366ff",
    "marker-symbol": "e"
  },
  {
    "rowid": 139321,
    "id": 3440,
    "source": "OA",
    "source_id": "aea492ae7a662cca",
    "housenumber": 95,
    "lat": 52.5558466,
    "lon": 13.5734059,
    "parity": "R",
    "proj_lat": 52.55567572610417,
    "proj_lon": 13.573355072052605,
    "marker-color": "#ff0000",
    "marker-symbol": "o"
  },
  {
    "rowid": 139322,
    "id": 3439,
    "source": "OA",
    "source_id": "08d224c41684e309",
    "housenumber": 96,
    "lat": 52.554812,
    "lon": 13.5727409,
    "parity": "L",
    "proj_lat": 52.55497363182118,
    "proj_lon": 13.572783876254114,
    "marker-color": "#3366ff",
    "marker-symbol": "e"
  },
  {
    "rowid": 139323,
    "id": 3440,
    "source": "OA",
    "source_id": "6fce00f31c52d669",
    "housenumber": 97,
    "lat": 52.5558221,
    "lon": 13.5736216,
    "parity": "R",
    "proj_lat": 52.55565194258995,
    "proj_lon": 13.573570345795954,
    "marker-color": "#ff0000",
    "marker-symbol": "o"
  },
  {
    "rowid": 139324,
    "id": 3439,
    "source": "OA",
    "source_id": "e89b97265854e039",
    "housenumber": 98,
    "lat": 52.5547853,
    "lon": 13.5729682,
    "parity": "L",
    "proj_lat": 52.554951179366135,
    "proj_lon": 13.573012305579356,
    "marker-color": "#3366ff",
    "marker-symbol": "e"
  },
  {
    "rowid": 139325,
    "id": 3439,
    "source": "OA",
    "source_id": "6dfaf89397ec8ece",
    "housenumber": 100,
    "lat": 52.5547539,
    "lon": 13.5732357,
    "parity": "L",
    "proj_lat": 52.55492475656129,
    "proj_lon": 13.573281128898195,
    "marker-color": "#3366ff",
    "marker-symbol": "e"
  }
]
